Date,Close,High,Low,Open,Volume,SMA_20,SMA_50,EMA_20,RSI_14,MACD,MACD_Signal,MACD_Hist,BB_Upper,BB_Mid,BB_Lower,Sentiment
2019-03-14,43.82037353515625,43.908622559617235,43.54132407131877,43.86091881048801,94318000,41.69433784484863,39.37399749755859,41.738310699279985,75.10759598520849,0.9490503081359734,0.8470498754005953,0.10200043273537807,43.44918467760716,41.69433784484863,39.93949101209011,-0.00924379187022445
2019-03-15,44.39039611816406,44.67898777270598,43.8227586534145,44.08749843461794,156171600,41.87703285217285,39.51173095703125,41.99089026298323,77.64193083808769,1.0451533313935855,0.8866705665991934,0.15848276479439205,43.93037923684866,41.87703285217285,39.82368646749705,0.0685958633464437
2019-03-18,44.84354782104492,44.93179318512388,44.31168098754593,44.3140683580027,104879200,42.08691673278808,39.733240585327145,42.26257193517958,79.4344876415628,1.1446859973506562,0.938273652749486,0.2064123446011702,44.431467078437414,42.08691673278808,39.74236638713875,0.11891801478909657
2019-03-19,44.4881706237793,45.074892326124115,44.34268297347357,44.92224984377744,126585600,42.27294979095459,39.91881195068359,42.47453371504622,74.39688390966535,1.1812733979926975,0.9868736017981284,0.19439979619456904,44.755593556802054,42.27294979095459,39.79030602510713,-0.09632937473438055
2019-03-20,44.87693786621094,45.19414879506152,44.05886680985221,44.416623003991106,124140800,42.46530323028564,40.11372596740723,42.70333411039524,76.1768009937567,1.2274897067467592,1.0349968227878545,0.19249288395890463,45.12286254925359,42.46530323028564,39.807743911317694,0.10326627684937517
2019-03-21,46.52976608276367,46.82551249017216,45.27046466941773,45.320552133949356,204136800,42.75186557769776,40.328302230834964,43.06775620300176,81.92877863935271,1.3815601231110293,1.1043094828524895,0.27725064025853974,45.83123035463997,42.75186557769776,39.67250080075554,0.2606573977110084
2019-03-22,45.56621170043945,47.14987887158073,45.50181457067001,46.58939274805469,169630800,42.9674732208252,40.51144813537598,43.30570434561487,71.14448840010016,1.4096615513237012,1.165379896546732,0.24428165477696928,46.19732842193382,42.9674732208252,39.73761801971658,-0.21615273686044625
2019-03-25,45.0152702331543,45.78802127537282,44.50487154702467,45.67592404455743,175381200,43.14050788879395,40.68124771118164,43.468520144428155,65.81036225378307,1.371664074027997,1.206636732042985,0.16502734198501212,46.419477229622544,43.14050788879395,39.86153854796535,-0.14363912126248168
2019-03-26,44.55018615722656,46.00267911768265,44.0230940523578,45.71170377934582,199202000,43.2890962600708,40.848917922973634,43.57153595517086,61.61093092144413,1.2891617473088886,1.2231417350961657,0.0660200122127228,46.54067125980995,43.2890962600708,40.03752126033165,-0.24876539369723547
2019-03-27,44.95087432861328,45.25854305952079,44.49294682904075,45.01765519484567,119393600,43.451278877258304,41.035478591918945,43.702901514546326,63.75670321620279,1.2417955990520113,1.226872507887335,0.014923091164676272,46.694635656732714,43.451278877258304,40.20792209778389,-0.014833284365086746
2019-03-28,45.01050567626953,45.2108482986207,44.726685141629694,45.065360614447535,83121600,43.636954879760744,41.20865036010742,43.82743524423425,64.07850117721503,1.1952907687600671,1.2205561600618815,-0.025265391301814377,46.78965255749631,43.636954879760744,40.48425720202518,-0.01217170536213776
2019-03-29,45.30384826660156,45.334854960886794,44.967556647808,45.275228942204954,94256000,43.81559391021729,41.37880691528321,43.96804600826923,65.69223961072103,1.1686343617058483,1.210171800390675,-0.04153743868482662,46.920602851619954,43.81559391021729,40.71058496881462,0.006321104031177811
2019-04-01,45.61153793334961,45.7164767092003,44.929415874254,45.70693814386287,111448000,43.9991231918335,41.550747604370116,44.12456904875308,67.34913778554758,1.1589769864415018,1.1999328376008405,-0.04095585115933864,47.07297668404983,43.9991231918335,40.92526969961717,-0.020869120358000207
2019-04-02,46.274574279785156,46.379516683711444,45.56621669256709,45.57575525688568,91062800,44.21961994171143,41.731389389038085,44.32933145170852,70.63972004436467,1.191094740164388,1.19816521811355,-0.007070477949161935,47.282042388638295,44.21961994171143,41.15719749478456,0.15214087179756125
2019-04-03,46.59178161621094,46.86605990037226,46.06706963719681,46.09092150507348,93087200,44.468022155761716,41.93509414672852,44.544802895946845,72.08897392014188,1.2279887821389153,1.204129930918623,0.023858851220292188,47.45287148266277,44.468022155761716,41.48317282886066,0.1082421137499151
2019-04-04,46.672874450683594,46.835055514550795,46.06468818261306,46.45821854703762,76457200,44.744568061828616,42.13747573852539,44.747476377350345,72.46318949175702,1.2493691404855554,1.2131777728320097,0.03619136765354569,47.45807997516275,44.744568061828616,42.031056148494486,0.046171224457434185
2019-04-05,46.98530960083008,47.00916146750853,46.730108456649496,46.85413161266641,74106400,45.03184623718262,42.35190101623535,44.96060335101508,73.91433213118565,1.2768059102504736,1.2259034003157026,0.05090250993477108,47.394146181517264,45.03184623718262,42.669546292847976,0.027989788799527265
2019-04-08,47.72467041015625,47.755673467497736,46.82789269236552,46.84697345649762,103526800,45.284660530090335,42.557079849243166,45.22384783283805,77.00285996297868,1.3427318096963035,1.2492690821918229,0.09346272750448059,47.66328848293555,45.284660530090335,42.90603257724512,0.18519224541857673
2019-04-09,47.581573486328125,48.380563770007704,47.51717635283578,47.77714861794036,143072800,45.506350135803224,42.76633125305176,45.448393133170434,75.14835670090741,1.3676662291881172,1.2729485115910817,0.09471771759703551,47.87345746996504,45.506350135803224,43.13924280164141,-0.040912019881225704
2019-04-10,47.848697662353516,47.8773206328261,47.26674699962892,47.38599906529268,86781200,45.731855392456055,42.988619842529296,45.6769935645212,76.29600766325729,1.3929248541801655,1.2969437801088985,0.09598107407126699,48.089241747563015,45.731855392456055,43.374469037349094,0.09733542927740318
2019-04-11,47.450401306152344,47.939335555847514,47.32876549622773,47.90356138801222,83603200,45.91335678100586,43.15273780822754,45.845889539914644,71.0289516198686,1.3650676589734942,1.3105685558818179,0.05449910309167638,48.212362401791005,45.91335678100586,43.614351160220714,-0.09431723543598768
2019-04-12,47.431312561035156,47.73421380848301,46.796894375967724,47.510019356322424,111042800,46.065402603149415,43.310822067260744,45.99688220859279,70.77677048350179,1.3261631456372882,1.3136874738329118,0.012475671804376365,48.34354027023379,46.065402603149415,43.78726493606504,-0.016564841887296722
2019-04-15,47.51716613769531,47.665041139824325,47.226190873249585,47.362139943698025,70146400,46.199083518981936,43.470243301391605,46.1416711542216,71.27081512559873,1.2874181496158528,1.3084336089895001,-0.02101545937364735,48.48848661400354,46.199083518981936,43.90968042396033,0.03272040777717861
2019-04-16,47.52194595336914,48.02757352365968,47.357377528133505,47.57203341989984,102785600,46.350772285461424,43.607293930053714,46.273125896997556,71.29990613172266,1.2427722474349778,1.2953013366785957,-0.05252908924361788,48.56749893100406,46.350772285461424,44.13404563991879,-0.010528373962451536
2019-04-17,48.44733428955078,48.50696030875644,47.369294843313156,47.59110188790217,115627200,46.52929210662842,43.74893585205078,46.480193362955006,76.30288310646546,1.267450769724448,1.2897312232877662,-0.022280453563318314,48.81644679820167,46.52929210662842,44.24213741505517,0.1779979707870749
2019-04-18,48.62144470214844,48.69060928805782,48.30185008992061,48.44495036261426,96783200,46.63387603759766,43.89377502441406,46.68412206192581,77.11132937948125,1.286231060617439,1.2890311907537009,-0.0028001301362619024,49.096140410157034,46.63387603759766,44.171611665038284,0.03641582734419457
2019-04-22,48.7812614440918,48.87904903492816,48.258936688334494,48.37580505098906,77758000,46.79462852478027,44.05748435974121,46.8838496221321,77.85804265690587,1.299035973801253,1.2910321473632114,0.00800382643804154,49.37409586926645,46.79462852478027,44.215161180294096,0.08361817249485147
2019-04-23,49.48483657836914,49.54923371338613,48.63099134409102,48.7573982436491,93292000,47.018106842041014,44.23431129455567,47.131562665583246,80.8239959625258,1.350390136166233,1.3029037451238157,0.04748639104241725,49.71404865084385,47.018106842041014,44.32216503323818,0.14809825139657215
2019-04-24,49.40852737426758,49.72335100308434,49.38229176859243,49.456227482962845,70162400,47.261023902893065,44.41428680419922,47.34841644736271,79.57891543592498,1.3691484734621326,1.3161526907914791,0.052995782670653524,49.89859153340233,47.261023902893065,44.6234562723838,-0.009644615468452423
2019-04-25,48.96012878417969,49.55161802291001,48.921967248962424,49.329810923117755,74172800,47.461486625671384,44.57832984924316,47.5019128603929,72.51038204982312,1.332472656767159,1.3194166839866153,0.013055972780543712,49.97267261261638,47.461486625671384,44.95030063872639,-0.07480094101410462
2019-04-26,48.72639465332031,48.89334681703382,48.206453755716254,48.86949494823866,74596400,47.647281074523924,44.74108489990235,47.61853017400504,69.06655244322793,1.2699077112336852,1.3095148894360293,-0.03960717820234416,49.946523056775305,47.647281074523924,45.34803909227254,-0.029273764537223055
2019-04-29,48.800331115722656,49.12469688428121,48.62145301481061,48.750243646182206,88818800,47.82210521697998,44.9023616027832,47.731082644644815,69.5590687479082,1.2123157741414445,1.2900750663771126,-0.07775929223566802,49.90340990016734,47.82210521697998,45.740800533792616,0.010273939869120913
2019-04-30,47.860618591308594,48.51173378273669,47.4885527676354,48.43064325999435,186139600,47.93455924987793,45.04665657043457,47.743419401469936,57.11262125069899,1.0784154992681536,1.247743152955321,-0.1693276536871673,49.752310789309725,47.93455924987793,46.11680771044613,-0.1171586691344309
2019-05-01,50.20988845825195,51.352321593970665,49.9022161048594,50.05724596672888,259309200,48.13132495880127,45.235504150390625,47.978321216401554,71.05610300712215,1.1486243844168342,1.2279193992476236,-0.07929501483078938,50.03754327352378,48.13132495880127,46.225106644078764,0.03048413754706631
2019-05-02,49.883140563964844,50.71790507301995,49.63986895589644,50.04770900660693,127985200,48.29589290618897,45.41256958007813,48.159732582836156,67.75653205362289,1.1644762500526724,1.2152307694086335,-0.05075451935596109,50.21033033486353,48.29589290618897,46.38145547751441,-0.03287046670695563
2019-05-03,50.50324630737305,50.52471080427624,50.140719033888494,50.29813262307989,83569600,48.48741149902344,45.606664123535154,48.38292436612538,70.55138287418573,1.2130925431155717,1.2148031241500212,-0.0017105810344495431,50.47889265857943,48.48741149902344,46.49593033946744,0.04075699227492959
2019-05-06,49.72333526611328,49.809196890304364,48.53558583087321,48.724002474337155,129772400,48.624312782287596,45.77604965209961,48.51058254707661,63.13868321610319,1.175142689168453,1.2068710371537077,-0.03172834798525459,50.5595824928265,48.624312782287596,46.68904307174869,0.2022723573978773
2019-05-07,48.38294982910156,49.47052812168986,47.898786717614094,49.103233348565844,155054800,48.657226753234866,45.91261711120605,48.49842705012661,52.859408205877926,1.0250926241301102,1.1705153545489884,-0.1454227304188782,50.552145081311984,48.657226753234866,46.76230842515775,-0.14564446735864
2019-05-08,48.39247512817383,48.97442565064983,48.118196898961244,48.1539710543252,105358000,48.697771835327146,46.048898239135745,48.48833639089301,52.91806993039139,0.8966099175544926,1.1157342671500892,-0.21912434959559657,50.5326430977944,48.697771835327146,46.86290057285989,0.0494890098546039
2019-05-09,47.872554779052734,48.10151673222708,46.90422848199932,47.796231701804864,139634400,48.69896469116211,46.17220489501953,48.4296905230987,49.31106251786163,0.7442539239536217,1.0414381985107957,-0.297184274557174,50.53165618346492,48.69896469116211,46.866273198859304,0.01596707270969202
2019-05-10,47.2093505859375,47.60918957732427,46.15349960538394,47.266813330080936,164834800,48.68691215515137,46.29045219421387,48.31346767194049,45.08914121491165,0.5634999885026843,0.9458505565091734,-0.38235056800648903,50.555115833201846,48.68691215515137,46.81870847710089,-0.012156502492615398
2019-05-13,44.4655647277832,45.36579237166061,43.77842304776529,44.94201700800786,229722400,48.53862476348877,46.345142135620115,47.94700072487789,32.63866851939183,0.19658450066410893,0.7959973453401605,-0.5994128446760516,51.11755421830864,48.53862476348877,45.9596953086689,-0.10561949068779747
2019-05-14,45.16946792602539,45.418465818898284,44.39134448751161,44.63076708397739,146118800,48.42123985290527,46.40971244812012,47.68247379165384,37.413335558108926,-0.03697335576747207,0.629403205118634,-0.6663765608861061,51.36357366779616,48.42123985290527,45.47890603801439,0.12011890925693196
2019-05-15,45.71056365966797,45.909284861741796,44.5373943474672,44.59724999917742,106178800,48.33067073822021,46.48663093566895,47.4946728267028,40.882269550650776,-0.1763745995099768,0.46824764419291187,-0.6446222437028887,51.48222978121451,48.33067073822021,45.17911169522592,0.24457767878648456
2019-05-16,45.50944900512695,46.08166888253502,45.21256366098968,45.46874760084426,132125600,48.183776473999025,46.56434516906738,47.30560389131463,39.99496273566411,-0.2996254654880346,0.3146730222567226,-0.6142984877447573,51.56536619462577,48.183776473999025,44.80218675337228,0.008951272981209029
2019-05-17,45.25087356567383,45.7057750661255,44.714565600818894,44.755267006370964,131516400,48.015247917175294,46.646523513793944,47.10991528887265,38.82811714731429,-0.4134020996381764,0.16905799787774278,-0.5824600975159192,51.62130043192522,48.015247917175294,44.40919540242537,0.11028660014528682
2019-05-20,43.835880279541016,44.13755507522487,43.1631033991647,43.93883389096766,154449200,47.76797885894776,46.69844619750977,46.79810243084106,33.131679648027884,-0.6107091594799314,0.01310456640620794,-0.6238137258861394,51.78483262973957,47.76797885894776,43.751125088155945,-0.023426833472730935
2019-05-21,44.67625427246094,45.011444418513406,44.221349184762765,44.345849947567366,113459200,47.527549743652344,46.738603591918945,46.59602165385248,38.86794108263593,-0.6912964330320861,-0.12777563348145088,-0.5635207995506353,51.67798606721971,47.527549743652344,43.377113420084974,0.07436869551224604
2019-05-22,43.76167297363281,44.4631832586703,43.70660678542231,44.211788738048675,118994400,47.24520702362061,46.7508814239502,46.326083684307754,35.31712438655374,-0.81951464061585,-0.2661234349083307,-0.5533912057075193,51.60823375168305,47.24520702362061,42.882180295558165,-0.10145869177121551
2019-05-23,43.0146598815918,43.22534925933381,42.57172666496303,43.0481788953211,146118800,46.94793357849121,46.744402770996096,46.010709988810994,32.69021510104663,-0.97022209104383,-0.4069431661354306,-0.5632789249083994,51.60344973894953,46.94793357849121,42.29241741803289,-0.007786237933747747
2019-05-24,42.84946823120117,43.608437527210064,42.76566884967899,43.143957042131575,94858800,46.65408725738526,46.724984664916995,45.70963934522911,32.121235695677214,-1.0904187483499683,-0.5436382825783381,-0.5467804657716302,51.55871231545335,46.65408725738526,41.749462199317165,-0.06815144819403862
2019-05-28,42.67228698730469,43.237324443115924,42.595673658588964,42.83748915813703,111792800,46.34768505096436,46.6906224822998,45.42036769209345,31.488181793006106,-1.1862976104436669,-0.6721701481514039,-0.514127462292263,51.43978597790046,46.34768505096436,41.25558412402825,-0.038545751370216805
2019-05-29,42.46879196166992,42.940454887046144,42.138387526779006,42.23894460407194,113924800,46.078093719482425,46.643127365112306,45.13926524157692,30.738879244380215,-1.2641305373717842,-0.79056222599548,-0.4735683113763042,51.387532733747314,46.078093719482425,40.768654705217536,0.054362333438712745
2019-05-30,42.689056396484375,42.91171769264385,42.29879633379257,42.60525701321821,84873600,45.70205211639404,46.607145080566404,44.90591201823477,32.60823400274319,-1.29313375270209,-0.8910765313368021,-0.402057221365288,50.850574500520864,45.70205211639404,40.55352973226722,0.019666253548600066
2019-05-31,41.91572189331055,42.61483553961218,41.896567644374954,42.193449369628034,108174400,45.303681182861325,46.5479207611084,44.62113200633723,29.588726091012575,-1.362811004251654,-0.9854234259197725,-0.3773875783318814,50.32796663728019,45.303681182861325,40.27939572844246,-0.06572751960784319
2019-06-03,41.491943359375,42.5980747635717,40.76649306788243,42.042616150312135,161584400,44.853116035461426,46.44716430664062,44.323114039959876,28.05557713886907,-1.4356765287796165,-1.0754740464917414,-0.3602024822878751,49.536083264630385,44.853116035461426,40.17014880629247,-0.13023575778991137
2019-06-04,43.00988006591797,43.055370949044665,41.78403739904803,42.00430577492002,123872000,44.51744327545166,46.3960376739502,44.198044137670166,40.040045425050906,-1.3553149485712694,-1.1314422269076472,-0.22387272166362226,48.69059244115152,44.51744327545166,40.3442941097518,0.23492696748784667
2019-06-05,43.704200744628906,44.290789049992995,43.36901055867717,44.12079739285381,119093600,44.283505821228026,46.369816284179684,44.151011433571,44.58703681733808,-1.221521007387544,-1.1494579830036267,-0.07206302438391732,48.07033979286615,44.283505821228026,40.4966718495899,-0.0941422228737534
2019-06-06,44.345863342285156,44.40571900453818,43.610834056234154,43.833499019531246,90105200,44.08117523193359,46.36572982788086,44.169568758210445,48.475749266928354,-1.0515894672466644,-1.1298842798522342,0.07829481260556981,47.36757338162537,44.08117523193359,40.794777082241815,0.11635930102447241
2019-06-07,45.526206970214844,45.94998600483363,44.477538442467015,44.65470883240894,122737600,43.9638578414917,46.37723648071289,44.298772397448964,54.76444772670374,-0.812309829099199,-1.066369389701627,0.25405956060242807,46.8427588277645,43.9638578414917,41.084956855218906,0.1927230919588315
2019-06-10,46.10801315307617,46.776000721416004,45.87816580771754,45.92365669453953,104883600,43.90879096984863,46.39918663024903,44.47108104084204,57.51690026403673,-0.5691710458312045,-0.9669297209275426,0.3977586750963381,46.571266738102935,43.90879096984863,41.24631520159433,0.04012256479077505
2019-06-11,46.64191436767578,46.92682783549049,46.35221507841626,46.65388622788541,107731600,44.01760845184326,46.425947952270505,44.67782707196906,59.92660242484412,-0.32960100711093077,-0.8394639781642202,0.5098629710532895,46.92851991340232,44.01760845184326,41.1066969902842,-0.002566095753198151
2019-06-12,46.49348449707031,46.91965651730608,46.30194564843296,46.4360217464892,73012800,44.083809280395506,46.443586883544924,44.85074682674061,58.92591466901104,-0.14998810597257517,-0.7015688037258913,0.5515806977533161,47.15244280801738,44.083809280395506,41.01517575277363,0.012373975093528373
2019-06-13,46.4838981628418,47.11597370565027,46.352218650285145,46.61558132869754,86698400,44.1224760055542,46.44777336120605,45.00628504922644,58.857555450103945,-0.008321203184713966,-0.5629192836176559,0.5545980804329419,47.290022474185584,44.1224760055542,40.95492953692281,-0.028241233065812044
2019-06-14,46.146324157714844,46.3498312238866,45.56213229096333,45.86141061177457,75046000,44.154319763183594,46.43886421203613,45.11486020241581,56.37730146241905,0.075837232529949,-0.4351679803881349,0.511005212918084,47.38909146759047,44.154319763183594,40.91954805877672,0.06204509751690124
2019-06-17,46.42164611816406,46.67783004464345,46.009838968534694,46.18461643739985,58676400,44.21285839080811,46.433839645385746,45.23931600391565,57.93426678387048,0.16287209231339972,-0.31555996584782803,0.47843205816122775,47.56512756370896,44.21285839080811,40.860589217907254,0.0512772018892619
2019-06-18,47.5134162902832,47.95395301650747,46.73768937090985,46.9388034867993,106204000,44.396735191345215,46.444401779174804,45.4558969835697,63.49790918084095,0.3162984823149131,-0.18918827621527978,0.5054867585301929,48.037171962772646,44.396735191345215,40.75629841991778,0.12180956384061017
2019-06-19,47.374549865722656,47.85579164174734,47.240473790931375,47.8079041979227,84496800,44.5316499710083,46.43739936828613,45.63862582948903,62.36800067219134,0.42182213882050235,-0.06698619320812338,0.4888083320286257,48.39659780497978,44.5316499710083,40.66670213703682,-0.09039746502351492
2019-06-20,47.7552375793457,48.03057213210239,47.41286133169161,47.97310938789001,86056000,44.73132820129395,46.44087265014648,45.840207900903955,64.24628493041237,0.5300585290347399,0.05242275124044929,0.4776357777942907,48.82254643980784,44.73132820129395,40.64010996278006,-0.04538420453897797
2019-06-21,47.592430114746094,48.08803671259237,47.44159268874081,47.5972195902715,191202400,44.96021671295166,46.43574729919433,46.007086206984155,62.80260207049239,0.5958310765674639,0.16110441630585223,0.43472666026161166,49.152626244465885,44.96021671295166,40.76780718143744,-0.0010062507747557528
2019-06-24,47.5445442199707,47.92283239718668,47.446380069181274,47.53496526934287,72881600,45.194970512390135,46.4376301574707,46.153510779649544,62.3587490775933,0.6367522196202344,0.2562339769687287,0.38051824265150574,49.41404128645791,45.194970512390135,40.97589973832236,0.002015135092152354
2019-06-25,46.823875427246094,47.70734167307266,46.75683374423649,47.50862049453703,84281200,45.40254993438721,46.42548141479492,46.217355031801596,55.949985036197276,0.6040672602605213,0.3258006336270872,0.27826662663343404,49.51181764793755,45.40254993438721,41.29328222083687,-0.14314088224236807
2019-06-26,47.83662796020508,48.12154138959347,47.25004342203398,47.350600458294885,104270000,45.67094173431396,46.43187065124512,46.37157150117336,61.879129144374254,0.6523648045849839,0.39111346781866657,0.26125133676631734,49.678622423592124,45.67094173431396,41.6632610450358,0.10228545181405733
2019-06-27,47.82227325439453,48.26041706742118,47.78157184924549,47.953952766753574,83598800,45.92760257720947,46.43787719726563,46.50973357290871,61.75225462615755,0.6816252994801246,0.4492158341509582,0.2324094653291664,49.793520680632724,45.92760257720947,42.061684473786215,-0.027452674504113515
2019-06-28,47.38651657104492,47.764804685647896,47.17822009560668,47.568476416564636,124442400,46.20114231109619,46.41666084289551,46.59323671558835,57.87306390626648,0.6620211620569236,0.49177689973215133,0.1702442623247723,49.64391379962545,46.20114231109619,42.75837082256693,-0.038233544865133556
2019-07-01,48.25563430786133,48.95953746106687,48.04015173771496,48.64349781950536,109012000,46.53932685852051,46.40934463500977,46.75156029580482,62.88145766859325,0.708448723855355,0.5351112645567921,0.1733374592985628,49.3329046522001,46.53932685852051,43.74574906484092,-0.07956738828371791
2019-07-02,48.538143157958984,48.633914390891135,48.210135361751455,48.22210722253035,67740800,46.81574001312256,46.40448226928711,46.92171104458141,64.36451976575968,0.7592864230060101,0.5799462962466357,0.17934012675937439,49.225328017037185,46.81574001312256,44.40615200920793,0.06544389148484209
2019-07-03,48.94038009643555,48.94756248298667,48.52857288544068,48.66983135867862,45448000,47.07754898071289,46.39359313964844,47.113965239996084,66.42165251607787,0.8225509695921929,0.6284672309157472,0.19408373867644568,49.19849744293797,47.07754898071289,44.95660051848781,0.05553140431750893
2019-07-05,48.89727020263672,49.10078084743417,48.57883774773992,48.686580826337675,69062000,47.305119323730466,46.38336799621582,47.28380380786662,65.98202483763657,0.8593044436846782,0.6746346734695334,0.18466977021514475,49.165529255706744,47.305119323730466,45.44470939175419,0.04324763667672984
2019-07-08,47.88931655883789,48.21971731146836,47.503845969686104,48.07845883336478,101354400,47.42327480316162,46.361951751708986,47.341471688911504,56.5564883976342,0.7979006988822022,0.6992878785520672,0.09861282033013496,49.108692761805976,47.42327480316162,45.73785684451726,-0.039320053798350525
2019-07-09,48.1814079284668,48.2460494035654,47.599609079485354,47.69298375237137,82312000,47.52694454193115,46.35105201721191,47.4214656164882,58.41055941841578,0.7640002023961614,0.7122303433208861,0.051769859075275315,49.129010259021015,47.52694454193115,45.92487882484129,0.10205354514060307
2019-07-10,48.657859802246094,48.777571116582486,48.25802445075848,48.327459058921235,71588400,47.62774181365967,46.348202590942385,47.53921744370324,61.31106195677398,0.7667409862211585,0.7231324719009407,0.04360851432021784,49.24796167073376,47.62774181365967,46.00752195658558,0.06826076512190449
2019-07-11,48.30351257324219,48.93558813067086,48.29393727609442,48.67701126809106,80767200,47.71824321746826,46.357060470581054,47.61200745604028,58.067529801918106,0.7318835195398989,0.7248826814287324,0.007000838111166585,49.27592600312969,47.71824321746826,46.160560431806836,-0.07657976875916148
2019-07-12,48.67461013793945,48.8422052094691,48.41124384460819,48.47109948824724,70380800,47.827778816223145,46.326354904174806,47.71320771145925,60.42857758992762,0.7258362101268432,0.7250733871683546,0.0007628229584886181,49.329973698954994,47.827778816223145,46.325583933491295,0.04196132370224355
2019-07-15,49.13191604614258,49.28993219429551,48.84221307681378,48.863760235202925,67789600,47.97705841064453,46.31133041381836,47.8483227909529,63.17990707251634,0.7493068953137225,0.7299200887974282,0.01938680651629432,49.37066836527024,47.97705841064453,46.58344845601882,0.05482323480080897
2019-07-16,48.961917877197266,49.34738837923282,48.722495295890674,48.983465032723174,67467200,48.10407199859619,46.280503845214845,47.95437946583331,61.46895100986708,0.7455953913669049,0.7330551493113235,0.012540242055581352,49.36413035176334,48.10407199859619,46.84401364542904,-0.004398834695231013
2019-07-17,48.68658447265625,49.10317743545347,48.667430227322086,48.85417955270678,56430000,48.16273040771485,46.2597688293457,48.02411327600693,58.69645401414205,0.712226786016501,0.728889476652359,-0.016662690635858013,49.41655381668422,48.16273040771485,46.90890699874547,-0.034291716301171164
2019-07-18,49.239654541015625,49.29232780714967,48.770384620902945,48.84221213411293,74162400,48.25598564147949,46.27690292358398,48.13987911076966,62.36822757321555,0.7220862968388175,0.7275288406896507,-0.005442543850833204,49.538558988623315,48.25598564147949,46.97341229433567,0.08119359922099083
2019-07-19,48.5046272277832,49.440770539487346,48.449561048653315,49.2707788735222,83717200,48.29345512390137,46.27914596557617,48.17461702667572,55.328649540563106,0.6629474236715112,0.7146125572860228,-0.05166513361451164,49.55899585643179,48.29345512390137,47.02791439137094,-0.1542568856182642
2019-07-22,49.613155364990234,49.61554827599075,48.74883956490333,48.758414862204624,89111600,48.39449138641358,46.31395797729492,48.311620677943765,62.24915518476497,0.697488187278644,0.7111876832845471,-0.013699496005903034,49.74014905941132,48.39449138641358,47.04883371341583,0.17352723168258805
2019-07-23,50.00101852416992,50.017779860965895,49.62991273666517,49.91004041383206,73420800,48.51731510162354,46.36979133605957,48.47251571091768,64.3313071908996,0.7475421066515082,0.7184585679579393,0.029083538693568944,49.97407718396454,48.51731510162354,47.06055301928254,0.018226399804835453
2019-07-24,49.9603157043457,50.07523753448428,49.60118178852593,49.720893093799184,59966400,48.674137115478516,46.47968635559082,48.61421094838702,63.9327963799033,0.7749921933918316,0.7297652930447178,0.04522690034711374,50.04040420143521,48.674137115478516,47.30787002952182,0.04811613670336527
2019-07-25,49.56527328491211,50.096791809335336,49.495838677205825,50.01299242853102,55638400,48.760569381713864,46.567602462768555,48.704788313770365,60.0450421396784,0.7561534963430603,0.7350429337043863,0.021110562638673946,50.12267951714473,48.760569381713864,47.398459246283,-0.08928219378328296
2019-07-26,49.73765563964844,50.21410430811092,49.594000608507464,49.675403421281054,70475600,48.85633850097656,46.648144302368166,48.80315663052066,61.1550931768698,0.7465279985049804,0.7373399466645052,0.00918805184047522,50.210412616675754,48.85633850097656,47.50226438527737,0.01253114327501198
2019-07-29,50.20213317871094,50.43198050122844,49.905251468195765,49.91004094351676,86693600,48.99711933135986,46.741997985839845,48.93639249225307,64.05304381861816,0.767531551764975,0.7433782676845991,0.02415328408037587,50.29496258220912,48.99711933135986,47.6992760805106,0.05845701810308267
2019-07-30,49.98666000366211,50.3170644259433,49.634708419919015,49.98187052779291,135742800,49.0836706161499,46.83671371459961,49.03641796953012,61.75150847622871,0.7580517854916735,0.746312971246014,0.011738814245659479,50.402878994152914,49.0836706161499,47.76446223814689,0.0009582423292050732
2019-07-31,51.006595611572266,53.0009865627098,50.590002572472564,51.81584527199262,277125600,49.207093238830566,46.98012802124023,49.224053935438896,67.67272796770975,0.8233482360738904,0.7617200242115894,0.06162821186230105,50.74312261208872,49.207093238830566,47.671063865572414,-0.1549204878360434
2019-08-01,49.90283966064453,52.20129757053925,49.498218625446995,51.212481283502946,216071600,49.25521621704102,47.0846597290039,49.28870019498228,57.3294214540385,0.7770746302044884,0.7647909454101692,0.012283684794319183,50.81493041778826,49.25521621704102,47.69550201629377,-0.2502945653235653
2019-08-02,48.846988677978516,49.42399423520728,48.27476894127748,49.208515405919975,163448400,49.252702140808104,47.18636604309082,49.24663243145811,49.53052900599852,0.6477374004336838,0.7413802364148722,-0.09364283598118839,50.814876260610255,49.252702140808104,47.69052802100595,-0.07333642723825026
2019-08-05,46.289955139160156,47.561288300596566,46.10799531556545,47.403272193424044,209572000,49.172734069824216,47.25187194824219,48.965044117905926,36.55950730894998,0.33504330677094885,0.6601128504860876,-0.32506954371513874,51.12173851343177,49.172734069824216,47.22372962621666,-0.2306357237075623
2019-08-06,47.1662483215332,47.42243223605077,46.45755587635723,47.001046156589894,143299200,49.12197608947754,47.33820755004883,48.7937302325371,42.150612653775255,0.15614062905616066,0.5593184062001022,-0.40317777714394154,51.218870063630206,49.12197608947754,47.02508211532488,0.03513414709153497
2019-08-07,47.65467071533203,47.77917148507969,46.40488815632608,46.78556919770773,133457600,49.07181663513184,47.43785522460937,48.68524837375567,45.05713234291945,0.05315780324013275,0.4580862856081083,-0.4049284823679756,51.25686049784518,49.07181663513184,46.886772772418496,0.18365506614285432
2019-08-08,48.70573425292969,48.72967797252302,47.73846862611717,47.932400333607646,108038000,49.091927719116214,47.56259407043457,48.68719940986748,50.787329012580535,0.05571299053463008,0.3776116265934127,-0.3218986360587826,51.25561528782703,49.091927719116214,46.9282401504054,0.15995298898503651
2019-08-09,48.30439376831055,48.729779329509,47.895825895207196,48.37889619991547,98478800,49.07341690063477,47.67490081787109,48.6507417297192,48.69877862229126,0.025064246872268825,0.30710215064918395,-0.2820379037769151,51.25730894133017,49.07341690063477,46.889524859939364,-0.015398561876875085
2019-08-12,48.18182373046875,48.55914724285479,47.86218129655646,47.975137783246524,89927600,49.025912284851074,47.800222854614255,48.60608287264773,48.048904700816315,-0.009011600860517888,0.2438794003472436,-0.2528910012077615,51.243717717602564,49.025912284851074,46.808106852099584,0.04305525289739364
2019-08-13,50.22224044799805,50.984093390193046,48.18181792423024,48.311599418361524,188874000,49.088928413391116,47.97482879638672,48.76000264172872,58.0781958979505,0.1271617791045756,0.22053587609871,-0.0933740969941344,51.36669002639255,49.088928413391116,46.811166800389685,0.37607731753145957
2019-08-14,48.727359771728516,49.61418628971105,48.68890573469573,48.82589686643298,146189600,49.09096717834473,48.08917839050293,48.75689379696679,50.40123928524968,0.11315144702034274,0.19905899028303656,-0.08590754326269381,51.367357212282286,49.09096717834473,46.81457714440717,-0.020178578505858566
2019-08-15,48.484642028808594,49.30177042418164,47.98715238184237,48.89801389955404,108909600,49.053216552734376,48.18478721618652,48.7309650571422,49.26263378748475,0.08152311678385615,0.1755518155832005,-0.09402869879934433,51.34349068451484,49.053216552734376,46.76294242095391,-0.08433674712644619
2019-08-16,49.62862014770508,49.78724034646014,48.989335347035194,49.095082146205236,110481600,49.10941619873047,48.290442352294924,48.81645601814819,54.48198209310979,0.1470715613620186,0.16985576473896413,-0.022784203376945533,51.39824773639186,49.10941619873047,46.820584661069084,0.10824862058204564
2019-08-19,50.553897857666016,51.125886205011135,50.476989765853084,50.61878493455606,97654400,49.15645332336426,48.39099617004395,48.98192666953084,58.225173864719096,0.2705624784345346,0.18999710747807824,0.08056537095645638,51.522136029581134,49.15645332336426,46.79077061714739,-0.012818072007272903
2019-08-20,50.556304931640625,51.27489985948379,50.546693252789694,50.68127875978292,107537200,49.184217643737796,48.479962005615235,49.131867456398446,58.23479608648261,0.3644233056496091,0.22488234711238442,0.1395409585372247,51.601370941711835,49.184217643737796,46.76706434576376,-0.024653778876529447
2019-08-21,51.10425567626953,51.34698995795277,50.85431171958834,51.18837344081834,86141600,49.241414642333986,48.56920883178711,49.319713953529025,60.4671137767164,0.47751918915717795,0.27540971552134313,0.2021094736358348,51.780388381593795,49.241414642333986,46.70244090307418,-0.016431503466652588
2019-08-22,51.060997009277344,51.536853889289645,50.65002720346251,51.23643854407338,89014800,49.31620082855225,48.66055908203125,49.48555043502886,60.19358194298398,0.5572344271405782,0.33177465784519017,0.22545976929538808,51.974248019254176,49.31620082855225,46.65815363785032,-0.034228179094991464
2019-08-23,48.700931549072266,50.96245911325128,48.306786768888905,50.33278606566632,187272000,49.264364624023436,48.70489974975586,49.41082482684252,47.554492466864154,0.4250718056338201,0.35043408740291615,0.07463771823090393,51.92794366833463,49.264364624023436,46.600785579712245,-0.3133113841470994
2019-08-26,49.62620544433594,49.79443727851556,49.28252843498855,49.474794959984806,104174400,49.23556823730469,48.77449737548828,49.4313372666038,51.825350255069075,0.39049249204547465,0.3584457683314279,0.032046723714046765,51.87026749550442,49.23556823730469,46.60086897910496,0.030594009119007844
2019-08-27,49.066253662109375,50.12131253635142,48.91484310747593,49.95548262740634,103493200,49.18954792022705,48.827389526367185,49.39656739950909,49.21345544568476,0.3142818621100929,0.3496129870871609,-0.035331124977067974,51.80222364055654,49.18954792022705,46.57687219989756,-0.17614775227137927
2019-08-28,49.395484924316406,49.44114863660078,48.864352728284025,49.05181158184592,63755200,49.108992385864255,48.86503089904785,49.3964643066336,50.784016148821486,0.2772545819423584,0.33514130605820036,-0.05788672411584195,51.58856234667185,49.108992385864255,46.62942242505666,0.06994891403296848
2019-08-29,50.23184585571289,50.30635193898806,49.66706722800578,50.109277719604904,83962000,49.12544269561768,48.92217681884765,49.47602445416496,54.62302372133854,0.31180325916516693,0.3304736966795937,-0.018670437514426763,51.63009956305291,49.12544269561768,46.62078582818245,0.024455291189256562
2019-08-30,50.166961669921875,50.57792781692434,49.79684790345952,50.508233068974185,84573600,49.19144134521484,48.97041130065918,49.54182799852276,54.269354506338516,0.33014205118072937,0.3304073675798208,-0.000265316399091442,51.73256860754846,49.19144134521484,46.65031408288122,-0.06746484330277348
2019-09-03,49.436336517333984,49.74396146305053,49.08064586144521,49.61177800969296,80092000,49.34876041412353,49.00728942871094,49.5317811907905,50.318511690236484,0.2824642600898315,0.3208187460818229,-0.03835448599199143,51.51361627396417,49.34876041412353,47.1839045542829,-0.03534813791898656
2019-09-04,50.27511215209961,50.344806902391355,49.82569194490394,50.08284558735108,76752400,49.50420360565185,49.061900787353515,49.602574615677085,54.42089952885839,0.3088017762809443,0.3184153521216472,-0.009613575840702882,51.45584503079788,49.50420360565185,47.552562180505824,0.03837085651732481
2019-09-05,51.25806427001953,51.42389411665541,50.832675141759566,50.95043926969008,95654800,49.68437328338623,49.150584564208984,49.76024029704303,58.7224701599965,0.40432960861482314,0.3355982034202824,0.06873140519454074,51.584402458102964,49.68437328338623,47.784344108669494,0.06030404089120804
2019-09-06,51.25326156616211,51.53204789572798,51.07301235316033,51.44312612414458,77449200,49.811749649047854,49.218917236328124,49.9024327988639,58.6933235439738,0.4741824853935981,0.36331505981494555,0.11086742557865253,51.77285829699112,49.811749649047854,47.85064100110459,-0.03689091422012806
2019-09-09,51.47195053100586,52.0175056910013,50.726922857799885,51.632972676510164,109237600,49.970127487182616,49.29191078186035,50.05191067811552,59.6748137047285,0.5409520072973422,0.39884244931142493,0.14210955798591723,51.93034227491408,49.970127487182616,48.00991269945115,-0.031175808046738654
2019-09-10,52.08000564575195,52.09923266869462,50.88074988553813,51.39746283359591,127111600,50.165036582946776,49.385780563354494,50.24506257979518,62.353322699340126,0.6356054366626722,0.44619504678167443,0.1894103898809978,52.15028087399535,50.165036582946776,48.1797922918982,0.1320218262401858
2019-09-11,53.73589324951172,53.76473561660298,52.32754595134343,52.4092617130592,177158400,50.34071922302246,49.4953857421875,50.57752264357771,68.49123525201321,0.8346143376144894,0.5238789049482374,0.31073543266625203,52.864067463999135,50.34071922302246,47.81737098204579,0.24785791031003576
2019-09-12,53.61573028564453,54.4160372602079,53.56045488514693,54.02670011962347,128906800,50.58513774871826,49.59693748474121,50.86687575234598,67.62953757238,0.9714360681643797,0.6133903375914659,0.3580457305729138,53.36953686354904,50.58513774871826,47.800738633887484,-0.07592153412394882
2019-09-13,52.57268524169922,53.062961469937115,52.156911432083696,52.8731005859375,159053200,50.789539909362794,49.669583587646486,51.02933379895105,60.51275106968294,0.9843562117486897,0.6875835124229107,0.296772699325779,53.52694927061388,50.789539909362794,48.052130548111705,-0.05675711851435537
2019-09-16,52.84907150268555,52.90435057226379,52.28669479868519,52.32755084977788,84632400,50.950562477111816,49.74861961364746,51.20264215168767,61.66395662748,1.005309003618514,0.7511286106620314,0.25418039295648254,53.77341282382604,50.950562477111816,48.12771213039759,0.09933595512637323
2019-09-17,53.04133605957031,53.07017842826459,52.661610598516674,52.86349251065767,73274800,51.07493438720703,49.85166000366211,51.3777558572003,62.48334089517467,1.0256058393521315,0.8060240564000515,0.21958178295207997,54.03287435658082,51.07493438720703,48.11699441783324,0.0336293493267877
2019-09-18,53.538822174072266,53.55804919622197,52.73851525459077,53.12785236837871,101360000,51.224060249328616,49.95880828857422,51.583571696902396,64.59219141832523,1.0695056048090876,0.8587203660818588,0.21078523872722887,54.35787710329784,51.224060249328616,48.090243395359394,0.0772009459479257
2019-09-19,53.10380935668945,53.77673664416649,52.96201055873373,53.356155255904,88242400,51.32403793334961,50.047727279663086,51.72835623592973,61.34500927325633,1.0570100327142455,0.8983782994083361,0.1586317333059094,54.56203834088392,51.32403793334961,48.08603752581529,-0.047259387167971116
2019-09-20,52.327537536621094,53.48834269473416,52.26505247446734,53.20475241206062,221652400,51.3873649597168,50.128207778930665,51.78542112170986,55.94057762516901,0.9732495386434294,0.9133525472553548,0.059896991388074694,54.6517438555137,51.3873649597168,48.122986063919896,-0.1633973715650566
2019-09-23,52.56547546386719,52.8346464382801,52.308318169456676,52.62075086028852,76662000,51.58059215545654,50.20602508544922,51.85971201143913,57.18565024050869,0.9155148604065104,0.913785009885586,0.0017298505209244475,54.63690145862972,51.58059215545654,48.52428285228336,-0.010504100093648683
2019-09-24,52.31553268432617,53.471534114069954,52.1977722057156,53.120647346665386,124763200,51.71505851745606,50.26969741821289,51.903123504095035,55.41416206798668,0.8399094650107131,0.8990099009106114,-0.05910043589989833,54.64981639154031,51.71505851745606,48.7803006433718,-0.1504134340220087
2019-09-25,53.120643615722656,53.233600080826086,52.1857511921416,52.5246205874519,87613600,51.91777801513672,50.3528719329834,52.01907780044053,59.74049048710543,0.8353282242278439,0.8862735655740579,-0.05094534134621398,54.64547364733108,51.91777801513672,49.19008238294236,0.11299041964933298
2019-09-26,52.8466682434082,53.09901788679732,52.591916597251874,52.87310494256668,75334000,52.09033718109131,50.43607360839844,52.09789593786602,57.689061394603186,0.800363937797627,0.8690916400187718,-0.06872770222114477,54.58460896317685,52.09033718109131,49.59606539900577,-0.004999986076308971
2019-09-27,52.589515686035156,53.10382666173709,52.21940189013441,53.002883868542426,101408000,52.208220672607425,50.50307083129883,52.14471686626308,55.753857831957625,0.7433357152165883,0.8439404550583351,-0.10060473984174689,54.55871923403611,52.208220672607425,49.85772211117874,-0.07783201516627311
2019-09-30,53.827213287353516,53.97381610371218,53.06295484016568,53.089391533842786,103909600,52.391233253479,50.60952255249023,52.30495462065265,62.30767721414824,0.7889181333540947,0.832935990717487,-0.044017857363392365,54.645506711238916,52.391233253479,50.136959795719086,0.13808934044659615
2019-10-01,53.97623825073242,54.84864580049359,53.882508786746705,54.091600411930536,139223200,52.618228340148924,50.69678421020508,52.46412449018406,63.0179725011863,0.8275283653455574,0.8318544656431012,-0.004326100297543767,54.52395837582537,52.618228340148924,50.712498304472476,-0.021323952835398334
2019-10-02,52.6231575012207,53.73349145834526,52.37561187967944,53.60851764627017,138449200,52.73563060760498,50.74922698974609,52.47927049123517,53.212870930898816,0.740409958935146,0.8135655643015102,-0.07315560536636412,54.310000311470674,52.73563060760498,51.16126090373929,-0.18176427322238178
2019-10-03,53.070167541503906,53.103813908761936,51.7026764951259,52.495769961519244,114426000,52.8262357711792,50.811424026489256,52.53554640078457,55.66697664220324,0.6993759974802316,0.7907276509372545,-0.0913516534570229,54.25155865299241,52.8262357711792,51.40091288936599,0.10898329972007319
2019-10-04,54.557830810546875,54.6731929479549,53.80799525329293,54.22857675291312,138478800,52.99146423339844,50.911275177001954,52.728144916000026,62.682382808776374,0.7779307785149356,0.7881682764527909,-0.010237497937855222,54.41525433192201,52.99146423339844,51.56767413487487,0.060641470324069476
2019-10-07,54.569847106933594,55.25959957952468,54.27664143090137,54.3799862186076,122306000,53.146359062194826,51.007919006347656,52.90354512466037,62.73367989010595,0.831569804068522,0.7968485819759371,0.03472122209258488,54.549100212031256,53.146359062194826,51.743617912358395,0.034899564020402445
2019-10-08,53.93056106567383,54.81017807266463,53.91373971335013,54.27183612343445,111820000,53.23888683319092,51.08248756408691,53.00135616666165,58.15368236267302,0.8131209255947169,0.8001030506996931,0.013017874895023818,54.59129572643389,53.23888683319092,51.886477939947945,-0.06279978119118991
2019-10-09,54.56263732910156,54.74528854203184,54.22857560601276,54.56263732910156,74770400,53.28022403717041,51.1740071105957,53.15004961070355,61.172022586472174,0.8398223788519772,0.8080469163301499,0.03177546252182728,54.73735641149447,53.28022403717041,51.82309166284636,0.0
2019-10-10,55.298065185546875,55.382182968308385,54.627539595302416,54.77894647022064,113013600,53.36434078216553,51.259836502075196,53.35462252259339,64.39037516376476,0.9098383050935936,0.8284051940828387,0.0814331110107549,55.063386379144085,53.36434078216553,51.66529518518697,0.0944834300844905
2019-10-11,56.768898010253906,57.11257146209531,55.83159977697895,55.985412312624774,166795600,53.57415142059326,51.39715766906738,53.679791616656296,69.78455864913357,1.0716569534920737,0.8770555459646858,0.19460140752738786,55.78854348378759,53.57415142059326,51.35975935739893,0.1390381340578896
2019-10-14,56.68717575073242,57.230329070079826,56.39877773778656,56.45405313736609,96427600,53.76605663299561,51.55396141052246,53.96620915323498,69.15771291449789,1.1797061763667571,0.9375856720451001,0.242120504321657,56.33301157726059,53.76605663299561,51.19910168873062,0.04127076496009941
2019-10-15,56.55500030517578,57.11497135397821,56.44925350323164,56.81215396701269,87360000,53.941739845275876,51.759262313842775,54.21276069151506,68.09235679312945,1.2403722706957723,0.9981429917752347,0.24222927892053758,56.75534904006247,53.941739845275876,51.12813065048928,-0.04523295941747905
2019-10-16,56.3266716003418,56.53576316392705,56.04548329122299,56.08633933608511,73903200,54.081132316589354,51.94247077941895,54.41408553997475,66.19531945449711,1.2555531342921924,1.0496250202786264,0.20592811401356603,57.07174881190649,54.081132316589354,51.09051582127222,0.04282420266346623
2019-10-17,56.54537582397461,56.754463724015515,56.12239235171388,56.49971210622329,67585200,54.253210639953615,52.1202848815918,54.61706556702236,67.13966479678629,1.2705851662396697,1.093817049470835,0.17676811676883464,57.39149208108093,54.253210639953615,51.114929198826296,0.00808193914885731
2019-10-18,56.816959381103516,57.09814772935947,56.30745241628178,56.37955283902993,97433600,54.477681732177736,52.282509384155276,54.826579263601516,68.32305582155675,1.2895475813969526,1.1329631558560584,0.15658442554089413,57.67458327275058,54.477681732177736,51.28078019160489,0.07742719453525694
2019-10-21,57.80231475830078,57.91767689190389,57.03565787328163,57.08372359535983,87247200,54.73952369689941,52.47246780395508,55.10998264404907,72.23054465541374,1.3683123232892385,1.1800329893426946,0.18827933394654384,58.11965165177394,54.73952369689941,51.35939574202488,0.12522296300605124
2019-10-22,57.670135498046875,58.208477458025,57.58841973582485,57.95853350048938,82293600,55.00725383758545,52.66223403930664,55.35380672538219,70.96592638424706,1.403885073830864,1.2248034062403286,0.17908166759053534,58.42501595604764,55.00725383758545,51.58949171912327,-0.04971834112442974
2019-10-23,58.44399642944336,58.45841944527722,57.97294725988833,58.18444081930115,75828800,55.27342147827149,52.826669158935545,55.64811050672135,73.8523227335563,1.4774892680836302,1.2753405786089889,0.20214868947464137,58.88563649807477,55.27342147827149,51.66120645846821,0.04457954289866174
2019-10-24,58.540130615234375,58.833336257215784,58.114741500691004,58.763637850238034,69275200,55.558094596862794,53.02292457580566,55.9235409932464,74.19551914114082,1.5259877112441131,1.3254700051360138,0.20051770610809938,59.256796217163895,55.558094596862794,51.85939297656169,-0.038016624907848066
2019-10-25,59.26113510131836,59.297183477090634,58.37190638286585,58.43919912909384,73477200,55.891675567626955,53.23845443725586,56.24140709877706,76.66889296990058,1.604110921029033,1.3811981883146176,0.22291273271441536,59.66199362653921,55.891675567626955,52.1213575087147,0.1397279082641128
2019-10-28,59.854759216308594,59.90282494220439,59.29478452503203,59.46301639925722,96572800,56.19305286407471,53.44297721862793,56.5855358718753,78.49641940394679,1.6943927279420379,1.4438370962401017,0.2505556317019362,60.2106131518686,56.19305286407471,52.17549257628082,0.06578493280884877
2019-10-29,58.47045135498047,60.0229998310363,58.29741544999422,59.835540905719206,142839600,56.41776351928711,53.60130828857422,56.76505163217103,65.59332682342142,1.635387901366883,1.4821472572654582,0.1532406441014249,60.41692174609998,56.41776351928711,52.41860529247423,-0.2242628785189619
2019-10-30,58.46322250366211,58.953502353059164,57.970544319100384,58.823720882909704,124522000,56.70976676940918,53.75944664001465,56.92678219136066,65.53274760943793,1.5699454889721594,1.4997069036067985,0.07023858536536087,60.39882850047857,56.70976676940918,53.020705038339784,-0.06120791608248123
2019-10-31,59.78506088256836,59.88359800446322,57.0212394670206,59.41975843149152,139162000,57.045511436462405,53.93306274414063,57.198999209570914,70.83664597925969,1.6062276235731119,1.5210110476000613,0.08521657597305055,60.56693569354287,57.045511436462405,53.524087179381944,0.061400942317878515
2019-11-01,61.481807708740234,61.508240739941634,59.881193789695324,59.972517565501164,151125200,57.39171028137207,54.14147895812988,57.606885733301326,75.95214732929108,1.7517022322733453,1.5671492845347184,0.18455294773862696,61.215248980177385,57.39171028137207,53.568171582566755,0.2464818603318327
2019-11-04,61.88555908203125,61.96967684280091,61.37605584677562,61.844699369305836,103272000,57.75749588012695,54.40517150878906,58.01437843318036,76.9866058012588,1.8779237334574503,1.6293041743192649,0.24861955913818545,61.823280529837625,57.75749588012695,53.69171123041628,0.006606729217173676
2019-11-05,61.796634674072266,62.051386280807854,61.601966131837685,61.7774039861912,79897600,58.15079956054687,54.64858009338379,58.3745933132653,76.20904398586191,1.9483206977564507,1.693107479006702,0.25521321874974867,62.18139456652698,58.15079956054687,54.12020455456676,0.003112889911907415
2019-11-06,61.82307052612305,61.88315359336873,61.37365035662275,61.71011406632682,75864400,58.51382122039795,54.90371643066406,58.70301971448985,76.28572478347373,1.9833807725388368,1.7511621377131292,0.2322186348257076,62.49385769877808,58.51382122039795,54.53378474201782,0.01830232334629327
2019-11-07,62.536590576171875,62.758363326737026,62.218397769161385,62.3702628523427,94940400,58.875747489929196,55.16653854370117,59.068121701316706,78.31709784859068,2.0451658405626887,1.809962878283041,0.23520296227964765,62.93592546062752,58.875747489929196,54.81556951923087,0.0266614726757788
2019-11-08,62.707740783691406,62.78005398312433,61.914671700144595,62.3582098215494,69986400,59.17268962860108,55.41605644226074,59.4147520901143,78.78650319191027,2.083919219921242,1.8647541466106814,0.21916507331056057,63.43665705267389,59.17268962860108,54.90872220452827,0.05599348759999306
2019-11-11,63.204307556152344,63.26938943205793,62.25937344945544,62.26419187702616,81821200,59.49854621887207,55.67680335998535,59.77566213449887,80.13051225863686,2.130145351182847,1.9178323875251146,0.21231296365773233,63.94510903740924,59.49854621887207,55.051983400334905,0.14985116297923448
2019-11-12,63.146461486816406,63.346540292385484,62.89577079131736,63.04762853024531,87388800,59.8281192779541,55.951005859375,60.096690644243395,79.49863822818766,2.1374727436352785,1.9617604587471473,0.17571228488813118,64.32989803143802,59.8281192779541,55.32634052447018,0.015674635845333552
2019-11-13,63.75151824951172,63.82624436182228,62.93193655049298,62.94639919439951,102734400,60.199361610412595,56.22053398132324,60.44476946379276,81.17112930507237,2.167121550773018,2.0028326771523215,0.16428887362069666,64.70949610928012,60.199361610412595,55.689227111545065,0.1272125291293524
2019-11-14,63.31037139892578,63.850329538427395,63.18020029158952,63.57793757671805,89182800,60.537611389160155,56.46158012390137,60.717683933805425,76.2847140658868,2.130462929529088,2.028358727627675,0.10210420190141312,64.91357019860192,60.537611389160155,56.16165257971839,-0.042059924449699276
2019-11-15,64.06246185302734,64.06728028085237,63.39956388635737,63.5610658168469,100206400,60.899886512756346,56.717764129638674,61.03623421182656,78.64497707648384,2.137458827405567,2.0501787475832534,0.08728007982231345,65.18244489843404,60.899886512756346,56.61732812707865,0.0787209273713511
2019-11-18,64.38546752929688,64.46501204164511,63.69364434245913,64.07209319455887,86703200,61.229044151306155,56.97603446960449,61.3552088134904,79.58472635688724,2.1443482733940513,2.069012652745413,0.07533562064863819,65.52063967889833,61.229044151306155,56.937448623713976,0.04887068272138688
2019-11-19,64.19023895263672,64.60243902243361,63.973291934658384,64.57833216346258,76167200,61.55504932403564,57.21823913574219,61.62521168388529,77.3685995226136,2.109735180535857,2.077157158303502,0.032578022232355064,65.70393392735983,61.55504932403564,57.40616472071146,-0.060024262104379326
2019-11-20,63.442935943603516,64.13957744362767,62.770393933057385,64.00941371749089,106234400,61.80499629974365,57.41237998962402,61.79832828004893,69.40196854633506,1.998960179079802,2.061517762458762,-0.06255758337896022,65.77241896995623,61.80499629974365,57.837573629531065,-0.08826881182972582
2019-11-21,63.15851974487305,63.64062743076924,62.95844093565361,63.563488435494776,121395200,62.035915756225585,57.603235778808596,61.927870324317894,66.59154772680347,1.8667020033499213,2.022554610636994,-0.1558526072870725,65.7455900031528,62.035915756225585,58.32624150929837,-0.06362483487389546
2019-11-22,63.10307312011719,63.44054702045154,62.87648192495427,63.29832613946704,65325200,62.22801265716553,57.81384353637695,62.039794400108306,66.03017990439386,1.7373848756226238,1.96552066363412,-0.22813578801149625,65.73542788382522,62.22801265716553,58.72059743050583,-0.030836694545010635
2019-11-25,64.20951080322266,64.22638633771652,63.281452038993585,63.327252857545794,84020400,62.44575023651123,58.04105232238769,62.246434057547766,71.24031575850015,1.7045316149373093,1.913322853894758,-0.20879123895744867,65.87665734105732,62.44575023651123,59.014843131965144,0.13842285479862942
2019-11-26,63.70810317993164,64.39992632549185,63.27661487017414,64.34689420163127,105207600,62.707632827758786,58.25438766479492,62.38564064063194,66.27917496747091,1.6193686901499689,1.8545320211458003,-0.23516333099583142,65.64955402739743,62.707632827758786,59.765711628120144,-0.09894817961848335
2019-11-27,64.5638656616211,64.59761673344,63.953999683634294,64.01908157822496,65235600,63.01266498565674,58.4748885345459,62.59309064263091,70.10559485646196,1.6024572098371053,1.8041170588840614,-0.2016598490469561,65.32974032804808,63.01266498565674,60.69558964326541,0.08489232362143363
2019-11-29,64.42163848876953,64.6024288680645,64.09621433476273,64.26495496465644,46617600,63.244493865966795,58.7012451171875,62.76723805654888,68.71009750429252,1.5596000965458572,1.7552136664164206,-0.19561356987056344,65.10659355195972,63.244493865966795,61.382394179973865,0.02437603604642664
2019-12-02,63.67677307128906,64.66268223641534,63.50562693205221,64.4264468627075,94487200,63.354242134094235,58.92822982788086,62.85386043890508,61.77476399625159,1.4488299021563051,1.6939369135643978,-0.24510701140809266,65.03804648010427,63.354242134094235,61.67043778808419,-0.1158388431475851
2019-12-03,62.541412353515625,62.560693421017824,61.779681450558876,62.266607486055904,114430400,63.387034797668456,59.127748565673826,62.8241034783918,52.99431361363471,1.2549631694970245,1.606142164750923,-0.3511789952538986,64.97814387924043,63.387034797668456,61.79592571609648,0.044104954202802575
2019-12-04,63.09343719482422,63.47189353394653,62.83792068269356,62.93193522248252,67181600,63.45187492370606,59.34330665588379,62.84975430852822,56.25035329758858,1.1328078743327836,1.5114753066672955,-0.37866743233451183,64.87531320530972,63.45187492370606,62.02843664210239,0.025657327510207606
2019-12-05,64.0190658569336,64.09379930384016,63.332068402488204,63.58758484552913,74424400,63.56167469024658,59.56127510070801,62.96111731313825,61.11433245564727,1.0980319907759934,1.4287866434890353,-0.33075465271304183,64.79118391934387,63.56167469024658,62.3321654611493,0.06775221675620978
2019-12-06,65.25568389892578,65.32559157331079,64.43368941001637,64.4770846926847,106075600,63.697629356384276,59.80945541381836,63.17964746416564,66.47660216172085,1.1569203361735916,1.3744133820259465,-0.21749304585235496,65.03984104277704,63.697629356384276,62.3554176699915,0.12017240593445924
2019-12-09,64.34208679199219,65.27736940401036,63.85756627540826,65.08452929679349,128042400,63.77934665679932,60.0445068359375,63.29035597157769,59.904253751431945,1.1169941100924206,1.3229295276392414,-0.20593541754682088,65.06849775047816,63.77934665679932,62.49019556312047,-0.11358133395026294
2019-12-10,64.7181396484375,65.10141438333517,64.08657238840084,64.74706493312719,90420400,63.855038261413576,60.26232536315918,63.42633536937387,61.58770624741954,1.1029821196872192,1.278940046048837,-0.17595792636161778,65.17758358353765,63.855038261413576,62.5324929392895,-0.004467398219775641
2019-12-11,65.2701416015625,65.34969348345126,64.7229520666511,64.79767816395331,78756800,63.96122226715088,60.48820343017578,63.60193596291564,63.978493042667935,1.123468811559924,1.2478457991510545,-0.12437698759113047,65.37688933264866,63.96122226715088,62.54555520165311,0.07278469841641973
2019-12-12,65.43645477294922,65.70161539296117,64.43849598392988,64.54937865907041,137310400,64.04546909332275,60.74446937561035,63.77665204006169,64.69154316413325,1.1399837227211336,1.2262733838650703,-0.08628966114393677,65.59536914290175,64.04546909332275,62.49556904374375,0.13656732088568987
2019-12-13,66.32595825195312,66.3621148543044,65.3087108196568,65.43646905221725,133587600,64.19624843597413,61.00958518981933,64.01944310786087,68.30523717695918,1.2108890306714386,1.223196513226344,-0.012307482554905436,65.99716624627757,64.19624843597413,62.39533062567069,0.13510064202366853
2019-12-16,67.4613037109375,67.68548930512532,66.76707504123782,66.7718934682827,128186000,64.36619052886962,61.26765464782715,64.34723935577293,72.21419261522345,1.3432111857005182,1.247199447721179,0.09601173797933926,66.6588573427515,64.36619052886962,62.073523714987736,0.10288324059998875
2019-12-17,67.59390258789062,67.9217322522176,67.20580211215017,67.39141826173947,114158400,64.52661228179932,61.528135757446286,64.65644537787938,72.63862415295819,1.4421528279936382,1.2861901237756708,0.15596270421796743,67.2167667886751,64.52661228179932,61.83645777492354,0.03003697230273742
2019-12-18,67.43238067626953,67.95305771312601,67.28292851276375,67.44684331426187,116028400,64.68871936798095,61.7981721496582,64.92082016820225,71.21166336278206,1.490351479826245,1.3270223949857858,0.16332908484045916,67.65484226335278,64.68871936798095,61.72259647260912,-0.002144298400808059
2019-12-19,67.4999008178711,67.77952418481911,67.24197877244833,67.37455545601723,98369200,64.89156761169434,62.056917419433596,65.16644689674214,71.4640252255989,1.5165161160071676,1.3649211391900624,0.1515949768171052,68.0385420874868,64.89156761169434,61.74459313590188,0.01860211196367471
2019-12-20,67.36007690429688,68.13385757058333,67.14794837558046,68.03261909048223,275978000,65.10164546966553,62.298157653808595,65.37536404031879,70.093714615006,1.5085791955104355,1.3936527504541372,0.11492644505629834,68.31799964317388,65.10164546966553,61.885291296157185,-0.09853507392332202
2019-12-23,68.45930480957031,68.51956828211395,67.58427801121577,67.62284751640941,98572000,65.36945705413818,62.531965789794924,65.66907268500941,74.27059686855233,1.5728567209492184,1.4294935445531534,0.143363176396065,68.76267955666108,65.36945705413818,61.97623455161528,0.12306746152121859
2019-12-24,68.52436828613281,68.6738278372129,68.19895150700309,68.62561412958978,48478800,65.58519992828369,62.76870964050293,65.94100559940212,74.49763791031057,1.6104825612786158,1.4656913478982458,0.14479121338036993,69.1975920603757,65.58519992828369,61.972807796191674,-0.014752290322119298
2019-12-26,69.88391876220703,69.9007942963268,68.62803033131719,68.65695561473434,93121200,65.89399070739746,63.03528800964355,66.31652113871688,78.72270677706422,1.7300625874197806,1.5185655958025528,0.2114969916172278,69.85114476265339,65.89399070739746,61.936836652141544,0.1768307425975268
2019-12-27,69.85741424560547,70.86261220178719,69.45244547671278,70.17560714532725,146266000,66.15866813659667,63.30590286254883,66.65374905365866,78.44983748282954,1.8019205087140762,1.5752365783848576,0.22668393032921852,70.42091523784298,66.15866813659667,61.89642103535038,-0.0453113312323775
2019-12-30,70.27201080322266,70.55404702486167,68.75337459667797,69.7754404953618,144114400,66.45118675231933,63.580435562133786,66.99834541076,79.63874915558607,1.870757972914518,1.6343408572907898,0.23641711562372825,70.99045376022231,66.45118675231933,61.91191974441635,0.0710470142043478
2019-12-31,70.78544616699219,70.79267748666231,69.78989280626304,69.88872574600676,100805600,66.80662040710449,63.859805297851565,67.3590216732583,81.03420130097732,1.9443290867293541,1.6963385031785028,0.24799058355085135,71.53073930032251,66.80662040710449,62.08250151388647,0.12760739319834186
2020-01-02,72.40052795410156,72.46079141879511,71.15668916006118,71.4097927692221,135480400,67.2995761871338,64.15176956176758,67.83916512857671,84.6077922182819,2.1086511094963782,1.7788010244420778,0.32985008505430047,72.19500651487749,67.2995761871338,62.40414585939009,0.13785602082980167
2020-01-03,71.6966323852539,72.45595040957373,71.47245410922795,71.6291376132339,146322800,67.72973594665527,64.43229949951171,68.20654296254597,77.73332073390387,2.1572120094827483,1.854483221450212,0.3027287880325362,72.58293983855046,67.72973594665527,62.87653205476008,0.009422530653654095
2020-01-06,72.26792907714844,72.30649856939735,70.5685026643333,70.81920068576198,118387200,68.14217910766601,64.70877815246583,68.59334164012716,79.20979501079421,2.21624821128151,1.9268362194164717,0.2894119918650382,73.0654275725547,68.14217910766601,63.21893064277733,0.2017605894012823
2020-01-07,71.92803955078125,72.5330795245145,71.70867973246871,72.27756311117845,108872000,68.47579689025879,64.97653633117676,68.91093191733232,75.98174359756432,2.2101315614560093,1.9834952878243792,0.22663627363163008,73.47513175486961,68.47579689025879,63.47646202564797,-0.04832085380535397
2020-01-08,73.08509826660156,73.38641550034151,71.63154422529517,71.63154422529517,132079200,68.91294746398925,65.25301559448242,69.30847156964367,79.10374011368057,2.2724536101600847,2.0412869522915207,0.23116665786856405,73.91900045934906,68.91294746398925,63.906894468629446,0.20018084537026004
2020-01-09,74.63751983642578,74.83036001284603,73.81070672936173,74.0613974874318,170108400,69.40891647338867,65.54867080688477,69.81599997600387,82.40781367029834,2.41922441616596,2.1168744450664088,0.3023499710995514,74.61578585976496,69.40891647338867,64.20204708701239,0.07763329969727577
2020-01-10,74.80623626708984,75.370308736383,74.30484750773756,74.87132551313572,140644800,69.88572120666504,65.87538650512695,70.29126057515491,82.72746001828247,2.5201051399424443,2.197520584041616,0.32258455590082846,75.23384597103316,69.88572120666504,64.53759644229692,-0.008693262194534748
2020-01-13,76.40441131591797,76.43093105955663,75.00388930942306,75.12201067519445,121532000,70.43411903381347,66.23421028137207,70.87346540760853,85.4283679349878,2.6979133446317576,2.2975991361596444,0.4003142084721132,76.08557438411216,70.43411903381347,64.78266368351478,0.169069901746853
2020-01-14,75.3727035522461,76.55146021431688,75.24977111147209,76.34174457661803,161954400,70.88645629882812,66.54596313476563,71.30196427852638,77.05202126682633,2.724174841863146,2.382914277300345,0.34126056456280107,76.59811437493471,70.88645629882812,65.17479822272153,-0.12625724374272967
2020-01-15,75.0497055053711,76.0524904138791,74.6182170498927,75.17264532410701,121923600,71.2658763885498,66.81732109069824,71.65889201441635,74.58632474683819,2.6879391354776345,2.443919248935803,0.2440198865418317,77.0249904090833,71.2658763885498,65.5067623680163,-0.016352871276040463
2020-01-16,75.98980712890625,76.10069718746519,75.23048903454546,75.5920697800867,108829200,71.68567161560058,67.09940605163574,72.07136012055824,76.90302710594457,2.703911413714252,2.495917681891493,0.20799373182275893,77.53621929767948,71.68567161560058,65.83512393352169,0.052567777848816256
2020-01-17,76.83110809326172,76.83351362979406,75.93197444596949,76.23811023432756,137816400,72.15560798645019,67.40009552001953,72.5246694512919,78.76832535563608,2.7527238292759932,2.547278911368393,0.2054449179076001,78.07359361974636,72.15560798645019,66.23762235315402,0.0776258549545198
2020-01-21,76.3104019165039,76.90097930249982,76.17299948734095,76.45985409290795,110843200,72.59613304138183,67.68984214782715,72.88521540035971,74.74485726839515,2.7180592880029337,2.5814349866953012,0.13662430130763248,78.37226023286061,72.59613304138183,66.82000584990305,-0.019544000912638755
2020-01-22,76.58280181884766,77.13480977194556,76.48878729766383,76.79492300181599,101832400,73.05726928710938,67.97076637268066,73.23736648783475,75.4512990317499,2.6816553314887415,2.6014790556539893,0.08017627583475218,78.55349595617508,73.05726928710938,67.56104261804367,-0.02761474903779278
2020-01-23,76.95160675048828,77.03115126719418,76.0886300322076,76.63582686293465,104472000,73.48188438415528,68.2556436920166,73.5911036557065,76.41328439623658,2.651993874846525,2.611582019492497,0.04041185535402825,78.8009287591897,73.48188438415528,68.16284000912086,0.041181951536656575
2020-01-24,76.72985076904297,77.93993845348767,76.53941616685312,77.19749582877215,146537600,73.89215850830078,68.52615455627442,73.89003195221474,74.52229337326372,2.5808427536030365,2.605434166314605,-0.024591412711568506,78.87346331636601,73.89215850830078,68.91085370023555,-0.06050375854260123
2020-01-27,74.47357940673828,75.15334557711078,73.49248860994267,74.74114561147599,161940000,74.12164154052735,68.75269691467285,73.9456079002646,58.62554888867106,2.315698800609013,2.547487093173487,-0.23178829256447386,78.75382899596664,74.12164154052735,69.48945408508806,-0.035783765331217646
2020-01-28,76.58037567138672,76.75152179476333,75.25457988632637,75.35341281852345,162234000,74.45778961181641,69.00927406311035,74.19653816418099,65.93308099296938,2.249638724068731,2.487917419352536,-0.23827869528380496,78.76795507728326,74.45778961181641,70.14762414634956,0.1614038623363758
2020-01-29,78.18338775634766,79.02948893915872,77.46987057591716,78.209907499375,216229200,74.85335845947266,69.30673439025878,74.57623812533971,70.2400316120376,2.300120953225587,2.4503581261271465,-0.15023717290155947,79.0034783308464,74.85335845947266,70.70323858809891,-0.003390828890621771
2020-01-30,78.07011413574219,78.12314628033491,76.83591952309017,77.26740800153176,126743200,75.21759185791015,69.58688743591308,74.90898822156852,69.57070192369562,2.304424280371677,2.421171356976053,-0.11674707660437589,79.14859076466678,75.21759185791015,71.28659295115352,0.10351464377223335
2020-01-31,74.60855102539062,77.78322490007396,74.31446514624638,77.36138082338869,199588400,75.3279930114746,69.79134910583497,74.88037515526587,52.961643898769026,2.0053984990435936,2.338016785389561,-0.33261828634596746,79.05505822227992,75.3279930114746,71.60092780066928,-0.3415448207817506
2020-02-03,74.40367889404297,75.56796570063159,72.85129158100523,73.35268032975995,173788400,75.46334533691406,69.99561790466309,74.83497551133988,52.16783359095287,1.7319224205845387,2.216797912428557,-0.4848754918440181,78.83250686399931,75.46334533691406,72.0941838098288,0.14230769407612712
2020-02-04,76.86001586914062,77.050450456367,75.60171457078681,76.00668324335653,136616400,75.69294967651368,70.26395950317382,75.0278364977971,59.92373470818242,1.6938706372345536,2.1122124573897563,-0.4183418201552027,78.77327068008177,75.69294967651368,72.61262867294559,0.11180138845260902
2020-02-05,77.48674011230469,78.28462753135985,76.88410566550306,77.98571584340952,118826800,75.97088470458985,70.55052391052246,75.26201779441686,61.63312740552994,1.6947497136972771,2.0287199086512606,-0.3339701949539835,78.61436974147479,75.97088470458985,73.32739966770491,-0.06389579595442568
2020-02-06,78.39312744140625,78.39554033416145,77.19991519206019,77.75674904636442,105425600,76.23628616333008,70.85632499694825,75.56021871317776,64.02313836194782,1.7484294640884315,1.972661819738695,-0.22423235565026345,78.72910799914295,76.23628616333008,73.7434643275172,0.08165996487592787
2020-02-07,77.3275375366211,78.14181565091206,76.83703724788526,77.89294126547146,117684000,76.37078704833985,71.11868553161621,75.72853479160094,59.342847649169634,1.6855568035962136,1.9152408165101988,-0.2296840129139852,78.79333816465612,76.37078704833985,73.94823593202358,-0.07246006978692172
2020-02-10,77.69480895996094,77.69480895996094,75.83429386411699,75.91402717049185,109348800,76.5152156829834,71.3984196472168,75.91579899811141,60.41690469090515,1.6463869773961335,1.8614700486873859,-0.21508307129125237,78.89142240046692,76.5152156829834,74.13900896549987,0.2303686607927323
2020-02-11,77.22604370117188,78.26262078747321,77.00858188468877,78.19013597325772,94323200,76.5562973022461,71.65166320800782,76.0405842079267,58.29995013173942,1.5595417427502554,1.8010843874999598,-0.24154264474970444,78.95175286208958,76.5562973022461,74.16084174240261,-0.12267993231346908
2020-02-12,79.05999755859375,79.06482742202022,77.67547849475221,77.67547849475221,113730400,76.74066200256348,71.9444303894043,76.32814738418071,63.66416191982918,1.6200263624345865,1.7648727824868853,-0.14484642005229875,79.30498845019294,76.74066200256348,74.17633555493403,0.17638005871405255
2020-02-13,78.49701690673828,78.82321339617904,78.12974813739189,78.33271303943899,94747600,76.91302757263183,72.24083526611328,76.53470638632905,61.06719130257362,1.604042620871894,1.732706750163887,-0.128664129291993,79.46293351321795,76.91302757263183,74.36312163204572,0.02097205237434332
2020-02-14,78.51634216308594,78.7652165546687,78.00892627887556,78.4655954129786,80113600,77.03935432434082,72.56033386230469,76.72343360316304,61.12581184318456,1.5747816743320158,1.7011217349975127,-0.12634006066549697,79.64355148482946,77.03935432434082,74.43515716385218,0.006467298479291668
2020-02-18,77.07865905761719,77.25987847546425,76.01791785904396,76.19913727689102,152531200,77.05173187255859,72.84003829956055,76.75726459882534,54.545917446792764,1.4192232300330971,1.6447420340046297,-0.22551880397153257,79.6542048714113,77.05173187255859,74.44925887370589,0.1149142417231518
2020-02-19,78.1949691772461,78.42451672179727,77.32028463710277,77.32028463710277,93984000,77.14596023559571,73.12355636596679,76.89418884438923,58.299467883304374,1.3702238518201995,1.5898383975677437,-0.21961454574754424,79.77061908168825,77.14596023559571,74.52130138950317,0.11264474325871543
2020-02-20,77.39275360107422,78.4438274798224,76.88775648034355,77.95574593761195,100566000,77.18645782470703,73.36629776000977,76.94167120216876,54.79743286434029,1.252224534017813,1.5223156248577576,-0.27009109083994454,79.8000809329716,77.18645782470703,74.57283471644247,-0.07209418325353459
2020-02-21,75.6409912109375,77.4290289157497,75.0248480652508,76.9868493533589,129554000,77.1209270477295,73.59227584838867,76.8177969172896,48.01477948493294,1.0057628318652547,1.419005066259257,-0.4132422343940023,79.81916925823846,77.1209270477295,74.42268483722053,-0.1730572835078692
2020-02-24,72.0479965209961,73.4977516680358,69.88544951763012,71.8257048611315,222195200,76.88683433532715,73.73887298583985,76.36353021288069,37.70583811567312,0.5145837129542201,1.2381207955982496,-0.7235370826440295,80.3764833333261,76.88683433532715,73.3971853373282,0.030938883961413484
2020-02-25,69.60758972167969,73.09908711151304,69.13642361597664,72.71732141374063,230673600,76.64353485107422,73.82562194824219,75.72010730895678,32.58799359846904,-0.07078375978997542,0.9763398845206047,-1.04712364431058,81.26669309323677,76.64353485107422,72.02037660891168,-0.4033526827190943
2020-02-26,70.71182250976562,71.97552869907848,69.22582460812832,69.23307309062069,198054800,76.35010719299316,73.93112930297852,75.24312780427192,36.77000066086067,-0.44051140052812343,0.6929696275108591,-1.1334810280389824,81.6477894610778,76.35010719299316,71.05242492490852,0.21040018474263988
2020-02-27,66.08951568603516,69.10500967174747,65.95420576749399,67.92104419759342,320605600,75.74541358947754,73.92640045166016,74.3713552215827,28.734195968485736,-1.0938950092612743,0.3355967001564325,-1.4294917094177069,82.60008966401122,75.74541358947754,68.89073751494385,-0.26330427560641473
2020-02-28,66.05084991455078,67.27106508637516,61.94562839291094,62.160678974985316,426510000,75.14445037841797,73.89819137573242,73.57892614472252,28.67773696540266,-1.5964236530394231,-0.050807370482738645,-1.5456162825566846,83.09794164993373,75.14445037841797,67.19095910690221,0.5551707343228528
2020-03-02,72.20022583007812,72.83570304979878,67.10433710214947,68.20615048257532,341397200,75.02403411865234,73.99031784057617,73.44762135285161,46.63622428170546,-1.481401307717661,-0.33692615792972314,-1.144475149787938,83.07861524485052,75.02403411865234,66.96945299245415,0.5267155670329191
2020-03-03,69.90719604492188,73.45426192334152,69.05666829287019,73.37452863350472,319475600,74.7992099761963,74.03981414794922,73.11043799019163,42.35370451048335,-1.5573217743559127,-0.5810052812149611,-0.9763164931409516,83.15585594165391,74.7992099761963,66.44256401073868,-0.4402594768580163
2020-03-04,73.14982604980469,73.30930003617219,70.82780458094045,71.62758575768213,219178400,74.61370048522949,74.1528126525879,73.1141892339643,49.426218379095246,-1.3403850253284872,-0.7328812300376664,-0.6075037952908209,82.94380168441626,74.61370048522949,66.28359928604272,0.20937873971568785
2020-03-05,70.77705383300781,72.37902717401828,70.41219640582361,71.40527520257908,187572800,74.27821617126465,74.2211521911621,72.89160491006369,45.06886886374996,-1.3444262674551481,-0.8551902375211627,-0.4892360299339854,82.65875835277528,74.27821617126465,65.89767398975401,-0.08775338664221678
2020-03-06,69.83714294433594,70.26965542799252,67.95246362121284,68.13851293457299,226176800,73.85041694641113,74.24870895385742,72.60070377047057,43.43535180987241,-1.407250032121297,-0.9656021964411897,-0.44164783568010735,82.22057619687338,73.85041694641113,65.48025769594888,0.2442518287901903
2020-03-09,64.31358337402344,67.19376061426469,63.54762585590985,63.72884532127841,286744800,73.19971923828125,74.16449325561524,71.81145420890418,35.33097414220839,-1.8810597276297187,-1.1486937026788957,-0.732366024950823,82.37240157478176,73.19971923828125,64.02703690178073,0.09149744113759843
2020-03-10,68.94552612304688,69.21131605967966,65.0867606135554,66.96419837707879,285290000,72.76225509643555,74.14572540283203,71.53850867691777,44.656471372947344,-1.8613418654691571,-1.291223335236948,-0.5701185302322092,81.8700027453275,72.76225509643555,63.65450744754361,0.287536512091812
2020-03-11,66.55101776123047,67.95003374263217,65.68841155580724,67.0246098194062,255598800,72.22850379943847,74.07959747314453,71.06350954209042,41.337823713765275,-2.015696436907419,-1.4361179555710424,-0.5795784813363765,81.47741279201736,72.22850379943847,62.97959480685958,-0.070542067161866
2020-03-12,59.978797912597656,65.23899494473845,59.92322498627828,61.841735279374994,418474000,71.27444381713867,73.87373321533204,70.00782272023396,33.89282088650012,-2.6379382521769656,-1.676482014892227,-0.9614562372847386,81.40255288153207,71.27444381713867,61.14633475274527,-0.29244947591188913
2020-03-13,67.16475677490234,67.6359302649127,61.119275269390535,64.00429300943405,370732000,70.70783081054688,73.80131942749023,69.73705453496429,45.45917069240308,-2.522148787920244,-1.8456153694978306,-0.6765334184224137,80.41551772007354,70.70783081054688,61.00014390102023,0.4572188028739682
2020-03-16,58.52421569824219,62.60044010140755,57.99022079286357,58.4613905994218,322423600,69.70822448730469,73.52379318237304,68.66916512194314,37.06224491091269,-3.091962042405143,-2.094884704079293,-0.99707733832585,80.08781308512211,69.70822448730469,59.328635889487266,0.010746011995587107
2020-03-17,61.0975341796875,62.24525368604919,57.60362153116066,59.804833950382424,324056000,68.9091682434082,73.31181121826172,67.94805741315689,40.582318866910946,-3.297881926545486,-2.3354841485725317,-0.9623977779729542,79.35646609021953,68.9091682434082,58.46187039659688,0.2128484986086048
2020-03-18,59.60186767578125,60.406482464640554,57.29433930824816,57.93465023452481,300233600,67.97951316833496,73.05848999023438,67.15318220007349,39.209669441218296,-3.5409448967500055,-2.5765762982080265,-0.964368598541979,78.26391626429573,67.97951316833496,57.6951100723742,0.2800861240223481
2020-03-19,59.145198822021484,61.09270335868853,58.62087096114338,59.77584268914572,271857200,67.06713542938232,72.80283317565917,66.39051711644949,38.778384991146616,-3.72745562360047,-2.8067521632865153,-0.9207034603139546,77.08344300208826,67.06713542938232,57.05082785667638,-0.10511176478979949
2020-03-20,55.39031982421875,60.84864774255849,55.09070239617697,59.72508515259065,401693200,66.05460186004639,72.44893760681153,65.34287927909418,35.33666585825205,-4.130638641628835,-3.0715294589549793,-1.0591091826738555,76.48498653261406,66.05460186004639,55.62421718747873,-0.6204807298801407
2020-03-23,54.21360397338867,55.21152015646839,51.372084613414366,55.1100377172106,336752800,65.16288223266602,72.04045928955078,64.28294829759841,34.308994990633124,-4.493319038251421,-3.355887374814268,-1.137431663437153,76.40876855257426,65.16288223266602,53.91699591275779,-0.1612429053079101
2020-03-24,59.65260696411133,59.84832336499044,56.61295251663222,57.11070131069981,287531200,64.66513309478759,71.73738670349121,63.84196340869487,42.616120276137025,-4.2923838507242635,-3.5431866699962673,-0.7491971807279962,75.96117151884292,64.66513309478759,53.36909467073227,0.41784964014181963
2020-03-25,59.32399368286133,62.399890444761496,59.02920978154729,60.587696143364745,303602000,64.09574165344239,71.39577835083008,63.411680577663105,42.26833555524823,-4.112254106855708,-3.657000157368156,-0.4552539494875525,75.26251025904672,64.09574165344239,52.92897304783806,-0.20560128286811605
2020-03-26,62.44580078125,62.503788640032134,59.526959345508246,59.565620375975534,252087200,63.91355590820312,71.13724029541015,63.319692025623766,46.717011762963466,-3.6752304751002782,-3.6606462209145807,-0.014584254185697532,75.0631473135316,63.91355590820312,52.76396450287464,0.44906674267074476
2020-03-27,59.86041259765625,61.824829012114336,59.69369010665709,61.07095724785997,204216800,63.6040340423584,70.83345443725585,62.99023684200781,43.71280529920192,-3.497191866859481,-3.627955350103561,0.13076348324407983,74.84245752473718,63.6040340423584,52.365610559979615,-0.19566345576917854
2020-03-30,61.56869125366211,61.740247254497845,60.26149432911051,60.58527581752455,167976400,63.0724573135376,70.54503211975097,62.85485154787965,46.175726600887074,-3.181575949190467,-3.5386794699209423,0.35710352073047513,73.61861720697914,63.0724573135376,52.52629742009605,0.16090850976753635
2020-03-31,61.443058013916016,63.42438996368667,60.88973623938196,61.75959108899796,197002000,62.6492504119873,70.23727111816406,62.7203950208355,46.0162552285154,-2.908063269866105,-3.412556229909975,0.5044929600438701,72.73356148821955,62.6492504119873,52.564939335755064,-0.051207626628486186
2020-04-01,58.210105895996094,60.0972038911912,57.78001201918498,59.56079401122782,176218400,61.90226440429687,69.8752651977539,62.29084367561269,41.9968220056236,-2.918531701228197,-3.31375132417362,0.3952196229454228,70.92169679004849,61.90226440429687,52.88283201854526,-0.22296560622785733
2020-04-02,59.18144607543945,59.23460408290654,57.2411898636497,58.07238377649546,165934000,61.32248401641846,69.52723808288575,61.99471057083429,43.59107818173306,-2.8159880168841767,-3.2141986627157313,0.39821064583155463,69.43012068584368,61.32248401641846,53.21484734699323,0.18869080935399665
2020-04-03,58.33091735839844,59.36749098851091,57.74134949209258,58.66677725772262,129880000,60.74717273712158,69.15482429504395,61.645777883935644,42.489809190090234,-2.771404936585043,-3.1256399174895937,0.35423498090455086,67.93743357892599,60.74717273712158,53.556911895317164,-0.05718627775699956
2020-04-06,63.4195442199707,63.57418094682844,60.256662375458305,60.62393105385243,201820400,60.702470779418945,68.8886181640625,61.814708011177075,50.54063841031573,-2.298961862645939,-2.9603043065208627,0.6613424438749238,67.81417344582478,60.702470779418945,53.59076811301311,0.4310130495503864
2020-04-07,62.68500518798828,65.64975968703479,62.58110782117214,65.43229047893388,202887200,60.389444732666014,68.6528466796875,61.897593456587664,49.46420833381114,-1.9612108658130936,-2.760485618379309,0.7992747525662156,66.50343441602257,60.389444732666014,54.275455049309464,-0.3968182957947758
2020-04-08,64.28941345214844,64.60352421399418,63.1199448269442,63.484794969799864,168895200,60.27636451721192,68.40702743530274,62.125385837117264,51.87521598822835,-1.546254173537406,-2.5176393294109287,0.9713851558735227,66.00163098026876,60.27636451721192,54.55109805415508,0.12606761243836798
2020-04-09,64.75332641601562,65.25591244712727,63.95838246710248,64.9248861243381,161834800,60.51509094238281,68.1384262084961,62.375665892250446,52.579698359237646,-1.1665172218045115,-2.2474149078896453,1.0808976860851338,66.56005936583513,60.51509094238281,54.47012251893049,-0.026418188685465013
2020-04-13,66.02428436279297,66.13301897916537,64.23141674512242,64.8306516969401,131022800,60.45806732177734,67.89750961303712,62.72315336563545,54.54297587447073,-0.7543219137602577,-1.9487963090637679,1.1944743953035102,66.26799569992198,60.45806732177734,54.6481389436327,0.18206289541067394
2020-04-14,69.35871887207031,69.64867293181604,67.1840855454915,67.6552590491188,194994800,60.99979248046875,67.7925129699707,63.355111985295906,59.303454514291076,-0.15678583505092547,-1.5903942142611995,1.433608379210274,67.90470133957112,60.99979248046875,54.094883621366385,0.24659611528903547
2020-04-15,68.72566986083984,69.18475770892147,67.8074941646766,68.23516945822269,131154400,61.381199264526366,67.67895278930663,63.86659368772867,58.06028988245165,0.26265630931037265,-1.219784109546885,1.4824404188572577,69.06441521776902,61.381199264526366,53.69798331128371,0.0717602517509871
2020-04-16,69.271728515625,69.63658597716727,68.22307301485074,69.43845097329417,157125200,61.864692306518556,67.52718704223633,64.3813684332426,58.86138658947471,0.6318460722622206,-0.849458073185064,1.4813041454472846,70.22624906883803,61.864692306518556,53.50313554419908,-0.024005493360303585
2020-04-17,68.33179473876953,69.3345480225858,66.89653644635722,68.7884711835537,215250000,62.324022102355954,67.34408813476563,64.75759950995945,56.84849162671546,0.838916313774348,-0.5117831957931817,1.3506995095675296,71.03936775559976,62.324022102355954,53.60867644911216,-0.0662911522454734
2020-04-20,66.9134521484375,68.06117506076643,66.8941253228232,67.15991526149827,130015200,62.90017871856689,67.11449462890624,64.96291880886211,53.855606050907696,0.8784463953454065,-0.23373727756546406,1.1121836729108705,71.2204402675272,62.90017871856689,54.57991716960659,-0.036681483462068516
2020-04-21,64.84514617919922,66.99078550242736,64.13476539316186,66.75640806793423,180991600,63.43175582885742,66.8648468017578,64.95170236794183,49.74296190338634,0.7344134030718692,-0.0401071414379974,0.7745205445098666,70.7639941549239,63.43175582885742,56.09951750279093,-0.2787293716642122
2020-04-22,66.7129135131836,67.14783719048366,65.77057396314187,66.11125999851906,116862400,63.78477115631104,66.64520889282227,65.11943676272676,53.217270910823586,0.7621933428554826,0.1203529554206986,0.641840387434784,71.0346018788914,63.78477115631104,56.53494043373069,0.09075579682181904
2020-04-23,66.45438385009766,68.07811050746528,66.41572281375096,66.65734876053877,124814400,64.14129066467285,66.42977569580079,65.24657458057162,52.67446573544288,0.7546488400140845,0.24721213233937578,0.5074367076747087,71.1767210083077,64.14129066467285,57.10586032103801,-0.030439585696333142
2020-04-24,68.37288665771484,68.3825537591584,66.93037962499518,66.9787077583751,126161200,64.4376449584961,66.2160334777832,65.54431858791858,56.241372933544554,0.893180876970888,0.37640588126567825,0.5167749957052097,71.65930130527528,64.4376449584961,57.2159886117169,0.20519751365831437
2020-04-27,68.42121124267578,68.75223755503086,67.64317552817161,68.09017755648323,117087600,64.86568489074708,66.01451736450196,65.81830836456213,56.33065481662346,0.99539362635592,0.5002034302837266,0.4951901960721934,71.9651916699281,64.86568489074708,57.76617811156605,0.0485786839045519
2020-04-28,67.31216430664062,69.06395271480235,67.22035262547978,68.88273322430287,112004800,65.152858543396,65.79043380737305,65.96058035904579,53.62641682083932,0.9756603424997223,0.5952948127269257,0.3803655297727966,72.15972236242496,65.152858543396,58.145994724367036,-0.2241355478989723
2020-04-29,69.52301025390625,69.99176500480674,68.59516785102663,68.79813268535943,137280800,65.55685615539551,65.63932083129883,66.29985939665156,57.959176164973705,1.1254449353572227,0.7013248372529852,0.42412009810423745,72.59321924276395,65.55685615539551,58.52049306802706,0.10497480435699584
2020-04-30,70.98969268798828,71.16608226501852,69.67283584195576,70.06185003558508,183064000,66.19583549499512,65.49521530151367,66.74651018630267,60.589834601568306,1.3469722614218398,0.8304543220867562,0.5165179393350836,72.75216234733546,66.19583549499512,59.639508642654796,0.13166312347123216
2020-05-01,69.8468017578125,72.24614521202258,69.06876605288338,69.16541493960355,240616800,66.72910327911377,65.34429626464843,67.04177605025599,57.566961399361674,1.4140126590775708,0.9471659894849191,0.46684666959265164,72.61752435959156,66.72910327911377,60.84068219863599,0.09819806413124994
2020-05-04,70.8350601196289,70.9631215704607,69.18233960605242,69.87097499683554,133568000,67.3543104171753,65.24817764282227,67.40304119972008,59.45083795851397,1.5292585076527132,1.0635844931184781,0.46567401453423507,72.0846209696166,67.3543104171753,62.623999864734,0.13711173389584144
2020-05-05,71.89820098876953,72.72939466051092,71.1491592367676,71.2941362490643,147751200,67.77824325561524,65.24518173217774,67.83115165582002,61.4344330695184,1.6869323499988553,1.1882540644945536,0.4986782855043017,72.5416320720461,67.77824325561524,63.014854439184376,0.08452635780111899
2020-05-06,72.63999938964844,73.27063948300304,72.21473542323028,72.59891973995855,142333600,68.27599296569824,65.30582992553711,68.28913715427987,62.801762831625716,1.8504164880894507,1.3206865492135331,0.5297299388759176,72.88446056996813,68.27599296569824,63.66752536142834,0.005658377757452016
2020-05-07,73.39142608642578,73.73695662198787,72.96375102865532,73.26578331138913,115215200,68.73109359741211,65.35942199707031,68.77506943353187,64.18692484301758,2.017357854278387,1.460020810226504,0.5573370440518832,73.47076397399066,68.73109359741211,63.99142322083357,0.017147221289645093
2020-05-08,75.1382827758789,75.19158466112692,73.72336874196486,74.05044815626871,133838400,69.25034141540527,65.5403973388672,69.38108975185064,67.24090009746038,2.264512930032055,1.6209192341876144,0.6435936958444404,74.39153683831105,69.25034141540527,64.10914599249949,0.1458567930485542
2020-05-11,76.32062530517578,76.81487118254181,74.43810496971201,74.64646961486733,145946400,69.76515846252441,65.74579284667969,70.04199789978637,69.15796843578362,2.526664454056103,1.8020682781613122,0.724596175894791,75.53473713375661,69.76515846252441,63.99557979129221,0.2205916593274522
2020-05-12,75.44841766357422,77.45449582037008,75.32727766040104,77.00385116379037,162301200,70.06964340209962,65.81075668334961,70.55689502014712,66.08559705354514,2.6336821102542416,1.9683910445798982,0.6652910656743434,76.34212633399756,70.06964340209962,63.797160470201675,-0.19929112155859321
2020-05-13,74.53742980957031,76.54835795686193,73.46170617265714,75.6276896528906,200622400,70.36023139953613,65.90336135864258,70.93599357152077,62.940465488034,2.614842985186897,2.097681432701298,0.5171615524855988,76.88995166112232,70.36023139953613,63.83051113794994,-0.14317101657249245
2020-05-14,74.9953384399414,75.0559084279637,73.05467365769209,73.77667057668484,158929200,70.64641189575195,65.94027160644531,71.32259784470368,63.87122223823813,2.606812530247069,2.1995076522104524,0.40730487803661664,77.45592915753038,70.64641189575195,63.83689463397352,0.16369720950036518
2020-05-15,74.55198669433594,74.59802049199271,72.73488645146278,72.76880920502032,166348400,70.95742149353028,66.01577026367187,71.6301586875258,62.24129165596855,2.5354465071519314,2.2666954231987484,0.26875108395318303,77.88286948218813,70.95742149353028,64.03197350487243,0.24025710691102925
2020-05-18,76.30850982666016,76.68162311206635,75.18433442581173,75.8748339325949,135178400,71.4271743774414,66.14519760131836,72.07571593887194,65.94883310540601,2.590760482437716,2.3315084350465423,0.2592520473911737,78.46530270909433,71.4271743774414,64.38904604578848,0.05709458989000474
2020-05-19,75.86756134033203,77.17102150533867,75.83606375790906,76.32546668705436,101729600,71.97829513549804,66.37627716064453,72.43684407234433,64.24347122772357,2.569397928752963,2.3790863337878263,0.1903115949651366,78.58125676559428,71.97829513549804,65.37533350540181,-0.05992190861195662
2020-05-20,77.3430404663086,77.41329633678234,76.68645639876391,76.72522208271401,111504800,72.50980148315429,66.54422744750977,72.90410087176949,67.2913773632641,2.64108203573025,2.431485474176311,0.2095965615539388,79.04282192283586,72.50980148315429,65.97678104347273,0.08034991655114063
2020-05-21,76.76640319824219,77.74521626092047,76.52896618682993,77.20492931373624,102688800,73.02540245056153,66.74853515625,73.27193918857641,64.96086009868108,2.6211474424822967,2.4694178678375085,0.1517295746447882,79.18227614789879,73.02540245056153,66.86852875322427,-0.056739268569350125
2020-05-22,77.26066589355469,77.34304019898961,76.4029926993938,76.5047461498377,81803200,73.46979141235352,67.09417251586915,73.65181792238386,66.0463340051615,2.6150869084527812,2.498551675960563,0.1165352324922182,79.50100009497152,73.46979141235352,67.43858272973551,0.09848661482773946
2020-05-26,76.73734283447266,78.55686050645615,76.68161577577496,78.37757568234818,125522000,73.88559799194336,67.28562423706055,73.94567743782089,63.79294924291391,2.5387904977797717,2.506599440324405,0.03219105745536677,79.60588153736941,73.88559799194336,68.1653144465173,-0.20627075717500867
2020-05-27,77.07169342041016,77.21706291080646,75.85545038481993,76.59440888025136,112945200,74.37357444763184,67.6565737915039,74.24339324568653,64.62341072996672,2.476753863819809,2.500630325023486,-0.023876461203677035,79.38928920105353,74.37357444763184,69.35785969421015,0.062232707253515256
2020-05-28,77.10558319091797,78.36301654522093,76.47081099463172,76.74700625382513,133560800,74.75270309448243,67.97673477172852,74.51598276428,64.71176093374172,2.402628005643024,2.4810298611473938,-0.07840185550436995,79.37543173884704,74.75270309448243,70.12997445011781,0.04668797714507375
2020-05-29,77.0304946899414,77.80821132778638,76.67434283627068,77.34788086093664,153532400,75.05474319458008,68.32530731201172,74.75546009053348,64.32842107551454,2.3111818488095963,2.4470602586798345,-0.13587840987023814,79.4377016335518,75.05474319458008,70.67178475560837,-0.04101058150930212
2020-06-01,77.97782897949219,78.09896899425175,76.85364609349955,76.9844793797038,80791200,75.46129455566407,68.70195991516113,75.0623523656724,66.98558797155776,2.288768571268278,2.4154019211975233,-0.12663334992924513,79.31272856657318,75.46129455566407,71.60986054475495,0.12832108415502994
2020-06-02,78.33880615234375,78.36303562857958,77.27035057638682,77.71130190496551,87642800,75.8364818572998,69.16092964172363,75.37439558345062,67.96481830323503,2.2739213781939185,2.3871058125968023,-0.11318443440288384,79.24911829875187,75.8364818572998,72.42384541584774,0.08057308901296784
2020-06-03,78.77008056640625,79.03174713400516,78.08684912120862,78.65863382513984,104491200,76.18007583618164,69.65205917358398,75.69779415325591,69.14242879927305,2.270778984990315,2.3638404470755052,-0.09306146208519017,79.30946063667507,76.18007583618164,73.05069103568822,0.014167457408689119
2020-06-04,78.0916976928711,78.8912188000404,77.71858439241902,78.59321910796065,87560400,76.45266075134278,70.02084098815918,75.9257849665526,65.08930406621057,2.188323160118685,2.3287369896841414,-0.14041382956545645,79.23119821929252,76.45266075134278,73.67412328339303,-0.06372582703269257
2020-06-05,80.31582641601562,80.37639642085425,78.31217331772173,78.34124573703636,137250400,76.79888076782227,70.44067764282227,76.34388415221574,71.07584258742028,2.276206236380432,2.3182308390233994,-0.04202460264296759,79.68875542208673,76.79888076782227,73.90900611355781,0.24684347409002502
2020-06-08,80.7906723022461,80.82459504521165,79.30307721267422,80.01295571139336,95654400,77.08150024414063,70.80757507324219,76.76738778555196,72.17298095951024,2.357000270115222,2.325984725241764,0.031015544873457923,80.34757483552288,77.08150024414063,73.81542565275838,0.09689388622242102
2020-06-09,83.34188079833984,83.73437314923221,80.439371619184,80.47086919688729,147712400,77.43256301879883,71.27720443725586,77.39352997724605,77.18108776451331,2.5969552447227215,2.3801788291379555,0.216776415584766,81.66304168575843,77.43256301879883,73.20208435183923,0.3423715445745414
2020-06-10,85.48606872558594,85.95366732051313,83.85067883247099,84.28920501230608,166651600,77.93444557189942,71.75555198669434,78.16424795327842,80.37750017492746,2.926405555267067,2.4894241743637777,0.4369813809032892,83.32646093156708,77.93444557189942,72.54243021223175,0.1410482066492982
2020-06-11,81.3818588256836,85.05482488773967,81.28010535582771,84.63083484447448,201662400,78.27666702270508,72.15432800292969,78.47068708398368,62.368661923371576,2.8237711848435936,2.556293576459741,0.2674776083838526,83.63151118139888,78.27666702270508,72.92182286401129,-0.3660894179421339
2020-06-12,82.08446502685547,84.26498513269779,80.97482582626513,83.51876594974783,200146000,78.63112335205078,72.63181518554687,78.81485641187622,63.86141985076847,2.7672282703905466,2.5984805152459023,0.16874775514464435,84.00869162039608,78.63112335205078,73.25355508370548,-0.1700653603944849
2020-06-15,83.0995864868164,83.7513200559991,80.57745165991837,80.73978245781511,138808800,79.05850334167481,73.11017799377441,79.22292594282291,65.96225155714711,2.772371251367062,2.6332586624701344,0.13911258889692757,84.43001963053399,79.05850334167481,73.68698705281562,0.2842253307670273
2020-06-16,85.30192565917969,85.57328542706455,83.51874869015089,85.1517132659384,165428800,79.50817413330078,73.64959815979005,79.80187829676166,70.03250537041895,2.9204918541854283,2.6907053008131934,0.22978655337223497,85.36717947026138,79.50817413330078,73.64916879634019,0.017638730674930058
2020-06-17,85.18321990966797,86.10630607045023,85.06207991592963,86.04573607358105,114406400,79.97395706176758,74.08487167358399,80.31438702180036,69.54974849716814,2.9937893965557265,2.7513221199617,0.24246727659402634,86.07727953430953,79.97395706176758,73.87063458922563,-0.09990488061968131
2020-06-18,85.21714782714844,85.6338697266432,84.60902265567091,85.13961645194037,96820400,80.36766242980957,74.5355145263672,80.7813166223097,69.6142202266375,3.019805488450487,2.8050187936594577,0.2147866947910293,86.75079606388917,80.36766242980957,73.98452879572997,0.00910612889550764
2020-06-19,84.73013305664062,86.38732680533519,83.6229120589874,85.92215350419092,264476000,80.76584892272949,74.94432891845703,81.15739437796026,67.40794771279701,2.966924547547478,2.837399944437062,0.12952460311041625,87.19411474185566,80.76584892272949,74.33758310360332,-0.1378493576688789
2020-06-22,86.94701385498047,87.08995815364833,85.07661214341427,85.12264593038505,135445200,81.25016632080079,75.38820266723633,81.70878670910504,71.79062547885107,3.0685276968779505,2.88362549492524,0.18490220195271068,88.00060678371746,81.25016632080079,74.49972585788412,0.21109990746722562
2020-06-23,88.80288696289062,90.22022642343374,87.77077181014047,88.18991886652088,212155600,81.85344352722169,75.84377471923828,82.38441530470367,74.84074106426762,3.2612091849117206,2.9591422329225363,0.3020669519891843,89.02618885575343,81.85344352722169,74.68069819868994,0.06939374966447337
2020-06-24,87.2353515625,89.3504589965406,86.86223822656589,88.43221556465996,192623200,82.36162643432617,76.20130737304687,82.84640923401761,68.13921475160618,3.249960128668704,3.01730581207177,0.2326543165969337,89.54739264837194,82.36162643432617,75.1758602202804,-0.134522159514327
2020-06-25,88.39342498779297,88.4321906709593,86.63205223537432,87.39038973838228,137522400,82.92601852416992,76.59466247558593,83.37469644866289,70.25810155440634,3.296492108516844,3.0731430713607852,0.22334903715605892,90.14491061376474,82.92601852416992,75.7071264345751,0.11427501406374056
2020-06-26,85.67747497558594,88.50972868089589,85.52968033530838,88.28925300034977,205256800,83.35836753845214,76.92277740478515,83.59400868932222,60.1542300789262,3.0787249452187666,3.074259446132382,0.004465499086384828,90.13534050471281,83.35836753845214,76.58139457219147,-0.2874832537254412
2020-06-29,87.65206146240234,87.74655421504602,85.10812136493809,85.5854132789762,130646000,83.84207916259766,77.3091827392578,83.98048990580604,64.18673069776814,3.030541332520812,3.065515823410068,-0.03497449088925597,90.3910162755738,83.84207916259766,77.29314204962151,0.23688564232586895
2020-06-30,88.38375854492188,88.66965462082436,87.2208172721467,87.24019642271283,140223200,84.34432678222656,77.7385888671875,84.39984882381707,65.57694415267554,3.0166235532858394,3.0557373693852226,-0.039113816099383136,90.6647487761533,84.34432678222656,78.02390478829982,0.13033637288412744
2020-07-01,88.2165756225586,89.00398569728229,88.16812405423994,88.46128081179627,110737200,84.81665153503418,78.20601745605468,84.7633466141734,64.95649616282185,2.9580053044854537,3.036190956405269,-0.07818565191981541,90.80328577592672,84.81665153503418,78.83001729414164,-0.02765535262920009
2020-07-02,88.2165756225586,89.75748041356287,88.10271110979996,89.122707936332,114041600,85.32289543151856,78.63609069824219,85.09222556735294,64.95649616282185,2.878369863921222,3.0046267379084597,-0.12625687398723784,90.62209857233675,85.32289543151856,80.02369229070037,-0.10132354317037871
2020-07-06,90.57637786865234,91.04397648582848,89.61210082402599,89.6435984064739,118655600,85.83592300415039,79.11853057861327,85.61452578652433,69.65626322931391,2.971421821983256,2.997985754723419,-0.02656393274016322,91.08324920754086,85.83592300415039,80.58859680075992,0.10368029694880933
2020-07-07,90.29532623291016,91.73204473813118,90.183879512503,90.95432807349727,112424400,86.3111557006836,79.55697937011719,86.06031630522773,68.47833936298024,2.9880433472776957,2.995997273234275,-0.007953925956579067,91.36262997298203,86.3111557006836,81.25968142838516,-0.07232762911845492
2020-07-08,92.39832305908203,92.42982064230873,91.18449788463136,91.27172253001288,117092000,86.7639778137207,80.03652160644532,86.66393599607099,72.2586066057838,3.1347745643707725,3.0237527314615744,0.11102183290919809,92.27257141464682,86.7639778137207,81.25538421279458,0.12281061120557736
2020-07-09,92.79566955566406,93.34321735378231,91.74901813164107,93.28991545550893,125642800,87.12945785522462,80.54619171142578,87.24791062079413,72.9194318717937,3.245708149406113,3.0681438150504823,0.17756433435563057,93.19245641564598,87.12945785522462,81.06645929480325,-0.0529300507918727
2020-07-10,92.9579849243164,93.01613714978424,91.78050772022172,92.39105063414506,90257200,87.70826416015625,81.01489120483399,87.79172722112958,73.20027489881518,3.308582034333085,3.116231458907003,0.19235057542608214,93.67544533951626,87.70826416015625,81.74108298079624,0.06128556686271066
2020-07-13,92.5291748046875,96.86841138847204,92.3159671776289,94.26147568383803,191649200,88.23049964904786,81.44568084716796,88.24291270527794,71.1023971169379,3.285930486948388,3.15017126451528,0.13575922243310767,93.96104448824467,88.23049964904786,82.49995480985105,-0.18173476773433223
2020-07-14,94.06036376953125,94.25175963929699,90.97856198164641,91.91133403395911,170989200,88.77853851318359,81.92995208740234,88.79695566377826,73.9710176839212,3.3528831750880954,3.190713646629843,0.16216952845825228,94.53787588172007,88.77853851318359,83.01920114464711,0.2296458148285737
2020-07-15,94.70724487304688,96.18272909779543,93.51038115292206,95.93318100843004,153198000,89.24880447387696,82.4073957824707,89.35984035037526,75.09578949985449,3.4187325410040756,3.23631742550469,0.18241511549938583,95.32316954871771,89.24880447387696,83.1744393990362,-0.12709951523402363
2020-07-16,93.5418930053711,94.39714118909534,92.94346105400828,93.58065869622936,110577600,89.6667381286621,82.84026962280274,89.75813107942248,69.28711537124015,3.3384014674085165,3.2567342338854552,0.08166723352306127,95.71484222509923,89.6667381286621,83.61863403222497,-0.0041424659387180205
2020-07-17,93.35289001464844,94.14756798104436,92.88044113908421,93.99251265271707,92186800,90.0735252380371,83.25452743530273,90.10048907325353,68.3635192087497,3.2223423937656435,3.249855865861493,-0.027513472095849423,95.96211017221036,90.0735252380371,84.18494030386385,-0.06794553229642865
2020-07-20,95.32019805908203,95.45829940379683,93.09606991347445,93.44011069251526,90318000,90.60302848815918,83.69310287475587,90.597604214761,72.47621157158557,3.251627323729423,3.250210157435079,0.0014171662943440744,96.37789514435045,90.60302848815918,84.82816183196792,0.19853573482177386
2020-07-21,94.00463104248047,96.18515083470295,93.75508296201137,96.11004463336359,103433200,90.95590934753417,84.0704298400879,90.9220829602581,66.2719108132464,3.132570258146174,3.226682177577298,-0.09411191943112396,96.65607396630146,90.95590934753417,85.25574472876689,-0.21562462065835922
2020-07-22,94.26871490478516,94.94952104533722,93.61940634409747,93.7066235863698,89001600,91.22920074462891,84.42939163208008,91.2408098121178,66.88473952412656,3.0246596429796426,3.186277670657767,-0.1616180276781245,97.01374558276596,91.22920074462891,85.44465590649186,0.05991232127233346
2020-07-23,89.9779281616211,94.07972590175224,89.16871402354269,94.00219454397538,197004400,91.36632957458497,84.71998184204102,91.12053536921334,50.74996604528896,2.563360251095574,3.0616941867453287,-0.4983339356497547,96.88979878133145,91.36632957458497,85.84286036783848,-0.4037351169541583
2020-07-24,89.75506591796875,90.09910684479081,86.39221761603645,88.17782780856305,185438800,91.43441162109374,85.02433456420898,90.990490659571,50.07429558439716,2.1549530813099125,2.880345965658246,-0.7253928843483335,96.84197791245273,91.43441162109374,86.02684532973475,0.1769866270017676
2020-07-27,91.88226318359375,91.97433076494785,90.59333922603253,90.81623268150157,121214000,91.74465103149414,85.36207305908204,91.07542137614459,56.084301780810875,1.9801090340768752,2.700298579341972,-0.7201895452650966,96.4635947188789,91.74465103149414,87.02570734410939,0.11684707563320292
2020-07-28,90.37285614013672,91.63028980605597,90.3680058085899,91.45342276195278,103625600,91.88069076538086,85.67849044799804,91.0085104012867,51.35978689972754,1.700149072988026,2.500268678071183,-0.8001196050831569,96.26485643931561,91.88069076538086,87.49652509144612,-0.11760807516337457
2020-07-29,92.10517120361328,92.28930638065711,90.81866491806582,90.85500544148256,90329200,92.06676139831544,85.9944236755371,91.11295428722256,55.946499418844546,1.5996226803554094,2.3201394785280285,-0.720516798172619,96.14680929475955,92.06676139831544,87.98671350187132,0.1367381943975827
2020-07-30,93.21965789794922,93.32383652649061,90.87196403764284,91.27899267505967,158130000,92.31691551208496,86.34146560668945,91.3135927263394,58.648176313583555,1.5915382893184358,2.17441924068611,-0.5828809513676743,96.01793300474026,92.31691551208496,88.61589801942966,0.20946151877539432
2020-07-31,102.97869873046875,103.12891115542561,97.71152622340603,99.70791855704327,374336800,93.05502166748047,86.85417877197266,92.42455520292314,73.80013922713093,2.345566160025271,2.2086486245539425,0.13691753547132857,98.61294344919382,93.05502166748047,87.49709988576713,0.31675506808567383
2020-08-03,105.5735092163086,108.19013023936542,104.56078059833798,104.85878026409463,308151200,93.80487823486328,87.43032089233398,93.67683653753127,76.28799760264457,3.116592067169975,2.390237313077149,0.7263547540928261,101.47006747784968,93.80487823486328,86.13968899187688,0.06805573572921739
2020-08-04,106.27852630615234,107.36878610733102,105.04047188715032,105.76246881725352,173071600,94.60403823852539,88.01067810058593,94.87699746787614,76.92901740465683,3.741396154667825,2.6604690813952843,1.080927073272541,103.81574206981382,94.60403823852539,85.39233440723696,0.04875532233508933
2020-08-05,106.66377258300781,106.98358396526419,105.53474686841106,105.99992773294753,121776800,95.31731071472169,88.60920669555664,95.99954747884105,77.29029268079668,4.219009930152708,2.972177251146769,1.2468326790059394,105.84987258615212,95.31731071472169,84.78474884329125,0.0625451666144973
2020-08-06,110.38519287109375,110.87944616652167,106.40695920907454,106.99569786453769,202428800,96.19678688049316,89.27547668457031,97.36960894476988,80.47152530425626,4.841994307942272,3.34614066250587,1.4958536454364024,108.52469935501708,96.19678688049316,83.86887440596925,0.30659970712175855
2020-08-07,107.8755111694336,110.36335897935025,107.0794001665455,109.9070500983417,198045600,96.94266319274902,89.89087524414063,98.3701710614045,73.04060103575165,5.074705530204,3.691853636045496,1.3828518941585037,110.16887401323481,96.94266319274902,83.71645237226323,-0.1827648021824625
2020-08-10,109.44343566894531,110.46041967667294,106.79539443179243,109.31964772784534,212403600,97.78837623596192,90.53913406372071,99.42476769069411,74.61757628461787,5.324274333587184,4.018337775553833,1.3059365580333502,111.91033845840498,97.78837623596192,83.66641401351886,0.011323001234741233
2020-08-11,106.18860626220703,109.20557448641424,105.92889749318043,108.70800797992307,187902400,98.3947883605957,91.103349609375,100.06894279274296,65.98838776059917,5.199485445289042,4.254567309500875,0.9449181357881669,112.86171726279505,98.3947883605957,83.92785945839634,-0.22769645526265103
2020-08-12,109.71772766113281,109.97500693123462,107.0842483400898,107.27841885849969,165598000,99.1453125,91.73092803955078,100.98787468497056,70.03479116991545,5.323988331633132,4.468451513927327,0.8555368177058043,114.30978022597687,99.1453125,83.98084477402314,0.22354181035688916
2020-08-13,111.6594467163086,112.66186835700262,110.60847874929773,111.09634192240293,210082000,100.05119018554687,92.38871536254882,102.00421487843133,72.00803105149423,5.515756063721497,4.677912423886161,0.8378436398353362,115.91686612191046,100.05119018554687,84.18551424918329,0.05064280761503869
2020-08-14,111.5599365234375,111.64974056440289,109.75169319709691,111.48469489954057,165565200,100.96154251098633,93.05808013916015,102.91428360652715,71.74727532935768,5.595205683861153,4.861371075881159,0.7338346079799933,117.26864252631908,100.96154251098633,84.65444249565358,0.00674895164521208
2020-08-17,111.2686767578125,112.70556367842538,110.64247058340116,112.68129051352851,119561600,101.75896644592285,93.6771371459961,103.70994009712575,70.93757030905431,5.570455112252787,5.003187883155485,0.5672672290973022,118.44010612561621,101.75896644592285,85.07782676622949,-0.12471100950927509
2020-08-18,112.19586181640625,112.62061629597079,110.68616274132592,111.02111317320909,105633600,102.66852798461915,94.30524093627929,104.51812311800961,72.0200960940508,5.561546149287864,5.114859536381961,0.4466866129059026,119.54191015085381,102.66852798461915,85.79514581838448,0.1054199363156172
2020-08-19,112.33663177490234,113.74924556112234,112.24197605902953,112.60362178027331,145538000,103.571923828125,94.88513595581054,105.26274299009464,72.18946896665162,5.502416261610904,5.19237088142775,0.310045380183154,120.48433358404857,103.571923828125,86.65951407220142,-0.023706163186584257
2020-08-20,114.8293228149414,114.94340001045877,112.36088962986535,112.37788158405773,126907200,104.81449356079102,95.47200103759765,106.17384583055623,75.06756620418406,5.592230976606601,5.272342900463521,0.31988807614308,121.1925321595854,104.81449356079102,88.43645496199665,0.21474710304558298
2020-08-21,120.74677276611328,121.22977689357654,115.77592935893642,115.78806223773633,338054800,106.36407890319825,96.25929931640626,107.56174363394263,80.28392510401828,6.070916792419155,5.432057678854648,0.6388591135645063,122.6135564750888,106.36407890319825,90.1146013313077,0.4038640425492802
2020-08-24,122.19092559814453,125.03314486284968,120.32686221834298,124.9481850882098,345937600,107.87951202392578,97.06142852783204,108.95499905910472,81.31156054553387,6.491974374970866,5.644041018077892,0.8479333568929741,124.09717489930743,107.87951202392578,91.66184914854414,-0.21715868596784368
2020-08-25,121.18849182128906,121.5331529265973,119.4676306472173,121.0647112936665,211495600,109.4202938079834,97.82320663452148,110.12009360788419,78.26227360314078,6.667913953175642,5.8488156050974425,0.8190983480781995,124.50822752065065,109.4202938079834,94.33236009531615,0.010223971400945163
2020-08-26,122.8365707397461,123.29287960664668,121.43851930194522,122.50404983764719,163022400,110.95686378479004,98.57389953613281,111.3311866680615,79.61574136148704,6.861241411609839,6.0513007663999225,0.8099406452099167,124.89379880381136,110.95686378479004,97.01992876576873,0.027137001742997113
2020-08-27,121.36813354492188,123.77102883487844,120.22493186903937,123.43850794155522,155552400,112.36428756713867,99.29759780883789,112.28708637061963,75.12731874951234,6.817377719210683,6.204516156962075,0.6128615622486073,124.40887157743774,112.36428756713867,100.31970355683961,-0.16616986309335324
2020-08-28,121.17153930664062,122.7589022198581,120.94823653884207,122.34142892911956,187630000,113.27392959594727,100.01668563842773,113.13322474547877,74.5215916379207,6.689637933004164,6.301540512170494,0.38809742083367027,125.09162355785199,113.27392959594727,101.45623563404254,-0.09533456905866404
2020-08-31,125.28070068359375,127.18360697027765,122.32927082637391,123.86324282555849,225702700,114.25928916931153,100.8276969909668,114.29012721577543,78.43530899295737,6.841118062963929,6.409456022329181,0.4316620406347482,126.61838995405938,114.25928916931153,101.90018838456368,0.11394037796779968
2020-09-01,130.27096557617188,130.87291336835037,126.72730590113318,128.89233580510103,151948100,115.4589111328125,101.69417602539062,115.81211182152747,82.04283881757755,7.27992142615274,6.583549103093892,0.6963723230588474,129.0797496489357,115.4589111328125,101.83807261668932,0.10655376462391641
2020-09-02,127.57196044921875,133.96026921891615,123.30015014927834,133.5816315551226,200119000,116.50432052612305,102.46955749511719,116.9320974051171,74.75847058033692,7.325445915091834,6.731928465493481,0.5935174495983526,130.46963538151041,116.50432052612305,102.53900567073569,-0.4218065552181099
2020-09-03,117.35843658447266,125.08653940539764,116.98950967695433,123.2127726268104,257599600,116.852982711792,103.07201919555663,116.97270113648429,54.895488570854,6.462878344108901,6.678118441216566,-0.21524009710766467,130.53512128468176,116.852982711792,103.17084413890221,-0.44234325446182976
2020-09-04,117.43611907958984,120.09629366493147,107.65948471911047,116.57204769157234,332607200,117.33101310729981,103.65287307739258,117.01683617868481,54.993435797441265,5.719623399569116,6.486419432887076,-0.7667960333179602,130.37846014637836,117.33101310729981,104.28356606822126,0.07398792362786231
2020-09-08,109.53325653076172,115.52350643380636,109.39733569135389,110.63033399373361,231366600,117.33550415039062,104.1299887084961,116.30411430745404,44.424315311248456,4.441692474458279,6.077474041201317,-1.635781566743038,130.37214557047534,117.33550415039062,104.2988627303059,-0.0988422729073176
2020-09-09,113.90214538574219,115.66912348309229,111.90216122256825,113.84389572106855,176940500,117.72118110656739,104.6549903869629,116.07535536252911,50.130363664051714,3.738362313877488,5.609651695736551,-1.8712893818590635,129.84000764353888,117.72118110656739,105.60235456959589,0.005116581437000521
2020-09-10,110.18370056152344,116.98948072587953,109.22254424615309,116.85355993005454,182274400,117.74447975158691,105.09098922729493,115.51424538148095,45.81848637933834,2.848089668597268,5.057339290308695,-2.209249621711427,129.80331280078786,117.74447975158691,105.68564670238595,-0.5159376529824053
2020-09-11,108.73714447021484,111.87304930648419,106.79540974753245,111.23227329257654,180860300,117.59836463928222,105.50140060424805,114.8688071994556,44.22484542836605,2.0027309600984466,4.446417624266646,-2.443686664168199,130.0141186788261,117.59836463928222,105.18261059973834,-0.2206287984423381
2020-09-14,111.99922943115234,112.55262338276935,109.5138120213816,111.37787507870965,140150100,117.62032928466797,105.97705368041993,114.59551407866482,48.569130193101145,1.577813040522031,3.872696707517723,-2.294883666995692,129.9947609395603,117.62032928466797,105.24589762977563,0.05573014754378762
2020-09-15,112.17400360107422,115.36815776085928,110.30022950147779,114.88272413305843,184642000,117.66559562683105,106.40900619506836,114.36489403318001,48.799232323053886,1.2408614642035474,3.346329658854888,-2.1054681946513405,129.9530753253145,117.66559562683105,105.3781159283476,-0.2315071321589441
2020-09-16,108.86334991455078,112.62060910915572,108.7759754111815,111.87304453196484,154679000,117.49897003173828,106.78036666870118,113.84093745045341,44.71792239123821,0.6986294625880163,2.8167896196015136,-2.1181601570134974,130.16322718758337,117.49897003173828,104.8347128758932,-0.26271986270442466
2020-09-17,107.1255111694336,108.93132522392388,105.54299988818923,106.52357808935739,178011000,117.23841400146485,107.0749104309082,113.20137304273723,42.69915503947563,0.1272112199728923,2.278873939675789,-2.151662719702897,130.5163518695117,117.23841400146485,103.96047613341798,0.05644696148632498
2020-09-18,103.72747039794922,107.64977561825025,102.99931984136902,107.183763410032,287104900,116.68332138061524,107.29354644775391,112.29909660037646,38.99244264746286,-0.59299961535649,1.7044992286693335,-2.2974988440258235,131.18916496516093,116.68332138061524,102.17747779606955,-0.3117333920593591
2020-09-21,106.87305450439453,106.97985048032176,100.09639873769764,101.49444976283358,195713800,115.9896354675293,107.57184783935547,111.78233068647343,43.85163532995514,-0.8995797471903586,1.1836834334973951,-2.0832631806877537,130.97097844202003,115.9896354675293,101.00829249303857,0.4853358177834955
2020-09-22,108.55265808105469,109.57207159281869,105.97986595474057,109.39731520243424,183055400,115.3077220916748,107.89231750488281,111.4747428192907,46.310637452783425,-0.9955407646235983,0.7478385938731964,-1.7433793584967947,130.3393933421785,115.3077220916748,100.2760508411711,-0.07705697977075597
2020-09-23,103.99930572509766,108.84393137946276,103.65949625131259,108.36820848614498,150718700,114.44826278686523,108.09109634399414,110.76279642936755,41.060666099002425,-1.4226090914111893,0.31374905681631926,-1.7363581482275086,129.99354583408405,114.44826278686523,98.90297973964641,-0.3826440210845336
2020-09-24,105.06727600097656,107.03813572764626,101.9410816453774,102.1061273331871,167743300,113.55979804992675,108.29829696655274,110.22036591237794,42.70138025432553,-1.6558005038793766,-0.08016085532281991,-1.5756396485565567,129.11698890226083,113.55979804992675,98.0026071975927,0.28214121046149887
2020-09-25,109.00898742675781,109.16432976181966,104.53328824582925,105.27114952311253,149981400,112.94184074401855,108.60763885498046,110.10499653279507,48.409674052288246,-1.5051922887550404,-0.36516714200926403,-1.1400251467457765,128.1880421434936,112.94184074401855,97.69563934454351,0.340862105594954
2020-09-28,111.61090087890625,111.96041368995603,109.49440992627346,111.65944720543573,137672400,112.46380882263183,108.97279907226563,110.24841599432946,51.82165603072637,-1.1624811634719379,-0.5246299463017988,-0.637851217170139,127.24018495280936,112.46380882263183,97.68743269245431,-0.0043476859202393825
2020-09-29,110.76626586914062,111.95072536524631,110.26141804491623,111.21287142269765,99382200,111.73808708190919,109.2817204284668,110.29773503002576,50.65058341738723,-0.9481059388756421,-0.6093251448165675,-0.3387807940590746,125.30113948103089,111.73808708190919,98.17503468278748,-0.04013614889093158
2020-09-30,112.43614959716797,113.84391175108092,110.30995505877512,110.4750007366762,142675200,110.84634628295899,109.65035079956054,110.50139356022979,52.91599826113085,-0.636133417780897,-0.6146867994094335,-0.021446618371463555,121.43782988865334,110.84634628295899,100.25486267726464,0.17567816567057876
2020-10-01,113.38758850097656,114.29049535158379,112.45555681762868,114.21282419285578,116120400,110.13712768554687,110.03272827148437,110.77626926887233,54.20589415067057,-0.30856285858197907,-0.5534620112439426,0.2448991526619635,117.58762494737043,110.13712768554687,102.68663042372332,-0.07212872948774583
2020-10-02,109.7274169921875,112.00896103141628,108.95072761058432,109.60120691204848,144712000,109.75557670593261,110.4277180480957,110.67637857585473,48.680748251375256,-0.3403823657958469,-0.5108460821543235,0.17046371635847657,116.42878410387638,109.75557670593261,103.08236930798884,0.011514882484117682
2020-10-05,113.10602569580078,113.2516572532297,110.24197049725645,110.59148327223437,106243800,109.53907203674316,110.89473724365234,110.90777353965912,53.40228133122171,-0.09191453479715506,-0.4270597726828898,0.33514523788573475,115.43747481587592,109.53907203674316,103.64066925761041,0.2235332876101291
2020-10-06,109.86334991455078,112.73711630408881,108.97985709448719,112.32934639868184,161498200,109.55557670593262,111.25435897827148,110.80830462298213,48.765021252481205,-0.15487353824778438,-0.37262252579586874,0.21774898754808436,115.45566909443349,109.55557670593262,103.65548431743176,-0.21607262467783978
2020-10-07,111.7274169921875,112.18372583418271,110.80508856065056,111.2808188977388,96849000,109.44684028625488,111.6814501953125,110.89583913433502,51.378806773327284,-0.05373494457855088,-0.3088450095524052,0.2551100649738543,115.09738379508022,109.44684028625488,103.79629677742955,0.04011099905814948
2020-10-08,111.6206283569336,113.00896906250527,111.25169399711908,112.86333746821694,83477200,109.5186866760254,112.07175933837891,110.96486667934441,51.21760462170873,0.017598306846636547,-0.24355634627259687,0.2611546531192334,115.24096529842986,109.5186866760254,103.79640805362094,-0.10966460144892679
2020-10-09,113.56234741210938,113.59147224549314,111.57206651675105,111.92157933161523,100506900,109.75994682312012,112.4786131286621,111.2122457967506,54.04119435326886,0.22818059875393715,-0.14920895726729008,0.37738955602122726,115.73152312958555,109.75994682312012,103.78837051665468,0.14555853085361706
2020-10-12,120.77588653564453,121.53316180020073,115.8050435838883,116.56231884844449,240226800,110.19877967834472,112.83455688476562,112.1230687242643,62.68279613522018,0.9660053945900415,0.07383391310417624,0.8921714814858653,117.82483597992739,110.19877967834472,102.57272337676206,0.3465225014840947
2020-10-13,117.57202911376953,121.73705073964729,116.16427448485399,121.62054399652054,262330500,110.46868095397949,113.07452728271484,112.64201733278861,57.51051366383619,1.2774862762540522,0.31456438573415146,0.9629218905199007,118.71234564020766,110.46868095397949,102.22501626775131,-0.3211069594852151
2020-10-14,117.65941619873047,119.44580856247916,116.13515475963598,117.4749490324475,150712000,110.90848426818847,113.3021450805664,113.1198648438307,57.613249686938296,1.5139368054036026,0.5544388696680418,0.9594979357355609,119.68403079025757,110.90848426818847,102.13293774611938,0.015701390609923087
2020-10-15,117.1933822631836,117.66910513115165,114.70796452850907,115.26135855246798,112559200,111.41187782287598,113.51273727416992,113.50781888376906,56.824154803742964,1.6447607316121662,0.7725032420568667,0.8722574895552995,120.41378917245689,111.41187782287598,102.40996647329507,0.16606868278074471
2020-10-16,115.55261993408203,118.00892036442943,115.34873869497103,117.74678205190853,115393800,112.00313529968261,113.61608581542968,113.70256184094173,54.01894240598576,1.5976273742505072,0.9375280684955949,0.6600993057549123,120.4444143426976,112.00313529968261,103.56185625666762,-0.18421843047761674
2020-10-19,112.60118103027344,116.91182635817701,112.29050382279274,116.46522833536906,120639300,112.28954162597657,113.71059921264649,113.5976684304019,49.30388771030856,1.3070505307231741,1.0114325609411108,0.29561796978206334,120.39725791929975,112.28954162597657,104.18182533265339,-0.32011650072885794
2020-10-20,114.08663177490234,115.51380805714416,112.26139629791038,112.81479042703165,124423700,112.56624031066895,113.80346313476562,113.64423636797336,51.593960820820875,1.1829929431354174,1.0457446373799721,0.13724830575544522,120.52123004790857,112.56624031066895,104.61125057342932,0.11226190943847106
2020-10-21,113.46527099609375,115.25166338254114,113.05750107559587,113.2710930798733,89946000,113.03953857421875,113.94899642944335,113.62719204684197,50.56500899016605,1.0227481848282451,1.0411453468696268,-0.018397162041381643,119.95828082483386,113.03953857421875,106.12079632360364,0.017141080913262437
2020-10-22,112.3779067993164,114.60119413802467,111.25169700728709,114.0283784935599,101988000,113.40507011413574,114.00220001220703,113.50821249945858,48.733375627849625,0.7988037438494615,0.9926770262655938,-0.19387328241613233,119.29664870713769,113.40507011413574,107.51349152113379,-0.14373978944058954
2020-10-23,111.6885986328125,113.15461063894915,110.95073725522217,112.99926828276962,82572600,113.53905067443847,114.0027830505371,113.33491594073038,47.5573172437258,0.5592579748845878,0.9059932159893926,-0.3467352411048048,119.13932222372509,113.53905067443847,107.93877912515185,-0.11547184609923566
2020-10-26,111.69829559326172,113.15459667058127,109.59150773865373,110.68859262413119,111850700,113.54342041015624,114.0055502319336,113.17904733620955,47.576483417504534,0.3659799023139385,0.7979905532543019,-0.4320106509403634,119.13780049863446,113.54342041015624,107.94904032167803,0.09096796855280515
2020-10-27,113.203125,113.86331505621116,111.20314074462335,112.12546171107986,92276800,113.66526336669922,114.04423919677734,113.18134044704674,50.5941105241289,0.3304238733181677,0.704477217267075,-0.3740533439489073,119.1167171612776,113.66526336669922,108.21380957212084,0.0958174136863082
2020-10-28,107.9604263305664,112.06719771840048,107.86334109500166,111.69827086040297,143937800,113.44147720336915,113.95953048706055,112.68411053119146,41.60805415014431,-0.11941990506146283,0.5396977928013674,-0.6591176978628303,119.41850961727718,113.44147720336915,107.46444478946111,-0.32268172291905384
2020-10-29,111.96039581298828,113.52349246639734,108.93128773659785,109.09634077616603,146129200,113.37011756896973,113.95200576782227,112.61518531993401,49.044220368759014,-0.1514148165325082,0.4014752709345923,-0.5528900874671006,119.38199641886001,113.37011756896973,107.35823871907945,0.25665601682829214
2020-10-30,105.68860626220703,108.72741799712837,104.58181822292556,107.82451118538518,190272600,113.16817703247071,113.76919143676758,111.95551112396002,40.364344279363046,-0.6750702262484083,0.18616617149799217,-0.8612363977464005,119.88582819023402,113.16817703247071,106.4505258747074,-0.19553985703510343
2020-11-02,105.60124206542969,107.45560232371076,104.19348732192323,105.93134082759394,122866900,112.79293785095214,113.4662808227539,111.35034264219523,40.25746370111155,-1.0846176743300475,-0.06799059766761578,-1.0166270766624317,120.27722457083183,112.79293785095214,105.30865113107245,-0.031151494380930678
2020-11-03,107.22257232666016,108.24197840804575,105.56239035943621,106.46529712130838,107624400,112.66089897155761,113.16691375732422,110.95722165976332,43.260161804549256,-1.263790979773546,-0.30715067408880187,-0.9566403056847441,120.43483671005943,112.66089897155761,104.8869612330558,0.0710091182951866
2020-11-04,111.60118103027344,112.22253544210156,109.07692780633057,110.8147809731129,138235500,112.65458717346192,112.97516754150391,111.01855112362142,50.496418505745574,-1.0404760264308095,-0.4538157445572034,-0.5866602818736061,120.43175062222498,112.65458717346192,104.87742372469886,0.07084637829425366
2020-11-05,115.56234741210938,116.13516303960806,113.46527764397302,114.51380882447592,126387100,112.8516731262207,112.82968307495118,111.45129362728694,55.967473820258775,-0.5376664111419558,-0.4705858778741539,-0.06708053326780189,120.71335866889622,112.8516731262207,104.98998758354519,0.09130934199349168
2020-11-06,115.43102264404297,115.9270137659235,112.94130985657021,115.07117940079969,114457900,112.94510688781739,112.71094085693359,111.83031543840656,55.747501450255456,-0.1480760511899888,-0.4060839125373209,0.2580078613473321,120.88240978613129,112.94510688781739,105.00780398950349,0.0312611719383108
2020-11-09,113.12611389160156,118.64042665215963,112.86353074963101,117.19134078148167,154515300,112.56261825561523,112.55003234863281,111.95372481490132,51.89246483921299,-0.025021327192291665,-0.32987139546831507,0.3048500682760234,119.64484374009719,112.56261825561523,105.48039277113328,-0.333612772350565
2020-11-10,112.78572082519531,114.36123445028848,110.99623930767311,112.37725487942362,138023400,112.32330284118652,112.30013275146484,112.03296253016742,51.32795860445899,0.04452034958481477,-0.2549930464576891,0.2995133960425039,119.02553723464551,112.32330284118652,105.62106844772752,0.03633174333095842
2020-11-11,116.20906829833984,116.34522361614252,113.24281896631516,113.97222563450443,112295000,112.25078544616699,112.0188948059082,112.430686889041,56.45807299910246,0.3715847625859823,-0.12967748464895484,0.5012622472349371,118.74877931037095,112.25078544616699,105.75279158196302,0.19378038777221238
2020-11-12,115.93675231933594,117.22050769938583,115.31432591809406,116.33549817445764,103162300,112.18795394897461,111.78619064331055,112.76459788240243,55.952857593008055,0.601874013619792,0.01663281500479452,0.5852411986149975,118.51563525969007,112.18795394897461,105.86027263825915,-0.03426209406714765
2020-11-13,115.98539733886719,116.38413582545107,114.63356412889462,116.16045525051373,81581900,112.20959281921387,111.75872985839844,113.07134068778002,56.02855329639531,0.779321616259935,0.16917057525582263,0.6101510410041124,118.58592386682871,112.20959281921387,105.83326177159903,-0.015069212640518496
2020-11-16,116.99681854248047,117.66786755136084,114.90585152661858,115.65470568490484,91183000,112.42937469482422,111.74994384765625,113.445195721561,57.657866521311995,0.9901495306820891,0.33336636634107597,0.6567831643410131,119.1388619402911,112.42937469482422,105.71988744935734,0.1155267007479706
2020-11-17,116.11181640625,117.35666927518157,115.6936229499769,116.26742672482064,74271000,112.5306339263916,111.88151504516601,113.6991595962933,55.712577967875966,1.0734458797673057,0.4813822690263219,0.5920636107409838,119.39641724331096,112.5306339263916,105.66485060947224,-0.013383028444968139
2020-11-18,114.78915405273438,116.53000547162844,114.7599789740788,115.35323030643576,76322100,112.59682807922363,111.89925521850586,113.80296859214482,52.84309866828191,1.0209620238725137,0.5892982199955603,0.43166380387695336,119.5226440768674,112.59682807922363,105.67101208157986,-0.04886097036299416
2020-11-19,115.38241577148438,115.7908817492475,113.60266161420516,114.36124340716778,74113000,112.74705352783204,112.00322952270508,113.9533921330343,53.98783258110108,1.0155330200503982,0.674545180006528,0.3409878400438703,119.77691632482002,112.74705352783204,105.71719073084405,0.08905700131741777
2020-11-20,114.11808776855469,115.50882328439016,114.06946511493835,115.38239548109874,73604300,112.86852798461913,112.11084838867187,113.9690774316553,51.13873462333878,0.8988484268500798,0.7194058293752383,0.17944259747484148,119.9049921815548,112.86852798461913,105.83206378768347,-0.10913898993480634
2020-11-23,110.72396087646484,114.39045021474055,110.62670811155763,113.9625291452564,127959300,112.8198112487793,112.08534301757813,113.66001871211334,44.36937209845961,0.526429025664882,0.6808104686331671,-0.15438144296828504,119.9013562750905,112.8198112487793,105.7382662224681,-0.27676780516715144
2020-11-24,112.00769805908203,112.66902713847026,109.49853707376413,110.78230006896696,113874200,112.76003990173339,112.08201690673827,113.50265484039608,47.21539133004301,0.3310546373022021,0.6108593023669742,-0.2798046650647721,119.8478117084554,112.76003990173339,105.67226809501139,0.11016422624789746
2020-11-25,112.84408569335938,113.54431736019659,112.00769869351593,112.37726952874067,76499200,113.00422286987305,112.16163162231446,113.43993396924972,49.04446582364712,0.24093121397119432,0.5368736846878183,-0.29594247071662394,119.74159346595557,113.00422286987305,106.26685227379052,0.04151621074309451
2020-11-27,113.38870239257812,114.26399194036229,113.02886649286769,113.36925481147574,46691300,113.07563819885254,112.28689544677735,113.43505477147147,50.253271923673935,0.2110212461826393,0.47170319698678254,-0.26068195080414325,119.79749894330742,113.07563819885254,106.35377745439767,0.0017154176464201207
2020-11-30,115.78116607666016,117.64844554887398,113.6026659391683,113.75827627180732,169410200,113.5802661895752,112.52796936035156,113.6584939433942,55.27293708615821,0.3760345140678538,0.45256946040299684,-0.07653494633514302,119.47222191621428,113.5802661895752,107.68831046293612,0.17597260451331367
2020-12-01,119.35037994384766,120.0797865936806,116.71479147284033,117.68733367261757,127728200,114.2677230834961,112.77751586914063,114.20057832438977,61.51234745985707,0.7857567331374185,0.5192069149498812,0.2665498181875372,119.4398243695681,114.2677230834961,109.09562179742409,0.14037741526932696
2020-12-02,119.70050811767578,119.98254627518949,117.57063810536371,118.66960823368215,89004200,114.89161987304688,113.00047286987305,114.72438116184557,62.07130680357245,1.1257401296581122,0.6405135578915274,0.4852265717665848,119.4926897166325,114.89161987304688,110.29055002946126,0.08665356066636351
2020-12-03,119.5643539428711,120.38128592155832,118.85439479194712,120.12842284343223,78967600,115.28977851867675,113.31177383422852,115.18533095051467,61.69607046623773,1.3684186385755766,0.7860945740283374,0.5823240645472392,120.05813396463992,115.28977851867675,110.52142307271359,-0.04692101136979549
2020-12-04,118.89330291748047,119.48655434771668,118.18334373345853,119.23369125780223,78260400,115.45632629394531,113.5882943725586,115.53847113784474,59.77799962712661,1.4894257231540848,0.9267608038534869,0.5626649193005979,120.47713099752424,115.45632629394531,110.43552159036638,-0.02854024697458956
2020-12-07,120.35211181640625,121.14959622013072,118.89329833984375,118.95164850453536,86712000,115.70238075256347,113.81515686035156,115.99691310723153,62.50689034303159,1.6836305508931275,1.078134753261415,0.6054957976317126,121.1576464478807,115.70238075256347,110.24711505724625,0.1171928493630781
2020-12-08,120.96481323242188,121.54834457068203,119.71023272701726,120.95509315138429,82225500,116.0943157196045,114.00223510742188,116.47004645248776,63.62319364606716,1.8654751237509686,1.2356028273593256,0.629872296391643,121.86983999590902,116.0943157196045,110.31879144329997,0.0008036105542941216
2020-12-09,118.43618774414062,122.49168693103906,117.67760601650876,121.11067878997038,115089200,116.37683906555176,114.15563354492187,116.65729800407375,56.18796449812445,1.7849732530074363,1.3454769124889476,0.4394963405184886,122.02882241504606,116.37683906555176,110.72485571605746,-0.21730931757821387
2020-12-10,119.85611724853516,120.4688236783502,116.85096494578069,117.19135328461722,81312200,116.55919151306152,114.30403289794921,116.96194745592722,59.07986225784691,1.814831140917832,1.4393477581747245,0.37548338274310744,122.40960620360786,116.55919151306152,110.70877682251518,0.22354616677316716
2020-12-11,119.04889678955078,119.38928508279156,117.23996766557605,119.06834436920384,86939800,116.71479873657226,114.4172590637207,117.16070453531995,56.785118989091934,1.7531485818298762,1.502107922905755,0.2510406589241212,122.655567877189,116.71479873657226,110.77402959595553,-0.0016333108906999914
2020-12-14,118.43618774414062,119.96307869896347,118.20277969407886,119.23367205010081,79184500,116.83733825683593,114.59143447875977,117.28217912663621,55.0376817842353,1.635965814456668,1.5288795012159377,0.10708631324073026,122.81386776728587,116.83733825683593,110.860808746386,-0.06678459507545534
2020-12-15,124.36872100830078,124.38817601169539,120.72168696233577,120.92591997852064,157243700,117.20593338012695,114.81668838500977,117.95708787727092,65.96023491113219,1.9987629857131424,1.6228561981153788,0.3759067875977635,124.02610302370137,117.20593338012695,110.38576373655253,0.2772524937753653
2020-12-16,124.30062103271484,124.84524231148528,123.08494323552482,123.91161007354079,98208600,117.6153736114502,115.10543380737305,118.56123389207511,65.76274411737498,2.2547953812580914,1.7492440347439213,0.5055513465141701,125.0767172533207,117.6153736114502,110.1540299695797,0.03138392008155811
2020-12-17,125.16619110107422,126.02203307421959,124.52430962121518,125.3606965932024,94359800,118.13422546386718,115.37420928955078,119.19027743578931,67.1106510155803,2.498743213633844,1.899143870521906,0.5995993431119382,126.15920431222337,118.13422546386718,110.109246615511,-0.015514422842395625
2020-12-18,123.18221282958984,125.55521844582084,122.65703909059238,125.41906311570027,192541500,118.52421531677246,115.6054409790039,119.57046175900841,61.16644875288708,2.503128653654457,2.0199408271484165,0.48318782650604053,126.73237352354263,118.52421531677246,110.31605711000228,-0.1764828261648264
2020-12-21,124.70909118652344,124.78689634893868,120.06034032088816,121.5872313887212,121251600,119.0537654876709,115.8283758544922,120.05985503781937,63.8222518276058,2.5998411191393274,2.1359208855465988,0.4639202335927286,127.42155572906603,119.0537654876709,110.68597524627577,0.2512614875665667
2020-12-22,128.2589111328125,130.71944249909737,126.09013064804675,127.99632049962425,168904800,119.93051300048828,115.97803634643554,120.84071752305681,69.11127337499357,2.9291616947173225,2.294569047380744,0.6345926473365786,128.29800850491142,119.93051300048828,111.56301749606513,0.020512605222404376
2020-12-23,127.36416625976562,128.79379001399928,127.18910090140182,128.5312142361838,88223700,120.69833641052246,116.17387908935547,121.46199835512431,66.47336886239307,3.0824199712408813,2.4521392321527715,0.6302807390881098,128.83187258473566,120.69833641052246,112.56480023630927,-0.0905500903343079
2020-12-24,128.34640502929688,129.79549835924004,127.50029800003861,127.71425848740788,54930100,121.47345237731933,116.3876188659668,122.11765613361693,67.92092223993446,3.2457220558730597,2.6108557968968293,0.6348662589762304,129.41775420335702,121.47345237731933,113.52915055128163,0.0494565612993231
2020-12-28,132.93679809570312,133.56894460120503,129.8441061270866,130.31093707619408,124486200,122.45085716247559,116.70248718261719,123.14805060619656,73.64737886276612,3.702862200915021,2.8292570777004675,0.8736051232145536,130.96553117829578,122.45085716247559,113.93618314665538,0.19882350600925416
2020-12-29,131.166748046875,134.97911129137205,130.65130192196946,134.25943963612303,121047300,123.22013626098632,117.01476974487305,123.91173607673736,68.5647831837627,3.877622000674805,3.0389300622953352,0.8386919383794695,131.96249905463495,123.22013626098632,114.47777346733768,-0.22636223963359842
2020-12-30,130.04837036132812,132.25604575507535,129.7371496715403,131.85729981121693,96452100,123.75503578186036,117.36371353149414,124.49617743717457,65.48948336435834,3.8811373332558077,3.20737151648743,0.6737658167683778,132.7891041135177,123.75503578186036,114.720967450203,-0.13633419034623398
2020-12-31,129.04660034179688,131.04031440956527,128.10323341470374,130.39843312807264,99116600,124.2223403930664,117.66291290283203,124.92955104713859,62.7735011125557,3.7597487480133083,3.317846962792606,0.44190178522070234,133.33569259765633,124.2223403930664,115.10898818847647,-0.10329960350918317
2021-01-04,125.85669708251953,129.94137159533847,123.27945861661561,129.85384635373498,143301900,124.53695755004883,117.91074142456054,125.01785066955583,54.95762786348105,3.367332374242622,3.3277440450826092,0.03958832916001276,133.4168285731361,124.53695755004883,115.65708652696156,-0.29845174297827054
2021-01-05,127.41275024414062,128.12271674575476,124.90358954867594,125.35096549709283,97664900,124.96292991638184,118.21143829345704,125.24593634332581,57.72290041325283,3.1456390871813085,3.2913230535023494,-0.14568396632104097,133.53090335008736,124.96292991638184,116.3949564826763,0.16301355169283674
2021-01-06,123.12384796142578,127.45166544679954,122.90988747820573,124.21309795786028,155088000,125.10151672363281,118.4401432800293,125.04383268790676,48.82538465027501,2.5939653714929847,3.151851517100477,-0.5578861456074922,133.4536337801224,125.10151672363281,116.74939966714324,-0.08746794852115863
2021-01-07,127.3252182006836,128.01572966594065,124.34924155623901,124.83551263774474,109578200,125.4195369720459,118.75268173217773,125.2611074986474,55.98303106857007,2.467333557814797,3.014947925243341,-0.5476143674285439,133.599990401329,125.4195369720459,117.23908354276281,0.19683600630879602
2021-01-08,128.42420959472656,128.98828589154797,126.65417554196101,128.79376556588605,105158200,125.9189380645752,119.05710342407227,125.56235531732162,57.651587165171094,2.42767166619214,2.8974926734331006,-0.46982100724096076,133.53302965385308,125.9189380645752,118.30484647529732,-0.028685750548165054
2021-01-11,125.43849182128906,126.595819441527,124.97167570919714,125.64273221772613,100384500,126.19805679321288,119.40666473388671,125.55055879388995,51.89595140204823,2.1307548442056685,2.7441451075876144,-0.6133902633819459,133.2943493562533,126.19805679321288,119.10176423017246,-0.016254215809057265
2021-01-12,125.26344299316406,126.12900498980764,123.3767086805256,124.97167735433455,91951100,126.50878410339355,119.67272567749023,125.52321443191606,51.57087780581552,1.8598815889048126,2.567292403851054,-0.7074108149462415,132.82730965406992,126.50878410339355,120.19025855271717,0.02334230015462041
2021-01-13,127.2960433959961,127.84066463408008,124.96194813568883,125.22452383559776,88636800,126.95177688598633,120.10487442016601,125.69205528563796,55.088755904802255,1.7886084826824344,2.4115556196173302,-0.6229471369348958,132.0732403248587,126.95177688598633,121.83031344711398,0.16393180740297278
2021-01-14,125.37042999267578,127.40303981441828,125.22453974548624,127.20853432464988,90221800,127.00186233520508,120.50025817871094,125.66142430535584,51.287822780343916,1.558774541272598,2.240999403948384,-0.6822248626757861,132.04022016417673,127.00186233520508,121.96350450623343,-0.14349805583632858
2021-01-15,123.64903259277344,126.64446478265978,123.51287725867944,125.24400143779671,111598500,126.969282913208,120.8287873840332,125.46976795177656,48.09328221724201,1.2236219508165789,2.037523913322023,-0.8139019625054442,132.08492133664063,126.969282913208,121.85364448977538,-0.12666492032444931
2021-01-19,124.32007598876953,125.17591790643084,123.4545139910682,124.27144590893572,90757300,126.92697715759277,121.08316528320313,125.36027347910922,49.41598298628615,1.000624130045125,1.8301439566666438,-0.8295198266215187,132.11504315761334,126.92697715759277,121.73891115757222,0.003913194318415057
2021-01-20,128.40475463867188,128.85213061210496,125.02031169638846,125.12729193961263,104319500,127.18810424804687,121.34001342773438,125.65022406573424,56.65627728535241,1.1403509248170138,1.692185350296718,-0.5518344254797041,132.11511070971844,127.18810424804687,122.26109778637529,0.2561001035017602
2021-01-21,133.1118621826172,135.83498363825382,129.9219245699571,130.12616498605254,120150900,127.60824279785156,121.69363021850586,126.36085626734214,63.194203743595644,1.612323791180188,1.676213038473412,-0.06388924729322398,133.0265827217454,127.60824279785156,122.18990287395773,0.2255029100140821
2021-01-22,135.25148010253906,136.01006199526975,131.31268037347158,132.53807846792435,114459400,127.95787124633789,122.13613754272461,127.2075823468847,65.72500483513244,2.1344108135248234,1.7678525934836942,0.36655822004112926,134.3193638986662,127.95787124633789,121.59637859400958,0.20191312886028176
2021-01-25,138.99574279785156,141.10615779384105,132.79091821695442,139.14163304575837,157611700,128.5394500732422,122.66033798217774,128.33026429459585,69.65701687312607,2.8178172048622088,1.9778455157593973,0.8399716891028115,136.50262014510054,128.5394500732422,120.57628000138385,-0.010484633446614268
2021-01-26,139.22914123535156,140.33783872046894,137.48828243304504,139.6570621664172,98390600,129.0835868835449,123.12073944091797,129.36825257466782,69.88890594837581,3.3397563645440584,2.2502276855163297,1.0895286790277288,138.30715367034122,129.0835868835449,119.8600200967486,-0.030631251674074093
2021-01-27,138.15933227539062,140.3378319835939,136.55464370074296,139.49171024148978,140843800,129.3447135925293,123.56519104003907,130.20549826045095,67.34827570175662,3.6252822693173528,2.5252386022765343,1.1000436670408185,139.25964269930225,129.3447135925293,119.42978448575636,-0.09522721777844488
2021-01-28,133.3258056640625,138.09127131319642,132.94651480242143,135.68909090953088,142621100,129.45266647338866,123.91199920654297,130.50267039412824,57.22617790126643,3.4220906727880163,2.7046090163788308,0.7174816564091855,139.49084662719295,129.45266647338866,119.41448631958437,-0.17242911777351796
2021-01-29,128.3367156982422,132.98546769252428,126.63476631172155,132.1004504499765,177523800,129.36708374023436,124.1387971496582,130.29638899452004,49.0342602058274,2.8259067104527276,2.7288685551936105,0.09703815525911708,139.4126728113373,129.36708374023436,119.32149466913144,-0.27744752962881
2021-02-01,130.4568328857422,131.66279076657688,127.33496534929878,130.07754195512933,106239800,129.43759536743164,124.42569747924804,130.31166936511264,52.167794558053934,2.495733105797399,2.6822414653143682,-0.18650835951696942,139.4929889920231,129.43759536743164,119.38220174284017,0.029150571702426558
2021-02-02,131.2834930419922,132.56724118693242,130.91392221186754,132.0031648608857,83305400,129.70893516540528,124.7555842590332,130.40422400100593,53.37160583929573,2.2745530792207376,2.6007037880956423,-0.3261507088749047,139.6554592286763,129.70893516540528,119.76241110213425,-0.05446533247604511
2021-02-03,130.26234436035156,132.04209890979024,129.9414035557163,132.03236398733958,89880900,129.8514148712158,125.05318283081054,130.39071165427694,51.64261424979151,1.9938838977067803,2.47933981001787,-0.48545591231108975,139.74378053286821,129.8514148712158,119.9590492095634,-0.133262154675644
2021-02-04,133.6175994873047,133.62731956895118,130.8944778045398,132.55753183488522,84183100,130.37610244750977,125.44317306518555,130.6980343050415,56.61580795854219,2.0189197468450004,2.387255797383296,-0.36833605053829555,139.8914851607969,130.37610244750977,120.86071973422266,0.07980034028849936
2021-02-05,133.20361328125,133.84645384942093,132.32702331519238,133.77828189570104,75693800,130.67002220153807,125.89276611328125,130.9366608742042,55.852568670365315,1.982502555266933,2.3063051489600235,-0.3238025936930904,140.1533938307936,130.67002220153807,121.18665057228257,-0.042930391316593784
2021-02-08,133.34971618652344,133.39841892980013,131.41145995524053,132.49259546322395,71297200,130.91629753112792,126.31960647583008,131.16647566585365,56.077612243467925,1.9430328784652886,2.2336506948610766,-0.290617816395788,140.40940810798102,130.91629753112792,121.42318695427481,0.06460187609036275
2021-02-09,132.47314453125,134.2945265238743,132.31731652057164,133.06728247906966,76774200,131.26803016662598,126.71218765258789,131.29092031970092,54.28951795850553,1.8200405736733387,2.150928670623529,-0.3308880969501904,140.43905892431025,131.26803016662598,122.09700140894171,-0.044619791758228805
2021-02-10,131.8692626953125,133.42766158836056,130.90500170826476,132.93091432442992,73046600,131.5983211517334,127.08179885864257,131.34600054594964,53.03489891841312,1.654764968206905,2.0516959301402045,-0.39693096193329946,140.34661713557324,131.5983211517334,122.85002516789355,-0.07969554441350427
2021-02-11,131.61605834960938,132.84328771791823,130.29142345565842,132.36602442146648,64280000,131.81432189941407,127.39849670410156,131.37172033677436,52.48718591824633,1.4862191760251733,1.9386005793171983,-0.45238140329202503,140.33747867803837,131.81432189941407,123.29116512078978,-0.056597952088333854
2021-02-12,131.8497772216797,132.0056200817279,130.21347177715296,130.85631242835694,60145100,132.13828926086427,127.6484846496582,131.4172495639082,52.969993028008076,1.3558748992841174,1.8220554433105822,-0.4661805440264648,140.13328049930217,132.13828926086427,124.14329802242635,0.07577475057400011
2021-02-16,129.72642517089844,132.47308395123315,129.33681816738417,131.96661713964593,80576300,132.4421588897705,127.84900299072265,131.25621866933585,48.17992249916115,1.068917539959898,1.6714278626404455,-0.6025103226805475,139.53444059734252,132.4421588897705,125.34987718219847,-0.1681424418242637
2021-02-17,127.43757629394531,128.78169493091983,126.10320712430666,127.83691804290048,97918500,132.5980339050293,128.00646743774413,130.89253844310818,43.602669979346594,0.6493257663738916,1.4670074433871347,-0.8176816770132431,139.08022450694574,132.5980339050293,126.11584330311285,-0.03122821704364447
2021-02-18,126.33698272705078,126.61943492722637,124.09678975209331,125.84023543219843,96856700,132.49464530944823,128.15534103393554,130.45867599395987,41.558158268901934,0.2253894111753425,1.2186838369447763,-0.9932944257694338,139.2990168720769,132.49464530944823,125.69027374681957,0.03945395032881532
2021-02-19,126.49281311035156,127.31098076958226,125.4506454700138,126.853201614987,87668800,132.16369285583497,128.27815505981445,130.08097476694954,41.97303229631537,-0.09689208338843969,0.9555686528781332,-1.052460736266573,139.44308574752702,132.16369285583497,124.8842999641429,-0.028402245447535696
2021-02-22,122.72344970703125,126.34671464924598,122.33384996779367,124.68117557823038,103916400,131.53729133605958,128.31332778930664,129.38025809457636,35.42255697042383,-0.6489776046546751,0.6346594013715715,-1.2836370060262468,139.74319150247857,131.53729133605958,123.33139116964061,-0.15574073893534285
2021-02-23,122.58708953857422,123.41498433079913,115.31134105569778,120.54170021925478,158273000,130.71685867309571,128.3963458251953,128.7332896606714,35.20848783973288,-1.0850052190318422,0.29072647729088885,-1.375731696322731,139.05591625324013,130.71685867309571,122.37780109295132,0.16807314505555507
2021-02-24,122.09033966064453,122.29487783267318,119.05147832650884,121.69100535268275,111039900,129.85991859436035,128.4410302734375,128.10062775590694,34.393070373700866,-1.4538843348712476,-0.058195685141538445,-1.3956886497297092,138.04490920530742,129.85991859436035,121.67492798341328,0.03280365932683116
2021-02-25,117.84371948242188,123.17147632846172,117.40542445743719,121.43776543888308,148199500,128.84413795471193,128.41692672729494,127.12377934890836,28.348642070374098,-2.065085430331621,-0.459573634179555,-1.605511796152066,137.67412010642263,128.84413795471193,120.01415580300123,-0.2876091477693603
2021-02-26,118.10669708251953,121.60333738053185,118.04825229910983,119.40210545733144,164560400,128.08318252563475,128.4103369140625,126.26500960925229,29.17869961445919,-2.499434680267626,-0.8675458433971692,-1.631888836870457,137.81425802347775,128.08318252563475,118.35210702779176,-0.1080675851380852
2021-03-01,124.4668960571289,124.60325484384613,119.5969181572381,120.53195302229754,116307900,127.8896915435791,128.41230041503906,126.09376069952626,45.59453330873225,-2.3038869130946154,-1.1548140573366585,-1.1490728557579568,137.74599536675288,127.8896915435791,118.03338772040532,0.3153406030345002
2021-03-02,121.8663330078125,125.3727157063762,121.75919289657611,125.07077944616279,102260900,127.46016654968261,128.363614654541,125.69114853841067,41.371877834226964,-2.33187717450744,-1.390226680770815,-0.941650493736625,137.57683027094632,127.46016654968261,117.3435028284189,-0.25074781406688684
2021-03-03,118.88590240478516,122.44098788620711,118.67162218049718,121.56439034639122,112966300,126.84028701782226,128.23800888061524,125.04302985901776,37.12793102001945,-2.5649879154625808,-1.6251789277091682,-0.9398089877534126,137.45112668040278,126.84028701782226,116.22944735524176,-0.21683725094424836
2021-03-04,117.0060806274414,120.38584631369558,115.53535272389263,118.58395606502583,178155000,126.17747383117675,128.11448623657228,124.27760612267716,34.70949116182709,-2.86835119713335,-1.8738133815940046,-0.9945378155393456,137.4837933401079,126.17747383117675,114.8711543222456,-0.13228002538170133
2021-03-05,118.26253509521484,118.7690169305712,114.5126538027712,117.83398211644732,153766600,125.40972061157227,127.98555511474609,123.70474221529979,37.63364146704494,-2.9731112329546505,-2.093672951866134,-0.8794382810885164,136.67618580240284,125.40972061157227,114.14325542074171,0.036353191084943545
2021-03-08,113.33412170410156,117.85346041822143,113.18802088680535,117.78528102761602,154376600,124.41624603271484,127.68705932617188,122.71706407137616,31.646490010391915,-3.4144563607900125,-2.35782963365091,-1.0566267271391023,136.24841980368285,124.41624603271484,112.58407226174681,-0.3608863037318515
2021-03-09,117.94109344482422,118.88587012392586,115.70090859689775,115.93466540037815,129525800,123.64581489562988,127.49859786987305,122.26220972599026,41.08236933158252,-3.353820679796641,-2.5570278428800566,-0.7967928369165844,135.04977131469425,123.64581489562988,112.24185847656551,0.17135799929171977
2021-03-10,116.85999298095703,118.99303824849771,116.34376908141869,118.52552453136408,111943300,122.86515731811524,127.26886962890624,121.74771289312994,39.69746578017798,-3.354335545881881,-2.716489383480422,-0.6378461624014591,133.87595397898164,122.86515731811524,111.85436065724882,-0.13960325069399684
2021-03-11,118.78849029541016,120.00598467048323,118.10669641776761,119.35340946888309,103026500,122.21111869812012,126.98590347290039,121.46588216953758,43.36509870203847,-3.162672643275698,-2.8057260354394775,-0.3569466078362207,132.53757196704234,122.21111869812012,111.8846654291979,-0.04729631888897904
2021-03-12,117.88268280029297,118.01904158578925,116.06131583787986,117.2690682655597,88105100,121.52444992065429,126.72022216796876,121.12462508675239,42.070805469315836,-3.0487256947670858,-2.854325967304999,-0.19439972746208678,131.05367205943026,121.52444992065429,111.99522778187833,0.05227765024992765
2021-03-15,120.76571655273438,120.77545858975141,117.28855243734995,118.25281346511821,92403800,120.97024688720703,126.53456909179687,121.09044332160782,47.44715025905642,-2.6947221087633864,-2.8224051955966765,0.1276830868332901,129.23887247136963,120.97024688720703,112.70162130304442,0.20936065997437772
2021-03-16,122.30460357666016,123.91169749251546,121.47670896273326,122.43122030505053,115227900,120.59915580749512,126.39972915649415,121.2060776316128,50.10882538351737,-2.263899569572544,-2.7107040703918504,0.4468045008193062,127.86835828239437,120.59915580749512,113.32995333259588,-0.010341497389688887
2021-03-17,121.51570129394531,122.58709503966791,119.15862613615897,120.82416526324258,111932600,120.30306205749511,126.31290924072266,121.23556559945399,48.74582078659834,-1.9634934936757844,-2.5612619550486375,0.5977684613728531,126.88377864171079,120.30306205749511,113.72234547327943,0.057172495091092713
2021-03-18,117.39567565917969,119.97676520351848,117.1911374972353,119.68456358302885,121229700,119.85599670410156,126.11256774902344,120.86986179561835,42.277987811071974,-2.0344196273712924,-2.4558934895131688,0.4214738621418763,125.93179298487624,119.85599670410156,113.78020042332687,-0.1889454678910533
2021-03-19,116.8697280883789,118.27228410779664,116.56779183514182,116.7820720526636,185549500,119.37484245300293,125.9874853515625,120.48889668064317,41.520610384743584,-2.108760197853357,-2.3864668311812065,0.2777066333278495,124.75660391548624,119.37484245300293,113.99308099051962,0.007505808730088887
2021-03-22,120.18132019042969,120.64884136246526,117.13271654370864,117.20089594056832,111912300,119.24773597717285,125.84460739135743,120.4596036815752,47.85480511290377,-1.8788001899722389,-2.284933502939413,0.40613331296717403,124.42327260385473,119.24773597717285,114.07219935049098,0.24895688645168257
2021-03-23,119.35340881347656,121.00919818208511,118.9638091293934,120.12286614601692,95467100,119.08605194091797,125.66319137573242,120.35425178937533,46.498797896340356,-1.7432654766602553,-2.1765998976835816,0.4333344210233263,124.03110900548907,119.08605194091797,114.14099487634687,-0.06396839179764202
2021-03-24,116.96712493896484,119.70405755554833,116.94764829711929,119.62613612617307,88530500,118.82989120483398,125.49376403808594,120.03166827981242,42.73964254538494,-1.807569865318058,-2.102793891210477,0.29522402589241903,123.6552344535948,118.82989120483398,114.00454795607317,-0.21868702917239405
2021-03-25,117.4541244506836,118.49630686413842,115.9054750318424,116.43143354135354,98844700,118.81041145324707,125.33757766723633,119.7861879151335,43.739285465562396,-1.798502745920615,-2.041935662152505,0.24343291623188978,123.65463063951663,118.81041145324707,113.96619226697752,0.08761112654018761
2021-03-26,118.0580062866211,118.32098926109825,115.82755546141085,117.22036947257719,94071200,118.80797691345215,125.15281692504882,119.62159918860851,45.02101295259016,-1.7227302096692654,-1.9780945716558571,0.25536436198659174,123.65365702469819,118.80797691345215,113.96229680220611,0.07133691742376727
2021-03-29,118.23332214355469,119.39237925463331,117.59048892877756,118.4865630734955,80819200,118.49629821777344,125.0100747680664,119.48938232717481,45.40984201761593,-1.6297466988375362,-1.9084249970921932,0.27867829825465695,122.58939163829838,118.49629821777344,114.4032047972485,-0.021369712307822798
2021-03-30,116.78206634521484,117.26906411360106,115.76911009525196,116.98660451621751,85671900,118.24208488464356,124.87273544311523,119.23154270984529,42.71665404104704,-1.6540934512005947,-1.8575586879138735,0.20346523671327876,122.09061802852383,118.24208488464356,114.39355174076329,-0.01748211539837918
2021-03-31,118.97356414794922,120.30793336547684,117.99956854695249,118.48656634745086,118323800,118.24646797180176,124.76580520629882,119.20697332299804,47.75558387456922,-1.479498136723322,-1.7819465776757633,0.3024484409524413,122.09812251192005,118.24646797180176,114.39481343168347,0.04107839112462678
2021-04-01,119.80145263671875,120.95076768283118,119.30471282559485,120.44429326652572,75089100,118.38623657226563,124.59373916625977,119.26359040049526,49.5606571685094,-1.259804171727069,-1.6775180964860246,0.41771392475895563,122.25055862904698,118.38623657226563,114.52191451548428,-0.053321822453666096
2021-04-05,122.62604522705078,122.87928615898178,119.86963594729222,120.6488353850815,88651200,118.60441207885742,124.38402282714844,119.58382419350055,55.24250255151673,-0.8479989022393823,-1.5116142576366962,0.6636153553973139,122.88631794267248,118.60441207885742,114.32250621504237,0.16242985135524649
2021-04-06,122.9280014038086,123.8240757008056,122.38256616754916,123.21046106001373,80171300,119.08410606384277,124.13755325317383,119.90231726114894,55.81551306955831,-0.49160796871433377,-1.307612999852224,0.8160050311378901,123.03350922798879,119.08410606384277,115.13470289969675,-0.022920958296561843
2021-04-07,124.57403564453125,124.59351228641088,121.88580577435263,122.55786509964642,83466700,119.41575317382812,123.84911911010742,120.34724282147107,58.90419985209579,-0.07547435807478564,-1.0611852714967362,0.9857109134219506,123.99007234955872,119.41575317382812,114.84143399809753,0.1630395224152262
2021-04-08,126.97008514404297,126.99930382725644,125.17793655097103,125.59674758502777,88844600,119.92125778198242,123.60393798828125,120.97798970933506,62.962863481192144,0.44255420700925185,-0.7604373757955386,1.2029915828047906,125.39934691566259,119.92125778198242,114.44316864830225,0.10891127977409236
2021-04-09,129.54141235351562,129.58036563750287,126.1032091394081,126.42462946477704,106686700,120.45890388488769,123.43157958984375,121.79355377068559,66.75714991534885,1.0484938093890577,-0.39865113875861935,1.447144948147677,127.32228858844168,120.45890388488769,113.5955191813337,0.24165676788052814
2021-04-12,127.82719421386719,129.39532780187267,127.23305627401432,129.073907454543,91420000,120.95612945556641,123.32160736083985,122.36818619384573,62.18351590420261,1.3745374205193457,-0.04401342690302634,1.418550847422372,128.41589312310415,120.95612945556641,113.49636578802865,-0.09628984105161477
2021-04-13,130.93421936035156,131.15824904554103,128.49923039780398,128.99597765783932,91266500,121.46455459594726,123.37355743408203,123.1839988763701,66.64417173795184,1.8621743079276598,0.33722412006311087,1.5249501878645488,130.0970104282648,121.46455459594726,112.83209876362972,0.1491353297277035
2021-04-14,128.5966339111328,131.4894019428346,128.2362603060902,131.43096458655666,87222800,121.7791561126709,123.33635345458984,123.69948792729988,60.83055061335149,2.0365305877779605,0.6770854136060809,1.3594451741718796,130.9527907169722,121.7791561126709,112.60552150836962,-0.21236970020450624
2021-04-15,131.00241088867188,131.48940869866695,130.16477406100063,130.34010100083557,89347100,122.25349159240723,123.33073181152344,124.39500439981151,64.28375944089444,2.341840017917008,1.0100363344682664,1.3318036834487414,132.26625341461144,122.25349159240723,112.24072977020302,0.050770287083469805
2021-04-16,130.6712188720703,131.1679511470198,129.8140982138144,130.8075776257029,84922400,122.91726875305176,123.33890930175781,124.9927391114552,63.45439339591475,2.5279350513977192,1.313616077854157,1.2143189735435622,133.30692467685162,122.91726875305176,112.52761282925188,-0.01042399966889277
2021-04-19,131.33352661132812,131.94714842450873,129.87253361765187,130.03811104016313,94264200,123.64045867919921,123.29322784423829,125.59662363525261,64.4423606676024,2.6977612927106094,1.5904451208254473,1.107316171885162,134.25672286143632,123.64045867919921,113.02419449696211,0.09928992085515714
2021-04-20,129.64857482910156,132.00564275979164,128.38237738217003,131.50891027779352,94812300,124.11382141113282,123.22212707519532,125.98252374895252,59.998503114996495,2.6656602137586276,1.8054881394120836,0.860172074346544,134.91359641806523,124.11382141113282,113.31404640420041,-0.14052468546741537
2021-04-21,130.02842712402344,130.27192605122198,127.88563953707525,128.91807261047788,68847100,124.64757232666015,123.15570129394531,126.36784787991166,60.657170619721704,2.640433509174528,1.9724772133645727,0.6679562958099554,135.5085016869342,124.64757232666015,113.78664296638608,0.0859163514345037
2021-04-22,128.5089569091797,130.66147844484067,127.99274053029319,129.58034294411806,84566500,125.2246639251709,123.0764175415039,126.57176302555624,56.63952421597185,2.469367287485227,2.0718552281887037,0.3975120592965231,135.60791252473592,125.2246639251709,114.84141532560587,-0.08249332197951464
2021-04-23,130.82711791992188,131.6063026401296,128.7232835065709,128.7232835065709,78657500,125.89331359863282,123.05557464599609,126.97703492025772,60.89508676923086,2.4921246327452877,2.1559091091000204,0.3362155236452673,135.90454346038473,125.89331359863282,115.8820837368809,0.16199864722040486
2021-04-26,131.21669006347656,131.5478450047434,130.08685158645528,131.32383017529745,66905100,126.55124778747559,123.04758728027343,127.38081160056427,61.57754647548329,2.512631161050308,2.2272535194900778,0.28537764156023027,136.1367823589013,126.55124778747559,116.96571321604986,-0.008158285867723599
2021-04-27,130.89523315429688,131.8887125625008,130.62251564804316,131.49910550928877,66015800,127.1843433380127,123.02849639892578,127.71551841520548,60.63716486304792,2.474420269832791,2.2766868695586204,0.19773340027417063,136.14066498729653,127.1843433380127,118.22802168872886,-0.045889910757968486
2021-04-28,130.1063232421875,131.5088791677975,129.61932548257246,130.81733580986761,107760100,127.85055618286133,123.03609436035157,127.9432141130133,58.284686986488445,2.3533514558635034,2.2920197868195973,0.06133166904390608,135.49950769610592,127.85055618286133,120.20160466961673,-0.05429809875865748
2021-04-29,130.00894165039062,133.50559750247544,129.00572727008065,132.92119413868548,151101000,128.4023250579834,123.08752166748047,128.139950068954,57.98563874977655,2.2239098198654403,2.2783977934287662,-0.05448797356332591,134.9184735932351,128.4023250579834,121.88617652273173,-0.215656437131172
2021-04-30,128.0414581298828,130.08683981317637,127.66160046998598,128.3531289693404,109839500,128.8143253326416,123.12161117553711,128.13056988428053,52.1624161156249,1.940201478688408,2.2107585304806947,-0.2705570517922866,134.01165719954926,128.8143253326416,123.61699346573394,-0.02427752245695006
2021-05-03,129.09339904785156,130.58362632092104,128.40187034048927,128.6064011393442,75135100,129.13769302368163,123.1736228942871,128.22226789985874,54.77736805791132,1.779727820468139,2.124552388478184,-0.3448245680100448,133.49092241977294,129.13769302368163,124.78446362759033,0.037849225498878265
2021-05-04,124.52532196044922,128.07067238199318,123.40522566029897,127.77847076247717,137564700,129.21755905151366,123.20966033935547,127.87017781039117,43.62521309588524,1.269313787021673,1.9535046681868817,-0.6841908811652087,133.1504754258587,129.21755905151366,125.28464267716863,-0.24923115017020242
2021-05-05,124.76882934570312,127.05770985077288,124.64220517501703,125.84021547722773,84000900,129.22729873657227,123.25329513549805,127.57481128994469,44.276480836355866,0.8743767284497039,1.7376790802394462,-0.8633023517897422,133.1148724059147,129.22729873657227,125.33972506722982,-0.08493349554464139
2021-05-06,126.36619567871094,126.37593028448455,123.8240591134078,124.56429785702491,78128300,129.19710426330568,123.33881225585938,127.45970504125577,48.48102519219382,0.6824139344415272,1.5266260510798624,-0.8442121166383352,133.1629284791254,129.19710426330568,125.23128004748595,0.14365542206698326
2021-05-07,127.03936767578125,128.06378806137542,126.32713259923071,127.66378295557222,78973300,129.07200202941894,123.52272521972657,127.41967291121058,50.18683549414525,0.5779392672847052,1.336888694320831,-0.7589494270361257,133.14294973961123,129.07200202941894,125.00105431922665,-0.04887195227973045
2021-05-10,123.7612075805664,126.38570115821472,123.7221806852606,126.25887677480436,88071200,128.86870269775392,123.6358154296875,127.07124764162543,42.76165774029975,0.2279940444833386,1.1151097643533325,-0.8871157198699939,133.53113672111112,128.86870269775392,124.20626867439671,-0.1952805740555145
2021-05-11,122.84410095214844,123.19532812082859,119.78055295740043,120.49278076667929,126142800,128.46419677734374,123.60335952758788,126.66866224262762,40.93689542899916,-0.12193728897538847,0.8677003536875884,-0.9896376426629768,133.70725736115435,128.46419677734374,123.22113619353316,0.19270212633626843
2021-05-12,119.78056335449219,121.60503177987839,119.27322856136661,120.39522770117908,112172300,128.0233932495117,123.56164413452149,126.01265282470996,35.488947428325076,-0.6390951815099157,0.5663412466480875,-1.2054364281580032,134.4879151382923,128.0233932495117,121.55887136073113,-0.05100956857049087
2021-05-13,121.9269790649414,123.0782463378904,121.23426847309511,121.5464761686261,105861300,127.56962165832519,123.62246566772461,125.62354103806534,41.37564143126515,-0.8657686852944835,0.2799192602595733,-1.1456879455540567,134.3978536832151,127.56962165832519,120.74138963343529,0.031294913512577606
2021-05-14,124.34656524658203,124.77585354473081,122.78552704006465,123.17578845259833,81918000,127.25338897705078,123.76927536010743,125.50192429601931,47.22220305666492,-0.840480154564105,0.05583937729483768,-0.8963195318589426,134.06355620130464,127.25338897705078,120.44322175279692,0.09476405734621744
2021-05-17,123.19532012939453,123.83925269137897,122.12210663637244,123.7319305977149,74244600,126.8464786529541,123.86793106079102,125.28224770872171,44.92639594391578,-0.9029262990431448,-0.13591375797275881,-0.767012541070386,133.60518810864238,126.8464786529541,120.08776919726584,-0.04334162493816511
2021-05-18,121.80989837646484,123.8977887358132,121.74160317568686,123.47825894714309,63342900,126.45454483032226,124.03744659423828,124.95154777231629,42.26350403294307,-1.0520795572129202,-0.31914691782079113,-0.7329326393921292,133.42367566575265,126.45454483032226,119.48541399489187,-0.13429747107059906
2021-05-19,121.65380096435547,121.87819629608094,119.86835967667767,120.16105765432343,92612000,126.03581352233887,124.1117007446289,124.63747664774858,41.96171491818439,-1.1694002276029494,-0.4891975797772228,-0.6802026478257266,133.1013879768105,126.03581352233887,118.97023906786723,0.12359340146458517
2021-05-20,124.2099838256836,124.61000384937135,122.05379848438088,122.18063773268084,76857100,125.82086486816407,124.25870056152344,124.59676304564715,48.452889564063,-1.044079610308529,-0.600173985883484,-0.443905624425045,132.83377965802276,125.82086486816407,118.80795007830538,0.16458323208945938
2021-05-21,122.3757553100586,124.88317501057307,122.16111116203041,124.70755774796976,79295400,125.3982967376709,124.3304458618164,124.38523849940061,44.59834009930591,-1.0803158218193545,-0.6962023530706581,-0.38411346874869634,132.1679319272515,125.3982967376709,118.62866154809032,-0.18483260220096862
2021-05-24,124.00511169433594,124.82466155300955,122.87336158160026,122.94165678285485,63092900,125.03771781921387,124.45289443969726,124.34903594653731,48.516392508975244,-0.9664175771425363,-0.7502453978850339,-0.21617217925750243,131.2767357474221,125.03771781921387,118.79869989100564,0.08628567897987963
2021-05-25,123.80998229980469,125.19541091008112,123.24410353248182,124.7075784829674,72009500,124.68345527648925,124.51377975463868,124.29769750399134,48.077877918340874,-0.8817336325618328,-0.7765430448203937,-0.10519058774143908,130.32816134791318,124.68345527648925,119.03874920506533,-0.07185203848936934
2021-05-26,123.7612075805664,124.28805950176616,123.34167776055286,123.8685296817526,56575900,124.3661994934082,124.54291183471679,124.24660322556991,47.96118561233862,-0.8092284270026511,-0.7830801212568452,-0.026148305745805844,129.4405182134951,124.3661994934082,119.2918807733213,-0.00866397752907703
2021-05-27,122.22943115234375,124.5319657543007,122.03430412924318,123.36118872845968,94625600,123.97722396850585,124.55718643188476,124.05449159954837,44.32279472173458,-0.8653933693201878,-0.7995427708695138,-0.06585059845067409,128.41440219523622,123.97722396850585,119.5400457417755,-0.09148687385705731
2021-05-28,121.57575988769531,122.73678589181651,121.51722326349409,122.51238309301259,71311100,123.65393905639648,124.64078811645508,123.81842191270522,42.829614244069425,-0.9516799250757373,-0.8299702017107585,-0.12170972336497876,127.79160798476227,123.65393905639648,119.5162701280307,-0.07630270877711799
2021-06-01,121.2537841796875,122.2977294109628,120.92206674340329,122.03430717883234,67637100,123.26195831298828,124.72846923828125,123.57417070003686,42.077670668353264,-1.0341226685420963,-0.8708006950770261,-0.16332197346507027,126.68837221598689,123.26195831298828,119.83554440998968,-0.06387223695098199
2021-06-02,122.0147705078125,122.19038778236961,121.02936949732552,121.25376479927095,59278900,123.13643074035645,124.7651382446289,123.4256563960155,44.55531761355188,-1.0262242257830536,-0.9018854012182316,-0.12433882456482204,126.55244618116309,123.13643074035645,119.7204152995498,0.06267913268920512
2021-06-03,120.53179931640625,121.80989840712398,120.13177925202119,121.64403969713835,76229200,122.9245792388916,124.7887060546875,123.15005095986224,40.88504420100859,-1.1266408203628515,-0.9468364850471556,-0.17980433531569595,126.43364082095538,122.9245792388916,119.41551765682782,-0.09118006960728357
2021-06-04,122.82457733154297,123.08800699874061,120.83425044759345,121.04889463757115,75169300,122.7474983215332,124.90585510253906,123.11905347145088,48.0150586485431,-1.0095759081240203,-0.9593843696625285,-0.050191538461491825,125.88136780095854,122.7474983215332,119.61362884210786,0.1456481523982651
2021-06-07,122.83433532714844,123.24410653680496,121.7903901347652,123.09775754946514,71057600,122.53724670410156,125.01345932006836,123.09193745770779,48.04378059548543,-0.9055748301321955,-0.948622461756462,0.0430476316242665,124.97892534099573,122.53724670410156,120.0955680672074,-0.02139616714181498
2021-06-08,123.65387725830078,125.33200387040455,123.13678395621102,123.51728685562117,74403800,122.53188018798828,125.12537673950196,123.14545553395475,50.51659291500746,-0.7483959986776512,-0.9085771691406999,0.1601811704630487,124.9632246887482,122.53188018798828,120.10053568722836,0.01105795298994872
2021-06-09,124.03436279296875,124.63926837987677,123.43921578877699,124.11241656746353,56877900,122.5913932800293,125.24139755249024,123.23011336814655,51.66673475950385,-0.5863693388046869,-0.8441356030734973,0.25776626426881044,125.10719599157439,122.5913932800293,120.0755905684842,-0.006288874847099012
2021-06-10,123.03922271728516,125.06857651400928,122.87336400291547,123.9270603510902,71186400,122.75432624816895,125.36654067993165,123.21193330615975,48.49210148201042,-0.532127496351265,-0.781733981729051,0.24960648537778596,124.91835765780839,122.75432624816895,120.59029483852952,-0.07151963264813574
2021-06-11,124.2490234375,124.33683580636276,123.02946096276283,123.44899075181716,53522400,122.87042846679688,125.47204986572265,123.31070379485882,52.32712636038345,-0.38705787576407147,-0.7027987605360551,0.3157408847719836,125.09282274020218,122.87042846679688,120.64803419339158,0.06471616628531791
2021-06-14,127.30278015136719,127.36131675668122,123.97581824545021,124.70755558634418,96906500,123.01823921203614,125.62207641601563,123.69090154309771,60.35173438706709,-0.025383900969714546,-0.567315788622787,0.5419318876530724,125.90700998408568,123.01823921203614,120.1294684399866,0.20515180761187918
2021-06-15,126.48326110839844,127.4198916269695,126.23934861668313,126.77595907590421,62746300,123.18263626098633,125.69922073364258,123.95684054931682,57.551966902343594,0.19289343654939728,-0.4152739435883501,0.6081673801377474,126.4432949111411,123.18263626098633,119.92197761083156,-0.0230837118847774
2021-06-16,126.9808578491211,127.70284430122783,125.3320216426943,127.19550206765987,91815000,123.44118423461914,125.78027786254883,124.24484219691723,58.80169272444689,0.4014045556712915,-0.2519382437364218,0.6533427994077133,127.02906971227101,123.44118423461914,119.85329875696728,-0.016873540541561306
2021-06-17,128.5808868408203,129.32239025268845,126.49299676283543,126.63935317228925,96721700,123.78753852844238,125.86041488647462,124.65779882966991,62.61330928856966,0.6878311975613514,-0.06398435547686718,0.7518155530382186,127.91518165720491,123.78753852844238,119.65989539967985,0.1521220415043863
2021-06-18,127.28331756591797,128.30773825283313,127.06867335467656,127.52723008894328,108953300,123.9412052154541,125.86667953491211,124.90784823312211,57.93231509818307,0.8008912033512701,0.10899075628876027,0.6919004470625097,128.34022626627558,123.9412052154541,119.54218416463263,-0.019123977276305063
2021-06-21,129.07847595214844,129.18579802932504,126.06372153950791,127.12717628510836,79663300,124.27634124755859,125.85742080688476,125.30505087302937,62.14842830484494,1.0235475326768295,0.29190211156637413,0.7316454211104554,129.14360998974556,124.27634124755859,119.40907250537164,0.15229777862353278
2021-06-22,130.717529296875,130.81510021181035,128.41499564437643,128.9125864684227,74783600,124.61196212768554,125.91522750854492,125.82052500863372,65.54393313311485,1.3170797095604883,0.49693763116519696,0.8201420783952913,130.2264796591556,124.61196212768554,118.9974445962155,0.1391051226759462
2021-06-23,130.4444122314453,131.0493254021088,129.98585550457855,130.51271488266488,60214200,124.94368362426758,125.90543136596679,126.26089522033007,64.50554923527213,1.5102584901096066,0.6996018029540789,0.8106566871555276,131.08839769570412,124.94368362426758,118.79896955283105,-0.005233361953813332
2021-06-24,130.1614532470703,131.36149842351492,129.69313058879897,131.1761225655203,68711000,125.26369590759278,125.93672775268554,126.63237693716248,63.385151270590576,1.6218262369131935,0.8840466897459018,0.7377795471672917,131.78391473998923,125.26369590759278,118.74347707519632,-0.07719777395486101
2021-06-25,129.8687744140625,130.6297802366699,129.5760764313894,130.21025787505408,70783700,125.64566307067871,125.91405502319336,126.94060526829581,62.18207556183375,1.667406915258269,1.0407187348483753,0.6266881804098936,132.30371496720178,125.64566307067871,118.98761117415565,-0.026219531372073664
2021-06-28,131.4980926513672,131.95664929646315,130.10292043684166,130.1614570490265,62111300,126.1417797088623,125.93059249877929,127.37465168573118,66.04573667364794,1.814090589128341,1.1953931057043685,0.6186974834239725,132.98885880857162,126.1417797088623,119.294700609153,0.10233113044362101
2021-06-29,133.01034545898438,133.16645300747723,131.0785629298999,131.51760238370522,64556100,126.72960777282715,125.96412887573243,127.91138442604101,69.19182212365499,2.02897585001449,1.3621096545663929,0.666866195448097,133.81178709141554,126.72960777282715,119.64742845423876,0.11301649271940645
2021-06-30,133.625,134.06403942217588,132.56153042883813,132.85422833936676,63261400,127.31011924743652,126.04365737915039,128.4555382902276,70.39261374700024,2.223243287313835,1.5343363811158814,0.6889069061979536,134.6499174952241,127.31011924743652,119.97032099964893,0.057951339136878784
2021-07-01,133.92747497558594,133.98601159157678,132.4542339993765,133.27379128495963,52485800,127.9799030303955,126.12163833618165,128.97667511740457,70.99180488786072,2.3742400719989405,1.7023171192924935,0.671922952706447,135.1664844293404,127.9799030303955,120.79332163145062,0.049008885700022035
2021-07-02,136.55197143554688,136.5909908825578,134.39577852908815,134.54212006442484,78852600,128.6662727355957,126.28249862670899,129.6981319096086,75.60504946887254,2.674847070230612,1.8968231094801173,0.7780239607504948,136.3567300335113,128.6662727355957,120.9758154376801,0.14828316852920598
2021-07-06,138.56182861328125,139.6643030810213,136.65931393358588,136.65931393358588,108181800,129.45264739990233,126.43719284057617,130.54229350043457,78.43361943792422,3.040213273106218,2.1255011422053376,0.9147121309008805,137.78641602153326,129.45264739990233,121.11887877827141,0.13832341536142487
2021-07-07,141.04971313476562,141.36191336128311,139.1862182535438,140.04478004189397,104911600,130.3224391937256,126.63385330200195,131.54300013227564,81.3208058483966,3.490286262564723,2.398458166277215,1.0918280962875082,139.62828617727274,130.3224391937256,121.01659221017843,0.07163507043902248
2021-07-08,139.7521209716797,140.55214628534262,137.24469315334258,138.13253828734636,105575500,131.10832710266112,126.81099105834961,132.32482116459983,75.63352614216612,3.6996205830331803,2.658690649628408,1.0409299334047724,140.80389864754153,131.10832710266112,121.41275555778071,0.1167141147858345
2021-07-09,141.57656860351562,142.10341304013653,139.17646311232951,139.27403406481795,99890800,132.03519439697266,127.04039596557617,133.2059399683061,77.96676427949396,3.96700801747221,2.9203541231971686,1.0466538942750416,142.00828331487875,132.03519439697266,122.06210547906656,0.1638341085227256
2021-07-12,140.98141479492188,142.75710481226085,140.49358983023356,142.64978272453996,76299700,132.87181396484374,127.2598454284668,133.94646138036475,75.42936206870651,4.0838148714899205,3.153046272855719,0.9307685986342014,142.89901963735252,132.87181396484374,122.84460829233495,-0.11642515777866683
2021-07-13,142.09364318847656,143.8693330567253,140.13259235448814,140.52284633857775,100827100,133.61135711669922,127.54088912963867,134.72238345732777,76.93976550937637,4.217515784277509,3.3659401751400777,0.8515756091374316,144.05945534689442,133.61135711669922,123.16325888650402,0.11131904229345373
2021-07-14,145.51821899414062,145.92800517220743,144.0840120326278,144.49379821069462,127050800,134.56310501098633,127.86938552856445,135.75055827035757,80.84432081440829,4.547389888089668,3.602230117729996,0.9451597703596724,145.6866018453308,134.56310501098633,123.43960817664185,0.07077866676633
2021-07-15,144.86451721191406,146.34750947636803,143.50836421958925,145.60602078776031,106820300,135.45728797912597,128.27616943359374,136.61855436002963,78.1250301861544,4.701869002316556,3.8221578946473085,0.8797111076692476,146.87042310334095,135.45728797912597,124.04415285491098,-0.05088136008625366
2021-07-16,142.82542419433594,146.11336042052585,142.3278479795718,144.84502714125577,93251400,136.16951484680175,128.6373013305664,137.20968482043978,70.19369563498347,4.6066544037722394,3.979057196472295,0.6275972072999445,147.55509751321074,136.16951484680175,124.78393218039277,-0.13853537691144038
2021-07-19,138.9813232421875,140.56188618036083,138.22031752231123,140.2496710710599,121434600,136.75441513061523,128.88960388183594,137.37841228917765,58.198432279320855,4.172906657689822,4.0178270887158005,0.15507956897402142,147.43390070591929,136.75441513061523,126.07492955531116,-0.0901892582592906
2021-07-20,142.5912628173828,143.51814236544809,139.47895135835654,139.96677643113202,96350000,137.43005447387696,129.20064178466797,137.8748742442448,64.35816134823358,4.07349369843638,4.028960410659916,0.04453328777646348,147.78646349408643,137.43005447387696,127.0736454536675,0.1853407426100479
2021-07-21,141.85951232910156,142.57174758950413,141.10827250404336,141.98635160042446,74993500,137.98715362548828,129.56260787963868,138.25436358565975,62.35244148327538,3.890811213364259,4.001330571200785,-0.11051935783652578,148.03335641374798,137.98715362548828,127.94095083722857,-0.008932964048154501
2021-07-22,143.2254180908203,144.59132208932277,142.25951926436974,142.38635852395822,77338200,138.62620391845704,129.9702342224121,138.727797348056,64.57194749996923,3.8123053247028054,3.963525521901189,-0.15122019719838375,148.29067197051938,138.62620391845704,128.9617358663947,0.05886025154217424
2021-07-23,144.94256591796875,145.0986734955369,143.34250046599004,143.95716474814094,71447400,139.36525955200196,130.47347427368163,139.31968006900007,67.19066454290169,3.8443332405986723,3.939687065640686,-0.09535382504201362,148.57753477625917,139.36525955200196,130.15298432774475,0.06834428875521077
2021-07-26,145.3621063232422,146.18164879238583,144.1035094217646,144.65963709619385,72434100,140.13992614746093,130.94217681884766,139.89514923607075,67.81659216305032,3.859083882355435,3.9235664289836363,-0.0644825466282013,148.60286710882355,140.13992614746093,131.6769851860983,0.04852200656815866
2021-07-27,143.19613647460938,145.57672455410125,142.00584243486344,145.48890475095865,104818600,140.72482833862304,131.3191682434082,140.20952897307444,61.313145596334316,3.6538785695120453,3.8696288570893183,-0.215750287577273,148.286888540745,140.72482833862304,133.1627681365011,-0.15629884681892456
2021-07-28,141.4497528076172,143.39130194121526,139.06916408946387,141.2838940706625,118931200,141.14679870605468,131.68425689697267,140.32764552874517,56.60014900006593,3.3121528772448983,3.7581336611204343,-0.4459807838755361,147.83073260860465,141.14679870605468,134.46286480350471,0.011738855251763373
2021-07-29,142.09364318847656,142.98148812260095,141.0594567321274,141.16677881083731,56699500,141.57023086547852,132.08993179321288,140.49583578205292,57.88552986088594,3.0580382156540793,3.6181145720271637,-0.5600763563730844,147.29924517677298,141.57023086547852,135.84121655418406,0.06556321583663055
2021-07-30,142.30831909179688,142.7668758133756,140.60093147786202,140.86436116386733,70440600,141.98927307128906,132.50302215576173,140.66845324012377,58.32866586845355,2.841221237001321,3.4627359050219955,-0.6215146680206747,146.5220239827647,141.98927307128906,137.45652215981343,0.1021494389497557
2021-08-02,141.97657775878906,143.37174997131473,141.71314811709883,142.7961201026742,62880000,142.26050338745117,132.85835403442383,140.7930365276157,57.32486013220765,2.6125080991046445,3.2926903438385255,-0.680182244733881,146.04715754467819,142.26050338745117,138.47384923022415,-0.05732954775042138
2021-08-03,143.77178955078125,144.43522442777342,141.64486473611035,142.25952902121162,64786600,142.52100143432617,133.2862747192383,141.07672729172668,61.214731357477774,2.5467525004088145,3.1435027751525837,-0.5967502747437692,145.95437745993425,142.52100143432617,139.08762540871808,0.10590431666643253
2021-08-04,143.37173461914062,144.19127687526958,142.7180510419496,143.68394969989515,56368300,142.63710250854493,133.67360717773437,141.29529941814707,59.904321816698264,2.434298546765177,3.0016619294751026,-0.5673633827099254,146.02029103916888,142.63710250854493,139.25391397792097,-0.0217258748776753
2021-08-05,143.4790802001953,144.24008597517638,142.61075233452527,143.40102641721816,46397700,142.8234504699707,134.06698913574218,141.5032785402469,60.150823379364525,2.3270154836041,2.8667326403009024,-0.5397171566968022,145.95142489056178,142.8234504699707,139.69547604937964,0.005442988387939072
2021-08-06,142.7951202392578,143.74291989384258,142.29679858037488,143.000320280882,54126800,142.8843780517578,134.44766738891602,141.62631108300985,57.716096474481944,2.161882198105644,2.725762551861851,-0.5638803537562067,145.95986060537405,142.8843780517578,139.80889549814157,-0.01434863628438124
2021-08-09,142.7462615966797,143.34230040071924,142.18931561461758,142.853744492803,48908700,142.9726203918457,134.85800399780274,141.7329730366927,57.536932460450195,2.0039698781720574,2.5814040171238926,-0.5774341389518352,145.9233842751343,142.9726203918457,140.0218565085571,-0.007523839738175612
2021-08-10,142.26748657226562,144.32919310328901,141.9743500451473,143.0882569205625,69023100,142.98131256103517,135.27183853149415,141.78387908769966,55.71187565372756,1.8192192565822722,2.4289670650155686,-0.6097478084332963,145.9226775223404,142.98131256103517,140.03994759972994,-0.05729829658385287
2021-08-11,142.5215301513672,143.36184690994065,142.19908146277635,142.7071837820295,48493500,142.83147811889648,135.69719345092773,141.85413156995372,56.50033091389185,1.6740053598624343,2.2779747239849417,-0.6039693641225075,145.53646010001424,142.83147811889648,140.12649613777873,-0.013008676425172139
2021-08-12,145.48220825195312,145.638549753649,142.5020136051408,142.84400877640718,72282600,142.86236267089845,136.16654220581054,142.1996626825251,64.44473519272103,1.7773362538196693,2.1778470299518875,-0.4005107761322182,145.67158614952623,142.86236267089845,140.05313919227066,0.18261922421032045
2021-08-13,145.68734741210938,146.01956178212575,144.87634298445295,145.56031813141018,59375000,143.0054588317871,136.66965316772462,142.53182313296168,64.92275177750341,1.8544033401653621,2.1131582919945826,-0.2587549518292205,146.07232455679596,143.0054588317871,139.93859310677826,0.008726695408272247
2021-08-16,147.66111755371094,147.72952253031957,143.1175540441941,145.1401675406519,103296000,143.43944854736327,137.16638397216798,143.0203273635092,69.21175754458659,2.0511024836105207,2.10074713031777,-0.04964464670724933,146.56171939734395,143.43944854736327,140.3171776973826,0.17196488201655638
2021-08-17,146.75242614746094,148.20831321235303,145.67759718518755,146.7915040599331,92229700,143.6475067138672,137.64474578857423,143.37576534293316,65.25577303555195,2.1093489085050123,2.1024674859552186,0.0068814225497937365,147.05730183488026,143.6475067138672,140.2377115928541,-0.00266213091881226
2021-08-18,143.01010131835938,147.2703098892412,142.80490125480077,146.37136871129022,86326000,143.70503616333008,138.0318702697754,143.34094019773565,52.05869644293293,1.8324123728843063,2.048456463341036,-0.2160440904567298,147.0299927887188,143.70503616333008,140.38007953794136,-0.22568641054509672
2021-08-19,143.34228515625,144.61253336364982,141.1926423719419,141.71051038649435,86960300,143.71087951660155,138.418028717041,143.34106828902273,52.96792822737237,1.621056106997429,1.962976392072315,-0.3419202850748859,147.03285346910906,143.71087951660155,140.38890556409405,0.11464222510509695
2021-08-20,144.79818725585938,145.10108950161558,143.42045616108942,144.06535347049768,60549600,143.7036605834961,138.8532080078125,143.47984152395955,56.832162279069884,1.5531303555506497,1.8810071847679821,-0.3278768292173324,147.01550898504848,143.7036605834961,140.3918121819437,0.05082431933660042
2021-08-23,146.2834014892578,146.75241093803115,144.50505101044897,144.91543614181833,60131800,143.74972534179688,139.29389556884766,143.74684723494036,60.40604134127866,1.6006913112916266,1.824944010072711,-0.22425269878108445,147.17620694263343,143.74972534179688,140.32324374096032,0.09411809766030882
2021-08-24,146.19544982910156,147.40707372149436,145.73620613091066,146.02934262692168,48606400,143.8996910095215,139.67174896240235,143.98004748200333,60.08878333572782,1.612696585078595,1.7824945250738877,-0.1697979399952927,147.4754201493855,143.8996910095215,140.32396186965747,0.01137442896241278
2021-08-25,144.96426391601562,146.8794090317968,144.41708385708912,146.38107262063713,58991300,144.0754165649414,140.0413690185547,144.07378238048068,55.68021669021555,1.5055098568298888,1.727097591425088,-0.2215877345951991,147.49426792971005,144.0754165649414,140.65656520017276,-0.09648794862609286
2021-08-26,144.1630859375,145.7069245583274,144.13377377269998,144.95455911573424,48597200,144.17888870239258,140.38501358032227,144.0822874811492,52.95738628598817,1.340463209837992,1.6497707151076688,-0.30930750526967676,147.47460876970862,144.17888870239258,140.88316863507654,-0.05454727156374245
2021-08-27,145.19879150390625,145.3453522818871,143.4692997760321,144.1044163600025,55802400,144.32341232299805,140.71737167358398,144.18862119760226,55.955857112621665,1.2784976118244629,1.5755160944510278,-0.29701848262656494,147.53066296268125,144.32341232299805,141.11616168331486,0.07579754491515084
2021-08-30,149.6153106689453,149.9768520686175,145.20854309597695,145.58961599111578,90956700,144.70534896850586,141.16401153564453,144.7054487663016,65.92881731326446,1.5676942121665718,1.5739517179941367,-0.006257505827564902,148.47393827850448,144.70534896850586,140.93675965850724,0.2696716980493709
2021-08-31,148.35487365722656,149.3026732146875,147.8272249811444,149.16587817080352,86453100,144.93450317382812,141.54953948974608,145.0530130416278,61.6391992760327,1.6758596022442873,1.5943332948441669,0.08152630740012046,148.99427142356853,144.93450317382812,140.8747349240877,-0.05431579605982098
2021-09-01,149.01930236816406,151.43276949828842,148.8531951656688,149.33198527371385,80313700,145.2168815612793,141.91557495117186,145.4307548822503,63.00563995763204,1.7945093109868822,1.63436849807271,0.16014081291417215,149.5770920845577,145.2168815612793,140.8566710380009,-0.020935716900926916
2021-09-02,150.13320922851562,151.17872592141705,148.91181958328025,150.34817499884036,71115500,145.54958801269532,142.30935089111327,145.87860767713272,65.2410390800587,1.9558769028675442,1.698670179031677,0.2572067238358673,150.32438919266733,145.54958801269532,140.77478683272332,-0.014296889411426731
2021-09-03,150.76832580566406,151.09077442910467,149.58601418638187,150.24067718201943,57808700,145.94824829101563,142.72148834228517,146.34429511794522,66.48456176598235,2.110679878126433,1.7810721188506284,0.32960775927580466,151.0563430949118,145.94824829101563,140.84015348711947,0.03510579167228537
2021-09-07,153.10365295410156,153.660598936694,150.85629279363835,151.42301943650597,82278300,146.46611785888672,143.18618591308595,146.98804348329344,70.64339679469643,2.394204832086359,1.9036986614977747,0.4905061705885845,152.22886862467942,146.46611785888672,140.70336709309402,0.11053579093900583
2021-09-08,151.559814453125,153.4456331023822,150.45567332943037,153.38700877891932,74420200,146.93073425292968,143.5874203491211,147.423450242325,64.90920877856608,2.4659001739190956,2.016138963982039,0.4497612099370567,152.76248106471965,146.93073425292968,141.0989874411397,-0.11856286208750541
2021-09-09,150.5436248779297,152.53692642541913,150.42636132134103,151.93112186962642,57305700,147.33183898925782,143.9380859375,147.72060973143022,61.377636744515456,2.412906755693598,2.095492522324351,0.3174142333692469,152.99647581879935,147.33183898925782,141.66720215971628,-0.09107104043366836
2021-09-10,145.56033325195312,151.9213251437336,145.2965089144569,151.45231569560596,140893200,147.33574523925782,144.17679260253905,147.51486911433716,47.67807393646566,1.9463626458299927,2.0656665470254794,-0.11930390119548662,152.99538030859102,147.33574523925782,141.6761101699246,-0.37052557808616704
2021-09-13,146.1270751953125,147.9542695218118,145.34538275990522,147.18235774668085,102404300,147.35773162841798,144.42078460693358,147.38269826490625,49.07033631798664,1.6038660464517704,1.9733064469107378,-0.3694404004589673,152.9949533810644,147.35773162841798,141.72050987577157,-0.07157637407195096
2021-09-14,144.729736328125,147.6122268963335,143.5474398791264,146.90870549298856,109296300,147.21116256713867,144.58433990478517,147.13003522330803,45.83210242961047,1.2057819515912058,1.8198015478468315,-0.6140195962556256,152.96052795693188,147.21116256713867,141.46179717734546,-0.14724314590935586
2021-09-15,145.6189422607422,146.01956159972383,143.01982179601146,145.1596986106003,83281300,147.15448837280275,144.72548217773436,146.98612160782557,48.17582845633915,0.9510854052101649,1.6460583193194982,-0.6949729141093333,152.94303739724833,147.15448837280275,141.36593934835716,0.031626580629814514
2021-09-16,145.3844451904297,145.56033305169905,143.8503875542624,145.04246503666727,68034100,147.27320556640626,144.81217681884766,146.833580996645,47.59102534033868,0.7219919298700574,1.46124504142961,-0.7392531115595526,152.80875851821398,147.27320556640626,141.73765261459855,0.02357356493383993
2021-09-17,142.71693420410156,145.41377207009813,142.42379770872697,145.41377207009813,129868800,147.24193801879883,144.87147308349608,146.44151939735517,41.43005059162908,0.3214820123338882,1.2332924356104658,-0.9118104232765776,152.87220715404703,147.24193801879883,141.61166888355064,-0.1833621328225019
2021-09-20,139.6683349609375,141.5248410433877,138.03656037257468,140.50865153615536,123478900,146.98544540405274,144.83330841064452,145.79645421293444,35.736138092571125,-0.23916452379253883,0.9388010437298648,-1.1779655675224037,153.44410515565656,146.98544540405274,140.52678565244892,-0.05973412670885866
2021-09-21,140.1471405029297,141.29037444715544,139.51202378684255,140.6356964105484,75834000,146.67863235473632,144.81662292480468,145.25842433579112,37.19604720117157,-0.6374966724073658,0.6235415005024187,-1.2610381729097846,153.7914136989468,146.67863235473632,139.56585101052585,-0.03472514334550709
2021-09-22,142.51174926757812,143.0784609405733,140.4109501394529,141.14378392401113,76404300,146.49444732666015,144.82498504638673,144.99683623405653,43.96613619374402,-0.753685586280028,0.34809608314592944,-1.1017816694259575,153.83487318719932,146.49444732666015,139.15402146612098,0.09661764895665452
2021-09-23,143.4693145751953,143.71359250338787,142.30654925147212,143.29342671393508,64838200,146.41969985961913,144.7840069580078,144.85135798083166,46.48207712152442,-0.7597408009711444,0.1265287063225147,-0.886269507293659,153.85081663016652,146.41969985961913,138.98858308907174,0.012274047198506135
2021-09-24,143.55726623535156,144.09468071612673,142.22839356904527,142.32611071447462,53477900,146.38940887451173,144.75786193847657,144.7281111479288,46.71871533557356,-0.7488108133694027,-0.04853919761586878,-0.7002716157535339,153.8618964291593,146.38940887451173,138.91692131986417,0.08628732286913797
2021-09-27,142.04273986816406,142.6192471706429,140.52822848156046,142.14045701354505,74150700,146.23160629272462,144.74220825195312,144.4723615022369,43.178191231162465,-0.8525308943873711,-0.20933753697016924,-0.6431933574172018,153.9279467205253,146.23160629272462,138.53526586492393,-0.00687458082296857
2021-09-28,138.6619415283203,141.43693551030117,138.44697573581755,139.9712677848058,108972300,145.68393783569337,144.73582061767578,143.91898817138772,36.524170675761845,-1.1937709291964893,-0.4062242154154333,-0.787546713781056,153.8817404006039,145.68393783569337,137.48613527078285,-0.09327061483710654
2021-09-29,139.56088256835938,141.14379894035906,138.77919013309102,139.2091217179658,74602000,145.24423828125,144.6752130126953,143.50393049490881,39.206863030307886,-1.3758096093521317,-0.6001412942027731,-0.7756683151493586,153.75906098224374,145.24423828125,136.72941558025627,0.02526314360411382
2021-09-30,138.2613067626953,141.075393254431,138.04634099404652,140.37187163149707,89056700,144.70633850097656,144.60324890136718,143.00463299660277,36.78636645012341,-1.6064236297623893,-0.8013977613146963,-0.805025868447693,153.5520666044957,144.70633850097656,135.8606103974574,-0.14923239631967497
2021-10-01,139.38499450683594,139.64881887167329,135.9260252404235,138.65216064526572,94639600,144.16892776489257,144.5264404296875,142.65990552138686,40.222790318534216,-1.6791583997276973,-0.9769498889972965,-0.7022085107304008,152.93618615543102,144.16892776489257,135.40166937435413,0.05280496279883711
2021-10-04,135.955322265625,138.95506236159227,135.1052398519007,138.51535016597074,98322000,143.42827758789062,144.3466955566406,142.02137378274287,34.12514528309191,-1.9906007099711474,-1.1796800531920668,-0.8109206567790805,152.34190878438437,143.42827758789062,134.51464639139687,-0.18274308043070484
2021-10-05,137.88023376464844,138.9843747661612,136.17028827499877,136.29731756814027,80861100,142.66710662841797,144.19705810546876,141.6269794953053,39.65453749022678,-2.0583691159666273,-1.355417865746979,-0.7029512502196482,150.70258275285735,142.66710662841797,134.63163050397858,0.11561766027648888
2021-10-06,138.74986267089844,138.89642346342436,135.20294239635672,136.2777712400183,83221100,142.02660903930663,144.10813262939453,141.35296836917132,42.022239512818274,-2.0186347165646055,-1.4880612359105045,-0.5305734806541009,149.11045244901223,142.02660903930663,134.94276562960104,0.17943703054862248
2021-10-07,140.01034545898438,140.91906720020722,139.4533994772065,139.78561391612965,61732700,141.49994506835938,144.07934448242187,141.2250995205821,45.36816197858328,-1.8639480591052688,-1.5632386005494576,-0.3007094585558112,147.4477589277576,141.49994506835938,135.55213120896116,0.016075487080092734
2021-10-08,139.6292724609375,140.87997439192273,139.2970580219821,140.73341358342566,58773200,141.2033920288086,144.0300570678711,141.07311599109212,44.53144767862048,-1.7519122212351022,-1.6009733246865867,-0.15093889654851544,146.89788477579847,141.2033920288086,135.5088992818187,-0.0782956363983898
2021-10-11,139.54135131835938,141.49557516408288,138.56423939549762,139.0137174402137,64452200,140.87410583496094,143.97471771240234,140.92723364130805,44.32831627369137,-1.6511836961438178,-1.611015398978033,-0.04016829716578485,146.13694487254332,140.87410583496094,135.61126679737856,0.0379373100818444
2021-10-12,138.2710723876953,139.97125212650982,137.81182869231796,139.95170571768443,73035900,140.55117263793946,143.90060760498048,140.67426590286874,41.39064682615941,-1.6547812200011265,-1.6197685631826517,-0.03501265681847476,145.61697076479965,140.55117263793946,135.48537451107927,-0.11951272443885161
2021-10-13,137.68482971191406,138.163604960137,136.01396194464323,138.00727840066958,78762700,140.15446701049805,143.77886840820312,140.3895576942064,40.07083180457045,-1.6855076846809993,-1.6329163874823214,-0.052591297198677944,144.79553755582273,140.15446701049805,135.51339646517337,-0.02336036402043964
2021-10-14,140.4695587158203,140.58682224669744,138.27105760850728,138.85733053427336,69907100,139.9087226867676,143.72082489013673,140.39717683912198,48.475404472328734,-1.4682294366435542,-1.5999789973145682,0.13174956067101395,143.88958903972866,139.9087226867676,135.92785633380652,0.11558787174567138
2021-10-15,141.52484130859375,141.58346561937512,140.22528108462743,140.47933964406647,67940300,139.8491180419922,143.68174011230468,140.50457345526215,51.264681894466605,-1.197083144465438,-1.5193998267447424,0.32231668227930443,143.69336615575483,139.8491180419922,136.00486992822957,0.07428676843804832
2021-10-18,143.1957550048828,143.479110901774,139.88334618906478,140.16670208595596,85589200,140.02548904418944,143.6897528076172,140.7608764599879,55.38323895759066,-0.8377123569356968,-1.3830623327829334,0.5453499758472367,144.134902132004,140.02548904418944,135.9160759563749,0.2128012099492584
2021-10-19,145.35511779785156,145.75573713641117,143.19570948817753,143.6451724796259,76378900,140.28588790893554,143.7419299316406,141.19842325407018,60.07854516689146,-0.374350607073751,-1.1813199876410971,0.8069693805673461,145.00754803712636,140.28588790893554,135.56422778074472,0.11848041491173768
2021-10-20,145.8437042236328,146.32249438069462,144.72979735027167,145.29652399244392,58418800,140.45248565673828,143.81345428466796,141.6408309654571,61.07665089696164,0.03192376204935954,-0.9386712377030059,0.9705949997523654,145.68412285821339,140.45248565673828,135.22084845526317,0.03764176078168842
2021-10-21,146.05868530273438,146.2150267878781,144.48553451864436,145.40402210693284,61421000,140.58195419311522,143.8841973876953,142.06157899757872,61.53238235176944,0.3670155759396607,-0.6775338749744726,1.0445494509141333,146.21832030522307,140.58195419311522,134.94558808100737,0.04499333517839902
2021-10-22,145.28675842285156,146.74264548774926,145.23789985010384,146.26387023963363,58883400,140.66842880249024,143.88028839111328,142.36873894284278,58.86716557937215,0.5637911710375363,-0.42926886577207085,0.9930600368096072,146.5331753217991,140.66842880249024,134.8036822831814,-0.06670552546135573
2021-10-25,145.23793029785156,145.95121789896433,144.24127186112185,145.2770082185162,50720600,140.82818832397462,143.87130004882812,142.64199526236743,58.693984291057596,0.7076399928830313,-0.20188709404105043,0.9095270869240817,147.00001802991278,140.82818832397462,134.65635861803645,-0.0026898837534266467
2021-10-26,145.90232849121094,147.38752756365847,145.5994113354405,145.91209424092938,60893400,141.19020767211913,143.83612426757813,142.95250318892394,60.40106639658923,0.865278213538403,0.01154596747484024,0.8537322460635627,147.65380609225573,141.19020767211913,134.72660925198252,-0.0006692898427000228
2021-10-27,145.44308471679688,146.30293288736218,145.09132390307514,145.94140632392705,56094900,141.48431777954102,143.80993743896485,143.18970142967373,58.59835563485775,0.9422883905825188,0.19769445209637596,0.7445939384861429,148.15654035438988,141.48431777954102,134.81209520469216,-0.03413205649330639
2021-10-28,149.07794189453125,149.66419997930225,146.29316753585874,146.3908846714247,100077900,142.0251495361328,143.9312942504883,143.75048623585064,66.99475616597462,1.2818457868827409,0.41452471905364896,0.8673210678290919,149.29175972036455,142.0251495361328,134.75853935190105,0.1815195719867884
2021-10-29,146.371337890625,146.50813293434493,143.05892977311782,143.85038787675046,124953200,142.37446670532228,143.99187530517577,144.00009115535298,57.623510523803226,1.317361424277749,0.595092060098469,0.7222693641792799,149.77036560657956,142.37446670532228,134.978567804065,0.1734757545634545
2021-11-01,145.55055236816406,146.27360541935798,144.41709931929685,145.57986452377787,74588300,142.8542282104492,144.00692260742187,144.14775412800165,55.10614548480122,1.2646986321341842,0.7290133745056122,0.535685257628572,149.75024569233068,142.8542282104492,135.95821072856774,-0.0020134732298612737
2021-11-02,146.5863037109375,148.10082985163274,145.2476505224247,145.25743118168475,69122000,143.28953170776367,144.01298065185546,144.37999694542412,57.622065171240834,1.2916501285149309,0.841540725307476,0.45010940320745485,149.97044885514813,143.28953170776367,136.6086145603792,0.09122959399598
2021-11-03,148.02264404296875,148.49165344387518,146.39086943374969,146.9478153017873,54511500,143.7531707763672,144.04952453613282,144.72691571661883,60.89493981215476,1.4126261692201183,0.9557578140900045,0.4568683551301138,150.39648024297742,143.7531707763672,137.10986130975698,0.07301340688339115
2021-11-04,147.5047607421875,148.9411009512701,147.1920779010685,148.11056510993245,60394600,144.12789154052734,144.10033447265624,144.9914723857206,59.12198437485486,1.4499970355880976,1.0546056583896233,0.3953913771984743,150.72978787777942,144.12789154052734,137.52599520327527,-0.04087937675620451
2021-11-05,148.03318786621094,148.93344079375584,146.83937063089465,148.6300964838691,65463900,144.548087310791,144.17773651123048,145.28115957433874,60.38924972543619,1.5049057523445128,1.1446656771806012,0.36024007516391165,151.01968143125794,144.548087310791,138.07649319032407,-0.040139105375999996
2021-11-08,147.2112579345703,148.3170106437663,146.93726849126057,148.1604409815022,55020900,144.93158264160155,144.21798583984375,145.46497846578936,57.40809009452535,1.4652084190473715,1.2087742255539553,0.25643419349341623,151.07147435723778,144.93158264160155,138.79169092596533,-0.06397703750379546
2021-11-09,147.5732879638672,148.17997664131613,146.83938459031998,146.97637928946335,56787900,145.39669342041014,144.1771453857422,145.66576984655867,58.382619222545316,1.4462888762764408,1.2562771556984524,0.19001172057798832,150.81482964672838,145.39669342041014,139.9785571940919,0.04059024431499681
2021-11-10,144.7452850341797,146.90785977516097,144.67679516407316,146.80022003816552,65187100,145.74971618652344,144.10495361328125,145.5781046263321,48.95895520951959,1.1893882728623169,1.2428993791312255,-0.05351110626890865,149.87863833144354,145.74971618652344,141.62079404160335,-0.13907453981148482
2021-11-11,144.69639587402344,146.22291262356347,144.51047128224292,145.7630135429795,41000000,145.9610580444336,144.01849548339842,145.49413236420747,48.81227124487061,0.9706585990312249,1.1884512231112254,-0.21779262408000055,149.35446646492363,145.9610580444336,142.56764962394357,-0.07304445480907751
2021-11-12,146.7708740234375,147.1720631299846,144.3147348567186,145.2443426792842,63804000,146.22335968017578,143.95124877929686,145.61572680794367,54.97639981984732,0.9537129964213307,1.1415035777732465,-0.18779058135191584,148.95011025811675,146.22335968017578,143.4966091022348,0.10471562950073958
2021-11-15,146.78065490722656,148.6203105600799,146.22288125155492,147.1427090779816,59222800,146.40260467529296,143.87149536132813,145.7266723412087,55.00391260128607,0.9303482444061899,1.0992725110998354,-0.16892426669364546,148.75536714125732,146.40260467529296,144.0498422093286,-0.024600683486572215
2021-11-16,147.75924682617188,148.2387358500832,146.13487006562903,146.72199887322225,59256200,146.52281112670897,143.76460723876954,145.92025086358615,57.78352629732949,0.9795045804423239,1.075318924968333,-0.09581434452600912,148.89480241902615,146.52281112670897,144.1508198343918,0.07057724396919118
2021-11-17,150.19577026367188,151.6733569463972,147.7494257967945,147.7592057993934,88807000,146.74041442871095,143.73732635498047,146.32744318740384,63.782557515434554,1.2012214759926394,1.1004994351731945,0.10072204081944491,149.57640216314468,146.74041442871095,143.90442669427722,0.16342242456604275
2021-11-18,154.48175048828125,155.26458367795593,149.76520627698585,150.41104477831504,137827700,147.16156768798828,143.8160888671875,147.1040438827255,71.46419139413483,1.7031437171933135,1.2210282915772184,0.4821154256160951,151.54631990856572,147.16156768798828,142.77681546741084,0.26421909316178727
2021-11-19,157.104248046875,157.5641620110988,153.1705218782956,154.2664794451428,117305600,147.75244216918946,144.04696716308592,148.05644427931117,74.96333605956679,2.2861806775979687,1.4340587687813686,0.8521219088166001,153.8268078161842,147.75244216918946,141.67807652219471,0.1819051952643703
2021-11-22,157.56414794921875,162.14369731452808,157.54457301404287,158.20997149701574,117467900,148.3687530517578,144.27570861816406,148.9619398669214,75.5300165973946,2.7536098475880237,1.6979689845426997,1.055640863045324,155.6740882028685,148.3687530517578,141.06341790064712,-0.04079800173390269
2021-11-23,157.94581604003906,158.3274452479913,155.6462458566702,157.66203166951047,96041900,148.9709274291992,144.54003021240234,149.81754712150402,76.0151991474784,3.118895570949519,1.9821543018240637,1.1367412691254553,157.28025007430054,148.9709274291992,140.66160478409788,0.0179975942436376
2021-11-24,158.4644317626953,158.66013635871653,156.2137915801923,157.2999692591092,69463600,149.62199478149415,144.7969400024414,150.64105994447462,76.69148547022407,3.4109161745819563,2.2679066763756426,1.1430094982063137,158.72614098511085,149.62199478149415,140.51784857787746,0.07389321257879476
2021-11-26,153.4445343017578,157.00641185994465,153.00419520836275,156.14530861301552,76959800,149.84032440185547,144.95814178466796,150.90805750231112,59.27067948492893,3.200388745506018,2.4544030902017178,0.7459856553043003,159.09007952144393,149.84032440185547,140.590569282267,-0.17126096960448334
2021-11-29,156.8009033203125,157.73051124922804,155.38201155737082,155.9495652762871,88748200,150.36180267333984,145.2398211669922,151.46928091354934,64.99598307143643,3.26671847354487,2.616866166870348,0.6498523066745219,159.94060059974092,150.36180267333984,140.78300474693876,0.05453643612481396
2021-11-30,161.75228881835938,161.96756831221649,156.48775108343634,156.55625589116394,174048100,151.1718894958496,145.68150024414064,152.4486149997217,71.3861159422906,3.676440967168247,2.828781126929928,0.8476598402383191,161.68128605792566,151.1718894958496,140.66249293377354,0.32022300964125083
2021-12-01,161.2336883544922,166.64500155872992,160.99883389139347,163.88551760970591,152052500,151.90425872802734,146.10323120117187,153.285288652557,69.94584314893154,3.9141820181354205,3.045861305171027,0.8683207129643935,163.05524062139497,151.90425872802734,140.75327683465972,-0.16041230228943637
2021-12-02,160.24533081054688,160.6758897940943,154.41325439149716,155.33308223247562,136739200,152.51539306640626,146.45790283203124,153.9481498104608,67.16461019525681,3.9769969745825904,3.2320884390533395,0.7449085355292508,164.08050295142397,152.51539306640626,140.95028318138856,0.30610288269031327
2021-12-03,158.3665771484375,161.41962568459428,156.29208148681235,160.4997976289517,118023100,153.05848388671876,146.7558480834961,154.3689524140776,62.1090338580047,3.8310169819489204,3.351874147632456,0.4791428343164643,164.65149729440384,153.05848388671876,141.46547047903368,-0.13213395109270507
2021-12-06,161.77186584472656,164.27692006238982,160.75417823673777,160.76395823883925,107497000,153.74541778564452,147.1201400756836,155.0739917884251,66.96302742784428,3.9446338411911768,3.4704260863442005,0.4742077548469763,165.68879805068144,153.74541778564452,141.8020375206076,0.06261285884627919
2021-12-07,167.50607299804688,167.8974970290668,164.7270295686555,165.45115282756737,120405400,154.76015853881836,147.62940673828126,156.25799952267482,73.19101822174618,4.446126437259039,3.665566156527168,0.780560280731871,167.71614612578801,154.76015853881836,141.8041709518487,0.12356629753000942
2021-12-08,171.32241821289062,172.18353634737676,167.03641741062992,168.4357343791699,116998900,155.94761505126954,148.28261627197264,157.69270606460015,76.38216487745342,5.0928034292398365,3.951013611069702,1.1417898181701345,170.3263795965259,155.94761505126954,141.56885050601318,0.16972346518941453
2021-12-09,170.81358337402344,172.9565838887255,170.1873196788355,171.15607763147332,108923700,157.25102996826172,148.90767028808594,158.94231342740238,75.09861647730344,5.500830732913556,4.260977035438473,1.2398536974750831,172.05151210016663,157.25102996826172,142.4505478363568,-0.020007969042607845
2021-12-10,175.59861755371094,175.77476213435622,170.94078267392138,171.4496265464153,115402700,158.7961410522461,149.65441650390625,160.52862810609844,78.72007323764385,6.139534842913179,4.636688596933414,1.5028462459797645,174.45844691321483,158.7961410522461,143.13383519127737,0.23737899011803434
2021-12-13,171.96827697753906,178.221134326904,171.76277742360364,177.2328013708556,153237000,160.05601119995117,150.30608215332032,161.61811847480706,70.35961141492604,6.280378018826099,4.965426481311951,1.3149515375141476,175.70012693943198,160.05601119995117,144.41189546047036,-0.28860154243415415
2021-12-14,170.5885009765625,173.92531854630914,168.51400556372403,171.48875398461132,139380400,161.24640350341798,150.99874572753907,162.47244061783138,67.42848802932605,6.209086375730379,5.2141584601956374,0.9949279155347419,176.28002825478075,161.24640350341798,146.21277875205521,-0.05244815802631315
2021-12-15,175.4518280029297,175.6475325738547,168.611843504033,171.35175229088827,131063300,162.63103256225585,151.7501776123047,163.70857274974549,71.87582494297425,6.4704299922091195,5.465412766598335,1.0050172256107848,177.54140548305912,162.63103256225585,147.72065964145258,0.23481396423132414
2021-12-16,168.56288146972656,177.25230012898882,167.0852950701425,175.43221959715143,150185800,163.54938812255858,152.34643798828125,164.17088786593416,59.48562854227795,6.051903700565646,5.582710953391798,0.46919274717384774,177.51563062017271,163.54938812255858,149.58314562494445,-0.37270991327683184
2021-12-17,167.4669647216797,169.74695967221308,166.0480878451819,166.28292736988075,195432700,164.19864883422852,152.89557037353515,164.48479994743371,57.77924503670464,5.567607364527078,5.5796902356188545,-0.012082871091776859,177.61486448708587,164.19864883422852,150.78243318137118,0.07108608627651249
2021-12-20,166.10682678222656,166.91901512025265,163.865981314703,164.66837471661833,107499100,164.6487777709961,153.42512145996093,164.63927869360447,55.64577352638382,5.016223364033067,5.4669968613016975,-0.4507734972686306,177.68129488454855,164.6487777709961,151.61626065744366,0.0871329635889293
2021-12-21,169.27725219726562,169.48273676499653,165.49030091905374,167.87793543850688,91185900,165.23443298339845,154.01983947753905,165.08099045585791,59.40823601592357,4.779973842748433,5.329592257591044,-0.5496184148426115,177.9906351362488,165.23443298339845,152.47823083054809,0.08316072212053732
2021-12-22,171.87039184570312,172.08567137280502,168.45528928513505,169.32618739702795,92135300,165.93066177368163,154.69182586669922,165.72760011203366,62.23034169763181,4.747265570474923,5.21312692016782,-0.46586134969289716,178.53876067342628,165.93066177368163,153.322562873937,0.14913401476755356
2021-12-23,172.49664306640625,173.05441678226669,171.50832525865067,172.07587897729215,68356600,166.63227233886718,155.38806213378905,166.37227086959297,62.90115717627755,4.717496901023566,5.114000916338969,-0.39650401531540336,179.0608133746008,166.63227233886718,154.20373130313357,0.024447368898308678
2021-12-27,176.459716796875,176.54778161213417,173.26968906108772,173.2892490658333,74919600,167.78303146362305,156.10786529541016,167.3329800055246,66.90675731630853,4.956555854726986,5.082511904016572,-0.12595604928958615,179.3460800249688,167.78303146362305,156.21998290227728,0.18094367307545647
2021-12-28,175.4420623779297,177.43828815623348,174.6983789116561,176.29340054719341,79144300,168.7150894165039,156.78620971679686,168.10527356480128,64.9669761544497,5.006187379282721,5.067246999069802,-0.06105961978708052,179.57049761334153,168.7150894165039,157.85968121966627,-0.048253479960157705
2021-12-29,175.5301055908203,176.7532777728696,174.316713410959,175.48117571727812,62348900,169.40398025512695,157.43289672851563,168.81240042442215,65.06135378541973,4.9950452986463745,5.052806658985117,-0.05776136033874213,180.15267205586017,169.40398025512695,158.65528845439374,0.002788318834572588
2021-12-30,174.3754425048828,176.69458737092964,174.26780274374727,175.61818975957434,59773000,170.0610679626465,158.01330322265625,169.34221395589458,62.67661368904397,4.837282279341963,5.009701783056487,-0.17241950371452397,180.32750219452515,170.0610679626465,159.79463373076783,-0.070646270960054
2021-12-31,173.7589874267578,175.38334904304386,173.45562812611084,174.2678163999058,64062300,170.73675079345702,158.57160888671876,169.76285904835774,61.38302245744062,4.609377146539771,4.929636855753144,-0.32025970921337343,180.06620228809865,170.73675079345702,161.4072992988154,-0.02918980886749215
2022-01-03,178.10366821289062,178.9550062933326,173.89596741451703,174.0133871781769,104487900,171.72360534667968,159.2125085449219,170.5572218259323,66.61310655462029,4.724874701824547,4.888684424967425,-0.16380972314287856,179.68558957207034,171.72360534667968,163.761621121289,0.2308200925334385
2022-01-04,175.84320068359375,179.01366782786695,175.27564709368258,178.7103235661365,99310400,172.42717208862305,159.82363739013672,171.06064838380482,61.91471352649175,4.581197317424824,4.8271870034589055,-0.24598968603408178,179.13537285253383,172.42717208862305,165.71897132471227,-0.1590716431342986
2022-01-05,171.1658477783203,176.30317175638402,170.8918583606612,175.75519292106577,94537600,172.61016082763672,160.3421957397461,171.07066737375868,53.50517786311156,4.043300020196114,4.670409606806348,-0.6271095866102341,178.96159865901066,172.61016082763672,166.25872299626278,-0.2553441664363547
2022-01-06,168.30848693847656,171.53766438344002,167.95621276391145,168.99346035254746,96904000,172.459464263916,160.7903189086914,170.8076025703985,49.116300646781134,3.3478554038590573,4.40589876621689,-1.0580433623578323,179.0639436642858,172.459464263916,165.8549848635462,-0.04051035748547562
2022-01-07,168.47486877441406,170.40258963561612,167.35933616352636,169.1794172582698,86709100,172.34252853393554,161.25095458984376,170.5854374469714,49.37669622837609,2.7781118149648307,4.080341375966478,-1.3022295610016474,179.13944458111266,172.34252853393554,165.54561248675842,-0.04162098887705666
2022-01-10,168.49441528320312,168.79775959259328,164.5606894006289,165.45116232460057,106765600,171.98731842041016,161.63928405761717,170.38629247899348,49.40945082813556,2.3016313820312746,3.724599377179438,-1.4229679951481633,178.80894160192076,171.98731842041016,165.16569523889956,0.18188996866847987
2022-01-11,171.32241821289062,171.42026304461638,167.1538521125257,168.62165897014336,76138300,171.95502548217775,162.1383056640625,170.4754473107932,54.04256432955961,2.1276867593714144,3.4052168536178336,-1.2775300942464192,178.78281556660232,171.95502548217775,165.12723539775317,0.1588111069460939
2022-01-12,171.76275634765625,173.3773379097134,171.06800280036754,172.3400901249927,74805200,172.01373825073242,162.66254974365233,170.59804817144683,54.737639653001914,2.0022849061078603,3.1246304641158393,-1.122345558007979,178.81365327368158,172.01373825073242,165.21382322778325,-0.03348715362797506
2022-01-13,168.49441528320312,172.82933029006384,168.10299122971512,172.0073621746904,84505800,171.6658676147461,163.10071197509765,170.39770218209028,48.83394790283234,1.6204951651488955,2.823803404322451,-1.2033082391735554,178.4384463705028,171.6658676147461,164.89328885898942,-0.20143937752687813
2022-01-14,169.3555450439453,170.05029852382498,167.4180294399018,167.66266389110206,80440800,171.70550079345702,163.5273699951172,170.29844912131458,50.35328464177991,1.3715990793268986,2.5333625393233405,-1.161763459996442,178.4139546630533,171.70550079345702,164.99704692386075,0.10062774833815359
2022-01-18,166.15573120117188,168.83691537487223,165.77410203397278,167.82902257608225,90956700,171.63993911743165,163.90038940429687,169.90390455749144,45.00544926561291,0.9057084596231562,2.2078317233833036,-1.3021232637601474,178.53581548568155,171.63993911743165,164.74406274918175,-0.09937309089339567
2022-01-19,162.66232299804688,167.40823697043027,162.3785536255594,166.35141442818917,94815000,171.46771392822265,164.19297210693358,169.21423012325863,40.00945260029053,0.2516965395532793,1.8166046866172987,-1.5649081470640194,179.0460327812139,171.46771392822265,163.8893950752314,-0.21819963302726433
2022-01-20,160.97926330566406,166.0383024176851,160.65634400941124,163.39625309442948,91420500,171.05281448364258,164.46833221435546,168.429947569202,37.83056544860644,-0.3978354706009952,1.37371665517364,-1.7715521257746352,179.87235218210293,171.05281448364258,162.23327678518223,-0.14685245427755517
2022-01-21,158.92431640625,162.76018251834915,158.81667665863466,160.8911718694381,122848900,170.40551071166993,164.69535278320313,167.52464936320658,35.30263555299973,-1.0661217215799468,0.8857489798229226,-1.9518707014028693,180.67170002883117,170.40551071166993,160.1393213945087,-0.1216422124524023
2022-01-24,158.15127563476562,158.81668910799385,151.37979580013618,156.58562410189697,162294600,169.6882423400879,164.96347259521485,166.63194710335506,34.372138033474315,-1.6392253504530458,0.3807541137677289,-2.019979464220775,181.19890852355914,169.6882423400879,158.17757615661665,0.09965505123348423
2022-01-25,156.35076904296875,159.26680751652682,153.65001008067688,155.56793581393717,115798400,168.68279495239258,165.19656005859375,165.65278728808016,32.24062247144559,-2.213187689793756,-0.13803424694456806,-2.075153442849188,181.12702267917837,168.68279495239258,156.2385672256068,0.05027855705653463
2022-01-26,156.26268005371094,160.86180403234616,154.4328194222898,159.99090611922438,108275300,167.72382583618165,165.3863961791992,164.7584913609974,32.13562464685607,-2.6446788130380696,-0.6393631601632684,-2.0053156528748013,180.8727660309663,167.72382583618165,154.574885641397,-0.22889908782451038
2022-01-27,155.8028106689453,160.32365113506773,154.88298262420264,158.96348400735147,121954600,166.7374610900879,165.5668392944336,163.90556939032575,31.55781947489777,-2.9892876062388325,-1.1093480493783812,-1.8799395568604513,180.3476589725081,166.7374610900879,153.12726320766768,-0.19625078503646093
2022-01-28,166.67431640625,166.69389133962514,159.3059292425837,162.15347733104576,179935700,166.35240478515624,165.94514068603516,164.16925958231855,53.04964967965627,-2.3579716719389126,-1.3590727738904875,-0.998898898048425,179.5044942920914,166.35240478515624,153.20031527822107,0.27179409714777847
2022-01-31,171.02882385253906,171.2441033483954,165.87192581665457,166.5079843021577,115541600,166.2158966064453,166.3618017578125,164.82255141757764,58.65049864545427,-1.4891113382741707,-1.3850804867672242,-0.10403085150694658,179.11183419315827,166.2158966064453,153.31995901973235,0.26502828731175526
2022-02-01,170.8625030517578,171.08756258764447,168.61186289898112,170.27537434014533,86213900,165.85383834838868,166.68941680908202,165.39778490654717,58.36411176553638,-0.8046781340319171,-1.269000016220163,0.46432188218824577,177.76329799396495,165.85383834838868,153.9443787028124,0.03446746988196067
2022-02-02,172.0660858154297,172.105235689561,169.6099612749151,170.9994831805343,84914300,165.66498260498048,166.98865356445313,166.0328611835836,59.89042457732316,-0.16325887167991482,-1.0478517873121131,0.8845929156321983,177.04274577828858,165.66498260498048,154.28721943167238,0.06229384590665335
2022-02-03,169.18919372558594,172.4575215973305,168.42593537257994,170.7352853699913,89418100,165.56614990234374,167.22115447998047,166.33346428282192,54.72621972665952,0.11164242210327302,-0.815952945429036,0.927595367532309,176.78428399357793,165.56614990234374,154.34801581110955,-0.09030818530033703
2022-02-04,168.90505981445312,170.580497991328,167.22962163757825,168.20940619823992,82465400,165.5959785461426,167.44033935546875,166.57837814297727,54.22887122400332,0.30308269728917026,-0.5921458168853947,0.895228514174565,176.84624764929006,165.5959785461426,154.34570944299512,0.04133284213126267
2022-02-07,168.1898193359375,170.43351937589156,167.49416572772904,169.36555780513737,77251200,165.58172607421875,167.6348471069336,166.731848732783,52.92498467583999,0.3925613624986397,-0.3952043810085878,0.7877657435072275,176.81808413992155,165.58172607421875,154.34536800851595,-0.06930886231197808
2022-02-08,171.2957305908203,171.80522273077705,167.96445422996524,168.2583925780297,74829200,165.7217918395996,167.99187103271484,167.16650414783416,57.68319614444313,0.7059570964568422,-0.17497208551550184,0.880929181972344,177.16777308821605,165.7217918395996,154.27581059098316,0.17858073530795546
2022-02-09,172.7164306640625,173.07894618735656,171.36432311182244,172.49108438879807,71285000,165.7914924621582,168.31018157958985,167.69506857795116,59.69026052859928,1.0567821691162749,0.0713787654108535,0.9854034037054213,177.38902001499616,165.7914924621582,154.19396490932024,0.013063484219207147
2022-02-10,168.64048767089844,171.9325638827204,168.08201833200982,170.61965636290995,90865900,165.6353790283203,168.44794555664063,167.78510849156518,52.06117025537979,0.9944555665415749,0.2559941256369978,0.7384614409045771,176.98867440824287,165.6353790283203,154.28208364839773,-0.11548136927284978
2022-02-11,165.23085021972656,169.58109560057568,164.64297356543503,168.84625725787345,98670700,165.4722007751465,168.52788879394532,167.5418457990091,46.68568361697787,0.6622974850401135,0.337254797517621,0.32504268752249255,176.7499983644183,165.4722007751465,154.19440318587468,-0.2109106536290368
2022-02-14,165.46600341796875,166.1518495458794,163.19289630795137,163.98651932384257,86185500,165.27772369384766,168.63230224609376,167.3441465246243,47.09143240848807,0.4132707818997119,0.3524579943940392,0.060812787505672705,176.41421184152813,165.27772369384766,154.1412355461672,0.0899758699086569
2022-02-15,169.29698181152344,169.45375094241317,166.80833539753965,167.51378153621621,62527400,165.43478622436524,168.85091033935547,167.53013083766234,53.32379136265122,0.5190598660259695,0.38577836872042526,0.13328149730554428,176.70418733694325,165.43478622436524,154.16538511178723,0.10605067973374549
2022-02-16,169.0618438720703,169.8358671652493,166.61238225395954,168.37599760906474,61177400,165.7547622680664,168.99670989990236,167.67600826951073,52.911810760582966,0.5772703969830104,0.4240767743729423,0.15319362261006814,177.05448181014805,165.7547622680664,154.45504272598475,0.04071050568077156
2022-02-17,165.46600341796875,168.43474911832254,165.06428820364812,167.57253401447812,69589300,165.97909927368164,168.95590850830078,167.46553161698293,46.93932678383569,0.32945068675627454,0.4051515568496088,-0.07570087009333426,177.06683807057206,165.97909927368164,154.89136047679122,-0.12505056686219362
2022-02-18,163.9179229736328,167.09241466512012,162.83036175887298,166.38698369504047,82772700,166.2287796020508,168.8078186035156,167.12766412714006,44.604989511479694,0.008041924645766585,0.3257296304088404,-0.3176877057630738,176.88637256900284,166.2287796020508,155.57118663509874,-0.1473129489437618
2022-02-22,160.99819946289062,163.32028399061443,158.87205389872815,161.64484588368407,91162800,166.37112579345703,168.61151092529298,166.54390558768773,40.51283289899575,-0.4767781197409988,0.16522808037887257,-0.6420062001198714,176.6631526952159,166.37112579345703,156.07909889169815,-0.03998282087635996
2022-02-23,156.8341064453125,162.79118283457873,156.5205682404435,162.19351371308113,90009200,166.39529266357422,168.236220703125,165.61916281222344,35.50932489360815,-1.18336787535236,-0.10449111076737394,-1.0788767645849862,176.5949455657101,166.39529266357422,156.19563976143834,-0.318909700846184
2022-02-24,159.4501495361328,159.5579264390306,148.9272576589058,149.49553451506446,141147500,166.5546661376953,167.98585815429686,165.03163773831005,40.48252187864044,-1.5147909658045933,-0.3865510817748178,-1.1282398840297754,176.20061630648908,166.5546661376953,156.90871596890153,0.5822635023921566
2022-02-25,161.5175018310547,161.78203291625664,157.617948249187,160.5279097890242,91974200,166.84040069580078,167.80443817138672,164.69695812809528,44.148008844784876,-1.5922733639622493,-0.6276955382123042,-0.9645778257499451,175.4816913027825,166.84040069580078,158.19911008881905,0.06156813371357638
2022-02-28,161.78199768066406,162.07593599497437,159.14637521454355,159.76364417956287,95056600,166.59578475952148,167.5310415649414,164.41934284738753,44.61795188875953,-1.6137339971486995,-0.8249032299995833,-0.7888307671491162,175.51455860706605,166.59578475952148,157.6770109119769,0.12566587609450938
2022-03-01,159.90081787109375,163.23209394256236,158.69568719407653,161.37049453342058,83474400,166.0393844604492,167.35780029296876,163.98900713535954,41.91655568724745,-1.7622233783613694,-1.0123672596719406,-0.7498561186894288,175.1684781164371,166.0393844604492,156.91029080446134,-0.09082370630300421
2022-03-02,163.1929168701172,163.97674752234462,159.65589394659725,161.06678613054137,79724800,165.6559051513672,167.2723193359375,163.91318901486028,47.865392104819435,-1.595861310974982,-1.129066069932549,-0.466795241042433,174.58451682492645,165.6559051513672,156.72729347780793,0.1312416496077121
2022-03-03,162.8695831298828,165.49541352335572,162.203336805619,165.06430592514928,76678400,165.19608001708986,167.20757446289062,163.81379797819577,47.35243061263904,-1.4731272111214366,-1.1978782981703264,-0.2752489129511102,173.6936670071161,165.19608001708986,156.69849302706362,-0.13218364987923273
2022-03-04,159.8714599609375,162.20335221808782,158.82309815688976,161.16478287844762,83737200,164.7301933288574,167.01945861816407,163.43833721464736,42.774861757852584,-1.59934676219342,-1.2781719909749452,-0.32117477121847493,173.32217257456406,164.7301933288574,156.13821408315076,-0.08007666266751688
2022-03-07,156.07968139648438,161.6840502038395,155.82492784594277,160.05760426701897,96418800,164.08892440795898,166.70364440917967,162.7375128510128,37.798161691825236,-1.9824886120530039,-1.419035315190557,-0.5634532968624468,173.23537581530425,164.08892440795898,154.94247300061372,-0.24353700400312156
2022-03-08,154.2572784423828,159.58730866544224,152.65043241487155,155.60938587479396,131148300,163.39229736328124,166.33885711669922,161.92987147876232,35.65125204923909,-2.405455384070166,-1.6163193289664788,-0.789136055103687,173.27587976167524,163.39229736328124,153.50871496488725,-0.08667310369065241
2022-03-09,159.65589904785156,160.10660654613918,156.1874681101056,158.2156144765831,91454900,162.8103057861328,166.00278076171875,161.71330267581845,45.522717005395926,-2.278767816592392,-1.7488090264916616,-0.5299587901007305,172.11780960618208,162.8103057861328,153.50280196608352,0.09078239012850492
2022-03-10,155.31549072265625,157.14768351502929,152.8268289578217,156.96152201092795,105342000,161.9402587890625,165.60024932861327,161.1039872517078,40.1851909670757,-2.499785710560218,-1.899004363305373,-0.6007813472548449,170.61262229617532,161.9402587890625,153.2678952819497,-0.10448571567237785
2022-03-11,151.60203552246094,156.0600575177212,151.37668929729986,155.7171269987306,96970100,161.0883361816406,165.1216879272461,160.19903946797,36.267243045021,-2.9406903362137484,-2.1073415578870485,-0.8333487783267,170.29181155410606,161.0883361816406,151.88486080917517,-0.25828235223717194
2022-03-14,147.57513427734375,151.0043799732345,147.06565710961667,148.38835719355112,108732100,160.20555038452147,164.58568176269532,158.99676278314845,32.559973688340094,-3.5738505800118787,-2.4006433623120147,-1.173207217699864,170.91423641537074,160.20555038452147,149.4968643536722,-0.05474888676932621
2022-03-15,151.95480346679688,152.42511088063213,147.3400259647883,147.84950323761805,92964300,159.52999038696288,164.1495980834961,158.32609999111497,39.77104720321034,-3.67981333619349,-2.65647735708831,-1.0233359791051804,170.52685007428943,159.52999038696288,148.53313069963633,0.2707449296656197
2022-03-16,156.36378479003906,156.76549997179433,151.3375011134131,153.875139056129,102300200,158.88333053588866,163.71480041503906,158.13921282910775,46.02760571938085,-3.3691837850664115,-2.7990186426839303,-0.5701651423824812,168.99196023578824,158.88333053588866,148.77470083598908,0.16033596015798393
2022-03-17,157.37298583984375,157.7453087439647,154.44343967423552,155.40362432397723,75615400,158.29888763427735,163.34539611816408,158.06623883013023,47.37515648135077,-3.0069117306653936,-2.840597260280223,-0.16631447038517067,167.27407018740263,158.29888763427735,149.32370508115207,0.12605153645148137
2022-03-18,160.66505432128906,161.1549465596943,156.53036263312293,157.2652009907308,123511700,158.05884017944337,163.13538024902343,158.31374506738345,51.6186835920754,-2.4261983991457328,-2.7577174880533253,0.3315190889075925,166.49505081967826,158.05884017944337,149.62262953920848,0.21287986659490923
2022-03-21,162.0367431640625,162.98713519470292,159.71464405141342,160.20453623420445,95811400,157.96478118896485,163.00994537353515,158.66831631468622,53.30814666990407,-1.8341521103646983,-2.5730044125156004,0.7388523021509021,166.1765552838135,157.96478118896485,149.75300709411619,0.11387069787634127
2022-03-22,165.4071807861328,165.99504235358978,161.57622086103993,162.1640824284969,81532000,158.18523025512695,162.94859161376954,159.31011293101446,57.2576692064282,-1.0805293432016754,-2.2745093986528153,1.19398005545114,166.93030770987878,158.18523025512695,149.44015280037513,0.197364457717232
2022-03-23,166.7691192626953,169.14998832074127,164.26085849061369,164.59399656875675,98062700,158.6819808959961,162.91408569335937,160.02049448641264,58.77513397095025,-0.36912576574761147,-1.8934326720717745,1.524306906324163,168.16147760635764,158.6819808959961,149.20248418563457,0.13138684136179946
2022-03-24,170.55111694335938,170.61969409297694,166.769147690774,167.60195565228418,90131400,159.2370292663574,162.89865966796876,161.02341091088374,62.73194734533611,0.49414609157844325,-1.415916919341731,1.9100630109201742,170.03914964146054,159.2370292663574,148.43490889125428,0.1741683495201206
2022-03-25,171.18795776367188,171.73663471959298,169.25778100424003,170.36494232979024,80546200,159.72055206298828,162.88716369628906,161.99146299210167,63.36951070735393,1.2156695085787703,-0.8895996337576306,2.105269142336401,171.69032460822444,159.72055206298828,147.7507795177521,0.04827142137301927
2022-03-28,172.05018615722656,172.17754799227433,168.5229555265403,168.6895171187773,90371900,160.2339614868164,162.95827911376952,162.9494366268755,64.26097802451878,1.8358936016280438,-0.3445009866804957,2.1803945883085394,173.3402638490932,160.2339614868164,147.12765912453963,0.19662767028094066
2022-03-29,175.34226989746094,175.391247170357,172.77522391375607,173.11815452599345,100589400,161.00603408813475,163.07801361083983,164.12970646216934,67.511993291667,2.5635186611967242,0.23710294289494827,2.326415718301776,175.66962085526262,161.00603408813475,146.3424473210069,0.12777163081138473
2022-03-30,174.1763153076172,175.97911541230812,173.12793859273035,174.94054611178674,92633200,161.55520401000976,163.23842529296874,165.086526352212,65.24818207486078,3.011370764390392,0.7919565071940371,2.2194142571963553,177.28890022813803,161.55520401000976,145.8215077918815,-0.04365740479927371
2022-03-31,171.0802001953125,174.43106194071976,170.87443883843048,174.24490046314256,103049300,161.96573486328126,163.40678283691406,165.65735243250725,59.53891524521961,3.0809508845504183,1.2497553826653134,1.831195501885105,178.2345592316936,161.96573486328126,145.69691049486892,-0.1796526154774558
2022-04-01,170.78622436523438,171.34470867552832,168.46414001265768,170.51188591642043,78751300,162.5114730834961,163.60292205810546,166.1458164261003,59.010927822412036,3.076903608948186,1.615185027921888,1.4617185810262978,179.1897923947376,162.5114730834961,145.8331537722546,0.0160877218669825
2022-04-04,174.83273315429688,174.88172536504146,170.91359549990895,171.04097225778014,76468400,163.44912567138672,163.9210903930664,166.97314182878569,63.77312213917849,3.361466659852283,1.9644413543079673,1.3970253055443158,180.6752298923317,163.44912567138672,146.22302145044173,0.2181256587500508
2022-04-05,171.52108764648438,174.6955950948926,170.89402610794616,173.91176443413826,73401800,164.31231613159179,164.18848663330078,167.40627952570935,57.84950836497855,3.2819307571186016,2.227939234870094,1.0539915222485075,181.33851883441775,164.31231613159179,147.28611342876582,-0.13660554791124097
2022-04-06,168.35635375976562,170.1199686542609,166.69072328453476,168.87563829115544,89058800,164.7473388671875,164.4285983276367,167.49676278609567,52.80199555242397,2.9297579790321038,2.3683029837024963,0.5614549953296075,181.7199345264214,164.7473388671875,147.77474320795358,-0.03073983504105511
2022-04-07,168.6600799560547,169.85541807711806,166.41638033883945,167.69989546465595,77594700,165.41456832885743,164.6765463256836,167.60755489752034,53.223820481820056,2.6446804508445894,2.423578477130915,0.22110197371367457,181.893590735395,165.41456832885743,148.93554592231985,0.0571936325326622
2022-04-08,166.6515655517578,168.30740398265033,165.7795578216243,168.30740398265033,76575500,166.16704483032225,164.89352142333985,167.51650829316202,50.038933448014845,2.2309669312569156,2.3850561679561153,-0.15408923669919972,181.38026657505728,166.16704483032225,150.95382308558723,-0.09806560614704686
2022-04-11,162.39927673339844,165.61296861541499,162.1543306146452,165.29944535757966,72246700,166.908251953125,164.8080206298828,167.02915290651785,44.031561022353806,1.5421943599586427,2.216483806356621,-0.674289446397978,179.67351542644798,166.908251953125,154.142988479802,-0.17367102389061617
2022-04-12,164.2707061767578,166.43602198876223,163.27132159796375,164.62342926631288,79265200,167.52404708862304,164.67285827636718,166.76644369415976,47.04471423556664,1.134270684366669,2.0000411819586303,-0.8657704975919613,178.39167526433712,167.52404708862304,156.65641891290895,-0.021422778366379312
2022-04-13,166.95526123046875,167.5823226689275,163.39865390857594,164.00611547230426,70618900,168.05362091064453,164.59471343994142,166.7844263166654,51.11078234286125,1.0158987412858664,1.8032126938240778,-0.7873139525382113,177.6524729768836,168.05362091064453,158.45476884440546,0.17790584989909483
2022-04-14,161.94859313964844,167.80771592706967,161.70364698483297,167.17084695435335,75329400,168.28240127563475,164.39236358642577,166.3238707759971,44.281857499649696,0.5121876704729402,1.5450076891538502,-1.03282001868091,177.032697206729,168.28240127563475,159.5321053445405,-0.3026100081684843
2022-04-18,161.7330322265625,163.23210129361956,160.2633554980497,160.60627109784113,69023900,168.33580017089844,164.2432403564453,165.88664805700333,44.00921764038265,0.09450960573829548,1.2549080724707393,-1.1603984667324438,176.91078268850606,168.33580017089844,159.76081765329081,0.07004185616448137
2022-04-19,164.0159149169922,164.4274375522312,160.59647667199232,161.6840380358106,67723800,168.43475875854492,164.14545745849608,165.7084829960499,47.682930371247345,-0.05169777572308476,0.9935869028319745,-1.0452846785550594,176.75868883125156,168.43475875854492,160.11082868583827,0.14323257407080642
2022-04-20,163.84934997558594,165.46600329408383,162.74220370933205,165.34841899344127,67929800,168.35686721801758,164.05864807128907,165.53142270838666,47.43836046743445,-0.1789458018152743,0.7590803619025247,-0.938026163717799,176.82064253122903,168.35686721801758,159.89309190480614,-0.09041364335841179
2022-04-21,163.05572509765625,168.062424195949,162.55604041418727,165.4953937411617,87227800,168.17119750976562,163.8938479614258,165.29564198355519,46.22188299815397,-0.33991138742820226,0.5392820120363794,-0.8791933994645816,176.92413030011684,168.17119750976562,159.4182647194144,-0.14635744899852393
2022-04-22,158.51931762695312,164.47640880332085,158.23518671810965,163.09492410815207,84882400,167.56960754394532,163.60990570068358,164.6502777591169,39.920299981033644,-0.8240290503157155,0.26661979956596044,-1.090648849881676,177.19588118626774,167.56960754394532,157.9433339016229,-0.2734128154577696
2022-04-25,159.58731079101562,159.87144172970685,155.2566649146805,157.862880430984,96046400,166.9895751953125,163.42884216308593,164.16809042882156,41.927602740973676,-1.108736835213307,-0.008451527389893049,-1.1002853078234138,177.06153204405229,166.9895751953125,156.91761834657274,0.10880353991332929
2022-04-26,153.6302032470703,159.05820246882445,153.55181869779824,158.9700254572649,95623200,166.06857604980468,163.19682922363282,163.16448212579763,34.91944175777154,-1.7943741706448009,-0.3656360560408746,-1.4287381146039262,177.4098266055193,166.06857604980468,154.72732549409005,-0.32381325711900155
2022-04-27,153.4048614501953,156.55975368530983,152.2389155403168,152.7582001127346,88063200,164.9717056274414,162.95560638427733,162.23499444240693,34.683276963063264,-2.3290816945011557,-0.7583251837329309,-1.5707565107682249,176.7481702603325,164.9717056274414,153.1952409945503,0.042307079771880016
2022-04-28,160.33192443847656,161.19413952588084,155.71713316880462,156.0306713643422,130216800,164.27948608398438,162.7763052368164,162.05374968012785,46.631985732446175,-2.1688836278647443,-1.0404368725592936,-1.1284467553054507,175.42080529168038,164.27948608398438,153.13816687628838,0.2688902082439016
2022-04-29,154.46302795410156,162.84018882642286,154.07112011517893,158.568327600733,131747600,163.44862747192383,162.48432891845704,161.33082380145868,39.96185660729938,-2.4868297780813577,-1.3297154536637066,-1.1571143244176512,174.9111890143182,163.44862747192383,151.98606592952945,-0.2532643504010788
2022-05-02,154.76675415039062,155.0312851805643,150.17156281104934,153.54202362072925,123055300,162.64765396118165,162.27034393310547,160.70567431088077,40.43668825141788,-2.683364076375227,-1.6004451782060105,-1.0829188981692166,174.185894819043,162.64765396118165,151.1094131033203,0.07959642919535241
2022-05-03,156.2560577392578,157.46120366883235,153.1599494897431,154.9529423111533,88966500,161.71882019042968,162.11710662841796,160.28190130405955,42.82454198332562,-2.6879594474208943,-1.8179480320489874,-0.870011415371907,172.11859628723036,161.71882019042968,151.319044093629,0.08389979746964484
2022-05-04,162.66383361816406,163.1145261346623,156.04048055543203,156.44219580516028,108256500,161.27595748901368,162.15041931152345,160.50875200064092,51.78134001596261,-2.1497661842827256,-1.884311662495735,-0.2654545217869906,170.67449748169756,161.27595748901368,151.8774174963298,0.3779755323718479
2022-05-05,153.60079956054688,160.7630208987196,151.8175848345959,160.53767468016548,130525300,160.53817977905274,162.08575317382812,159.850851768251,41.80590691504643,-2.4265831116705954,-1.992765952330707,-0.4338171593398883,169.9142396003221,160.53817977905274,151.16211995778337,-0.4070770072051777
2022-05-06,154.32688903808594,156.44633619011688,151.2850890529144,153.08073053124994,116124600,159.8215202331543,161.98328796386718,159.32476007966383,42.7573426872785,-2.5578874342172924,-2.1057902487080242,-0.45209718550926814,168.7869576563835,159.8215202331543,150.8560828099251,0.08122597064146521
2022-05-09,149.2049560546875,152.90417564451926,148.64566602154656,152.0210648420898,131577900,158.94918975830078,161.73703704833986,158.36096922014227,38.033501255607135,-3.040198723387192,-2.292671943643858,-0.747526779743334,168.46484052641276,158.94918975830078,149.4335389901888,-0.183154403704197
2022-05-10,151.60894775390625,153.79708852885074,150.05861170075954,152.59999379126018,115366700,158.40967330932617,161.53357604980468,157.71791955669121,41.31087517305957,-3.1916603816494558,-2.4724696312449774,-0.7191907504044783,168.29797488519247,158.40967330932617,148.52137173345986,-0.06485289011883195
2022-05-11,143.7493133544922,152.53126499841446,143.0722664113859,150.61788122808568,142689800,157.38360366821288,161.21054595947265,156.38757610886273,34.825684359561734,-3.9009341072309383,-2.75816252644217,-1.1427715807887684,168.77140951341673,157.38360366821288,145.99579782300904,-0.42683981160056617
2022-05-12,139.88330078125,143.45495579096956,136.19390367446763,140.08936442340104,182602000,156.03000564575194,160.74435363769533,154.8157403633758,32.151989646535824,-4.720577668931156,-3.1506455549399672,-1.569932113991189,168.88621060956947,156.03000564575194,143.1738006819344,-0.014708381499695068
2022-05-13,144.34786987304688,145.3192870677171,140.42297369266063,141.87518108716213,113990900,155.14996948242188,160.3739193725586,153.8188003166778,38.0655049927316,-4.952804831955433,-3.5110774103430606,-1.4417274216123723,168.65821419202098,155.14996948242188,141.64172477282278,0.1725427052031723
2022-05-16,142.80735778808594,144.75019240669823,141.47289233038416,142.81717961196202,86643800,154.20368576049805,160.03263732910156,152.77009150443095,36.87133083229061,-5.201196823074412,-3.849101292889331,-1.3520955301850806,168.37024967958837,154.20368576049805,140.03712184140772,-0.0006877199475810695
2022-05-17,146.43788146972656,146.95792901438662,143.9259353445969,146.0650115425021,78336300,153.32478408813478,159.83980133056642,152.16702388207815,41.526981989852246,-5.046918609910563,-4.088664756293578,-0.9582538536169851,167.12359692575023,153.32478408813478,139.52597125051932,0.02552212534368097
2022-05-18,138.17599487304688,144.59319436014727,137.27325546059197,144.09277542323014,109742900,152.0411163330078,159.5181756591797,150.83454492883706,35.170374076546935,-5.5275985006436485,-4.376451505163592,-1.1511469954800564,166.4480552729111,152.0411163330078,137.63417739310452,-0.3890015215076536
2022-05-19,134.77113342285156,139.00020681352638,134.03521536260072,137.2536291483144,136095600,150.62688674926758,159.02048034667968,149.30469621398132,32.93303547892086,-6.112819858348786,-4.723725175800631,-1.389094682548155,165.95483015507904,150.62688674926758,135.29894334345613,-0.17892239512875097
2022-05-20,135.00662231445312,138.0582299092985,130.1201304167111,136.47845848613497,137426100,149.45125198364258,158.61430297851564,147.9429748902167,33.24931140942073,-6.482879416669789,-5.075556023974462,-1.4073233926953268,165.7533322132964,149.45125198364258,133.14917175398875,-0.10742769558502818
2022-05-23,140.42298889160156,140.5701665253798,135.06549843768857,135.20286921997902,117726300,148.49303588867187,158.39072204589843,147.22678574749145,40.23093256125965,-6.266858324679589,-5.313816484115488,-0.9530418405641008,164.55040418917312,148.49303588867187,132.43566758817062,0.36798917568226847
2022-05-24,137.724609375,139.3043807072169,134.75150167714628,138.1661572066265,104132700,147.69775619506837,158.19371154785156,146.32181656915893,38.09331987888278,-6.241449187553712,-5.499343024803133,-0.742106162750579,164.22721177582298,147.69775619506837,131.16830061431375,-0.03194686634843603
2022-05-25,137.88156127929688,139.12770462322325,135.74248578484276,135.83079232626383,92482700,146.92159118652344,157.91224670410156,145.51798273202922,38.29867788031616,-6.137893738037661,-5.62705316745004,-0.5108405705876216,163.76114283615016,146.92159118652344,130.08203953689673,0.14984285707381276
2022-05-26,141.08038330078125,141.62986633656274,134.56505664226245,134.81036263839988,90601500,145.95901412963866,157.6065786743164,145.0953542147675,42.486175142851,-5.7316363586341765,-5.647969805686867,-0.08366655294730929,161.7931802183812,145.95901412963866,130.12484804089613,0.43423115877377844
2022-05-27,146.83038330078125,146.8696256795322,142.5326166713653,142.6601806038178,90978500,145.57738189697267,157.39572662353515,145.26059508010215,49.164800053920345,-4.889336288062935,-5.496243102162081,0.6069068140991458,160.934023772819,145.57738189697267,130.22074002112635,0.284266181832197
2022-05-31,146.04537963867188,147.8312145429356,144.08293159739236,146.2710719434681,103718400,145.1413131713867,157.1033331298828,145.3353364666326,48.3395119495716,-4.236317023047889,-5.244257886339243,1.0079408632913545,159.91360879069143,145.1413131713867,130.369017552082,-0.015428504954648604
2022-06-01,145.9178466796875,148.8909545900905,144.90717205322113,147.08549081541827,74286600,144.6244026184082,156.7809552001953,145.3908136297807,48.19796014738886,-3.6865886950713502,-4.932724048085665,1.2461353530143144,158.50118262246914,144.6244026184082,130.74762261434725,-0.079219061581878
2022-06-02,148.3708953857422,148.429766433254,144.1025647736461,145.05435330119587,72348100,143.9097557067871,156.4402294921875,145.67463093987226,51.16042647799363,-3.0181926587654857,-4.54981777022163,1.5316251114561439,155.23429410356482,143.9097557067871,132.5852173100094,0.2247387036895778
2022-06-03,142.65037536621094,145.19174238635256,141.74765092180013,144.14182533230215,88570300,143.36223449707032,155.95785461425783,145.38660659952356,44.73543898363061,-2.916462971949784,-4.22314681056726,1.3066838386174764,153.78240693197176,143.36223449707032,132.94206206216887,-0.10310331833213474
2022-06-06,143.39608764648438,145.78046996633253,142.17936438712687,144.2693764860653,71598400,142.81569442749023,155.41475402832032,145.19703336590078,45.692887241529284,-2.744037161095747,-3.9273248806729577,1.1832877195772107,151.94480548765569,142.81569442749023,133.68658336732477,-0.06045799984863302
2022-06-07,145.9178466796875,146.20239508903217,141.39440285018887,141.63970888221743,67808200,142.65133895874024,154.90935180664061,145.2656822529281,48.91596480952259,-2.3765086723238653,-3.617161639003139,1.2406529666792738,151.42589050052345,142.65133895874024,133.87678741695703,0.2931817381654467
2022-06-08,145.18194580078125,147.05607272879104,144.6913336785422,145.79030004122362,53950200,142.329988861084,154.3719869995117,145.25770735272363,48.02031250989869,-2.1201806253375537,-3.317765436270022,1.1975848109324683,150.19209636166582,142.329988861084,134.46788136050216,-0.04170383018632122
2022-06-09,139.9617919921875,145.17208908244996,139.85385675234653,144.3184289860741,69473000,142.14061279296874,153.66437744140626,144.75333446124398,42.12773156469304,-2.3116147313718898,-3.1165352952903955,0.8049205639185057,150.03922381317085,142.14061279296874,134.24200177276663,-0.29302910225181267
2022-06-10,134.5552520751953,138.117085018381,134.48655920841233,137.64610169004794,91437900,141.87421035766602,152.8719561767578,143.78208851971553,37.055962494252825,-2.866546463308424,-3.0665375288940013,0.19999106558557722,150.39434081197334,141.87421035766602,133.3540799033587,-0.22085090155936166
2022-06-13,129.40383911132812,132.6614953380435,128.97209811172078,130.37524138815306,122207100,141.12700881958008,152.03842895507813,142.41273143320245,32.981641019772525,-3.6795937664924736,-3.1891487764136963,-0.4904449900787773,151.13888256673818,141.12700881958008,131.115135072422,-0.07437061508564764
2022-06-14,130.26727294921875,131.37606069096353,129.0113076188741,130.63033595491132,84784300,140.50000457763673,151.22804992675782,141.25602110139448,34.28583906008245,-4.205786033867696,-3.3924762279044964,-0.8133098059631996,151.53119384965012,140.50000457763673,129.46881530562334,-0.027786007595513647
2022-06-15,132.8871612548828,134.76130271815364,129.67856950370555,131.76856647591572,91533000,139.82246856689454,150.38913848876953,140.45898683029813,38.21475657369523,-4.3611218083238725,-3.586205343988372,-0.7749164643355004,150.97550926734075,139.82246856689454,128.66942786644833,0.08468753178424036
2022-06-16,127.61800384521484,129.90425779121338,126.61715107258264,129.60008071626916,108123900,139.29456901550293,149.51107681274414,139.236036069814,33.8334529857342,-4.853455877306374,-3.8396554506519727,-1.013800426654401,151.64459823911247,139.29456901550293,126.9445397918934,-0.1517565797495199
2022-06-17,129.08984375,130.58130861525225,127.37270152778396,127.62782938306579,134520300,139.01050453186036,148.72574661254882,138.26973203935552,36.03936948996922,-5.066465928950208,-4.0850175463116205,-0.9814483826385878,152.0080212538056,139.01050453186036,126.01298780991512,0.11405449181585982
2022-06-21,133.31893920898438,134.48659850718005,130.8168292526159,130.91494269803155,81000500,138.9261203765869,148.0189237976074,137.79822796027256,42.02066708961974,-4.838252902268408,-4.235664617502978,-0.6025882847654298,152.04784003512788,138.9261203765869,125.80440071804595,0.18159386480378276
2022-06-22,132.8086700439453,135.17340842764006,131.3957051346055,132.25917204519908,73409200,138.5454044342041,147.34206588745118,137.3230319682414,41.51619546465842,-4.645021969717192,-4.317536087945822,-0.32748588177136995,151.91089226392512,138.5454044342041,125.17991660448307,0.04152317263823622
2022-06-23,135.673828125,135.98781197648614,133.08339771801545,134.25105651395748,72433800,138.4428653717041,146.80755691528321,137.16596493555173,45.47448470727606,-4.212135871141726,-4.296456044585002,0.08432017344327658,151.86332203618244,138.4428653717041,125.02240870722576,0.10558344077301916
2022-06-24,139.00021362304688,139.24551965514786,137.1457006192552,137.27324957478913,89116800,138.4987979888916,146.30214706420898,137.34065528674174,49.728530521706766,-3.5596258582125984,-4.149090007310521,0.5894641490979229,151.91875544822446,138.4987979888916,125.07884052955873,0.12514532572670165
2022-06-27,139.00021362304688,140.79585557470105,138.32316657888146,140.02068012877845,70207900,138.3947895050049,145.74304611206054,137.49870846162796,49.728530521706766,-3.0078345277614176,-3.9208389114007005,0.9130043836392829,151.7652552461279,138.3947895050049,125.02432376388188,-0.0727509405001832
2022-06-28,134.8594512939453,140.7271675936439,134.7417091855751,139.46139501178652,67083400,137.79624290466307,145.2012632751465,137.24735063613437,44.694315446376315,-2.8715592890996504,-3.7109829869404907,0.8394236978408403,150.664972318217,137.79624290466307,124.92751349110915,-0.31850258717223195
2022-06-29,136.61581420898438,138.02877917366496,134.10388314834785,134.87905849783044,66242400,137.32476463317872,144.69891891479492,137.18720430973912,47.13877040328644,-2.5919578947706725,-3.4871779685065274,0.8952200737358549,149.6285876442262,137.32476463317872,125.02094162213125,0.1280569725406484
2022-06-30,134.15293884277344,135.77195236171494,131.25833120197146,134.67298633539292,98964500,136.736519241333,144.10165939331054,136.89822664621857,44.18931142134697,-2.5398276817631142,-3.2977079111578447,0.7578802293947304,148.45162974360312,136.736519241333,125.02140873906289,-0.03859639331121325
2022-07-01,136.3214569091797,136.4293921589786,133.11286488498627,133.48571986150768,71051600,136.1340473175049,143.55110153198243,136.843296195072,47.31507257927761,-2.2970538208984124,-3.0975770931059587,0.8005232722075464,146.5625965022376,136.1340473175049,125.70549813277218,0.20929839277050563
2022-07-05,138.90211486816406,138.9511790795148,134.3590413928598,135.18328121558443,73353800,135.94663429260254,143.06802932739257,137.0393741639379,50.84342616366903,-1.8748046759612578,-2.8530226096770184,0.9782179337157606,146.02899893965377,135.94663429260254,125.8642696455513,0.2683599727131777
2022-07-06,140.2365264892578,141.41399224615117,138.43107799720204,138.6960126584971,74064300,135.7886562347412,142.70237350463867,137.34386486158743,52.610724369317786,-1.4161686105704234,-2.5656518098556993,1.1494831992852759,145.49102772662394,135.7886562347412,126.0862847428585,0.1106167288668563
2022-07-07,143.6021270751953,143.79836886527636,140.5897624458258,140.59956929502877,66253700,135.6728702545166,142.38266983032227,137.939889834312,56.826725006163215,-0.7722187278609454,-2.2069651934567487,1.4347464655958033,144.93420668586165,135.6728702545166,126.41153382317154,0.21036559525039855
2022-07-08,144.27923583984375,144.77966988918462,142.2775445593708,142.53265752510558,64547800,135.62773475646972,142.19565048217774,138.54363707293408,57.643165686236536,-0.20488500117517106,-1.8065491550004333,1.6016641538252623,144.71033382339823,135.62773475646972,126.54513568954123,0.12192914012975312
2022-07-11,142.14991760253906,143.88668829327412,141.08038702449986,142.93489980535588,63141600,135.7371410369873,141.9705516052246,138.88709236146786,54.17368224257252,0.07208196235404785,-1.430822931529537,1.502904893883585,145.07505784239527,135.7371410369873,126.39922423157935,-0.054863715212703584
2022-07-12,143.12135314941406,145.66272006961017,142.32656399441228,143.02322474684678,77588800,136.16544609069825,141.62634017944336,139.29035529365322,55.489917428917195,0.36575085817628405,-1.071508173588373,1.437259031764657,146.01881377841013,136.16544609069825,126.31207840298639,0.006860904095920274
2022-07-13,142.75828552246094,143.700252180436,139.4515504526769,140.30522551606126,71185600,136.8331684112549,141.39224533081054,139.6206343630635,54.85575725003392,0.562702565765278,-0.7446660257176428,1.3073685914829207,146.57250529657077,136.8331684112549,127.09383152593901,0.17307742775252122
2022-07-14,145.68234252929688,146.1533259024835,140.56035155748177,141.3747693527097,78140700,137.6039218902588,141.21055709838868,140.19793990270475,58.92697704132438,0.9438550031308637,-0.4069618199479415,1.3508168230788051,147.57978371441695,137.6039218902588,127.62806006610063,0.2956003525417467
2022-07-15,147.35044860839844,148.02749575844047,145.41743557537487,146.9677717373696,76259900,138.32708625793458,141.0324449157715,140.8791312080089,61.08314423756512,1.3647908164580542,-0.05261129266674236,1.4174021091247966,148.90892649294042,138.32708625793458,127.74524602292874,0.026032265908996592
2022-07-18,144.3086700439453,148.7241795486546,143.94560685906407,147.90976155444392,81420900,139.1616195678711,140.6653416442871,141.20575395428858,55.37460463448356,1.4363816586075018,0.24518729758810648,1.1911943610193954,148.8264288816105,139.1616195678711,129.4968102541317,-0.2387663196540864
2022-07-19,148.16485595703125,148.3905333334654,144.1516525247905,145.14268358851726,82982400,140.11537017822266,140.5566227722168,141.8685255735974,60.42411555267064,1.7837182982743798,0.5528934977253612,1.2308248005490185,149.37244842325708,140.11537017822266,130.85829193318824,0.20526287322696452
2022-07-20,150.16651916503906,150.8337592919261,147.54665279809592,148.2825708215841,64823400,140.9577491760254,140.47341537475586,142.6588106775442,62.778507421700546,2.195197707218881,0.8813543396240653,1.3138433675948158,150.64392037717838,140.9577491760254,131.27157797487243,0.12637199721471382
2022-07-21,152.4331512451172,152.64902171844827,149.0871738807754,151.59910487340264,65086600,141.938973236084,140.53797927856445,143.5897002554083,65.29618464938929,2.6733793165437874,1.2397593350080096,1.4336199815357777,152.08915462870834,141.938973236084,131.78879184345965,0.054961134911167005
2022-07-22,151.19679260253906,153.34567541649065,150.52956751320949,152.47238671293337,66675400,142.71512145996093,140.5297361755371,144.31418524084933,62.80089910760791,2.918930266133515,1.5755935212331107,1.3433367449004041,153.1988036982426,142.71512145996093,132.23143922167924,-0.08346602552921345
2022-07-25,150.07821655273438,152.12897123891142,149.42079823109208,151.1183116577891,53623900,143.2690216064453,140.65631423950197,144.863140603886,60.54651794437646,2.988818188293351,1.858238454645159,1.130579733648192,154.07472832122585,143.2690216064453,132.46331489166477,-0.06871806978478832
2022-07-26,148.75357055664062,150.21558479499407,147.96858832963514,149.4011670445513,55138700,143.756689453125,140.83371963500977,145.23365774224357,57.89600995296569,2.903843310658516,2.0673594258478305,0.8364838848106855,154.62791426952475,143.756689453125,132.88546463672526,-0.043319019397401695
2022-07-27,153.8461151123047,154.37598449377768,149.3030578563077,149.71517016840275,78620700,144.70602264404297,141.0236845397949,146.05389177748748,64.3561790925364,3.2104181909045906,2.295971178859183,0.9144470120454078,155.61957970090498,144.70602264404297,133.79246558718097,0.26912500511549203
2022-07-28,154.39559936523438,154.68014773185416,151.5107984661639,154.03253631118739,81378700,145.59501190185546,141.2554493713379,146.84834011917766,64.98053925591196,3.457859724768042,2.528348888040955,0.9295108367270872,156.62369291700827,145.59501190185546,134.56633088670264,0.023566179066482913
2022-07-29,159.45870971679688,160.5576907977121,156.5052308137223,158.21256599444197,101786900,146.86030044555665,141.51586593627928,148.0493276999033,70.16622269574316,4.016213208406612,2.8259217521140862,1.1902914562925253,158.15119061337052,146.86030044555665,135.56941027774278,0.07860141649273111
2022-08-01,158.4774932861328,160.51844113720935,157.8691391572039,157.98688125382472,67829400,147.9681022644043,141.921895904541,149.04248632716326,68.06274406565832,4.329627154584358,3.1266628326081407,1.2029643219762174,159.25321150554365,147.9681022644043,136.68299302326497,0.03104399441991172
2022-08-02,157.00563049316406,159.36057683120032,156.63277559316523,157.09395202290318,59907000,148.8732780456543,142.36658584594727,149.8008810096395,64.9188491774423,4.408425355089804,3.3830153371044736,1.0254100179853305,160.00760674602827,148.8732780456543,137.73894934528033,-0.005622151459114016
2022-08-03,163.0108184814453,163.4621733323625,157.73182628494192,157.82013288982182,82507500,150.01199264526366,142.92666976928712,151.05897029266865,70.83755165509173,4.898969706629714,3.6862062110095217,1.2127634956201923,162.00540359777676,150.01199264526366,138.01858169275056,0.3175309733680974
2022-08-04,162.69676208496094,164.05085610462757,161.3426680652943,162.89300390623217,55474100,150.96672439575195,143.3721452331543,152.16733141574412,70.1707836932403,5.2024176802633235,3.989448504860282,1.2129691754030416,163.77918923420853,150.96672439575195,138.15425955729538,-0.012046700787071098
2022-08-05,162.4707794189453,162.96207295817032,160.1616937873522,160.36804367078585,56697000,151.87630157470704,143.86706863403322,153.14861217795377,69.6626670190218,5.362847900718435,4.264128384031913,1.098719516686522,165.23197783677014,151.87630157470704,138.52062531264394,0.13037309150388784
2022-08-08,161.9990997314453,164.88790765782107,161.34076829816232,163.47298010260957,60276900,152.86876068115234,144.34941940307618,153.99151575447678,68.54695523955509,5.3897991479329335,4.4892625368121175,0.900536611120816,166.13555711340288,152.86876068115234,139.6019642489018,-0.08991697779557696
2022-08-09,162.04824829101562,162.93258559805665,160.40732977942574,161.16392597706255,63135500,153.81510543823242,144.76877670288087,154.75882361509952,68.60338173750398,5.353413267762619,4.662092683002218,0.6913205847604011,166.86408324554492,153.81510543823242,140.76612763091993,0.054815980869045496
2022-08-10,166.29306030273438,166.3913100252121,163.99379489901474,164.76021170255777,70170500,154.9918441772461,145.15803024291992,155.8573223472552,73.09307634828997,5.602515735598075,4.85017729352139,0.7523384420766854,168.08482641072916,154.9918441772461,141.89886194376302,0.09276762283280257
2022-08-11,165.55612182617188,168.01258981282774,165.26134266915503,167.0987759253846,57149200,155.98553314208985,145.5482450866699,156.78101753572346,71.18976882049085,5.6750480386425295,5.015151442545617,0.6598965960969121,169.11808586397072,155.98553314208985,142.85298042020898,-0.09205850369710938
2022-08-12,169.10324096679688,169.1720142653812,166.45024387983412,166.86294364369544,68039400,157.07317276000975,146.0119529724121,157.9545626243971,74.61603717040717,5.950163500523303,5.202153854141155,0.7480096463821475,170.75652088732065,157.07317276000975,143.38982463269886,0.13345879390646156
2022-08-15,170.1742401123047,170.370754508125,168.36628368181792,168.53332166791955,54091700,158.36645126342773,146.44801986694335,159.11834143276926,75.56108666569709,6.183337500777839,5.398390583468492,0.7849469173093464,171.8677410558795,158.36645126342773,144.86516147097598,0.09705812378174496
2022-08-16,170.01705932617188,170.6852264080059,168.6709196812625,169.77141253005902,56377100,159.45906143188478,146.99535354614258,160.15631456547428,75.11906827450036,6.2830196604791695,5.575316398870628,0.7077032616085415,173.01791324264434,159.45906143188478,145.9002096211252,0.014468257702601102
2022-08-17,171.5105743408203,173.08270464114312,169.5650561598673,169.76157057327157,79542000,160.52626419067383,147.5576432800293,161.23767263931677,76.52432310827076,6.408657653886877,5.741984649873878,0.6666730040129991,174.34886524240417,160.52626419067383,146.70366313894348,0.10266408420074866
2022-08-18,171.1175079345703,171.85444813238172,170.10544459568962,170.72447915963892,62290100,161.4604820251465,148.06163650512696,162.17860933410282,75.31864338871347,6.402703118834381,5.874128343665979,0.5285747751684022,175.49288885237783,161.4604820251465,147.42807519791515,0.02301716540582474
2022-08-19,168.53335571289062,170.71470043124475,168.3270058100883,170.01705694310306,70346300,162.32731018066406,148.52866470336915,162.78382327493978,67.76001803590776,6.118929409940364,5.923088556920857,0.19584085301950704,175.8491192862514,162.32731018066406,148.8055010750767,-0.08704692559743846
2022-08-22,164.65211486816406,166.90223255698254,164.22959465128477,166.73519456201245,69026800,163.05600509643554,149.02247116088867,162.9617558076278,58.29711148221728,5.517253537467553,5.841921553030196,-0.3246680155626427,175.37624132764103,163.05600509643554,150.73576886523006,-0.1242874439945899
2022-08-23,164.3180389404297,165.77227866474297,163.74813661491604,164.17065687050786,54147100,163.834228515625,149.61772689819335,163.09092562979941,57.55208556959957,4.956330446138622,5.664803331651881,-0.7084728855132587,174.2636251023726,163.834228515625,153.4048319288774,0.00897712864951062
2022-08-24,164.61280822753906,165.1827105189657,163.35509799580043,164.40647334198977,53841500,164.37256317138673,150.32190628051757,163.23586682958413,58.06136989889279,4.483892748529058,5.4286212150273165,-0.9447284664982583,173.74176013587254,164.37256317138673,155.00336620690092,0.012549630728297727
2022-08-25,167.0692901611328,167.17737534622174,165.41855096314578,165.841056236527,51218200,165.00624771118163,151.05794662475586,163.6009547659221,62.13818836232755,4.258609433155499,5.194618858652953,-0.9360094254974545,173.23559357273228,165.00624771118163,156.77690184963097,0.07392579618048352
2022-08-26,160.77088928222656,168.0715189036816,160.71193645776907,167.59988131493301,78961000,165.0718566894531,151.61562118530273,163.33142471985587,48.988805016346795,3.531137712159108,4.861922629354185,-1.3307849171950767,173.14263929099909,165.0718566894531,157.00107408790714,-0.38631220722126586
2022-08-29,158.56988525390625,160.06340660842702,157.03705202563728,158.34387946257124,73314000,165.07647628784179,152.23465881347656,162.87794477071782,45.3752008250285,2.7453616810605297,4.438610439695454,-1.6932487586349243,173.1322473378024,165.07647628784179,157.02070523788117,0.014272130122738558
2022-08-30,156.14292907714844,159.72936621122975,154.9736479587286,159.30686092942906,77906200,165.03334121704103,152.77572052001952,162.2365147046636,41.720753864758414,1.9048356747198625,3.9318554867003357,-2.027019811980473,173.26874937067225,165.03334121704103,156.7979330634098,-0.19603537979768293
2022-08-31,154.48233032226562,157.78382326299328,154.403721562595,157.51852057324083,87991100,164.60691680908204,153.19898834228516,161.49802095395904,39.38350517002412,1.0921269579697537,3.3639097809542196,-2.271782822984466,174.01655244980776,164.60691680908204,155.1972811683563,-0.19039916694311207
2022-09-01,155.20944213867188,155.66142374222144,151.97672265788725,153.91242016030444,74229900,164.23255081176757,153.64700378417967,160.89910868583647,40.94356475176289,0.5009466899390134,2.791317162751178,-2.2903704728121648,174.47527560127637,164.23255081176757,153.98982602225877,0.0840712156690885
2022-09-02,153.09689331054688,157.56766760419046,152.2715237467297,156.9682888748041,76957800,163.76385650634765,153.99546508789064,160.1560405548565,37.89222407102732,-0.13645994155871222,2.2057617418892,-2.3422216834479124,175.08704155361553,163.76385650634765,152.44067145907977,-0.24175340549493876
2022-09-06,151.83912658691406,154.3545462234383,151.01375732988274,153.74534724702238,73714800,163.2558578491211,154.25224334716796,159.36395351029057,36.16415386011208,-0.7346321699272664,1.617682959525907,-2.3523151294531734,175.7057266238138,163.2558578491211,150.8059890744284,-0.12335414629235254
2022-09-07,153.2442626953125,153.94189101263512,150.9351774352468,152.1241142058328,87449600,162.81565856933594,154.5371243286133,158.781125813626,39.48448209412437,-1.0828231188916106,1.0775817438424036,-2.160404862734014,176.00576373264536,162.81565856933594,149.6255534060265,0.07350106295218568
2022-09-08,151.77040100097656,153.6373103822705,150.02138227376568,151.94725947173376,84923800,162.08952560424805,154.8753433227539,158.11343773623082,37.29333924515629,-1.4608554434814494,0.5698943063776329,-2.0307497498590825,176.012559622536,162.08952560424805,148.1664915859601,-0.011638938737393552
2022-09-09,154.6297149658203,155.07189112050955,152.0553417641127,152.76280561990976,68028800,161.54320526123047,155.23562133789062,157.78165461523935,43.80822485964722,-1.5122932681898646,0.15345679146413338,-1.665750059653998,175.73416399151688,161.54320526123047,147.35224653094406,0.12160488308527237
2022-09-12,160.58419799804688,161.39974706706778,156.52612358553827,156.81106723949068,104956000,161.11725311279298,155.7642465209961,158.04856350884006,54.42686544626018,-1.060357951436913,-0.08930615711607591,-0.9710517943208371,174.87990837135183,161.11725311279298,147.35459785423413,0.236077838986705
2022-09-13,151.16119384765625,157.7445243311509,150.69937671737435,157.1156691952697,122656600,160.16660079956054,156.06104125976563,157.39262354110826,41.16847157306419,-1.4458863625426943,-0.3606221982013996,-1.0852641643412948,173.92212845209494,160.16660079956054,146.41107314702614,-0.361827175580144
2022-09-14,152.60560607910156,154.36444545311878,150.93521094229624,152.09465656902455,87965400,159.29602813720703,156.33511108398437,156.93671711615525,43.442793821730255,-1.6162374312704628,-0.6117452448152123,-1.0044921864552505,172.64557403036582,159.29602813720703,145.94648224404824,0.033581546809636285
2022-09-15,149.71676635742188,152.5368010537083,148.7440148881969,151.9570633678186,90481100,158.20633773803712,156.52471588134765,156.24910275818064,40.10359593155067,-1.961733460849075,-0.8817428880219849,-1.0799905728270902,170.9332422456725,158.20633773803712,145.47943323040175,-0.14637066100703916
2022-09-16,148.07583618164062,148.71452663381027,145.78640700828322,148.57696507371128,162278800,157.05425415039062,156.61419006347657,155.47069641755778,38.3026345710996,-2.3409657093179703,-1.173587452281182,-1.1673782570367883,169.04803008471723,157.05425415039062,145.060478216064,-0.03371578813763601
2022-09-19,151.7900390625,151.8686478234834,146.50373107588743,146.71006595451675,81474200,156.2170883178711,156.76440612792967,155.120157621838,44.390060707940385,-2.315117631903803,-1.4018934882057064,-0.9132241436980966,167.18229293065218,156.2170883178711,145.25188370509,0.3330539733517412
2022-09-20,154.16790771484375,155.3273682721185,150.41443284470995,150.7288529156578,107689800,155.69287796020507,157.00476593017578,155.0294671545052,47.932028946068506,-2.0787956544618,-1.537273921456925,-0.5415217330048747,165.97618578656878,155.69287796020507,145.40957013384136,0.22428322473794432
2022-09-21,151.04327392578125,155.9758648340084,150.92536828428254,154.600234046477,101696800,155.02913970947264,157.16320434570312,154.64982970415053,43.96893695063614,-2.119211664944288,-1.653661470154398,-0.4655501947898901,164.69502348377077,155.02913970947264,145.36325593517452,-0.2260992270063043
2022-09-22,150.0803680419922,151.78023962875704,148.28223174210513,149.7266360650785,86652500,154.30251770019532,157.30964599609376,154.21464287918306,42.79466846406536,-2.2035390751123884,-1.7636369911459961,-0.4399020839663923,163.12556245307456,154.30251770019532,145.47947294731608,0.023620792474045017
2022-09-23,147.810546875,148.8324456934816,145.9731140864417,148.55732254844892,96029900,153.33958053588867,157.3522100830078,153.60472897402275,40.07751182239893,-2.4255643576524335,-1.8960224644472836,-0.5295418932051499,160.4083971275725,153.33958053588867,146.27076394420484,-0.05022622114077619
2022-09-26,148.14463806152344,151.09239889982268,147.0343100146429,147.05396595162924,93339400,152.70826797485353,157.36809387207032,153.08472031568948,40.67457995495822,-2.54522288199783,-2.025862547957393,-0.5193603340404374,159.24482374480564,152.70826797485353,146.1717122049014,0.0740324543714851
2022-09-27,149.117431640625,152.0258964191408,147.33895116498724,150.08037791467922,84442700,152.23564529418945,157.4642691040039,152.70688329901668,42.47201648933618,-2.5323652821464293,-2.1271630947952005,-0.4052021873512288,158.36264963817413,152.23564529418945,146.10864095020477,-0.0640741348932536
2022-09-28,147.23081970214844,148.01689223253555,142.317885128587,145.06913148839868,146691400,151.79003982543946,157.44558837890625,152.18535343264827,39.94437793301697,-2.64393175847016,-2.2305168275301925,-0.4134149309399673,158.011149680226,151.79003982543946,145.56892997065293,0.14791771859527056
2022-09-29,139.99899291992188,144.16516723784525,138.2303333041484,143.55596808972413,128138200,151.06587295532228,157.24223785400392,151.02474766953145,32.06643412536988,-3.2781089774373413,-2.4400352575116226,-0.8380737199257187,159.0006451010101,151.06587295532228,143.13110080963446,-0.242827117985025
2022-09-30,135.79351806640625,140.60820327947016,135.59700366840286,138.8198877735382,124925300,150.09507675170897,156.9094451904297,149.57415437399573,28.541249212148145,-4.07309357916003,-2.7666469218413043,-1.306446657318726,160.21465972648326,150.09507675170897,139.97549377693468,-0.2146176058257768
2022-10-03,139.96954345703125,140.57875771553063,135.29243378870405,135.80338333009652,114311700,149.4387092590332,156.68490020751952,148.65942952476104,36.05831087895154,-4.316397511409605,-3.0765970397549642,-1.2398004716546405,160.3650897581426,149.4387092590332,138.5123287599238,0.29750383737140074
2022-10-04,143.5559539794922,143.67385961125873,141.74798266491518,142.50457878595228,87830100,149.0245506286621,156.55445495605468,148.17338423473544,41.727701666822306,-4.1717351088286705,-3.295624653569706,-0.8761104552589645,160.1811021833796,149.0245506286621,137.8679990739446,0.07364477101063494
2022-10-05,143.85073852539062,144.81368463210958,140.51976901629106,141.56132388640066,79471000,148.55487442016602,156.45639831542968,147.76170369098833,42.181485079325284,-3.987338902474761,-3.4339675033507175,-0.5533713991240434,159.7521389066674,148.55487442016602,137.35760993366463,0.16033059782283057
2022-10-06,142.89761352539062,144.970872598081,142.6912786611767,143.27100136570334,68402200,148.11123504638672,156.2374282836914,147.29845700855043,41.06791149782137,-3.8734619441920586,-3.521866391518986,-0.35159555267307274,159.46572606680357,148.11123504638672,136.75674402596988,-0.026055749141571622
2022-10-07,137.6505889892578,140.60818501990053,137.0217340014585,140.05792378662625,85925600,147.26227874755858,155.90252807617188,146.37961243528449,35.510176869558265,-4.158666148486077,-3.6492263429124043,-0.5094398055736726,159.07026190464092,147.26227874755858,135.45429559047625,-0.17020849493521792
2022-10-10,137.97483825683594,139.41924206903255,136.15706165160717,137.97483825683594,74899000,146.13181076049804,155.47285064697266,145.57915775162274,36.08580643811026,-4.308858490636311,-3.781152772457186,-0.5277057181791251,156.9055398469983,146.13181076049804,135.3580816739978,0.0
2022-10-11,136.55995178222656,138.88869341854974,135.8131909792421,137.46393012049913,77033700,145.40174865722656,155.03449981689454,144.7201857545374,34.6331234710599,-4.490295189832409,-3.9229812559322306,-0.5673139339001785,156.6803316242164,145.40174865722656,134.12316569023673,-0.06566649847489775
2022-10-12,135.93104553222656,137.9158749380661,135.75418711633264,136.70729745020648,70433700,144.56802062988282,154.61300811767578,143.88312478098396,33.97835793035101,-4.631444154275698,-4.064673835600924,-0.5667703186747737,156.0565259823817,144.56802062988282,133.07951527738396,-0.05672109266706331
2022-10-13,140.5001220703125,141.08966528093347,132.0302118420066,132.63942598399592,113224000,144.10718841552733,154.16279418945314,143.5609340466343,42.48575635615412,-4.3247662213366596,-4.1166923127480715,-0.2080739085885881,155.47133964384457,144.10718841552733,132.7430371872101,0.5317891332594097
2022-10-14,135.97039794921875,142.00348171103434,135.78370401470698,141.79713183786654,88598000,143.50191650390624,153.62826690673828,142.8380258468804,37.347664102403776,-4.396551916342474,-4.172664233466952,-0.22388768287552274,155.23946120423864,143.50191650390624,131.76437180357385,-0.3892539306032478
2022-10-17,139.9302215576172,140.41167960335844,137.82748592791265,138.61355854500806,85250900,142.9089256286621,153.17745574951172,142.56109210504582,43.75173916637555,-4.086807749465208,-4.155492936666603,0.06868518720139427,154.09714303486336,142.9089256286621,131.72070822246084,0.09470338272537362
2022-10-18,141.24688720703125,144.1455159806622,138.1615644966325,142.95659405664904,99136600,142.26287460327148,152.76241149902344,142.43592973380635,45.737836815729615,-3.6925242307395365,-4.062899195481189,0.37037496474165277,152.19797499724814,142.26287460327148,132.32777420929483,-0.11902925996444377
2022-10-19,141.35498046875,142.42599680685538,139.03607431855443,139.22276826600364,61758300,141.77845993041993,152.34854614257813,142.33298218475335,45.90670302363122,-3.3329097694841323,-3.9169013102817782,0.5839915407976459,150.86214648581435,141.77845993041993,132.6947733750255,0.15196484237247038
2022-10-20,140.8931427001953,143.34961008460004,140.16602295690015,140.52959032509128,64522000,141.31909866333007,151.84054779052735,142.19585461479545,45.25863203788124,-3.050020429302805,-3.7435251340859836,0.6935047047831788,149.5678399008082,141.31909866333007,133.07035742585194,0.02586439564936352
2022-10-21,144.70558166503906,145.27548388473534,140.16601984417193,140.3821901686459,86548600,141.16385040283203,151.4235369873047,142.4348762386282,51.36263393451087,-2.4894992290672064,-3.4927199530822284,1.003220724015022,149.02586015610348,141.16385040283203,133.30184064956057,0.298591877714373
2022-10-24,146.8476104736328,147.61402706279983,143.45768863799606,144.6269694579804,75981900,141.0989990234375,150.9784243774414,142.85513664196196,54.43675357415411,-1.8510999879797794,-3.1643959600617384,1.313295972081959,148.74812452876398,141.0989990234375,133.44987351811102,0.15234732745732185
2022-10-25,149.68731689453125,149.83471395703802,146.75921150175503,147.476495894735,74732300,141.12749328613282,150.56868591308594,143.50582047554,58.20793453449828,-1.1033051987031115,-2.752177807790013,1.6488726090869017,148.89915087946028,141.12749328613282,133.35583569280536,0.14879708380157464
2022-10-26,146.74937438964844,149.34340346890698,145.4621728259598,148.33134005875115,88194300,141.10342102050782,150.10333221435548,143.81473037212174,53.29331419751504,-0.7392185955430648,-2.3495859653406237,1.610367369797559,148.80194910140494,141.10342102050782,133.4048929396107,-0.10624827266889171
2022-10-27,142.2786102294922,146.45460526216635,141.6202786941001,145.49167413504986,109180200,141.21740188598633,149.5186929321289,143.66843321568084,46.81560331067434,-0.8021835705663705,-2.040105486385773,1.2379219158194026,148.9146500768069,141.21740188598633,133.52015369516576,-0.21732022430188988
2022-10-28,153.02810668945312,154.75745443354808,145.24601935139384,145.6193922207591,164762400,142.07913131713866,149.15690490722656,144.55983068937343,59.54732464730258,0.015136278521254098,-1.6290571334043678,1.6441934119256219,150.92741734971585,142.07913131713866,133.23084528456147,0.4689882520739343
2022-10-31,150.66989135742188,151.55422867895751,149.27461957607085,150.49303288896766,97943200,142.6141487121582,148.7996356201172,145.14174122918757,56.35980833533482,0.46719435284643396,-1.2098068361542076,1.6770011890006415,152.15445010616298,142.6141487121582,133.0738473181534,0.011751396303922445
2022-11-01,148.0267333984375,152.74315424703352,146.5332118743015,152.3796018355527,80379300,142.83768768310546,148.46712799072264,145.41650238816376,52.9392848648127,0.6051965470814196,-0.8468061595070822,1.4520027065885017,152.66109275300025,142.83768768310546,133.01428261321067,-0.27813496474811117
2022-11-02,142.5045928955078,149.5202635488904,142.47511648464766,146.35633217647393,93604600,142.77038040161133,148.03085906982423,145.1391776745775,46.578926831974506,0.2659084648713588,-0.624263234631394,0.8901716995027528,152.5835400412157,142.77038040161133,132.95722076200695,-0.25726322696371245
2022-11-03,136.461669921875,140.313408670562,136.33392883040858,139.58628898595558,97918500,142.44858322143554,147.46783630371092,144.3127483647963,40.801855896583284,-0.4850023605673073,-0.5964110598185767,0.1114086992512694,152.63880482557906,142.44858322143554,132.25836161729202,-0.22018313442711868
2022-11-04,136.1959228515625,140.4182062307737,132.2590557307122,139.84735869609568,140814800,142.37584991455077,146.85036895751952,143.53971736353594,40.56359063754523,-1.0889949119123514,-0.6949278302373316,-0.3940670816750198,152.72159582364915,142.37584991455077,132.0301040054524,-0.2553255360504495
2022-11-07,136.7274169921875,136.95378268582516,133.52871190234,134.94598671425354,83374600,142.31347885131837,146.36949951171874,142.89092685197895,41.30186835807255,-1.5073998578803014,-0.8574222357659257,-0.6499776221143757,152.77894950441993,142.31347885131837,131.8480081982168,0.13124908261597412
2022-11-08,137.29827880859375,139.19781051108808,135.32000793975288,138.19391993058036,89908500,142.35039520263672,145.9440673828125,142.35829370498988,42.1332746396017,-1.772492820416744,-1.0404363526960894,-0.7320564677206547,152.7393535849629,142.35039520263672,131.96143682031052,-0.06471986684906558
2022-11-09,132.74136352539062,136.36329048249235,132.4657839221066,136.31407662091405,74917800,142.19091110229493,145.47603607177734,141.44239559264707,37.5598876577293,-2.3235019980393474,-1.297049481764741,-1.0264525162746063,153.0561678168564,142.19091110229493,131.32565438773347,-0.2562532775463806
2022-11-10,144.5519256591797,144.5519256591797,137.29825219484707,139.0107949405163,118854000,142.39350128173828,145.27742797851562,141.73854131326922,52.078559740558845,-1.7865725852415437,-1.3949541024601018,-0.39161848278144196,153.2761827889554,142.39350128173828,131.51081977452117,0.37876031658192727
2022-11-11,147.3373260498047,147.64243100836367,142.0914460655875,143.51857315763027,93979700,142.96184768676758,145.1199856567383,142.27175890722498,54.750802150279966,-1.1233444091792535,-1.340632163803932,0.21728775462467853,153.62851144009326,142.96184768676758,132.2951839334419,0.25997420823840006
2022-11-14,145.939697265625,147.90813128864986,145.10310679865555,146.61880940644215,73374100,143.26232147216797,144.97684173583986,142.62108636992974,53.149282457249654,-0.7024113034903223,-1.21298799174121,0.5105766882508878,153.90900846245427,143.26232147216797,132.61563448188167,-0.04628511917747747
2022-11-15,147.67193603515625,151.1659099557232,146.21529884381314,149.8175372526668,89868300,143.5835739135742,144.89349792480468,143.10211967137988,54.90973837046042,-0.22643143219318063,-1.0156766798316041,0.7892452476384235,154.35463126223314,143.5835739135742,132.81251656491528,-0.14224313213481185
2022-11-16,146.44166564941406,147.5046219917799,144.96533989912186,146.7763108997982,64218300,143.83790817260743,144.75744598388673,143.42017166928792,53.37572140145986,0.05092645821906672,-0.80235605222147,0.8532825104405367,154.62666828081544,143.83790817260743,133.04914806439942,-0.02279572736912124
2022-11-17,148.3411865234375,149.0891860323431,143.8433076526517,144.11888720950952,80389400,144.21031036376954,144.68886169433594,143.8888397506355,55.44539368428223,0.419178020906088,-0.5580492375959585,0.9772272585020465,155.08064548040878,144.21031036376954,133.3399752471303,0.28486918168719244
2022-11-18,148.90216064453125,150.2899100074895,147.60300221173006,149.90606603666672,74829600,144.42013931274414,144.57431060791015,144.36629888338746,56.0656583210985,0.7476673173332244,-0.29690592661012194,1.0445732439433464,155.48095781210367,144.42013931274414,133.3593208133846,-0.06686902807499832
2022-11-21,145.6739501953125,147.99670287508093,145.3885338782466,147.790025718782,58724100,144.36145629882813,144.27610565185546,144.4908371035708,51.612737237889,0.7389892394700439,-0.08972689339408876,0.8287161328641327,155.38251868816906,144.36145629882813,133.3403939094872,-0.14221072512360505
2022-11-22,147.80967712402344,148.04589457097163,144.6109724091407,145.7920446259246,51804100,144.26757431030273,144.20907531738283,144.8069171055187,54.20418485266508,0.8941400247510671,0.10704649023494243,0.7870935345161247,155.13650471000426,144.26757431030273,133.3986439106012,0.1375143469142727
2022-11-23,148.6856689453125,149.43366845656658,146.98296272757275,147.09122719796105,58301400,144.36438903808593,144.13067657470702,145.1763220426419,55.262516877283176,1.0753869673418706,0.3007145856563281,0.7746723816855425,155.3538476863318,144.36438903808593,133.37493038984007,0.10797557466433658
2022-11-25,145.7724151611328,146.53026663651238,144.79803469278767,145.9692556043843,35195900,144.53907928466796,144.05178955078125,145.23309281583153,51.038218357466384,0.9727381222879785,0.43511929298265817,0.5376188293053203,155.50140328633216,144.53907928466796,133.57675528300376,-0.013484244452488244
2022-11-28,141.94378662109375,144.32559012136235,141.11704788902577,142.8492645206864,69246000,143.98486328125,143.9291485595703,144.91982555918983,46.05561700136717,0.5758122419458971,0.463257882775306,0.11255435917059109,154.2745823031556,143.98486328125,133.6951442593444,-0.06330219062326231
2022-11-29,138.94190979003906,142.5244590100729,138.13485967272496,142.01266197350824,83763800,143.39846420288086,143.6721859741211,144.35050024784215,42.548283971146624,0.018802505959030213,0.37436680741205086,-0.35556430145302065,153.43097226120702,143.39846420288086,133.3659561445547,-0.21292271407931562
2022-11-30,145.6936492919922,146.37276146207836,138.33170993361605,139.16828541868128,111380900,143.28180999755858,143.50270080566406,144.47841920442787,51.49543044997061,0.12078489523099734,0.3236504249758402,-0.20286552974484284,153.14924050885432,143.28180999755858,133.41437948626285,0.43729633226334924
2022-12-01,145.96922302246094,146.7762881829984,144.29605710134743,145.87081033178356,71250400,143.45504150390624,143.40121978759765,144.62040052043102,51.825198289468524,0.2212922511340878,0.3031787902074897,-0.08188653907340193,153.38327260237605,143.45504150390624,133.52681040543644,0.006746462665066648
2022-12-02,145.47711181640625,145.66411544857186,143.35119950014382,143.65631938407483,65447400,143.90581359863282,143.30915466308593,144.70199207242865,51.1563383002745,0.25825874714345787,0.2941947815946834,-0.03593603445122551,153.32883303360975,143.90581359863282,134.48279416365588,0.12607204153237486
2022-12-05,144.31573486328125,148.53801893223152,143.4693076933105,145.43774157529282,68826400,144.31180419921876,143.23925842285155,144.66520567155746,49.53164413326357,0.19163252699104305,0.2736823306739553,-0.08204980368291226,153.04559523308183,144.31180419921876,135.57801316535569,-0.07699418731181534
2022-12-06,140.65444946289062,144.9751613197971,139.68006926529813,144.74879562385667,64727200,144.5081558227539,143.0894546508789,144.28322888977968,44.710734019858506,-0.15481970053261307,0.18798192443264164,-0.3428016249652547,152.71154249260923,144.5081558227539,136.3047691528986,-0.27554883773990807
2022-12-07,138.715576171875,141.10721678685633,137.79040959032307,139.94584768607433,69721100,144.57902069091796,142.8814175415039,143.7529762499792,42.359490839586535,-0.5791602586959357,0.034553487806926186,-0.6137137465028619,152.55334172957026,144.57902069091796,136.60469965226565,-0.08768477334828538
2022-12-08,140.3985595703125,141.25483863673134,138.87303512029186,140.11314322681335,62128300,144.96188049316407,142.7447723388672,143.43350799477284,45.06025982434045,-0.7707656071400208,-0.12651033118246324,-0.6442552759575576,151.16451663574537,144.96188049316407,138.75924435058278,0.020367601872564714
2022-12-09,139.91627502441406,143.27245818375033,138.67615214625445,140.09342685388958,76097000,144.73009796142577,142.74311798095704,143.09853342616722,44.41797657312157,-0.9505729452560274,-0.29132285399717606,-0.6592500912588514,151.3115732417299,144.73009796142577,138.14862268112165,-0.012644589521884051
2022-12-12,142.2095184326172,142.21935519606154,138.8336463442299,140.44776160871248,70462700,144.4737075805664,142.87143798828126,143.0138653315434,48.1989446018441,-0.8976781041483264,-0.41259390402740614,-0.48508420012092024,151.02840126730027,144.4737075805664,137.91901389383256,0.12478477935443913
2022-12-13,143.17404174804688,147.6030180487257,141.9634590975565,147.14043487810696,93886200,144.3354248046875,142.93552795410156,143.02912022835326,49.74731611776263,-0.7690642963043501,-0.48388798248279496,-0.28517631382155517,150.87725344249156,144.3354248046875,137.79359616688345,-0.2632201470625888
2022-12-14,140.94973754882812,144.34528354143862,138.93208948952125,143.05596154285573,82291200,143.9993148803711,142.88340362548828,142.8310837826842,46.30957259272605,-0.8369715989704787,-0.5545047057803317,-0.28246689319014695,150.5115922548528,143.9993148803711,137.4870375058894,-0.1461760823862925
2022-12-15,134.3456268310547,139.5619801804679,133.88304361781863,138.88286801559113,98931900,143.39451293945314,142.69330139160155,142.02294502538615,37.92889940290951,-1.4074608352524365,-0.7250959316747527,-0.6823649035776838,151.03600089574326,143.39451293945314,135.75302498316302,-0.31554844369236273
2022-12-16,132.38705444335938,135.47749595050237,131.61936620399007,134.53265581803083,160156900,142.59680633544923,142.48309020996095,141.1052411604312,35.85644345387172,-1.9946252896455405,-0.9790018032689104,-1.0156234863766302,151.2677871035739,142.59680633544923,133.92582556732455,-0.15814695555036135
2022-12-19,130.28079223632812,133.0661279935264,129.24737645818792,132.97755207276447,79592600,141.66573791503907,142.33569427490235,140.07434126289758,33.722456492488234,-2.599944564848954,-1.3031903555849191,-1.296754209264035,151.36644386525657,141.66573791503907,131.96503196482158,-0.20006294827090176
2022-12-20,130.2119140625,131.14691722297425,127.83994745250583,129.31627297471567,77432800,140.89263610839845,142.1804357910156,139.13506248190734,33.65192414721648,-3.050063115529099,-1.6525649075737552,-1.3974982079553437,151.60420991205177,140.89263610839845,130.18106230474513,0.06914920344025374
2022-12-21,133.31219482421875,134.6507305969255,130.65481182459862,130.88117753836192,85928000,140.1677619934082,142.11548065185548,138.58050365736557,39.759409405801634,-3.1206457014174305,-1.9461810663424903,-1.1744646350749401,150.87101244133248,140.1677619934082,129.4645115454839,0.18363533687451225
2022-12-22,130.1429901123047,132.43621717922085,128.24345879689446,132.2295400503929,77852100,139.24062805175782,141.99971954345702,137.77693093878835,36.10103844995072,-3.3931965853126087,-2.235584170136514,-1.1576124151760947,150.04384624141423,139.24062805175782,128.43740986210142,-0.15650075572815275
2022-12-23,129.77886962890625,130.3300288114699,127.5939064280565,128.85370313619094,63814900,138.4409507751465,141.7852944946289,137.01521081403766,35.69466009535515,-3.597111343902583,-2.507889604889728,-1.0892217390128547,149.55507306115942,138.4409507751465,127.32682848913355,0.07167663279573509
2022-12-27,127.97772979736328,129.33595400462013,126.68840798575984,129.30642869732836,69007800,137.74264793395997,141.6254411315918,136.15449833625917,33.67531939014674,-3.859561567605823,-2.778223997432947,-1.081337570172876,149.61762303328823,137.74264793395997,125.86767283463172,-0.10239568979152255
2022-12-28,124.05071258544922,128.96195335269854,123.88339749624971,127.62341762114275,85438400,136.99808807373046,141.30785095214844,135.00175683618204,29.72663713241765,-4.334467684932207,-3.089472734932799,-1.2449949499994082,150.26472777583575,136.99808807373046,123.73144837162516,-0.27285064212291504
2022-12-29,127.56434631347656,128.42061016578208,125.71402134183822,125.96991231594082,75703700,136.09162292480468,141.03420013427734,134.2934320244958,36.860429342835936,-4.376859614106735,-3.346950110767586,-1.029909503339149,149.33524601142005,136.09162292480468,122.8479998381893,0.1259009847027357
2022-12-30,127.87932586669922,127.89901441454006,125.41879052423468,126.38332662595286,77034200,135.1871280670166,140.76468704223632,133.6825647713723,37.47321190389143,-4.3350673479424415,-3.544573558202557,-0.7904937897398847,148.0749547466993,135.1871280670166,122.29930138733391,0.11782022027608931
2023-01-03,123.09601593017578,128.83399514878522,122.21021915687207,128.2237854341601,112117500,134.06807327270508,140.40874450683594,132.67432202459167,32.34013833208034,-4.634496224397424,-3.7625580914415306,-0.8719381329558931,147.07380998476586,134.06807327270508,121.06233656064431,-0.37987009027808033
2023-01-04,124.36564636230469,126.62934820454495,123.105849949189,124.88728011064363,89113600,133.07056884765626,140.00194580078124,131.88301958056434,34.88955442183145,-4.71499566607244,-3.953045606367713,-0.7619500597047271,145.8374647541331,133.07056884765626,120.30367294117943,-0.04174409216414677
2023-01-05,123.04680633544922,125.75340309203497,122.79091532129203,125.12350481122068,80962700,132.19018669128417,139.52592971801758,131.04147546198195,33.478402340870716,-4.829539496694366,-4.128344384433044,-0.7011951122613223,145.170381376449,132.19018669128417,119.20999200611935,-0.16446450772357396
2023-01-06,127.57418823242188,128.2336117453076,122.91884655664052,124.02117217456781,87754700,131.63311729431152,139.0836671447754,130.71125763059527,42.131304337968594,-4.503085657147395,-4.203292638975914,-0.2997930181714805,144.3998512381348,131.63311729431152,118.86638335048823,0.2788960745416287
2023-01-09,128.09584045410156,131.30439758356596,127.83994943275363,128.41079711233908,70790800,131.017981338501,138.71059646606446,130.46217028045302,43.05049932894716,-4.154386481332452,-4.193511407447222,0.03912492611476992,143.20862514618898,131.017981338501,118.827337530813,-0.02452235501690173
2023-01-10,128.6667022705078,129.18833615231142,126.09789493911427,128.20411901412172,63896200,130.45550270080565,138.43835830688477,130.2911733271249,44.09698622409442,-3.7883068513216074,-4.112470496222099,0.32416364490049165,141.97140666538573,130.45550270080565,118.93959873622558,0.03606612794727609
2023-01-11,131.38314819335938,131.402821722743,128.40097153395064,129.17849644752224,69458900,129.91418418884277,138.00545913696288,130.39517093343295,48.908151147225624,-3.2416241974808315,-3.938301236473846,0.6966770389930144,140.11147153710812,129.91418418884277,119.71689684057743,0.16902914485351853
2023-01-12,131.30442810058594,132.14100375978632,129.3655188993163,131.7670114136582,71379600,129.32070350646973,137.61814987182618,130.4817668541142,48.77714230988834,-2.7826496561746126,-3.7071709204139998,0.9245212642393872,137.55463228381797,129.32070350646973,121.0867747291215,-0.03509174003630631
2023-01-13,132.6331024169922,132.79058077087095,129.582038154894,129.9461937075215,57809700,128.90487174987794,137.31027725219727,130.68665595534068,51.15537190967872,-2.2853519970769582,-3.422807135746592,1.1374551386696337,135.40513556514745,128.90487174987794,122.40460793460844,0.20387363047797727
2023-01-17,133.79444885253906,135.12313266732727,132.01301865225,132.7019674841355,63646600,128.87731285095214,137.13607437133788,130.98263623126434,53.20067421272865,-1.777044406092699,-3.093654589815814,1.3166101837231148,135.2891473290376,128.87731285095214,122.46547837286667,0.08214044920713193
2023-01-18,133.07598876953125,136.42232060237055,132.8988218980733,134.6605787592018,69672800,128.91175956726073,137.068360748291,131.1820031396707,51.75678611324889,-1.4158595547513357,-2.7580955828029183,1.3422360280515826,135.40552532790105,128.91175956726073,122.41799380662043,-0.11713274937624897
2023-01-19,133.1350555419922,134.0995841255356,131.6587298451973,131.9638347529944,58280400,129.05447273254396,137.00714340209962,131.368008130368,51.87243343622145,-1.1120329394613293,-2.4288830541346007,1.3168501146732714,135.78350841770165,129.05447273254396,122.32543704738626,0.08852085620968704
2023-01-20,135.69398498535156,135.84162653742413,132.1015991542997,133.14486670992753,80223600,129.3285762786865,136.98647476196288,131.78000592608072,56.71360550687933,-0.6571882802685707,-2.0745440993613946,1.417355819092824,136.6448650059493,129.3285762786865,122.01228755142373,0.18914904447220943
2023-01-23,138.8828887939453,141.05801539977267,135.72354499448727,135.94007397852303,81760300,129.60711097717285,137.01816696166992,132.45647096111543,61.862109714685964,-0.03895369041185859,-1.6674260175714875,1.6284723271596289,137.87154614312422,129.60711097717285,121.34267581122148,0.21315941737794675
2023-01-24,140.2804412841797,140.90050277108796,138.08564168128757,138.0954784443646,66435100,130.1139835357666,137.16894851684572,133.20161099188346,63.88922240268768,0.5573477246844618,-1.2224712691202977,1.7798189938047595,139.60080450638645,130.1139835357666,120.62716256514675,0.15691396021737172
2023-01-25,139.6210479736328,140.1820439497328,136.61918260935104,138.6663561197799,65799300,130.60609245300293,137.07033096313478,133.81298594252627,62.20911764983247,0.9655827262726291,-0.7848604700417123,1.7504431963143414,140.95430398746302,130.60609245300293,120.25788091854284,0.06873954876342142
2023-01-26,141.6879119873047,141.97332836189656,139.6604119793185,140.91037200424128,54105100,131.2916015625,136.95734268188477,134.56297889917184,65.29026264143506,1.4392992132084146,-0.340028533391687,1.7793277466001016,142.622333127292,131.2916015625,119.96086999770802,0.05512381944045859
2023-01-27,143.62680053710938,144.90628582720518,140.82179068901345,140.900529862646,70555800,132.270405960083,136.91108474731445,135.42620000754684,67.93162330365763,1.9487115107840225,0.1177194754434549,1.8309920353405675,144.29116208070656,132.270405960083,120.24964983945945,0.1911100344623934
2023-01-30,140.7430419921875,143.2527985417942,140.59541543784155,142.6721140707524,64015300,132.92934074401856,136.77250686645507,135.93256591084594,60.55106983565307,2.0955727544659055,0.513290131247945,1.5822826232179605,145.286100444709,132.92934074401856,120.5725810433281,-0.13439218973856054
2023-01-31,142.01268005371094,142.06189391275458,140.0344090710312,140.4477784546675,65874500,133.63600845336913,136.683927154541,136.5116244006426,62.48367421347387,2.2880354801562532,0.8682392010296067,1.4197962791266465,146.36757842119417,133.63600845336913,120.9044384855441,0.11096348882565807
2023-02-01,143.13465881347656,144.29604258311244,139.0895417079852,141.69771052689384,77663600,134.63794059753417,136.5797966003418,137.14238958281726,64.15486978784375,2.5022534656766595,1.1950420539590174,1.307211411717642,147.043745086341,134.63794059753417,122.23213610872735,0.10106321851862232
2023-02-02,148.43960571289062,148.7939093931277,145.831421817907,146.5498959772077,118339000,135.84163856506348,136.57054550170898,138.21831492853855,70.7821623013764,3.0647590079530005,1.5689854447578142,1.4957735631951863,148.69082593417858,135.84163856506348,122.99245119594838,0.12823655637539916
2023-02-03,152.0615234375,154.8960731461596,145.4967979818679,145.69363837431163,154357300,137.29237442016603,136.69829696655273,139.53671573891583,74.2787205548891,3.759470359472232,2.007082427700698,1.7523879317715338,150.57990484006464,137.29237442016603,124.0048440002674,0.4112158647910049
2023-02-06,149.3352813720703,150.68366923696223,148.40027797417193,150.16203528809376,69858300,138.38042907714845,136.72880905151368,140.4699124658829,67.71034136595259,4.043438913312286,2.414353724823016,1.6290851884892703,151.86896887684213,138.38042907714845,124.89188927745478,-0.055001887797138244
2023-02-07,152.20916748046875,152.7800151967711,148.26246234257331,148.26246234257331,83322600,139.5860954284668,136.7992790222168,141.58793675298634,70.65612649677743,4.449098194474459,2.821302618753305,1.6277955757211542,153.48639862881274,139.5860954284668,125.68579222812085,0.26008278275152485
2023-02-08,149.52224731445312,152.14026818212696,148.78408455222657,151.45131927430748,64120100,140.62887268066407,136.8742756652832,142.34358537788793,64.71194629261183,4.501879234056389,3.1574179418139217,1.3444612922424675,154.2218004353242,140.62887268066407,127.03594492600395,-0.1266880327772534
2023-02-09,148.48883056640625,151.89422837459855,148.0459358705389,151.3529059605557,56007100,141.4841567993164,137.00517654418945,142.92884682441348,62.53295007721975,4.409490630077755,3.4078324794666885,1.0016581506110667,154.79207716964598,141.4841567993164,128.1762364289868,-0.18700479291810693
2023-02-10,148.853515625,149.17880490718028,147.08908410868764,147.32566223415182,57450700,142.36161117553712,137.20340866088867,143.4931009958979,63.00634803323869,4.315947476306235,3.589455478834598,0.7264919974716371,155.17399403268055,142.36161117553712,129.5492283183937,0.10333566623702664
2023-02-13,151.6529998779297,152.05713357186568,148.76483299254943,148.79440338379132,62199000,143.31260604858397,137.32259567260743,144.27023422275806,66.50500628000253,4.4167947751370775,3.754923338095094,0.6618714370419836,155.91723986930842,143.31260604858397,130.70797222785953,0.18978796791346111
2023-02-14,151.01226806640625,151.5741355635304,148.7056873791277,149.9476888936107,61707600,144.17349700927736,137.42345657348633,144.91233268405787,64.99003626848464,4.394359838827313,3.882810638241538,0.5115492005857751,156.4066550858229,144.17349700927736,131.9403389327318,0.07087765725866169
2023-02-15,153.11184692382812,153.27941747242824,150.69683660205456,150.92354792770303,65573800,145.1752899169922,137.57615127563477,145.69323880213125,67.595003495247,4.494192206825403,4.005086951958312,0.48910525486709133,156.87929275442798,145.1752899169922,133.47128707955642,0.1439862673230653
2023-02-16,151.51498413085938,154.09756497312395,151.16012443154224,151.3178281549916,68167900,146.09428634643555,137.72013626098632,146.2476907382006,63.71213353500347,4.393807517848302,4.08283106513631,0.3109764527119916,156.7079737572023,146.09428634643555,135.4805989356688,0.013028525621765045
2023-02-17,150.37155151367188,150.81512239489066,148.69583093968438,150.17441057100683,59144100,146.82816467285156,137.91447830200195,146.64043938348357,61.009641740702776,4.173872666505446,4.101039385410138,0.07283328109530807,156.44698979047553,146.82816467285156,137.2093395552276,0.013126711684086098
2023-02-21,146.3596649169922,149.1394018439348,146.29067235544917,148.05510409777494,58867200,147.2020034790039,138.0673600769043,146.61369895810344,52.58206646551447,3.6339569984361333,4.007622908015337,-0.37366590957920387,156.11161578691915,147.2020034790039,138.29239117108867,-0.11401611776076268
2023-02-22,146.7835235595703,147.80866542554767,145.0585140913541,146.74408634882758,51011300,147.52715759277345,138.19505935668946,146.62987272967172,53.31578801736836,3.203345617465658,3.8467674499054016,-0.6434218324397438,155.85852669585486,147.52715759277345,139.19578848969203,0.0026874756440532542
2023-02-23,147.2665252685547,148.1931042440918,145.1373820304515,147.94667430552937,48394200,147.90943145751953,138.34206436157226,146.69050630480345,54.185752491107614,2.867996716083411,3.6510133031410037,-0.7830165870575927,155.4153924140407,147.90943145751953,140.40347050099837,-0.04594022034327253
2023-02-24,144.61495971679688,145.0881010134071,143.6390916917033,145.00924162382364,55469600,148.05578384399413,138.39017318725587,146.4928352011838,48.80844533739223,2.361054350859291,3.3930215126846615,-1.0319671618253703,155.17498476145283,148.05578384399413,140.93658292653544,-0.02718342408861559
2023-02-27,145.8076629638672,147.039812645864,145.34437348016522,145.60067024018994,44998500,148.16482696533203,138.44284561157227,146.42758070239174,51.15646402364566,2.0321151003689693,3.1208402302215235,-1.0887251298525542,155.07301710209723,148.16482696533203,141.25663682856683,0.014215510100626555
2023-02-28,145.30496215820312,146.95111245136155,144.73324285815977,144.9501024216552,50547000,148.3929229736328,138.52995010375977,146.32066465056425,50.113145881160115,1.71113966776241,2.8389001177297013,-1.1277604499672913,154.56820974553105,148.3929229736328,142.21763620173456,0.024476620107371696
2023-03-01,143.23492431640625,145.12750429739225,142.9392054041828,144.73322244168676,55479000,148.45403518676758,138.7077360534668,146.02678461873967,45.956732175510076,1.2750317982234662,2.5261264538284545,-1.2510946556049882,154.39530760864423,148.45403518676758,142.51276276489094,-0.10315314528157488
2023-03-02,143.82638549804688,144.6149643784106,141.8450789930105,142.31823534576338,52238100,148.4886215209961,138.93652267456054,145.8172227977213,47.301653064663704,0.9660036551175608,2.2141018940862756,-1.2480982389687147,154.31252128499005,148.4886215209961,142.66472175700216,0.10557537025391352
2023-03-03,148.8732452392578,148.95210462024477,145.2260853537234,145.9259379185379,70732300,148.51030349731445,139.30837173461913,146.10827255405812,57.109908770414854,1.1154774977936768,1.9943770148277558,-0.878899517034079,154.33654024153464,148.51030349731445,142.68406675309427,0.1992705447063951
2023-03-06,151.63328552246094,154.0680147422593,151.26857399298945,151.59384830577196,87558000,148.4888916015625,139.73679916381835,146.63446426533457,61.346903704659816,1.4400487931624468,1.8835113704946942,-0.44346257733224737,154.26570486284643,148.4888916015625,142.71207834027857,0.002601499213976433
2023-03-07,149.43511962890625,151.83041139396585,148.9718301446463,151.50512207262017,56182000,148.4938835144043,140.0592576599121,146.9011933475795,56.555064823791916,1.502579465624649,1.8073249895206853,-0.3047455238960364,154.2737854293327,148.4938835144043,142.71398159947591,-0.13578532900003362
2023-03-08,150.68698120117188,151.278419098267,149.66183922588297,150.62784041964048,47204800,148.41777420043945,140.47013748168945,147.26174457173116,58.54119131538955,1.6343109217159508,1.7727221759597387,-0.13841125424378786,154.03785997723557,148.41777420043945,142.79768842364334,0.003926264724329975
2023-03-09,148.43951416015625,152.33310365607178,148.08465449485655,151.36710263865677,53833600,148.3636375427246,140.84335037231446,147.3739131039621,53.787099322853074,1.5396095815159754,1.7260996570709861,-0.18649007555501074,153.9609371935353,148.3636375427246,142.7663378919139,-0.1910337215332811
2023-03-10,146.37939453125,148.78455331931613,145.50210448552664,148.0649820559655,68572400,148.2581657409668,141.2113836669922,147.2791970494181,49.795219415836975,1.2835279390930623,1.6375853134754015,-0.3540573743823392,153.92116632230025,148.2581657409668,142.59516515963335,-0.11335181571598393
2023-03-13,148.32127380371094,150.95314411845015,145.59082548311505,145.69925527320058,84457100,148.23155364990234,141.69679489135743,147.37844245458882,53.31255586343227,1.2231748228714991,1.554703215354621,-0.3315283924831218,153.88811187900708,148.23155364990234,142.5749954207976,0.17804311546618434
2023-03-14,150.4109649658203,151.2093955139033,147.95653254628945,149.11967456920323,73695900,148.16945190429686,142.1537272644043,147.66725412232515,56.81854580575929,1.328649313716653,1.5094924350270276,-0.1808431213103745,153.7002685140352,148.16945190429686,142.63863529455853,0.08637843700118196
2023-03-15,150.80526733398438,151.06154904978908,147.7791005346977,149.03096880678774,77167900,148.1591018676758,142.61224609375,147.96611252343556,57.46757270617518,1.4275990403153571,1.4931137560846937,-0.06551471576933654,153.66933668364243,148.1591018676758,142.64886705170915,0.11849635537473849
2023-03-16,153.62442016601562,154.22570978036399,149.47453364061312,149.98711209240733,76161100,148.18473052978516,143.2228141784668,148.50499896558603,61.87922315667715,1.713744504561106,1.5372399057799764,0.17650459878112956,153.7908044247664,148.18473052978516,142.5786566348039,0.23786329570952766
2023-03-17,152.78656005859375,154.50171782493953,152.07684064085686,153.8511391851991,98944600,148.24830932617186,143.7912324523926,148.91276668872962,59.89093380439064,1.8515648511181553,1.6001048948476124,0.25145995627054285,154.03010356806075,148.24830932617186,142.46651508428297,-0.06908517612979184
2023-03-20,155.1522979736328,155.56631354554972,151.94870846939224,152.85558396503848,73641400,148.48734664916992,144.43334228515624,149.5070077634823,63.46096198055032,2.1271631346504023,1.7055165428081707,0.42164659184223163,154.95511053322548,148.48734664916992,142.01958276511436,0.14913324785390303
2023-03-21,157.0054473876953,157.1237289497417,154.3045697408097,155.07344501678244,73938300,149.01963577270507,145.02196746826172,150.22114487055023,66.01290857918528,2.466676123329904,1.8577484589125175,0.6089276644173867,156.38881788087713,149.01963577270507,141.65045366453302,0.12394565889715442
2023-03-22,155.57615661621094,159.82460651427928,155.5564380089166,157.0251659140942,75701800,149.45926742553712,145.5715737915039,150.7311459891846,62.39341298826911,2.5905485614837005,2.0043084794267543,0.5862400820569462,157.27778995418888,149.45926742553712,141.64074489688537,-0.09201775382635828
2023-03-23,156.66043090820312,159.24302685232914,155.4282812343858,156.56186795883147,67622100,149.92896270751953,146.1314483642578,151.2958397909959,64.00574908776838,2.744572511404357,2.1523612858222747,0.5922112255820822,158.2750137118439,149.92896270751953,141.58291170319515,0.00629538013098759
2023-03-24,157.96157836914062,158.0502895303303,155.59585715875076,156.59142861861952,59196500,150.5962936401367,146.66301696777344,151.93067203653348,65.89537970358172,2.9377646056744595,2.3094419497927117,0.6283226558817478,159.26417125744624,150.5962936401367,141.92841602282718,0.08727577428706276
2023-03-27,156.01971435546875,158.47416184588545,155.61556566491817,157.6560126824132,52390300,151.1068962097168,147.1573226928711,152.32010463833683,60.76799762134961,2.9007406031638254,2.4277016804669347,0.47303892269689074,159.78939263371637,151.1068962097168,142.42439978571724,-0.1034180683689787
2023-03-28,155.39874267578125,156.22675885726497,153.75259217928735,155.71418027651652,45992200,151.6115852355957,147.61263549804687,152.61330826095056,59.182122745780205,2.789140118450632,2.4999893680636744,0.2891507503869577,160.0566075310918,151.6115852355957,143.1665629400996,-0.020254703781314057
2023-03-29,158.4741668701172,158.75016719414856,157.074446643704,157.09415020907082,51305700,152.37354736328126,148.10622985839845,153.1714852713474,64.16942497067464,2.9152517528422948,2.5830418450193986,0.33220990782289617,160.39734771862393,152.37354736328126,144.3497470079386,0.08762119524351444
2023-03-30,160.04144287109375,160.14987263415844,158.96701206310877,159.2232937572216,49501700,153.1843002319336,148.64553894042967,153.8257669475137,66.42110566136857,3.1058597883798598,2.687605433691491,0.4182543546883686,160.85897419243045,153.1843002319336,145.50962627143676,0.051338582676581396
2023-03-31,162.545166015625,162.64374399803975,159.59787385661696,160.1203040734608,68749800,153.86789627075194,149.23374114990236,154.65618590638144,69.69723328636019,3.4195293572293792,2.8339902183990686,0.5855391388303106,162.28451844576122,153.86789627075194,145.45127409574266,0.15029281420225438
2023-04-03,163.79705810546875,163.91533966892132,161.87490749491164,161.92419649331373,56976200,154.47608489990233,149.7958026123047,155.5267451634374,71.20976637334988,3.7261789085693238,3.01242795643312,0.7137509521362038,163.8611213468785,154.47608489990233,145.09104845292617,0.11514983260206053
2023-04-04,163.26475524902344,164.45746763773894,162.75217680448466,164.22090454094308,46278300,155.1675666809082,150.28343994140624,156.26369850492176,69.61856819403837,3.8815049228250302,3.186243349711502,0.6952615731135281,164.99264683455812,155.1675666809082,145.3424865272583,-0.058157657929063175
2023-04-05,161.4214630126953,162.69304993016723,159.48946069965245,162.38747921010668,51511700,155.70429077148438,150.70626037597657,156.75491417232877,64.26345262685818,3.8119221638843612,3.3113791125460743,0.5005430513382869,165.66355899990003,155.70429077148438,145.74502254306873,-0.059418267953972266
2023-04-06,162.3086395263672,162.60435849941234,159.6866210280676,160.11047335808198,45390100,156.39774703979492,151.16001220703126,157.28384039652292,65.63363350817818,3.7847369645071183,3.4060506829382833,0.378686281568835,166.16665618636893,156.39774703979492,146.62883789322092,0.13643446288933722
2023-04-10,159.71620178222656,159.71620178222656,157.794050894079,159.11491201302218,47716900,157.06458740234376,151.52057800292968,157.51549386182802,58.5671639969263,3.5135029630179417,3.4275411389542154,0.08596182406372632,165.76986353902893,157.06458740234376,148.3593112656586,0.037771677050198134
2023-04-11,158.5037384033203,160.04145880285023,158.21787125365222,160.03160702009572,47644200,157.5737106323242,151.8181167602539,157.6096123895892,55.55456866076428,3.1642370460066047,3.374880320364693,-0.21064327435808838,165.311289798099,157.5737106323242,149.8361314665494,-0.0951839010844252
2023-04-12,157.8137664794922,159.7457691153541,157.49832888292315,158.917767985699,50133100,157.9438507080078,152.15953125,157.62905563624662,53.85681474324517,2.799495481250659,3.2598033525418866,-0.4603078712912274,164.94903856483737,157.9438507080078,150.93866285117824,-0.0693584450925973
2023-04-13,163.19578552246094,163.4323637150449,159.11490570596376,159.32191350458623,68445600,158.56337661743163,152.583193359375,158.15922038731463,63.282735319331636,2.9111610680604656,3.1900748956456026,-0.27891382758513705,165.110291680357,158.56337661743163,152.01646155450626,0.23846645459084242
2023-04-14,162.8507843017578,163.94493394539444,161.48063430124813,162.23962776220338,49386500,159.02469482421876,152.97751586914063,158.606035998214,62.402740823952264,2.9379512615669796,3.139650168829878,-0.20169890726289852,165.41285212143939,159.02469482421876,152.63653752699813,0.037652183327388934
2023-04-17,162.8704833984375,163.02820218114718,161.6876226098968,162.73248322378927,41516200,159.52889099121094,153.26613342285157,159.01217384585433,62.43486189853909,2.9270312412679402,3.097126383317491,-0.17009514204955067,165.4421685456213,159.52889099121094,153.61561343680057,0.008479982851721829
2023-04-18,164.09275817871094,165.019337094876,163.28446081239204,163.72804670609275,49923000,159.97591400146484,153.5067581176758,159.4960390204121,64.46354938561436,2.9826225897019754,3.074225624594388,-0.09160303489241262,165.84978807241947,159.97591400146484,154.10203993051022,0.02227175912817349
2023-04-19,165.2362060546875,165.7586363174907,163.17604035173306,163.43233711220313,47720200,160.38745193481446,153.82477661132813,160.042721595105,66.29724709159782,3.083402279126176,3.076060955500746,0.00734132362542983,166.51887451325626,160.38745193481446,154.25602935637266,0.10992801819130431
2023-04-20,164.27017211914062,165.47275128415967,163.19574132050678,163.71817152684758,52456400,160.82215270996093,154.06599670410156,160.44533593072745,63.32431565962329,3.050159701575865,3.07088070471577,-0.020721003139905214,166.75712317805647,160.82215270996093,154.8871822418654,0.03370374285219031
2023-04-21,162.66348266601562,164.07305473489896,162.14105238473394,162.69305305620966,58337300,161.12230529785157,154.32882141113282,160.6565880007549,58.61635876935041,2.861186333142456,3.0289418304011075,-0.1677554972586517,166.7860162441715,161.12230529785157,155.45859435153164,-0.001817555026261851
2023-04-24,162.96902465820312,163.23517316391397,161.5495860155954,162.64373538253156,41949600,161.3726776123047,154.61842529296874,160.87682006336905,59.23701567345617,2.704897883368915,2.9641330409946693,-0.25923515762575455,166.89634596184285,161.3726776123047,155.84900926276654,0.019997444688564233
2023-04-25,161.43133544921875,163.93505711689548,161.3918982344198,162.83105575677226,48714100,161.64325866699218,154.8699816894531,160.9296310524976,54.78395496305437,2.42895995438667,2.8570984236730697,-0.42813846928639965,166.59178376338463,161.64325866699218,156.69473357059974,-0.08575039769825678
2023-04-26,161.4214630126953,162.91976126426218,160.47518046288778,160.73146218660858,45498800,161.94439468383788,155.06535095214844,160.97647219156406,54.75549504654061,2.1843012691720674,2.7225389927728694,-0.538237723600802,165.98620265758112,161.94439468383788,157.90258671009465,0.04290244521220292
2023-04-27,166.0050811767578,166.15293313578908,162.8310621018307,162.8310621018307,64902300,162.32094039916993,155.36520721435548,161.45538733301106,64.08442494620338,2.3333695457619683,2.644705103370689,-0.31133555760872067,166.4024111802251,162.32094039916993,158.23946961811475,0.1924952246407853
2023-04-28,167.2569122314453,167.42449781718415,165.48262879614657,166.08391841749662,55275900,162.6817138671875,155.6481085205078,162.00791351381432,66.13795536076228,2.5234309913757045,2.620450280971692,-0.0970192895959876,167.1506416519484,162.6817138671875,158.21278608242662,0.07050937663328613
2023-05-01,167.168212890625,168.01593249804148,166.2317821133474,166.86264216717663,52472900,162.9128662109375,155.96117309570312,162.49937059732008,65.8506539477763,2.636506752160045,2.623661575209363,0.012845176950682102,167.78929887792177,162.9128662109375,158.03643354395322,0.018310663537478115
2023-05-02,166.13320922851562,167.91737470896658,165.1474894240389,167.66107793363267,48425700,163.02967376708983,156.27640625,162.84545046695774,62.44209625552389,2.6124888167412053,2.6214270235157318,-0.008938206774526503,168.09354405609173,163.02967376708983,157.96580347808793,-0.09087698756015393
2023-05-03,165.05877685546875,168.47922575134587,164.77292473257992,167.07950544573387,65136000,163.1193748474121,156.65038848876952,163.05624345633973,59.02640377600939,2.478189688671563,2.592779556546898,-0.1145898678753352,168.25970522362493,163.1193748474121,157.97904447119927,-0.1203578601261082
2023-05-04,163.42247009277344,164.65461977543495,161.96360907995128,162.535328337613,81235400,163.21942520141602,156.98316741943358,163.09112218361915,54.16675963233751,2.214196502548191,2.5170629457471567,-0.30286644319896583,168.30123083614166,163.21942520141602,158.13761956669038,0.05452733510054949
2023-05-05,171.09140014648438,171.81097141948842,168.32151475691046,168.53837432535954,113453200,163.65856323242187,157.45966491699218,163.85305341817775,67.62137486583356,2.5938977256529654,2.5324299017283183,0.061467823924647114,169.76438598337106,163.65856323242187,157.55274048147268,0.15033228546339852
2023-05-08,171.02236938476562,171.3673772990156,169.65221959190652,170.01693107088172,55962800,164.22387161254883,157.98781311035157,164.53584541499563,67.42949332877123,2.856317623439537,2.5972074460705623,0.2591101773689748,170.83745329394537,164.22387161254883,157.6102899311523,0.0590686971938663
2023-05-09,169.31710815429688,171.06182151405454,169.14953757945023,170.5788283985824,45326900,164.76454010009766,158.45800201416014,164.99120377111956,62.69660606035229,2.893334395360938,2.6564328359286375,0.2369015594323005,171.1843843280028,164.76454010009766,158.34469587219252,-0.07383239027106073
2023-05-10,171.08154296875,171.5448325237521,169.44524432941884,170.54926084220077,53724500,165.42792892456055,158.9735336303711,165.5712360756558,65.40255544762209,3.0301163027729956,2.7311695292975093,0.29894677347548626,171.57384750882522,165.42792892456055,159.28201034029587,0.03119974645265851
2023-05-11,171.26882934570312,172.09683043603525,169.71139012861647,171.36740735017244,49514700,165.83158111572266,159.53421173095703,166.1138640061365,65.68707642953561,3.1176905987328496,2.8084737431845777,0.30921685554827194,172.38500049732212,165.83158111572266,159.2781617341232,-0.005752372558791171
2023-05-12,170.34097290039062,171.81171738299747,168.79124488441096,171.3773983196224,45533100,166.2060905456543,160.06450347900392,166.51644580558929,62.926114142392215,3.0767566629074565,2.8621303271291536,0.21462633577830292,172.89011397940965,166.2060905456543,159.52206711189893,-0.06040258192511436
2023-05-15,169.84742736816406,170.97270170588305,169.25517137496644,170.92334452950067,37266700,166.55493774414063,160.48398712158203,166.83368214488212,61.446631944051745,2.970252007904719,2.8837546632842668,0.08649734462045222,173.23445895110632,166.55493774414063,159.87541653717494,-0.06286434148389668
2023-05-16,169.84742736816406,170.9035986466086,169.58091066505557,169.76845889829133,42110300,166.8426712036133,160.8482699584961,167.12070549948038,61.446631944051745,2.852959164151514,2.8775955634577164,-0.024636399306202428,173.5687750774678,166.8426712036133,160.1165673297588,0.004651505989271074
2023-05-17,170.45941162109375,170.69630196545663,168.21872838992437,169.4920742376562,57951600,167.10383148193358,161.26875579833984,167.4386775110626,62.7075367215706,2.7773699629928217,2.8575504433647376,-0.08018048037191594,173.96441970398394,167.10383148193358,160.24324325988323,0.057010833882079066
2023-05-18,172.78890991210938,172.97645812210007,170.35081330561755,170.76538642479474,65496700,167.52976837158204,161.71079437255858,167.94822345401943,67.11621670574664,2.872325638143309,2.860505482320452,0.011820155822857004,174.68519149612638,167.52976837158204,160.3743452470377,0.11794575301835519
2023-05-19,172.89749145507812,174.11159953538055,172.68033195301507,174.11159953538055,55809500,168.04146881103514,162.19995391845703,168.41958231126313,67.31020609837253,2.9226498299294406,2.8729343518422494,0.04971547808719112,175.19542391565366,168.04146881103514,160.88751370641663,-0.0696187984111548
2023-05-22,171.94989013671875,172.45331220735133,171.2095777379714,171.73273062815065,43570900,168.49051208496093,162.7113638305664,168.75580210416368,63.7743346057328,2.8531789367881686,2.8689832688314336,-0.015804332043265035,175.43901751465998,168.49051208496093,161.54200665526187,0.012644528147317277
2023-05-23,169.34400939941406,171.1405082441651,169.06762727894406,170.89373741791002,50747300,168.8861457824707,163.13181854248046,168.81182184656848,55.188582337804796,2.5583587886242753,2.806858372790002,-0.2484995841657267,175.03715547148684,168.8861457824707,162.73513609345454,-0.09043595669823841
2023-05-24,169.62037658691406,170.19288666082696,168.317434571077,168.88006417332414,45143500,169.29609146118165,163.51600677490234,168.88882705993473,55.8671774818219,2.320265641474492,2.7095398265269,-0.38927418505240796,174.40747283616807,169.29609146118165,164.18471008619522,0.043808520289423426
2023-05-25,170.7555389404297,171.65377326209193,169.47232768730396,170.18302884098296,56058300,169.53361434936522,163.91501220703125,169.06660914379137,58.637827018778204,2.197837914597983,2.6071994441411173,-0.4093615295431343,174.4489371995363,169.53361434936522,164.61829149919416,0.033628160806272386
2023-05-26,173.1640167236328,173.49963649375093,170.873991291327,171.08128541223243,54835000,169.8289695739746,164.3058041381836,169.4568384371096,63.82674524160228,2.2690014512938887,2.5395598455716715,-0.2705583942777827,174.8698771965826,169.8289695739746,164.78806195136661,0.12114141710567308
2023-05-30,175.0098419189453,176.67801481811213,174.28927545149398,174.67423726963298,55964400,170.22105102539064,164.75026977539062,169.98569591157016,67.22069797791099,2.446144107290877,2.520876697915513,-0.07473259062463589,175.58278587773722,170.22105102539064,164.85931617304405,0.019210810073886853
2023-05-31,174.9605255126953,177.03340659281355,174.47684924421523,175.03949398887755,99625300,170.66241683959962,165.14643432617189,170.4594892069154,67.03971576152495,2.553120730068713,2.5273255043461527,0.02579522572256021,176.05865803796775,170.66241683959962,165.26617564123148,-0.004511435598330635
2023-06-01,177.7637939453125,177.79340523372372,174.64460769798924,175.40466591116137,68901800,171.29766769409179,165.5616012573242,171.15513727723896,71.70336266938749,2.831461483507212,2.5881527001783646,0.24330878332884742,176.89329095013684,171.29766769409179,165.70204443804673,0.1336911560075277
2023-06-02,178.61268615722656,179.4319669478336,176.94451328757913,178.69165461361322,61996900,172.05717849731445,166.02233184814452,171.865380027714,72.95146723450699,3.0849852532939224,2.6875192108014767,0.39746604249244566,177.2822837167319,172.05717849731445,166.832073277897,-0.004419229453155274
2023-06-05,177.26039123535156,182.56102285189482,175.7402747725204,180.27099781019854,121946500,172.36562805175782,166.4343310546875,172.37919061891756,67.81960542570826,3.140583081971073,2.778131985035396,0.3624510969356769,178.03566324021182,172.36562805175782,166.69559286330383,-0.16546900338079396
2023-06-06,176.8951873779297,177.79342164547316,175.13816542041533,177.64536518975015,64848400,172.659268951416,166.8130032348633,172.8092855483473,66.45988650877064,3.1192194425138666,2.8463494765310906,0.272869965982776,178.62139205439456,172.659268951416,166.69714584843746,-0.042203870729825295
2023-06-07,175.5231475830078,178.86935913776645,175.02960596689772,176.135134367242,61944600,172.96957092285157,167.20307189941406,173.06774859926736,61.473373430613975,2.957484420067715,2.868576465238416,0.08890795482929903,178.84903646367255,172.96957092285157,167.0901053820306,-0.03473132345322473
2023-06-08,178.2376251220703,178.50412674833163,175.1677956906412,175.60209965770608,50214900,173.32737503051757,167.65984954833985,173.56011779191525,66.78340081721899,3.013604939272227,2.8975821600451783,0.11602277922704873,179.56384590962364,173.32737503051757,167.0909041514115,0.14896822366152435
2023-06-09,178.62257385253906,179.8761586114367,178.29683460490384,179.15559212759166,48900000,173.69506225585937,168.0628176879883,174.0422564643556,67.46817214208836,3.053939091629104,2.928853546361964,0.12508554526714022,180.26111871989272,173.69506225585937,167.12900579182602,-0.029742920941542884
2023-06-12,181.416015625,181.51472997018058,178.63244881890137,178.92857679274874,54274900,174.24881439208986,168.4903091430664,174.74451924155983,71.98203538529697,3.273575858468263,2.997798008783224,0.27577784968503893,181.42928602563524,174.24881439208986,167.06834275854447,0.1381298382900649
2023-06-13,180.94219970703125,181.77134589189876,180.08344223425368,180.4387927508673,54929100,174.8035530090332,168.85824981689453,175.3347745239857,70.2027374064655,3.370552957453384,3.0723489985172563,0.29820395893612783,182.2476159450659,174.8035530090332,167.35949007300053,0.027891806362954723
2023-06-14,181.57394409179688,182.00826309164242,179.668880824476,181.00143405215442,57462900,175.38987884521484,169.21378753662108,175.9289811494915,71.22407719097384,3.4585168696030166,3.1495825727344084,0.3089342968686082,183.0249272314411,175.38987884521484,167.75483045898858,0.031619594257430175
2023-06-15,183.6073455810547,184.11076766616947,181.4061542027307,181.5838370156226,65433200,176.0472755432129,169.62063934326173,176.66025395249753,74.27993016270244,3.6502298327424967,3.2497120247360263,0.4005178080064704,184.12246796736986,176.0472755432129,167.97208311905592,0.11097760360303838
2023-06-16,182.5314178466797,184.57468723659963,181.88981981135748,184.31803597311566,101256200,176.5344009399414,170.04283843994142,177.21941241861012,70.04151610064972,3.6730052429131206,3.3343706683714456,0.338634574541675,184.93350797841526,176.5344009399414,168.13529390146755,-0.09662882824516936
2023-06-20,182.6202392578125,183.69617128575536,182.0279984336963,182.0279984336963,49799100,177.02053833007812,170.4490704345703,177.73377687948653,70.19272363748243,3.6560770843290413,3.398711951562965,0.2573651327660764,185.64386392299303,177.02053833007812,168.39721273716322,0.03252422381136054
2023-06-21,181.58383178710938,183.015099412311,180.23151756348105,182.51167734169172,49515700,177.50223541259766,170.88642303466796,178.10044877545062,66.00636007959466,3.5184732064725495,3.422664202544882,0.09580900392766756,186.01434741720752,177.50223541259766,168.9901234079878,-0.050793848728490805
2023-06-22,184.58456420898438,184.63392138287654,181.29757524213758,181.36667829792557,51245300,178.26426315307617,171.40803955078124,178.7179835786443,71.33667464548166,3.609942005834597,3.460119763202825,0.1498222426317719,186.44068361496394,178.26426315307617,170.0878426911884,0.17558572873811684
2023-06-23,184.26869201660156,185.13733008755815,182.62026481317798,183.15329819733586,53117000,178.99667892456054,171.93713806152343,179.24662247749737,70.09076999163491,3.6152688731123703,3.4911495851847345,0.12411928792763582,186.54488389806207,178.99667892456054,171.44847395105901,0.06082429139942129
2023-06-26,182.87689208984375,185.62098193195177,182.83740033087778,184.41673933227065,48088700,179.60274658203124,172.33076019287108,179.59236244057797,64.72657367930361,3.4672159245645844,3.4863628530607045,-0.019146928496120097,186.30603379758935,179.60274658203124,172.89945936647314,-0.08330472698326373
2023-06-27,185.63084411621094,185.9565833444032,183.27171612569057,183.48887561115208,50730800,180.22608795166016,172.78636138916016,180.1674559334954,69.67247107494877,3.531396073252239,3.495369497099012,0.03602657615322702,186.73423555142554,180.22608795166016,173.71794035189478,0.11620822044000759
2023-06-28,186.80552673339844,187.44712489565077,185.1768452066367,185.50256946263158,51216800,180.8158721923828,173.26506225585936,180.79965315253378,71.50763478507696,3.6351427110794816,3.5233241398951063,0.11181857118437533,187.46271819478716,180.8158721923828,174.16902618997847,0.07012402873915771
2023-06-29,187.14108276367188,187.61489349976054,186.49948476837957,186.6376758009822,46347300,181.42490005493164,173.7260287475586,181.40359882978504,72.02833210151506,3.7017675640875325,3.5590128247335917,0.14275473935394078,188.04619470451487,181.42490005493164,174.8036054053484,0.02696588017096523
2023-06-30,191.46453857421875,191.96794560784363,188.78953634841974,189.1547673916645,85213200,182.10993728637695,174.2505953979492,182.36178356735016,77.68649338622852,4.056672199461275,3.6585446996791284,0.39812749978214645,189.81983790396907,182.10993728637695,174.40003666878482,0.12150679751914292
2023-07-03,189.9740447998047,191.37570117698604,189.28307449044232,191.27698682945007,31458200,182.67800521850586,174.7646728515625,183.08676082758393,72.25977378228482,4.169601715832584,3.76075610290982,0.40884561292276445,190.92872925555716,182.67800521850586,174.42728118145456,-0.06801291342825531
2023-07-05,188.85862731933594,190.48730854754436,188.15779163185775,189.09553270560195,46920300,183.25791702270507,175.2885757446289,183.636462398227,68.40858813639728,4.121583256247561,3.8329215335773683,0.28866172267019286,191.53433931676054,183.25791702270507,174.9814947286496,-0.01252768845525758
2023-07-06,189.33241271972656,189.53970680413252,186.75612514844465,187.3878577490578,45094300,183.87977828979493,175.81584350585936,184.17893385741743,69.16044449570356,4.074787192999906,3.8812946654618763,0.19349252753803015,192.0182888498199,183.87977828979493,175.74126772976996,0.10340077055192463
2023-07-07,188.217041015625,190.1813422528557,187.7827370048323,188.93762268666168,46815000,184.51447296142578,176.3515576171875,184.56351549153243,65.22492504916536,3.9027117688404473,3.8855780861375906,0.017133682702856756,191.89144517687458,184.51447296142578,177.13750074597698,-0.03812012076909187
2023-07-10,186.17376708984375,187.5359467558433,184.62403920180722,186.8153651594175,59922200,184.91128005981446,176.84660369873046,184.71687278660968,58.64164833935323,3.56042328268353,3.8205471254467787,-0.2601238427632486,191.72749478760974,184.91128005981446,178.09506533201917,-0.03433047015636325
2023-07-11,185.65065002441406,186.85489299256102,184.1897707912365,186.71670191728336,46638100,185.2626838684082,177.23951507568358,184.80580395211484,57.053938524903174,3.2099437822393213,3.6984264568052874,-0.48848267456596606,191.44059719778264,185.2626838684082,179.08477053903377,-0.057032660708775516
2023-07-12,187.3187713623047,189.22383458950753,186.0355602702456,187.22992243297554,60750200,185.55782165527344,177.64075225830078,185.04513418165672,60.707281688011726,3.0318405335493708,3.5651092721541042,-0.5332687386047334,191.5331304919665,185.55782165527344,179.5825128185804,0.004745409347159024
2023-07-13,188.07882690429688,188.72044002337208,187.32864909209994,188.03935020331573,41342300,185.9146530151367,178.05896453857423,185.33405729809863,62.2817051513688,2.9183812732982233,3.435763672382928,-0.5173823990847048,191.58962451424014,185.9146530151367,180.23968151603327,0.0020993820145510703
2023-07-14,188.22689819335938,188.71055932283986,187.18059240914323,187.77283329330808,41616200,186.24730072021484,178.5008383178711,185.60956595479013,62.59614390529168,2.80804273891502,3.3102194856893465,-0.5021767467743263,191.63837002919908,186.24730072021484,180.8562314112306,0.02417689545103593
2023-07-17,191.48428344726562,191.81002272437502,189.33243414864154,189.42126802557274,50520200,186.6411476135254,179.02934844970704,186.16906285883542,68.76504553220889,2.949443078511422,3.238064204253762,-0.2886211257423401,192.34504906622604,186.6411476135254,180.93724616082474,0.10848290657771502
2023-07-18,191.22763061523438,191.8198865800326,189.93455398917624,190.85254922844402,48288200,187.07595825195312,179.58545166015625,186.6508312165877,67.81600386479025,3.0061412032352735,3.1916796040500643,-0.1855384008147909,192.78625072525554,187.07595825195312,181.3656657786507,0.019650411038628083
2023-07-19,192.57992553710938,195.6694855056854,190.1615598085878,190.60575926840173,80507300,187.57394256591797,180.01522216796874,187.2155068661612,70.15335073209113,3.1241801698980396,3.1781797172196598,-0.053999547321620156,193.37941683139357,187.57394256591797,181.76846830044238,0.10320449902627929
2023-07-20,190.6353759765625,193.93223012421538,190.01350876450033,192.57005054034346,59581200,188.02651977539062,180.40748229980468,187.54120868619944,63.061203579888456,3.0259368863007694,3.147731151035882,-0.12179426473511246,193.2784162330567,188.02651977539062,182.77462331772455,-0.10012935917084309
2023-07-21,189.46075439453125,192.45161532627134,188.75991868585442,191.59285775033445,71951700,188.27032928466798,180.81035522460937,187.72402256318344,59.169911065953855,2.82078003492947,3.0823409278145997,-0.2615608928851296,193.30884476634654,188.27032928466798,183.23181380298942,-0.11082592015173601
2023-07-24,190.2602996826172,192.3924031537896,189.76675804919924,190.91177825353577,45377800,188.56990966796874,181.19393035888672,187.96557276503427,60.9368777125526,2.691680359144783,3.0042088140806364,-0.31252845493585335,193.32564524795922,188.56990966796874,183.81417408797827,-0.034111347925397946
2023-07-25,191.11903381347656,191.92844922240585,190.4280786239598,190.83278632842445,37283200,188.98201675415038,181.5909344482422,188.26590238869545,62.79897869247184,2.6283624770556173,2.9290395466756327,-0.3006770696200154,193.07532945387624,188.98201675415038,184.88870405442452,0.014998786329318286
2023-07-26,191.9876708984375,193.112945076557,190.82292002182845,191.16839008411552,47471900,189.29985809326172,182.02386840820313,188.62035653248043,64.63538805453129,2.6180945878708712,2.8668505549146808,-0.24875596704380953,193.28882238835186,189.29985809326172,185.31089379817158,0.04283028155093559
2023-07-27,190.72421264648438,194.65279947329122,190.06286872536143,193.48804855415668,47460200,189.49579238891602,182.44140411376952,188.8207237814332,59.99616416017337,2.479425417124503,2.7893655273566456,-0.30994011023214263,193.3583944324545,189.49579238891602,185.63319034537753,-0.14187906093055663
2023-07-28,193.30050659179688,194.09017617119656,191.63233355900982,192.15548645475204,48291400,189.80376358032225,182.91046569824218,189.2473697633726,65.4428474419098,2.548042245742778,2.7411008710338725,-0.19305862529109463,193.84437591969365,189.80376358032225,185.76315124095086,0.059517781754292884
2023-07-31,193.91250610351562,193.9519978690126,192.73787459795656,193.52754422924545,38824100,189.9261619567871,183.37952758789064,189.69166846243385,66.60600671536778,2.621584824703376,2.717197661767773,-0.09561283706439694,194.2955258618818,189.9261619567871,185.5567980516924,0.01988921573199231
2023-08-01,193.08334350585938,194.1888718595327,192.75760424557473,193.7052107356477,35175100,190.08162689208984,183.7854162597656,190.01468513323627,63.48807426110627,2.583184018951158,2.6903949332044506,-0.10721091425329243,194.66286734246344,190.08162689208984,185.50038644171624,-0.032092769844901864
2023-08-02,190.09246826171875,192.65887532596588,189.37190180440743,192.52068429221174,50389300,190.143318939209,184.12931579589844,190.0220930502346,53.71955018572611,2.285071584496478,2.6093302634628563,-0.32425867896637817,194.69012202989768,190.143318939209,185.5965158485203,-0.125462949746437
2023-08-03,188.70069885253906,189.885195713569,188.22690312046603,189.09554118067888,61235200,190.11173324584962,184.46433197021486,189.8962459837874,49.87394914165188,1.9144426691971717,2.4703527446097193,-0.5559100754125477,194.68930295967482,190.11173324584962,185.53416353202442,-0.020877539055026366
2023-08-04,179.63926696777344,184.9596445164711,179.57016391801557,183.12366926443607,115956800,189.68284454345704,184.67023712158203,188.9193908394051,33.20649870101468,0.8793976117682973,2.152161718041435,-1.2727641062731379,196.11983923573413,189.68284454345704,183.24584985117994,-0.18801237743737687
2023-08-07,176.53982543945312,180.76454006954836,175.05920073091434,179.7774569305225,97576100,189.2011474609375,184.8086260986328,187.74038461083828,29.56675817323911,-0.18880564758492824,1.6839682449161626,-1.8727738925010908,197.72123183080868,189.2011474609375,180.68106309106633,-0.1781690503810909
2023-08-08,177.47756958007812,177.94149990785485,175.2862435821482,177.3689898212007,67823000,188.7924934387207,184.9430667114258,186.7629736555278,31.995441864541306,-0.948759601414821,1.157422675649966,-2.1061822770647867,198.6358208480163,188.7924934387207,178.9491660294251,0.006121611374277452
2023-08-09,175.8883514404297,178.59294967088076,174.72358547458126,178.53372709089916,60378500,188.22097244262696,184.99755340576172,185.727295349328,30.10109538144458,-1.6601282817786966,0.5939124841642335,-2.2540407659429302,199.55470767340566,188.22097244262696,176.88723721184826,-0.1470973826996027
2023-08-10,175.6711883544922,178.41527829006225,175.30597241092943,177.1616784798233,54686900,187.60059051513673,185.01078033447266,184.76957087362933,29.84109544619882,-2.215873126163899,0.03195536209860694,-2.247828488262506,200.1866714936826,187.60059051513673,175.01450953659085,-0.08393369478581462
2023-08-11,175.73049926757812,176.5508864753638,174.5048729038775,175.2659575562626,52036700,186.97577056884765,185.02617980957032,183.90870691114827,30.0188845290281,-2.6213022832432955,-0.4986961669697736,-2.1226061162735217,200.57537333955034,186.97577056884765,173.37616779814496,0.026498754588299863
2023-08-14,177.3811798095703,177.60851131506328,175.25607590732963,175.90843422608452,43675600,186.2706153869629,185.01852752685548,183.28703766337892,34.95884675973039,-2.777395599163725,-0.9544360534085639,-1.8229595457551613,200.31718496431446,186.2706153869629,172.22404580961134,0.08352721569834289
2023-08-15,175.39443969726562,177.40092323969566,174.99907927707545,176.8078826094104,43622600,185.47895584106445,184.95416259765625,182.53536166660624,32.02835741996148,-3.0265260909757217,-1.3688540609219955,-1.6576720300537262,200.09206834582872,185.47895584106445,170.86584333630017,-0.07977243839783785
2023-08-16,174.52462768554688,176.471793411816,174.45543132326716,175.07813825565708,46964900,184.57619094848633,184.89944732666015,181.77243462079107,30.810623079643364,-3.2566101855982765,-1.7464052858572516,-1.510204899741025,199.54942794703592,184.57619094848633,169.60295394993673,-0.03160453017396724
2023-08-17,171.98440551757812,175.4537406821077,171.47042491030345,175.08803154260252,66062900,183.6436424255371,184.80123168945312,180.84024137286602,27.519870318564827,-3.602401940532559,-2.1176046167923133,-1.4847973237402456,199.29890054065066,183.6436424255371,167.98838431042356,-0.1754273349674769
2023-08-18,172.46875,173.0716844916875,169.96805819399307,170.30411608587545,61172200,182.79404220581054,184.74014373779298,180.04295648021213,29.075332372749813,-3.7936312263929324,-2.4528099387124374,-1.340821287680495,198.9311953106767,182.79404220581054,166.65688910094437,0.1264239488859187
2023-08-21,173.80308532714844,174.08973444525807,171.7274205434044,173.0420157807921,46311900,181.9711814880371,184.65145294189452,179.4486830370632,33.32080567214663,-3.793779772107655,-2.721003905391481,-1.072775866716174,198.17975243871845,181.9711814880371,165.76261053735576,0.043953440181349085
2023-08-22,175.17697143554688,175.62175563939851,174.2083279343983,175.00894251773767,42038900,181.17407836914063,184.5825408935547,179.04185336072834,37.47111010752933,-3.641064444324087,-2.905016013178002,-0.7360484311460849,197.06973489375497,181.17407836914063,165.2784218445263,0.009600866817689067
2023-08-23,179.0219268798828,179.44695366375947,176.264252478764,176.45205395893973,52722800,180.5257911682129,184.53465911865234,179.03995560064783,47.3481825724084,-3.173201978913312,-2.958653206325064,-0.21454877258824778,195.64301266217723,180.5257911682129,165.40856967424855,0.14462033708555266
2023-08-24,174.33685302734375,179.00217866700072,173.9711287799832,178.57715186115848,54945800,179.70642318725587,184.4025521850586,178.59204106985698,39.2188918855907,-3.1442193064559376,-2.995766426351239,-0.1484528801046987,194.29079705373752,179.70642318725587,165.1220493207742,-0.2330848979634247
2023-08-25,176.54098510742188,177.0747231196245,173.78331106065053,175.3252376314931,51449600,178.86844711303712,184.30189300537108,178.3967024067679,44.08295714787272,-2.909852325277086,-2.9785836061364086,0.06873128085932256,192.0949101473857,178.86844711303712,165.64198407868855,0.06923148343921183
2023-08-28,178.10272216796875,178.49808262553688,176.48172016068384,178.00387451255935,43820700,178.07795791625978,184.19180053710937,178.36870428878703,47.30097426828628,-2.5684877474405994,-2.8965644343972468,0.3280766869566474,189.3603493504639,178.07795791625978,166.79556648205565,0.005553061113616389
2023-08-29,181.9871826171875,182.7581460326424,177.4207046822572,177.61838490226515,53003900,177.52314987182618,184.18091583251953,178.71332127244423,54.339648645614524,-1.9618948629023407,-2.7096305200982655,0.7477356571959248,186.69294795160334,177.52314987182618,168.353351792049,0.24112234808450395
2023-08-30,185.4762725830078,185.67396786591692,182.5999932338842,182.79767343476072,60813900,177.29234008789064,184.23803649902345,179.35741187345027,59.56389609327244,-1.1859542881371397,-2.4048952737060403,1.2189409855689006,185.34994416186746,177.29234008789064,169.23473601391382,0.14549368398717671
2023-08-31,185.69374084472656,186.92926105598286,185.30825914209595,185.66408956621913,60794500,177.1419921875,184.3202346801758,179.9608717754766,59.8720726632703,-0.547160594287817,-2.0333483378223955,1.4861877435345785,184.41668410146903,177.1419921875,169.86730027353096,0.0015970376052726627
2023-09-01,187.2653045654297,187.7199674857303,186.09896582677092,187.29495583927402,45766500,177.5232940673828,184.37384948730468,180.6565320411864,62.11891948998755,0.08492115034295011,-1.6096944401893265,1.6946155905322766,185.98429828575718,177.5232940673828,169.06228984900844,-0.0015831312135313944
2023-09-05,187.5025177001953,187.77927298177536,185.43673181910435,186.09896874874457,45280000,178.07142868041993,184.43852600097657,181.30853067537774,62.46058852355251,0.5980971131507431,-1.1681361295213126,1.7662332426720557,187.56407451399153,178.07142868041993,168.57878284684833,0.07527681783234401
2023-09-06,180.79119873046875,186.66239298088038,179.3678770840619,186.21759365485326,81755800,178.23711013793945,184.39681213378907,181.2592609663388,48.99588735561568,0.4579662589262057,-0.842915651831809,1.3008819107580147,187.79793748911456,178.23711013793945,168.67628278676435,-0.28342356651977185
2023-09-07,175.503173828125,176.1456533918577,171.52973657694065,173.15073850258275,112488800,178.2178512573242,184.19425872802734,180.71106219127083,41.41944656067688,-0.07887860492868981,-0.6901082424511853,0.6112296375224955,187.7990559877559,178.2178512573242,168.63664652689252,0.1350307598034633
2023-09-08,176.11599731445312,178.15214742516778,175.73051558651892,176.2840413464044,65551300,178.24009170532227,183.98046813964845,180.27343696490723,42.52858082173027,-0.4496984497241385,-0.642026283905776,0.19232783418163746,187.79958777716826,178.24009170532227,168.6805956334763,-0.009532283285717692
2023-09-11,177.2823486328125,178.21146237035705,175.28574347864458,177.98413084373527,58953100,178.31768417358398,183.78329345703125,179.98857140946964,44.675552915306525,-0.6420597790853435,-0.6420329829416895,-2.6796143653973203e-05,187.81945907625277,178.31768417358398,168.8159092709152,-0.03940906138172503
2023-09-12,174.25779724121094,178.0434334916735,172.79494533569144,177.4108476610135,90370200,178.16151504516603,183.43915863037108,179.442783393445,40.45505631323458,-1.026728056643293,-0.7189719976820103,-0.3077560589612828,187.82108539846178,178.16151504516603,168.50194469187028,-0.1758780067696617
2023-09-13,172.19200134277344,175.24620393193433,171.96465474647994,174.46534664942806,84267900,178.00139312744142,183.08351776123047,178.75223272195248,37.82659270757014,-1.4811985673501624,-0.8714173116156407,-0.6097812557345217,187.9412332100859,178.00139312744142,168.06155304479694,-0.12957104376364798
2023-09-14,173.70425415039062,174.060084556446,171.56927171405846,171.98440467411754,60895800,177.9603744506836,182.78043029785155,178.2714728579942,40.85602559167931,-1.6997498994348064,-1.037083829179474,-0.6626660702553324,187.96383344401193,177.9603744506836,167.95691545735525,0.09966830718796743
2023-09-15,172.9827117919922,174.45545734300367,171.80650919609533,174.43568479625586,109259500,178.0102897644043,182.45343627929688,177.76778132789877,39.858106244546235,-1.9091681409182968,-1.2115006915272386,-0.6976674493910582,187.90332821817995,178.0102897644043,168.11725131062863,-0.08310352236907013
2023-09-18,175.90843200683594,177.3021024660386,174.12927983360214,174.4356864419302,67257600,178.1822738647461,182.2072640991211,177.5907004401785,45.654508186235525,-1.818094573478561,-1.3328194679175032,-0.4852751055610578,187.79974361199862,178.1822738647461,168.56480411749357,0.084229102594928
2023-09-19,176.9956817626953,177.54919237650395,175.07815207769175,175.46363376102514,51826900,178.34190368652344,182.02370239257812,177.5340319947039,47.67282748258475,-1.639289438139798,-1.3941134619619622,-0.24517597617783582,187.767397802647,178.34190368652344,168.91640957039988,0.0870930614792544
2023-09-20,173.45716857910156,177.61839243619755,173.3681996565953,177.1834868845125,58436200,178.25591354370118,181.77983276367186,177.14575928845608,42.18209061148953,-1.762793139478589,-1.4678493974652875,-0.2949437420133014,187.82561209160284,178.25591354370118,168.68621499579953,-0.2072617106090624
2023-09-21,171.91519165039062,174.25774788080986,171.84601037143327,172.52801984046553,63149100,177.90057678222655,181.4717611694336,176.6476099895927,40.01903316150839,-1.9624731945046676,-1.5667741568731637,-0.39569903763150394,187.85033401448652,177.90057678222655,167.95081954996658,-0.03550557088061181
2023-09-22,172.7652587890625,175.02874030453424,172.03384046276338,172.64665367280514,56725400,177.8219970703125,181.1654898071289,176.27786225620886,41.791136760059594,-2.0287416915740266,-1.6591676638133364,-0.36957402776069026,187.90699794658275,177.8219970703125,167.73699619404226,0.006869710355621085
2023-09-25,174.040283203125,174.9199727999802,172.13263256691485,172.18205638108142,46172700,177.69696197509765,180.8817575073242,176.0647594892485,44.442494558012,-1.9558305415285133,-1.718500239356372,-0.23733030217214135,187.90366473353396,177.69696197509765,167.49025921666134,0.10750515658418695
2023-09-26,169.9680633544922,173.17052232124786,169.6715354659317,172.79493440563715,64588900,177.29022903442382,180.45143310546874,175.48412176212886,38.422905752956545,-2.2012672005971012,-1.8150536316045178,-0.3862135689925834,188.03403194445758,177.29022903442382,166.54642612439005,-0.16215282912377027
2023-09-27,168.45574951171875,171.0355161486817,167.09174554279588,170.6203831944849,66921800,176.6136573791504,179.99599548339845,174.8147529763755,36.448469618902216,-2.489115633757052,-1.9498660320350247,-0.5392496017220274,187.7848540583994,176.6136573791504,165.4424606999014,-0.12619209042582727
2023-09-28,168.7127227783203,170.03719654623248,165.67827853899746,167.3783551982996,56294400,175.775479888916,179.51865142822265,174.2336072432274,37.04050116487132,-2.6657726283984005,-2.0930473513076997,-0.5727252770907008,186.6732426450468,175.775479888916,164.87771713278522,0.07955316991668515
2023-09-29,169.22671508789062,171.06516950648842,168.3667828862352,170.027329658855,51861100,174.9521286010742,179.09047821044922,173.75676037129057,38.27902668696615,-2.7327976949078163,-2.220997420027723,-0.5118002748800934,185.19676074295546,174.9521286010742,164.70749645919295,-0.04705263459806976
2023-10-02,171.7373046875,172.28093658205415,168.9499639274405,169.23661305458424,52164500,174.17572860717775,178.7360092163086,173.5644312585486,44.06686810741657,-2.5538922639146335,-2.287576388805105,-0.2663158751095285,182.79462981403685,174.17572860717775,165.55682740031864,0.14669693411752527
2023-10-03,170.40289306640625,171.6186554677647,168.84120923547877,170.26451544536093,49594600,173.32074737548828,178.33886108398437,173.26333238310647,41.8220166863322,-2.491068796142116,-2.3282748702725073,-0.16279392586960872,179.54068969716775,173.32074737548828,167.1008050538088,0.008127035399919897
2023-10-04,171.6483154296875,172.19194721204715,168.98947414308057,169.10807922940256,53020300,172.8636032104492,177.9494467163086,173.1095212446856,44.65575294521234,-2.314109950005701,-2.325441886219146,0.011331936213445193,178.0837216351349,172.8636032104492,167.64348478576352,0.14909405771190576
2023-10-05,172.88385009765625,173.4175881136583,170.6796715086417,171.77681389678688,48527900,172.73263702392578,177.56737030029296,173.0880287544923,47.39331911620006,-2.0505341859297346,-2.270460346161264,0.21992616023152944,177.8107905444332,172.73263702392578,167.65448350341836,0.06435712104833506
2023-10-06,175.43397521972656,175.9281832590251,171.17388925206592,171.78671747657816,57266700,172.69853591918945,177.26156555175783,173.31145222737177,52.604330714457525,-1.617232262047736,-2.1398147293385583,0.5225824672908224,177.6938348967262,172.69853591918945,167.7032369416527,0.20917949285929305
2023-10-09,176.91659545898438,176.97589800927489,173.76354582426052,174.7618406122257,42390800,172.68024826049805,176.93388732910157,173.65479920181104,55.37216494133658,-1.1410490004666372,-1.9400615835641741,0.799012583097537,177.61054354360988,172.68024826049805,167.74995297738622,0.12267563234863019
2023-10-10,176.3235626220703,177.63815795783916,175.8886570875863,176.03692856454262,43698000,172.783536529541,176.58210845947266,173.90896714659766,54.013424114188105,-0.802275001882407,-1.7125042672278208,0.9102292653454138,177.92378491485522,172.783536529541,167.6432881442268,0.01628117074192172
2023-10-11,177.7172088623047,177.76663268122664,175.5426965680271,176.13573714899445,47551100,173.05979690551757,176.27478576660155,174.27165683380784,56.702286483943446,-0.41653698380613946,-1.4533108105434847,1.0367738267373452,178.6199332386811,173.05979690551757,167.49966057235403,0.08954659643132137
2023-10-12,178.61669921875,180.2278073787141,176.96603088257305,177.98411345020415,56743100,173.30541915893554,176.04527038574219,174.68547039427852,58.39323392285363,-0.037819511194584265,-1.1702125506737047,1.1323930394791204,179.36896288464055,173.30541915893554,167.24187543323052,0.035526740416812176
2023-10-13,176.77822875976562,179.82253713140665,176.07644667980117,179.31845034069394,51427100,173.4951950073242,175.80682098388672,174.8847807148011,53.77093956742563,0.11266883684356799,-0.9136362731702502,1.0263051100138183,179.74129429558388,173.4951950073242,167.24909571906454,-0.14071975901363395
2023-10-16,176.6497344970703,177.0055649122618,174.46532818230494,174.70255348644375,52517000,173.53226013183593,175.74703033447267,175.05287155120772,53.452465133905044,0.21903858330409776,-0.6871013018753807,0.9061398851794784,179.84365794375435,173.53226013183593,167.2208623199175,0.11099768090211445
2023-10-17,175.097900390625,176.35319301979084,172.7751316803463,174.60369235668924,57549400,173.43737106323243,175.7181918334961,175.05716001210462,49.62939578706909,0.17608750342651547,-0.5144635408150015,0.6905510442415169,179.59276825628945,173.43737106323243,167.28197387017542,0.028297001719733515
2023-10-18,173.80308532714844,175.52293478970745,173.08154578913502,173.54610256783715,54764400,173.45466690063478,175.6447021484375,174.93772432782308,46.63244405301964,0.03713958673881734,-0.4041429153042377,0.441282502043055,179.61213302044152,173.45466690063478,167.29720078082804,0.014806669486005201
2023-10-19,173.42750549316406,175.77992569036093,173.16062890788183,174.0007735918687,59302900,173.53028259277343,175.5954852294922,174.79389396261746,45.76908353756888,-0.1021067687815389,-0.34373568599969795,0.24162891721815904,179.64728094361232,173.53028259277343,167.41328424193455,-0.03293438053936874
2023-10-20,170.87738037109375,173.38795063159753,170.64015507731645,173.2792242572037,64244000,173.435888671875,175.49960906982423,174.42089266818664,40.31176032652046,-0.41346809103490045,-0.3576821670067385,-0.05578592402816196,179.65461472553463,173.435888671875,167.21716261821538,-0.1377302410318703
2023-10-23,170.99598693847656,171.99428177951037,167.96154224302492,168.93020088937016,55980100,173.28367385864257,175.40491882324218,174.094711170119,40.66611825310516,-0.6432387672993229,-0.41479348706525543,-0.22844528023406752,179.58426445610584,173.28367385864257,166.9830832611793,0.12168043589643153
2023-10-24,171.4308624267578,171.6581938691672,169.46390928374024,171.0453808148331,43816600,173.35681381225587,175.28591247558595,173.8410112897989,42.02516311232212,-0.7812372494407782,-0.48808223954036,-0.2931550099004182,179.5345133438746,173.35681381225587,167.17911428063712,0.022532988633976198
2023-10-25,169.1179962158203,171.05528327402416,168.6731969171006,169.88895954662036,57157000,173.38992614746093,175.16038360595704,173.39120033037236,37.15128031986071,-1.0649548776384563,-0.6034567671599793,-0.461498110478477,179.46849624770343,173.38992614746093,167.31135604721842,-0.04534929945914852
2023-10-26,164.95677185058594,169.39476582537458,163.75090293239452,168.3964558542296,70625300,173.2021286010742,174.9690264892578,172.58792142753555,30.334775282457215,-1.6070540527677224,-0.804176224281528,-0.8028778284861944,180.03267139045533,173.2021286010742,166.37158581169308,-0.20146692446520525
2023-10-27,166.27134704589844,167.00278034322866,164.8974493569631,164.9765244498122,58499100,173.05436019897462,174.85476531982422,171.9863429149987,34.42790952311891,-1.9085952250774767,-1.0250600244407178,-0.8835352006367589,180.33552335247438,173.05436019897462,165.77319704547486,0.07832450465277095
2023-10-30,168.3173828125,169.18719386762373,166.91383366211736,167.06210513671374,51131000,172.88336410522462,174.7717379760742,171.63691814333214,40.3065770654681,-1.9598785299778854,-1.2120237255481512,-0.7478548044297342,180.4357969661976,172.88336410522462,165.33093124425162,0.074997298655175
2023-10-31,168.79183959960938,168.92032345051314,165.95507483465602,167.3882903979478,44846000,172.80281143188478,174.67151306152343,171.36595828202522,41.61376628551194,-1.9398745547318583,-1.3575938913848926,-0.5822806633469657,180.49247035981537,172.80281143188478,165.11315250395418,0.08365394389008052
2023-11-01,171.9547576904297,172.2117404582064,168.14934950515965,169.01916053768616,56934900,172.81813354492186,174.60706878662108,171.422034416159,49.545811250181835,-1.6497825377672939,-1.4160316206613728,-0.2337509171059211,180.4997467989963,172.81813354492186,165.13652029084741,0.1719586347798634
2023-11-02,175.51304626464844,175.72060519042475,173.42748778366638,173.48679033388817,77334800,172.9495933532715,174.5368911743164,171.8116545922056,56.67656577056074,-1.1198494468999343,-1.3567951859090852,0.23694573900915095,180.72067452905748,172.9495933532715,165.17851217748552,0.11626777671774975
2023-11-03,174.60369873046875,174.77174274032964,171.34193765305042,172.22162738228718,79829200,172.9080795288086,174.54222808837892,172.07756355775444,54.55457803219863,-0.7644384303212917,-1.2383238347915264,0.47388540447023475,180.63437173906505,172.9080795288086,165.18178731855215,0.13743897248615913
2023-11-06,177.15380859375,177.35148879200258,174.16880291146146,174.33683183407777,63841300,172.91994018554686,174.55448455810546,172.5610154659445,59.171155361700116,-0.27384338914666273,-1.0454277456625538,0.7715843565158911,180.6714969120141,172.91994018554686,165.16838345907962,0.1601907096757248
2023-11-07,179.7138214111328,180.32663456302825,176.89682951103612,177.1043884447924,70530000,173.089453125,174.58670654296876,173.24223507977197,63.211429378218874,0.3178642141761827,-0.7727693536948065,1.0906335678709893,181.2678471250751,173.089453125,164.91105912492492,0.14628169680035352
2023-11-08,180.77142333984375,181.32493395317235,179.4864793691692,180.23768527185777,49340300,173.24216384887694,174.5623913574219,173.95930062835026,64.76278062125121,0.8621975134952322,-0.4457759802567988,1.307973493752031,181.86261365171404,173.24216384887694,164.62171404603984,0.029604358535315
2023-11-09,180.29698181152344,181.98716487212562,179.7039261272927,180.84061367506283,53763500,173.32617797851563,174.45880554199218,174.562889312462,63.469748987092,1.240996671517422,-0.10842144990195465,1.3494181214193768,182.18399297523638,173.32617797851563,164.46836298179488,-0.030052329178139357
2023-11-10,184.4834747314453,184.65174012268164,181.64298820237886,182.07846664625706,66133400,173.7114402770996,174.43460021972658,175.5077069714128,69.29534352062221,1.8575994735910513,0.28478273479664656,1.5728167387944048,183.73046725623342,173.7114402770996,163.69241329796577,0.13132351585214103
2023-11-13,182.8999481201172,184.11729742228064,182.31601793716675,183.9094650326421,43627500,174.02395095825196,174.3472930908203,176.21172993795608,65.06848253611238,2.1932024011086924,0.6664666680590557,1.5267357330496365,184.7547137734898,174.02395095825196,163.2931881430141,-0.05483699248194052
2023-11-14,185.51280212402344,186.17591157835597,184.38452385663774,185.77012344749633,60108400,174.54469604492186,174.30749877929688,177.09754633662916,68.48444672742576,2.6395782061579496,1.0610889756788344,1.5784892304791152,186.38668217736262,174.54469604492186,162.7027099124811,-0.013850713065259309
2023-11-15,186.07691955566406,187.55160515956638,185.84928859059917,185.91857611582427,53790500,175.15838775634765,174.41321319580078,177.95272473844201,69.1850882081059,3.004222997183149,1.4497157799796974,1.5545072172034515,188.01197107086458,175.15838775634765,162.30480444183073,0.00851661058926979
2023-11-16,187.7594451904297,188.99659293267834,186.71033121940587,187.62088524737388,54412900,175.87498474121094,174.6583386230469,178.8866981148218,71.23886739118215,3.3898957701650545,1.837751778016769,1.5521439921482856,189.81480891793476,175.87498474121094,161.93516056448712,0.007384968039166331
2023-11-17,187.7396697998047,188.42257785422723,186.63119011836693,188.29390964052354,50922700,176.71809921264648,174.8908120727539,179.72983827529637,71.17882034214053,3.651852233275747,2.2005718690685647,1.4512803642071823,191.36850092898445,176.71809921264648,162.0676974963085,-0.029426327761127934
2023-11-20,189.48158264160156,189.93685974559065,187.92773262314063,187.93762437034974,46505100,177.64237899780272,175.13479675292967,180.6585758339921,73.31267912105596,3.954428238952829,2.551343143045418,1.4030850959074113,193.04529709917838,177.64237899780272,162.23946089642706,0.08196837661349607
2023-11-21,188.67991638183594,189.5508734120303,187.78917585688575,189.442003783256,38134500,178.50483169555665,175.4232391357422,181.42251302902486,70.71769971847482,4.082473917961238,2.857569298028582,1.2249046199326559,194.34539500916856,178.50483169555665,162.66426838194474,-0.04020631954447541
2023-11-22,189.34298706054688,190.94632571731435,188.8679265514864,189.52114419013287,39617700,179.51608123779297,175.76625885009764,182.1768438891698,71.61271326857845,4.18916521442668,3.1238884813082017,1.0652767331184783,195.41273276647223,179.51608123779297,163.61942970911372,-0.00940010587125278
2023-11-24,188.01678466796875,188.93721542830764,187.30418629136327,188.9075250877743,24048300,180.6690818786621,176.05250946044922,182.7330287252459,67.18928387409068,4.1192215639369465,3.322955097833951,0.7962664661029955,195.4827101211947,180.6690818786621,165.85545363612948,-0.047117279711391104
2023-11-27,187.83865356445312,188.70961061258598,186.95780476873864,187.96732179253766,40552600,181.74744720458983,176.34962829589844,183.21927870993233,66.59427899520416,4.003269823085475,3.459018042884256,0.5442517802012188,195.29786020833004,181.74744720458983,168.19703420084963,-0.006845137612758893
2023-11-28,188.44236755371094,189.11538388382388,187.45264920500045,187.82874701011957,38415400,182.7536964416504,176.60030700683595,183.71671574267316,67.64020845218764,3.914962654061924,3.55020696511979,0.3647556889421337,195.10094748164596,182.7536964416504,170.40644540165482,0.03265753225894703
2023-11-29,187.42295837402344,190.11499348364924,187.02707707633283,188.93722623545,43014200,183.68525238037108,176.8088525390625,184.06969123137318,63.996530707870114,3.719840776201579,3.584133727336148,0.13570704886543083,194.37904190887318,183.68525238037108,172.991462851869,-0.07997544534455062
2023-11-30,187.99697875976562,188.36318478193425,186.2550800746654,187.888109148078,48794400,184.48736343383788,177.09964874267578,184.4437186150296,65.13542358112507,3.570366962196971,3.581380374308313,-0.011013412111342102,193.86717695285475,184.48736343383788,175.10754991482102,0.005794320554332212
2023-12-01,189.2737274169922,189.59042941044567,187.2843840288066,188.37308016671426,45704800,185.17539749145507,177.4468194580078,184.90371945331177,67.59107083811757,3.514418801804595,3.5679880598075697,-0.05356925800297452,193.81029879366884,185.17539749145507,176.5404961892413,0.04777548842231554
2023-12-04,187.48231506347656,188.09595062883508,185.52267721747734,188.0266631045601,43389500,185.81932830810547,177.74116058349608,185.14929998761318,61.089436414748974,3.2876297271221233,3.5119163932704804,-0.22428666614835713,193.00369631863066,185.81932830810547,178.63496029758028,-0.028942491657911386
2023-12-05,191.43130493164062,192.40122460244103,188.22461231756913,188.25431775925796,66628400,186.533203125,178.08898101806642,185.74758617275864,68.32300133503566,3.387499248097697,3.487032964235924,-0.09953371613822704,192.92517344990904,186.533203125,180.14123280009096,0.16717632881216968
2023-12-06,190.34263610839844,192.75753614335477,190.1347886146608,192.45072587794942,41089700,187.06464385986328,178.49647247314454,186.18520997615292,64.74933013677312,3.3402952430410267,3.457685419996945,-0.11739017695591825,192.8377825343579,187.06464385986328,181.29150518536866,-0.10910317387283335
2023-12-07,192.2725830078125,192.99507315570867,191.59956669458757,191.63916388460834,47477700,187.63970184326172,178.9728091430664,186.76495978869193,67.94979273147038,3.4192018835562408,3.4499887127088043,-0.030786829152563477,193.07200932249137,187.63970184326172,182.20739436403207,0.03304066585610416
2023-12-08,193.69776916503906,193.97488907234165,191.67873543823174,192.2032849129047,53406400,188.3097412109375,179.47251007080078,187.42522734834404,70.10808399864383,3.5557481257494317,3.47114059531693,0.08460753043250158,193.23631019696543,188.3097412109375,183.38317222490954,0.07759907349254591
2023-12-11,191.19378662109375,191.50061200003438,189.45188773429211,191.12451418849048,60943700,188.64525680541993,179.91185150146484,187.78413775527258,62.18475768387608,3.4224595584265103,3.4614043879388463,-0.03894482951233602,193.39460198856685,188.64525680541993,183.89591162227302,0.0036244502470379057
2023-12-12,192.7080535888672,192.71794533501543,189.748790485074,191.09480795445688,52696900,189.13566207885742,180.3312664794922,188.25308212037683,64.7772559026411,3.399825030934039,3.449088516537885,-0.04926348560384586,193.4127918995029,189.13566207885742,184.85853225821194,0.08422123254690984
2023-12-13,195.92462158203125,195.96420366520786,192.84659737493098,193.08412007779322,70404200,189.6562530517578,180.8417010498047,188.9837049262487,69.55233473878872,3.5999393005193383,3.479258673334176,0.12068062718516215,194.53505936427652,189.6562530517578,184.77744673923908,0.14605996577818325
2023-12-14,196.0730743408203,197.5675433947849,194.1431268600313,195.98400332676113,66831600,190.15606079101562,181.33019622802735,189.6588829657317,69.75612107874674,3.7275414206901587,3.528915222805373,0.19862619788478586,195.49238099936954,190.15606079101562,184.8197405826617,0.004544779129389266
2023-12-15,195.53866577148438,196.36011872958818,194.9745190512041,195.4990685795855,128538400,190.54502182006837,181.7832925415039,190.2188622805653,67.99191952864109,3.7424046042309556,3.5716130990904897,0.17079150514046582,196.24737963463585,190.54502182006837,184.8426640055009,0.002025438690764607
2023-12-18,193.87591552734375,194.60831249977454,192.39133809002112,194.0738561652729,55751900,190.85183410644532,182.15213134765625,190.56715306597278,62.68020670881365,3.5787600179655783,3.5730424828655076,0.00571753510007067,196.57768077880615,190.85183410644532,185.1259874340845,-0.010198889153003855
2023-12-19,194.91513061523438,194.92502236186388,193.87592334681435,194.1431515248431,40714100,191.12351150512694,182.51210205078124,190.98124616590246,64.54453983880748,3.4926652064730206,3.55696702758701,-0.06430182111398963,197.07469992155725,191.12351150512694,185.17232308869663,0.039742451673917545
2023-12-20,192.82684326171875,195.64753172216422,192.82684326171875,194.87555255598716,52242800,191.3308578491211,182.84216766357423,191.15701731788496,58.24757019791977,3.218822528738542,3.489338127817317,-0.27051559907877465,197.21564416059172,191.3308578491211,185.44607153765045,-0.10474351205681588
2023-12-21,192.6783447265625,195.0536776254948,191.51048442189503,194.08375795359612,46482500,191.49762573242188,183.14139038085938,191.30190564252092,57.81561980742436,2.9557456470396346,3.3826196316617807,-0.4268739846221461,197.3364853767901,191.49762573242188,185.65876608805365,-0.07228641425439326
2023-12-22,191.60946655273438,193.40085423729087,190.98593919883143,193.17320815773428,37149600,191.67725982666016,183.40124572753905,191.33119715777934,54.672809478101215,2.63068093500965,3.2322318923313547,-0.6015509573217046,197.29352718906392,191.67725982666016,186.0609924642564,-0.0807738737513185
2023-12-26,191.0651092529297,191.89646895007564,190.8473700319769,191.61934905102697,28919300,191.83858261108398,183.68698333740235,191.30585545255556,53.09000851249106,2.302596821212461,3.046304878107576,-0.7437080568951151,197.18333003080716,191.83858261108398,186.4938351913608,-0.028915936410126374
2023-12-27,191.1641082763672,191.51051576683653,189.1252907315366,190.51090559150927,48087700,191.97466964721679,183.97727081298828,191.29235572149003,53.35449062052664,2.0272078014892827,2.842485462783918,-0.8152776612946351,197.1007182265298,191.97466964721679,186.84862106790376,0.03427346254780888
2023-12-28,191.58969116210938,192.65858885458314,191.18390299052217,192.14393105407996,34049900,192.1830062866211,184.30710662841796,191.3206733825014,54.541046791678056,1.8222947222042194,2.638447314667978,-0.8161525924637587,196.87222626441059,192.1830062866211,187.4937863088316,-0.028837040243160927
2023-12-29,190.55044555664062,192.40121377472641,189.75866796911842,191.90635467026271,42672100,192.31067962646483,184.64205383300782,191.24731835146707,51.12126216787922,1.5580806121035664,2.422373974155096,-0.8642933620515296,196.66407688487917,192.31067962646483,187.9572823680505,-0.07053738989594946
2024-01-02,183.73129272460938,186.50250680575422,181.99928581163158,185.2257618242656,82488700,192.0335578918457,184.8481295776367,190.53150638700444,35.42535533643145,0.7893413470808639,2.09576744874025,-1.3064261016593859,197.6479538561679,192.0335578918457,186.4191619275235,-0.08050902763479068
2024-01-03,182.35562133789062,183.9688672168001,181.5440449736598,182.32593099304364,58414500,191.7772232055664,185.07769439697265,189.75285066804122,33.210099044806384,0.06831723854043048,1.6902774067002861,-1.6219601681598557,198.54836351503846,191.7772232055664,185.00608289609434,0.0016284199642612191
2024-01-04,180.0396728515625,181.2075332827541,179.02026413555495,180.277195595857,71983600,191.2076416015625,185.25856811523437,188.82778611409086,29.82837453348482,-0.6821142612315612,1.2157990731139168,-1.897913334345478,199.69767894236296,191.2076416015625,182.71760426076204,-0.01317465586680586
2024-01-05,179.31715393066406,180.88091065327836,178.31754388665928,180.1188384374096,62379700,190.65636749267577,185.4162939453125,187.92201162043116,28.84165605624854,-1.3199226235606716,0.708654733778999,-2.0285773573396706,200.60585059409297,190.65636749267577,180.70688439125857,-0.04447927538777138
2024-01-08,183.65211486816406,183.69171205497358,179.63386121540748,180.21779135468154,59144500,190.22534408569337,185.70697631835938,187.51535478688191,41.37262776109836,-1.4587793269688802,0.27516792162942316,-1.7339472485983034,200.59542459276955,190.22534408569337,179.85526357861718,0.18829140231291505
2024-01-09,183.23646545410156,183.24635720149604,180.85124046635073,182.02900778818224,42841800,189.7022789001465,186.0725701904297,187.1078415170933,40.63375017766202,-1.5841031438438904,-0.09668629146523955,-1.4874168523786508,200.37005836398083,189.7022789001465,179.03449943631216,0.06623613530357725
2024-01-10,184.27565002441406,184.48348240733844,182.02898528742006,182.45457200324566,46792900,189.3563720703125,186.43265625,186.838108993981,43.357408950128786,-1.581340947537626,-0.3936172226797169,-1.1877237248579093,200.2544294056342,189.3563720703125,178.45831473499078,0.09947982083958931
2024-01-11,183.68182373046875,185.12681915669637,181.73207738578324,184.62205313633504,49128400,188.9050605773926,186.73994506835936,186.537510397456,42.166890646851805,-1.6085266126546856,-0.6365991006747107,-0.9719275119799748,199.9570410063145,188.9050605773926,177.85308014847067,-0.05088327083933061
2024-01-12,184.0084228515625,184.8199990991005,183.28593272766105,184.14698280822722,40477800,188.30925064086915,187.04427673339845,186.2966449168947,43.09240521185489,-1.5854416441816284,-0.8263676093760943,-0.759074034805534,199.06410435179743,188.30925064086915,177.55439692994088,-0.007524279771778995
2024-01-16,181.74195861816406,182.36547081733983,179.06970738606304,180.28707165025173,65603000,187.59269485473632,187.24002075195312,185.86286526939654,38.489163977821555,-1.730087985003081,-1.0071116845014918,-0.7229763005015892,198.08952974809426,187.59269485473632,177.09585996137838,0.08052363247033482
2024-01-17,180.80174255371094,181.04917214343425,178.44622312883942,179.40625114511818,47317400,186.85584869384766,187.34579467773438,185.3808535821884,36.7360161506433,-1.8987017787084142,-1.1854297033428765,-0.7132720753655377,197.0836289803101,186.85584869384766,176.62806840738523,0.07762738471645984
2024-01-18,186.69058227539062,187.1953332109462,183.9193677995691,184.17668914088887,78005800,186.49658203125,187.5875323486328,185.50558964820766,51.60463372216131,-1.5394039836859008,-1.2562245594114814,-0.28317942427441944,196.20433122337462,186.49658203125,176.78883283912538,0.13565217883822414
2024-01-19,189.59043884277344,189.97642838325277,186.8786203129096,187.38337121910467,68903000,186.23034744262696,187.8362649536133,185.89462290483297,56.967995556802165,-1.009032207467527,-1.2067860890226907,0.1977538815551636,195.2689794682346,186.23034744262696,177.19171541701934,0.11724187376015342
2024-01-22,191.89646911621094,193.3216657993532,190.28322355100102,190.32282073770045,60133900,186.18382873535157,188.07991790771484,186.4662273059166,60.698092473679054,-0.398042991096645,-1.0450374694374815,0.6469944783408366,195.09485833240407,186.18382873535157,177.27279913829906,0.08249520844297172
2024-01-23,193.17320251464844,193.7373491711095,191.83709192633378,193.01485907067706,42355600,186.20857162475585,188.32795349121093,187.10498684960533,62.62951449306703,0.18703604486523773,-0.7986227665769378,0.9856588114421755,195.19403328293274,186.20857162475585,177.22310996657896,0.008203507886827676
2024-01-24,192.50021362304688,194.36088890095834,192.34185506707502,193.41075266703035,53631300,186.25310897827148,188.5720181274414,187.61881797088546,60.929763128833265,0.5896141125153918,-0.5209753907584719,1.1105895032738635,195.3533070810302,186.25310897827148,177.15291087551276,-0.047043245525588875
2024-01-25,192.17361450195312,194.2520291241628,191.1245154438125,193.21282181305796,54822100,186.30853424072265,188.72582092285157,188.05260811670144,60.07762323914607,0.8722515391909269,-0.24233000476859212,1.114581543959519,195.53787470866018,186.30853424072265,177.07919377278512,-0.05373382336201516
2024-01-26,190.44158935546875,192.7575265029299,189.96652881027472,192.27257421163478,44594000,186.27240829467775,188.8766537475586,188.28013013944118,55.6339210968159,0.9455836818617342,-0.004747267442526848,0.9503309493042611,195.43082596425253,186.27240829467775,177.11399062510296,-0.09494178319465961
2024-01-29,189.75869750976562,190.22386634852867,187.63080907007364,190.03581744325376,47145600,186.18085861206055,188.96157165527345,188.4209460794721,53.93987754524807,0.9377860545891963,0.1837593969638178,0.7540266576253785,195.1596799106844,186.18085861206055,177.2020373134367,-0.014581477099300515
2024-01-30,186.1066436767578,189.82799457367844,185.54251203451676,188.97683613469175,55859400,185.95866851806642,188.9621661376953,188.20053632683266,45.89183518960405,0.6296578521888136,0.27293908800881694,0.3567187641799967,194.71105114905438,185.95866851806642,177.20628588707845,-0.15072347812498718
2024-01-31,182.50405883789062,185.17631048108575,182.45458500160478,185.11691469411622,55467800,185.89730682373047,188.85705841064453,187.65801466121914,39.61299154803354,0.0936855941912711,0.23708838924530778,-0.1434027950540367,194.72814855668605,185.89730682373047,177.0664650907749,-0.1402163433127523
2024-02-01,184.9387664794922,185.02783750412453,181.93002942176474,182.0982797244824,64885400,186.02646408081054,188.8010403442383,187.3990386439118,45.081629485427314,-0.13308164045614035,0.16305438330501817,-0.29613602376115855,194.72083536495,186.02646408081054,177.33209279667108,0.1547335188299171
2024-02-02,183.9391632080078,185.40394215196616,177.40701599262258,178.01074479617154,102551700,186.2214385986328,188.6901919555664,187.06952669763524,43.346026144159836,-0.38897210931023096,0.05264908478196835,-0.4416211940921993,194.53666937824858,186.2214385986328,177.90620781901703,0.3212471102613393
2024-02-05,185.75035095214844,187.30421616342255,183.92927263345797,186.2155198305614,69668800,186.54309844970703,188.63160064697266,186.94389091235078,47.304645026908986,-0.440541151081419,-0.045988962390709126,-0.39455218869070985,194.2398352931987,186.54309844970703,178.84636160621537,-0.02497494015256133
2024-02-06,187.3536834716797,187.36357521832525,184.8496972971495,184.93876832266957,43490800,186.72817687988282,188.59181457519531,186.98291877514401,50.59561290849974,-0.3480226648588598,-0.10639570288433928,-0.24162696197452052,194.3151785497466,186.72817687988282,179.14117521001904,0.12984203547027712
2024-02-07,187.46255493164062,189.0856924097343,186.67077723703076,188.67990426473503,53439000,186.93948135375976,188.58072998046876,187.02859840909608,50.82021462318318,-0.26288569833593556,-0.13769370197465855,-0.125191996361277,194.35928246323627,186.93948135375976,179.51968024428325,-0.06442991248436986
2024-02-08,186.38377380371094,187.59121634154823,185.42374576060666,187.44276462432762,40962000,187.0448875427246,188.5516323852539,186.96718654191653,48.46887961770763,-0.2792437125663696,-0.16600370409300078,-0.11324000847336882,194.36961070141777,187.0448875427246,179.72016438403145,-0.05643672266191729
2024-02-09,187.1468048095703,188.2765227675386,186.30446474496694,186.9485964735415,45155200,187.2181365966797,188.5257211303711,186.98429304359786,50.2231594516807,-0.2280089857829921,-0.17840476043099907,-0.04960422535199305,194.37855182189577,187.2181365966797,180.05772137146363,0.010601893425772663
2024-02-12,185.46212768554688,186.96842336096995,185.1053738445565,186.72067805809255,41781900,187.29082183837892,188.48650451660157,186.83932491425966,46.46228347005137,-0.31965962300265005,-0.20665573294532927,-0.11300389005732078,194.3482062415512,187.29082183837892,180.23343743520664,-0.06730095017795117
2024-02-13,183.37118530273438,184.53064680753462,181.85498502251943,184.09461258712696,56529500,187.3722831726074,188.39398864746093,186.50902590363822,42.234945318691345,-0.5546216556583374,-0.2762489174879309,-0.27837273817040653,194.2056472288555,187.3722831726074,180.53891911635932,-0.0392762791087945
2024-02-14,182.48919677734375,183.85675578337245,180.79462725534452,183.64865818230027,54630500,187.45665588378907,188.25829803466797,186.1261850344673,40.558631650440056,-0.802746302577475,-0.38154839450583977,-0.42119790807163526,193.99889518325398,187.45665588378907,180.91441658432416,-0.06305100901641719
2024-02-15,182.20179748535156,182.82612045767794,179.71444020641266,181.89459574378543,65434500,187.23221664428712,188.15268768310546,185.75243383931343,40.00148831179465,-1.0109242879570672,-0.5074235731960853,-0.5035007147609819,194.1607617127253,187.23221664428712,180.30367157584894,0.01688739212291721
2024-02-16,180.66578674316406,183.18288755084293,180.03155935687485,181.76577652013776,49752500,186.78598403930664,187.93737731933595,185.2679912587278,37.070554741148236,-1.2850369649052595,-0.6629462515379202,-0.6220907133673393,194.18325384350968,186.78598403930664,179.3887142351036,-0.060443111679568715
2024-02-20,179.9225616455078,180.78471053407532,178.3766332434525,180.15048310961222,53665600,186.1872886657715,187.72897583007813,184.7589027241354,35.70723765897645,-1.5444419251203385,-0.8392453862544038,-0.7051965388659347,193.76909305535395,186.1872886657715,178.60548427618903,-0.012651051504795596
2024-02-21,180.67568969726562,181.24054108716462,179.03065736673128,180.29911202321813,41371400,185.56241302490236,187.4970379638672,184.37002529300494,38.187937215898245,-1.6700003607598148,-1.005396381155486,-0.6646039796043288,192.78991783035394,185.56241302490236,178.33490821945077,0.02088323788204951
2024-02-22,182.7071990966797,183.29188949706392,180.8144364958238,181.82522643308513,52292200,185.072762298584,187.2772265625,184.21166089335492,44.41785198581469,-1.5872832814841047,-1.1217737612212098,-0.46550952026289494,191.65163973055897,185.072762298584,178.49388486660902,0.048468609252385095
2024-02-23,180.87388610839844,183.37114775196545,180.58649310326592,183.34141952676862,45119700,184.50777587890624,187.0708285522461,183.8937775805019,40.455202073042514,-1.650634944575586,-1.227545997892085,-0.42308894668350083,190.4614706558117,184.50777587890624,178.5540811020008,-0.13378002329799857
2024-02-26,179.52615356445312,181.11171437415507,179.0207434868858,180.59641504961763,40867400,183.96200408935547,186.8071905517578,183.47781338849725,37.786405235324786,-1.788970211818679,-1.3398308406774038,-0.4491393711412752,189.63441960774955,183.96200408935547,178.2895885709614,-0.059193329102598106
2024-02-27,180.98289489746094,182.2612539462515,177.94057546451762,179.4666949255866,54318900,183.52321395874023,186.5083560180664,183.24020210363665,42.22309274560454,-1.7607581329593245,-1.424016299133788,-0.3367418338255366,188.6672238821188,183.52321395874023,178.37920403536165,0.08428321235366688
2024-02-28,179.7838134765625,181.46847854843006,178.50545433930714,180.8639793914523,48953900,183.20707244873046,186.18257080078126,182.9110222343915,39.71263365402762,-1.8142422513838028,-1.502061489583791,-0.31218076180001186,188.45329562793728,183.20707244873046,177.96084926952364,-0.0596516514082215
2024-02-29,179.119873046875,180.92346630197014,177.9108746304469,179.63518756564144,136682600,183.0378631591797,185.85419494628906,182.549960407009,38.35286191980399,-1.8884345465189654,-1.579336100970826,-0.30909844554813937,188.57415475862297,183.0378631591797,177.50157155973642,-0.028678858337822223
2024-03-01,178.03968811035156,178.90183692569335,175.78025215753124,177.93067957222544,73563100,182.69290924072266,185.53747039794922,182.12041066447017,36.18222929567698,-2.0112103903900334,-1.6657109588546677,-0.34549943153536566,188.56216949459971,182.69290924072266,176.8236489868456,0.006126384420256272
2024-03-04,173.5208282470703,175.30458245485661,172.2226300679557,174.56134649455421,81510100,182.17199249267577,185.10958435058595,181.301402815194,28.830949741758076,-2.4449613638227277,-1.8215610398482798,-0.6234003239744479,189.23439881451728,182.17199249267577,175.10958617083426,-0.05953710108534076
2024-03-05,168.585693359375,170.48837518309247,168.09020282857864,169.21992063394748,95132400,181.31375961303712,184.62476135253905,180.09038286702076,23.270311407896912,-3.150617913948537,-2.087372414668331,-1.0632454992802058,190.32974005484294,181.31375961303712,172.2977791712313,-0.03746192944518056
2024-03-06,167.59474182128906,169.69563232435493,167.15870765798908,169.5172478388351,68587700,180.32581253051757,184.12308929443358,178.9003218150463,22.33864466644164,-3.746628519917806,-2.419223635718226,-1.3274048841995798,190.70511401790145,180.32581253051757,169.94651104313368,-0.11292690391473349
2024-03-07,167.475830078125,169.1902233947002,166.97043508778398,167.62447121611535,71765100,179.32647628784179,183.6404165649414,177.81227498295857,22.223662353556662,-4.180377612141342,-2.7714544310028493,-1.4089231811384928,190.57694290250583,179.32647628784179,168.07600967317774,-0.008867275822939509
2024-03-08,169.1902313232422,172.13344696276567,167.41638146834518,167.47583792632756,76267000,178.46679916381837,183.20291900634766,176.99112796774747,27.979429166280198,-4.335808538208681,-3.0843252524440157,-1.2514832857646656,190.05146242039896,178.46679916381837,166.88213590723777,0.1020105395735316
2024-03-11,171.1920166015625,172.80732093128213,170.49833272784605,171.38030546468005,60139500,177.66905975341797,182.80347717285156,176.43883164715845,34.11082652286072,-4.248487406364546,-3.317157683228122,-0.9313297231364244,188.94624303490755,177.66905975341797,166.39187647192838,-0.01098616828417677
2024-03-12,171.6676483154297,172.46043620394545,169.4676691073548,171.58836801446097,59825400,176.9793357849121,182.40503631591798,175.98443323461285,35.51556601483831,-4.093715472259504,-3.472469241034399,-0.621246231225105,187.94879303876155,176.9793357849121,166.00987853106267,0.004620344475286487
2024-03-13,169.5865936279297,171.62801219203826,169.21992035335214,171.2118019614,52488700,176.29010620117188,181.98575927734376,175.3751151768335,32.27347749881061,-4.091813442293898,-3.596338081286299,-0.4954753610075988,187.29865842368721,176.29010620117188,165.28155397865655,-0.09463976845979642
2024-03-14,171.43975830078125,172.73794133442243,170.49832912625453,171.35057361629615,72913500,175.73763427734374,181.7399285888672,175.00031928387617,37.725199192966656,-3.8958620951441674,-3.6562428840578725,-0.23961921108629491,186.5536756643773,175.73763427734374,164.9215928903102,0.005204761050584003
2024-03-15,171.0631561279297,171.0631561279297,168.75416830335303,169.6262365278927,121752700,175.18070220947266,181.51407928466796,174.6253513642622,37.0721052704057,-3.727984009654392,-3.6705911091771766,-0.05739290047721557,185.7523211002125,175.18070220947266,164.60908331873281,0.08450888158043081
2024-03-18,172.15325927734375,176.107279800922,171.95506605696912,173.98658058844927,75604200,174.75507583618165,181.3563510131836,174.3899140226509,40.294142098856824,-3.4670116514438405,-3.62987521763051,0.1628635661866693,185.09191995833012,174.75507583618165,164.41823171403317,-0.10498316016745265
2024-03-19,174.49195861816406,175.0171774056643,171.4694631572472,172.76764601394297,55215200,174.48354568481446,181.2598471069336,174.39963255555693,46.610082583351925,-3.0364731139605112,-3.5111947968965103,0.47472168293599903,184.5447929300299,174.48354568481446,164.42229843959902,0.09947522097677877
2024-03-20,177.0586395263672,177.0586395263672,173.5109244079673,174.13524750971308,53423100,174.30269317626954,181.12797760009767,174.65287131468173,52.54342785710908,-2.4598034396202024,-3.300916525441249,0.8411130858210467,184.036939822741,174.30269317626954,164.56844652979808,0.16632094942158035
2024-03-21,169.82443237304688,175.88924720546055,169.2992135808601,175.4532130863986,106181300,173.6585548400879,180.85973693847657,174.193019986907,39.29004730971081,-2.557052516802287,-3.152143723713457,0.59509120691117,182.7678753965773,173.6585548400879,164.5492342835985,-0.3102425530322286
2024-03-22,170.72625732421875,171.48931715990707,168.5262776263353,170.210942813777,71160100,173.15117340087892,180.58874908447265,173.86285211427003,41.27852716443374,-2.5321641621727906,-3.028147811405324,0.49598364923253335,181.7102300068074,173.15117340087892,164.59211679495044,0.03026580533048708
2024-03-25,169.30914306640625,170.3893089389317,167.92176032191367,169.03166954174233,54288300,172.64032287597655,180.3012954711914,173.42916553828297,39.11070217536229,-2.596854319001693,-2.941889112924598,0.3450347939229048,180.82798077975616,172.64032287597655,164.45266497219694,0.016414001275926432
2024-03-26,168.17941284179688,169.87398209229724,168.0505804571819,168.46679071381658,57388400,172.00014877319336,179.9847152709961,172.9291890909986,37.42338154587725,-2.7080646384917486,-2.895124218038028,0.1870595795462795,179.44720809226058,172.00014877319336,164.55308945412614,-0.01705677417798185
2024-03-27,171.7469482421875,172.0343412561863,168.575811446925,168.87310882923745,60273300,171.59830551147462,179.78481506347657,172.81659472444514,45.42975965800429,-2.4797443766537413,-2.8120482497611707,0.3323038731074295,178.13348074498109,171.59830551147462,165.06313027796816,0.16855345441899608
2024-03-28,169.9334259033203,170.67666168943495,168.9721730769184,170.2009950202494,65672700,171.13898315429688,179.56744873046875,172.54200721767134,42.45602229234807,-2.417270234135856,-2.733092646636108,0.315822412500252,176.71609498798242,171.13898315429688,165.56187132061135,-0.0157194778145524
2024-04-01,168.49655151367188,169.70554992575666,167.9515087670476,169.64609346633853,46240500,170.66182632446288,179.20356811523436,172.15672572205236,40.21018240048493,-2.455398475677697,-2.6775538124444256,0.2221553367667286,175.3592729778458,170.66182632446288,165.96437967107997,-0.06765766018649967
2024-04-02,167.31727600097656,167.81276664190898,166.71277681419204,167.5551169522469,49329500,170.3516487121582,178.75810485839844,171.69582574861656,38.41415904826119,-2.551362540853688,-2.6523155581262783,0.1009530172725901,175.0721984080358,170.3516487121582,165.63109901628061,-0.014193835588639458
2024-04-03,168.11996459960938,169.14067408704202,167.05962251511946,167.2677201117247,47691700,170.32836227416993,178.2825747680664,171.3552675439492,40.36661783123361,-2.533440566489759,-2.628540559798975,0.09509999330921604,175.08796136784466,170.32836227416993,165.5687631804952,0.05090688016156756
2024-04-04,167.2974395751953,170.36947196785653,167.2974395751953,168.75416790697062,53704400,170.31349716186523,177.76505950927734,170.9688077374012,39.00211067515516,-2.5561425478788067,-2.6140609574149414,0.057918409536134696,175.10887639312568,170.31349716186523,165.51811793060477,-0.08610873408674377
2024-04-05,168.0505828857422,168.85327518664994,167.4262599311819,168.0604872534819,42104800,170.34223480224608,177.27606689453125,170.69088156105272,40.96973145399677,-2.4847193626798116,-2.5881926384679157,0.10347327578810406,175.07573708621015,170.34223480224608,165.608732518282,-0.0005893334450555125
2024-04-08,166.9307861328125,167.67402205960258,166.72268854116854,167.50555706407098,37425500,170.2292625427246,176.77121032714842,170.33277723455365,38.95756166759421,-2.4897736524279424,-2.5685088412599213,0.07873518883197894,175.17063552483356,170.2292625427246,165.28788956061564,-0.03430008325632412
2024-04-09,168.13980102539062,168.54610700117138,166.8317135282985,167.17854792228746,42373800,170.076651763916,176.32517456054688,170.1239223574905,42.255117362237556,-2.3689144446753403,-2.5285899619430054,0.15967551726766516,175.07783138076684,170.076651763916,165.07547214706517,0.05743531002841643
2024-04-10,166.266845703125,167.56502882108228,165.60289002910008,167.27765088979615,49709300,169.80661163330078,175.85533752441407,169.7565817237414,38.76175122011583,-2.396637547560715,-2.502199479066548,0.1055619315058327,175.01398921805645,169.80661163330078,164.5992340485451,-0.060353352154271914
2024-04-11,173.46133422851562,173.87755961907308,166.6433941837476,166.82176353298163,91070300,170.00034866333007,175.6024313354492,170.10941529562467,54.3678115552596,-1.8171265059433495,-2.3651848844419083,0.5480583784985589,175.44354285682113,170.00034866333007,164.55715446983902,0.37823969919757444
2024-04-12,174.95774841308594,176.7514221146486,172.63885584160187,172.68839280877705,101670900,170.1762481689453,175.45150512695312,170.57116130681146,56.831973728370734,-1.22301357250592,-2.136750622054711,0.9137370495487911,176.00766162698878,170.1762481689453,164.34483471090184,0.13066203606495955
2024-04-15,171.13255310058594,175.0370216134587,170.94426424521788,173.77847120218846,73531800,170.17971801757812,175.175380859375,170.62462719193283,49.47690115614242,-1.0487467855107298,-1.919149854745915,0.8704030692351852,176.01332045845172,170.17971801757812,164.34611557670453,-0.15109233961636673
2024-04-16,167.85240173339844,172.19288913903023,166.7524119884344,170.20102235595408,73711200,169.96467514038085,174.8536456298828,170.36060571969145,44.194977777708985,-1.161925944244473,-1.7677050726456267,0.6057791284011538,175.80849673917692,169.96467514038085,164.12085354158478,-0.13712174980257333
2024-04-17,166.48486328125,169.11095775477588,166.48486328125,168.08034382587564,50901200,169.56432037353517,174.46833587646483,169.99148739222085,42.17354164573869,-1.346449139500777,-1.6834538860166568,0.33700474651587986,175.20627695778492,169.56432037353517,163.9223637892854,-0.09463960438230493
2024-04-18,165.5334930419922,167.11906901091456,165.0479219314042,166.51456987389489,43122900,168.9880630493164,174.03193206787108,169.5669165017229,40.77624370491536,-1.5515672273546102,-1.6570765542842476,0.10550932692963744,173.73358029890449,168.9880630493164,164.2425457997283,-0.05885029629242571
2024-04-19,163.51190185546875,164.89926951971245,162.6002009445124,164.7109957890585,68149400,168.6724365234375,173.55291900634765,168.9902484401749,37.90251706176853,-1.8558571375342012,-1.6968326709342385,-0.15902446659996272,173.96197517116946,168.6724365234375,163.38289787570557,-0.07267153483536043
2024-04-22,164.34432983398438,165.75152141981465,163.28398774037723,164.0272236912775,48116400,168.35334014892578,173.11213012695313,168.54778000149008,39.784369192598376,-2.006707033120591,-1.7588075433715091,-0.24789948974908205,173.87373820048487,168.35334014892578,162.8329420973667,0.019330123114840354
2024-04-23,165.39476013183594,165.54341638804536,163.43262154349364,163.85875133255257,49537800,168.15762100219726,172.67708923339845,168.24749239485635,42.166134543480695,-2.018230807519217,-1.8106921962010507,-0.2075386113181661,173.80469971691025,168.15762100219726,162.51054228748427,0.09346620164339933
2024-04-24,167.49563598632812,167.7731094949557,164.7109814111337,165.03799187966663,48251800,168.12343215942383,172.31775939941406,168.17588702261557,46.706413279467036,-1.8366683881567099,-1.8158874345921827,-0.020780953564527138,173.7778439199588,168.12343215942383,162.46902039888886,0.14782277860459392
2024-04-25,168.35780334472656,169.07131105182287,166.63349053238153,168.0010494911784,50558300,167.95397491455077,172.0174917602539,168.19321238662616,48.49347048092812,-1.604711052223763,-1.7736521581184987,0.16894110589473565,173.36161039934512,167.95397491455077,162.54633942975642,0.021232024448983332
2024-04-26,167.77310180664062,169.79469657988224,167.6541737932701,168.34787265422193,44838400,167.8459587097168,171.72316986083985,168.15320185519897,47.33424921313863,-1.4513336490213362,-1.7091884562990662,0.25785480727773,173.1768825796689,167.8459587097168,162.5150348397647,-0.034128594100457356
2024-04-29,171.9352569580078,174.44243845784558,171.5388704832316,171.8064245491769,68169400,168.01789398193358,171.51783905029296,168.51339757927602,55.49072112287263,-0.9826029803175231,-1.5638713611027577,0.5812683807852346,173.63575124153706,168.01789398193358,162.4000367223301,0.007498555100936494
2024-04-30,168.7938232421875,173.4117990890393,168.46679764398493,171.76676673002254,65934800,168.09172134399415,171.28039978027343,168.54010478526757,49.28638460535407,-0.8547647986313791,-1.422050048608482,0.5672852499771028,173.70961760541263,168.09172134399415,162.47382508257567,-0.1713724028569281
2024-05-01,167.77310180664062,171.1523509575647,167.5848129798778,168.05057530255277,50383100,168.0743782043457,171.0374105834961,168.46705688254121,47.430723174289426,-0.8262908414720869,-1.302898207181203,0.4766073657091161,173.69395998697928,168.0743782043457,162.4547964217121,-0.016509808604543458
2024-05-02,171.46946716308594,171.85594920671264,169.34876810707777,170.95415273119292,94214900,168.28297958374023,170.8532861328125,168.75300071878357,54.1613557501175,-0.49969901365111014,-1.1422583684751846,0.6425593548240744,174.07868837133688,168.28297958374023,162.48727079614358,0.030134302342863874
2024-05-03,181.72616577148438,185.3135134388507,181.012657985983,184.96666391602972,163224100,168.96675872802734,170.8336654663086,169.9885402476122,66.8459769348076,0.5800705297691877,-0.7977925888263102,1.377863118595498,177.20405646506464,168.96675872802734,160.72946099099005,-0.17342297148010122
2024-05-06,180.0712127685547,182.53874644704828,178.79283846563771,180.70544017490002,78569700,169.62378005981446,170.8176119995117,170.94879477341624,63.779163808922654,1.2874142854372224,-0.38075121397360373,1.6681654994108261,179.10845764594518,169.62378005981446,160.13910247368375,-0.035082901532991456
2024-05-07,180.75497436523438,183.23242749590466,179.68472791941784,181.79550770435065,77305800,170.25453872680663,170.84218841552735,171.88271663930368,64.5037633798745,1.8814746853631164,0.07169396589374027,1.809780719469376,180.87093837579252,170.25453872680663,159.63813907782074,-0.05717405078341653
2024-05-08,181.09190368652344,181.41892928578648,179.81352951475225,181.20091221961113,45057100,170.99579162597655,170.84436859130858,172.75978207237225,64.87663089916448,2.352342868366719,0.5278237463883361,1.824519121978383,182.433425768957,170.99579162597655,159.5581574829961,-0.006015820601006139
2024-05-09,182.90542602539062,182.99461071341904,180.46760537105857,180.9135439323752,48983000,171.4679962158203,170.90680084228515,173.7260338774216,66.89252226204933,2.839117809508622,0.9900825590123932,1.8490352504962286,184.0011388516698,171.4679962158203,158.93485357997082,0.10965857807176903
2024-05-10,181.64515686035156,183.66949389545601,180.7322193628195,183.48094965782863,50759500,171.8023666381836,170.95730651855467,174.48023606627206,64.13760366672457,3.087605276616557,1.409587102533226,1.678018174083331,185.02778518318237,171.8023666381836,158.57694809318482,-0.09972105342340727
2024-05-13,184.85035705566406,185.6640710757596,183.2030934113359,184.01680743143146,72044800,172.4882568359375,171.09351989746094,175.46786663669033,67.77281831329722,3.5027882903401064,1.828227340094602,1.6745609502455043,186.87541065414632,172.4882568359375,158.1011030177287,0.04526651636139872
2024-05-14,185.99154663085938,186.8548800445926,184.8602962551219,186.0709344816443,52393600,173.39521408081055,171.3429342651367,176.47012187423024,68.9785219171937,3.8791913778560456,2.238420147646891,1.6407712302091548,188.75325581025868,173.39521408081055,158.03717235136241,-0.004266511011063558
2024-05-15,188.2639923095703,189.18684774302332,185.9320213621053,186.46788560358823,70400000,174.48417053222656,171.73650024414061,177.5933476299769,71.28253396540575,4.3111644905607704,2.652969016229667,1.6581954743311034,190.78728878364575,174.48417053222656,158.18105228080736,0.09602578243377376
2024-05-16,188.38304138183594,189.6333810173086,188.2044300863017,189.00821119957226,52845200,175.62664794921875,172.15226623535156,178.62093751110635,71.40236507063506,4.609971675902642,3.044369548164262,1.56560212773838,192.45470317846005,175.62664794921875,158.79859271997745,-0.03306427407577833
2024-05-17,188.41282653808594,189.34561487480414,187.72811956148706,188.05558877384672,41282900,176.8716941833496,172.5710061645508,179.55349837081872,71.43448126773582,4.793920603653078,3.3942797592620257,1.399640844391052,193.61465510117938,176.8716941833496,160.12873326551983,0.01899410708741283
2024-05-20,189.57383728027344,190.44708847543168,187.55941793463836,187.8769693298537,44361300,178.13316955566407,172.9786782836914,180.50781636219537,72.72051172682166,4.976024801653097,3.71062876774024,1.2653960339128565,194.71157044895736,178.13316955566407,161.55476866237078,0.09007325278494797
2024-05-21,190.873779296875,191.25085261805762,189.4547462309282,189.62343971650407,42309400,179.40712051391603,173.37231353759765,181.49505092740296,74.12513438324194,5.165691273756323,4.001641268943457,1.1640500048128661,195.7889026022108,179.40712051391603,163.02533842562124,0.06584263226266943
2024-05-22,189.4348907470703,191.34016861791716,188.80973611420333,190.79438668312676,34648500,180.50408325195312,173.72765838623047,182.25122614832367,69.83859514612556,5.140638952784343,4.229440805711635,0.9111981470727084,196.48169314309143,180.50408325195312,164.5264733608148,-0.07113415702984105
2024-05-23,185.44577026367188,189.5341459487459,185.19768892080702,189.51429520164533,51005900,181.35848159790038,174.0448419189453,182.5554684450235,59.55602474525343,4.744207848472115,4.332394214263731,0.411813634208384,196.4495936406423,181.35848159790038,166.26736955515847,-0.21144327946638403
2024-05-24,188.52195739746094,189.11735863774422,186.59684388111853,187.37087155015982,36327000,182.39592437744142,174.3864859008789,183.1237054881128,63.96240776671355,4.624942477151137,4.390903866841212,0.23403861030992523,196.4240062454277,182.39592437744142,168.36784250945513,0.06135638497500265
2024-05-28,188.5319061279297,191.51880009814326,187.64873713728954,190.04022981736387,52280100,183.2257568359375,174.73586090087892,183.6387722157144,63.97607746743132,4.47958868065902,4.408640829604773,0.07094785105424695,196.63014175635422,183.2257568359375,169.82137191552076,-0.07920241317125945
2024-05-29,188.82958984375,190.7745542503335,188.05557725890648,188.15481585355153,53068000,184.22754516601563,175.06938751220704,184.13313579933683,64.41107837639154,4.338404906542195,4.394593644992257,-0.05618873845006256,196.0718544783639,184.22754516601563,172.38323585366737,0.03584733416358412
2024-05-30,189.8218994140625,190.70506832278696,189.16697622567534,189.29596821795033,49889100,185.32998504638672,175.375986328125,184.6749228102631,65.88971447411075,4.257508924948041,4.367176700983414,-0.10966777603537281,194.68604121148107,185.32998504638672,175.97392888129238,0.027776392510891996
2024-05-31,190.77455139160156,191.09210277636024,188.45251367186646,189.9707702687458,75158300,186.2952392578125,175.65030456542968,185.25583981800963,67.29459001092735,4.221605291708471,4.338062419128426,-0.11645712741995506,193.4586737366451,186.2952392578125,179.13180477897993,0.042285548529922404
2024-06-03,192.54087829589844,193.49351725389894,191.04247253185534,191.41954585254337,50080500,186.8359748840332,176.10463348388672,185.94965300638,69.77984353397488,4.2862697732258255,4.327703889947906,-0.04143411672208064,194.1688821081012,186.8359748840332,179.50306765996518,0.05851291429302418
2024-06-04,192.8584442138672,193.82100104656786,191.548567440495,193.1462119125533,47471400,187.47533645629883,176.54727722167968,186.60763312137877,70.2180230878968,4.313419343104755,4.324846980579276,-0.011427637474521468,194.56321495034652,187.47533645629883,180.38745796225115,-0.01489785406306467
2024-06-05,194.36676025390625,195.38885414673365,193.3744349100596,193.90036613096368,54156800,188.15592575073242,177.0484295654297,187.3465976101909,72.27429765095928,4.405856105114339,4.341048805486289,0.06480729962804954,195.14526802738732,188.15592575073242,181.16658347407753,0.02404864969046019
2024-06-06,192.98741149902344,194.99191275531385,192.67979309240934,194.1881317208236,41181800,188.7507011413574,177.54458953857423,187.88381798055593,67.67271127841732,4.318035364360696,4.336446117261171,-0.01841075290047467,195.24103578307842,188.7507011413574,182.2603664996364,-0.06175415099967199
2024-06-07,195.3789520263672,195.4285713258788,192.65005711175448,193.15613762673084,53103900,189.37437744140624,178.01722961425781,188.59764027063318,71.10747973503774,4.390799722198125,4.347316838248562,0.043482883949562456,195.89525537119536,189.37437744140624,182.85349951161712,0.11457330926058744
2024-06-10,191.6378631591797,195.7857909182053,190.6753063763642,195.3888517006261,97010200,189.87401275634767,178.451318359375,188.8871853076376,60.3121068753123,4.099336791244383,4.297720828847726,-0.19838403760334344,195.40572230622976,189.87401275634767,184.34230320646557,-0.18965142681774824
2024-06-11,205.5601806640625,205.57011360777915,192.14395345618084,192.16378906024917,172373300,190.90950393676758,179.19259094238282,190.4750896272971,75.32528631213948,4.934878776883892,4.425152418454959,0.5097263584289324,199.30441858858794,190.90950393676758,182.51458928494722,0.6025454789321303
2024-06-12,211.43478393554688,218.5100538646653,205.3121227860245,205.7785169434978,198134300,192.18166580200196,180.07494110107422,192.47125098998757,78.94462555974656,6.001897074732597,4.740501349710487,1.2613957250221093,204.1575236735296,192.18166580200196,180.20580793047432,0.2681520175408979
2024-06-13,212.5957794189453,215.08651049080893,209.97604121171418,213.09194207290335,97862700,193.39825515747071,180.96445739746093,194.3878727451264,79.58204610832021,6.8620974084779505,5.16482056146398,1.6972768470139705,208.15557154474465,193.39825515747071,178.64093877019678,-0.02327976388129672
2024-06-14,210.8592071533203,213.51863167298376,209.67833763090172,212.20877015870124,70122700,194.5220634460449,181.83569274902345,195.95657126019248,75.88166092927224,7.319313017334252,5.595719052638034,1.7235939646962182,210.9133142144713,194.5220634460449,178.1308126776185,-0.06351040669829751
2024-06-17,215.0071258544922,217.2696263789355,211.08744385812574,211.73244926121387,93728300,195.85177841186524,182.77482360839844,197.77090979298293,78.45819548077952,7.9250075016617245,6.061576742442773,1.8634307592189518,214.23828257791632,195.85177841186524,177.46527424581416,0.15343958351253614
2024-06-18,212.64540100097656,216.95210469802018,211.36530791117931,215.92007781385274,79943300,197.0053565979004,183.68911590576172,199.18752800326806,73.63477330187933,8.120841283100418,6.473429650574302,1.6474116325261159,216.53131900403503,197.0053565979004,177.47939419176578,-0.15050932402126782
2024-06-20,208.07077026367188,212.59578653831548,207.24715355520107,212.28815296354617,86172500,197.86520614624024,184.48773529052735,200.03355107568746,65.26508480675473,7.816799300532637,6.74210358056597,1.074695719966667,217.74673704257464,197.86520614624024,177.98367524990584,-0.1960901836114397
2024-06-21,205.89759826660156,210.26382387597764,205.5205097773767,208.77533580800622,241805100,198.6883415222168,185.28035034179686,200.5920317605364,61.678486113785056,7.316150986212875,6.8569130616953515,0.45923792451752377,218.46850543666184,198.6883415222168,178.90817760777176,-0.13697258417969957
2024-06-24,206.54258728027344,211.0675882243761,205.00448003735443,206.12581247138846,80727000,199.74318237304686,185.94197540283204,201.1587513338447,62.33997923852751,6.891982330942284,6.863926915544739,0.02805541539754497,218.82376999969125,199.74318237304686,180.66259474640248,0.020216683058483554
2024-06-25,207.46548461914062,209.75775393646785,207.0090082596573,207.54485732874397,55549700,200.69035873413085,186.59213012695312,201.75939259911095,63.31575061502083,6.554736792381334,6.802088890912058,-0.24735209853072426,219.32430260942283,200.69035873413085,182.05641485883888,-0.00382434542898871
2024-06-26,211.61337280273438,213.21101716086312,209.02340313251779,209.87680350658064,66213200,201.84443206787108,187.40174652099608,202.69786690421796,67.40360503260405,6.546700891717023,6.751011291073052,-0.20431039935602868,220.18000341490202,201.84443206787108,183.50886072084015,0.0825540064664096
2024-06-27,212.4568634033203,214.0842763709762,210.7202940415425,213.04233172557286,49772700,203.02579574584962,188.29383575439454,203.6272951422277,68.18012415433354,6.533085679656779,6.707426168789798,-0.17434048913301936,220.89359393727892,203.02579574584962,185.15799755442032,-0.027474397961887685
2024-06-28,209.0035400390625,214.41172478378184,208.6860038316288,214.11402417940656,82542700,203.9848777770996,189.1442092895508,204.13931846573576,61.69964751954994,6.1724885849718305,6.600438652026205,-0.42795006705437455,220.95122589736013,203.9848777770996,187.01852965683906,-0.23424903585192913
2024-07-01,215.0865020751953,215.84066382869798,210.29356920849017,210.4622626872336,60402900,205.2004753112793,190.13526947021484,205.18190738092238,67.55050644808382,6.304878276235286,6.5413265768680215,-0.2364483006327358,221.6835856623747,205.2004753112793,188.7173649601839,0.2162494756358058
2024-07-02,218.57949829101562,218.68865467979296,213.4491783018458,214.49110775455017,58046200,206.50240631103514,191.2366213989258,206.45786841997887,70.35135365874115,6.6153955014075905,6.5561403617759355,0.05925513963165496,222.89323915729344,206.50240631103514,190.11157346477685,0.18833353643149028
2024-07-03,219.8496856689453,219.8496856689453,217.34902153194005,218.31157833867707,37369800,207.85196838378906,192.346728515625,207.7332795865471,71.32075490060242,6.884614593996702,6.621835208220089,0.26277938577661253,223.9694298200991,207.85196838378906,191.73450694747902,0.07033833938441793
2024-07-05,224.60292053222656,224.71207692855523,219.94891212590596,219.94891212590596,60412400,209.36377639770507,193.5308917236328,209.3399120575642,74.65974986449822,7.3962595178083745,6.776720070137746,0.6195394476706282,225.80698232543622,209.36377639770507,192.9205704699739,0.20849264650748175
2024-07-08,226.07156372070312,226.1013322692385,221.53662969916704,225.34715532852172,59085900,211.01798400878906,194.70241027832031,210.93340269214883,75.60481945680459,7.829989789188176,6.987374013947833,0.8426157752403425,227.19285266008418,211.01798400878906,194.84311535749393,0.0321352609462522
2024-07-09,226.92495727539062,227.63943274976205,224.63268810415036,226.180713251394,48076100,212.59528427124025,195.8737533569336,212.4564078905528,76.16117883683073,8.148653279227943,7.219629867003856,0.9290234122240877,228.51273905667517,212.59528427124025,196.67782948580532,0.03289296973378265
2024-07-10,231.1919708251953,231.2912094233167,227.49060126886744,227.54022056792812,62627700,214.572989654541,197.14213073730468,214.2407472176616,78.76848328038344,8.64584480640329,7.504872854883743,1.1409719515195462,229.3731498812878,214.572989654541,199.77282942779422,0.15912430324849944
2024-07-11,225.82350158691406,230.6065022056456,224.0373128145247,229.61417679228308,64710600,215.5861557006836,198.2198956298828,215.34386668139993,68.60232363309866,8.50860022542247,7.7056183289914895,0.8029818964309801,230.55303177946084,215.5861557006836,200.61927962190637,-0.1636052761576213
2024-07-12,228.7706756591797,230.8545649156238,226.92494993371525,227.16311346469493,53046500,216.45295028686525,199.41943267822265,216.62261039356943,70.82823158961929,8.539210519872682,7.872336767167729,0.6668737527049533,232.337583865883,216.45295028686525,200.5683167078475,0.07064897133222889
2024-07-15,232.60105895996094,235.409341553401,231.30111515749465,234.66509753137677,62631300,217.453214263916,200.71599182128907,218.14436739989242,73.46156656279611,8.771437646129698,8.052156942960123,0.7192807031695754,234.70129245156554,217.453214263916,200.20513607626648,-0.08773065420385637
2024-07-16,233.017822265625,234.45669084850812,230.54692694431867,233.19643354245886,43234300,218.56114501953124,201.94695892333985,219.56088691091458,73.73933379509938,8.88666864810898,8.219059283989894,0.6676093641190857,236.7913775310702,218.56114501953124,200.33091250799228,-0.00765911302760394
2024-07-17,227.1234130859375,229.68361410453295,224.90059902579642,227.6890306172661,57345900,219.1669593811035,202.8549038696289,220.281127499012,63.60022324196025,8.405467491187665,8.256340925429448,0.14912656575821615,237.68747799439103,219.1669593811035,200.646440767816,-0.024836559292519208
2024-07-18,222.45948791503906,228.67145424701283,220.56415801938329,228.51267855827928,66034600,219.65766372680665,203.7026693725586,220.48859039577647,56.930035193730625,7.5606182236570305,8.117196385074966,-0.556578161417935,237.9800121236098,219.65766372680665,201.33531533000348,-0.2588684280739829
2024-07-19,222.58848571777344,225.05938116686082,221.5663918696606,223.09458131167176,49151500,220.38354949951173,204.53933959960938,220.68858042644285,57.06416175992334,6.822828813431954,7.858322870746364,-1.03549405731441,237.9467933239626,220.38354949951173,202.82030567506087,-0.022681357524266678
2024-07-22,222.24119567871094,226.03187070395737,221.3778623137636,225.26777593230437,48201800,221.2007293701172,205.36232543945312,220.83644854570647,56.55354528563222,6.13933159360468,7.514524615318028,-1.375193021713348,237.46473918056637,221.2007293701172,204.936719559668,-0.13355215313911628
2024-07-23,223.2831268310547,225.19832267550643,220.97100689389265,222.64803919770813,39960300,222.03775634765626,206.16987945556642,221.06946552526344,57.77433061825423,5.6169811959941285,7.135015931453249,-1.5180347354591204,236.85702112030026,222.03775634765626,207.21849157501225,0.02851655233620374
2024-07-24,216.86277770996094,223.0747441599071,215.46361045876344,222.280880842846,61777600,222.50762100219725,206.8742318725586,220.6688285904727,48.69465104687372,4.631556525004129,6.634324050163425,-2.002767525159296,235.98402175839175,222.50762100219725,209.03122024600276,-0.23903492189473866
2024-07-25,215.8208465576172,219.15506035064124,212.97286249707204,217.24978234747041,51391200,222.7179946899414,207.49364166259767,220.20711601591503,47.39294081062246,3.7236018729018667,6.052179614711113,-2.328577741809246,235.62698422110986,222.7179946899414,209.80900515877295,-0.06567917872027307
2024-07-26,216.28724670410156,217.80550332568987,214.35220009781358,217.02155779536062,41601300,222.90951385498047,208.0995556640625,219.83379512907567,48.06224048191809,3.007012890798819,5.443146269928654,-2.436133379129835,235.30741824357492,222.90951385498047,210.51160946638603,-0.03382295279190938
2024-07-29,216.56509399414062,217.61695646267233,214.0941983741811,215.29491873308154,36311800,223.28759155273437,208.66557769775392,219.52249025908185,48.48273616955254,2.4334792796294664,4.841212871868817,-2.4077335922393504,234.35607714774227,223.28759155273437,212.21910595772647,0.058928638026167206
2024-07-30,217.1207733154297,218.63902977566391,214.4613337033208,217.50777956722112,41643800,223.3893051147461,209.24033233642578,219.29375531206736,49.36566600137948,2.0007253218118137,4.273115361857416,-2.272390040045602,234.1885803905588,223.3893051147461,212.5900298389334,-0.017790877088636785
2024-07-31,220.37562561035156,222.10227724921992,218.93675681546986,219.74053796301214,50036300,223.4791114807129,209.87958831787108,219.39679057857063,54.305671520740646,1.8985191240076063,3.798196114287454,-1.8996769902798478,234.14596154265843,223.4791114807129,212.81226141876738,0.028893661628964645
2024-08-01,216.6841583251953,222.7571844619209,215.35444602521784,222.64802807062824,62501000,223.3208351135254,210.42179473876953,219.13844464967775,48.52354873878287,1.5023314747865868,3.339023186387281,-1.836691711600694,234.28811444537874,223.3208351135254,212.35355578167204,-0.26163326312109586
2024-08-02,218.1726531982422,223.86860618805187,216.0391597412521,217.46809553371503,105568600,222.99932174682618,210.96777221679687,219.0464645114458,50.79840672710489,1.2935477910555164,2.929928107320928,-1.6363803162654116,234.17249226219172,222.99932174682618,211.82615123146064,0.03238687747292032
2024-08-05,207.6639404296875,211.8614726265992,194.4957781490091,197.562059997048,119548600,222.07894058227538,211.3323532104492,217.9624145988974,38.02290758982527,0.2769276722241898,2.3993280203015805,-2.1224003480773908,234.98624019499047,222.07894058227538,209.1716409695603,0.4709784441801737
2024-08-06,205.6395721435547,208.3783997216886,199.52685967053256,203.72439154098564,69660500,221.0146713256836,211.73622924804687,216.78881055553143,36.137478023633236,-0.6842135111924108,1.7826197140027824,-2.4668332251951934,235.55501170908255,221.0146713256836,206.47433094228464,0.09373244934350912
2024-08-07,208.20968627929688,212.000360770617,204.80600287893913,205.3120832934174,63516400,219.86555709838868,212.12998382568358,215.97175110065194,40.19228135270479,-1.2244236980699554,1.181211031588235,-2.4056347296581904,234.6377501590924,219.86555709838868,205.09336403768495,0.14020201366744992
2024-08-08,211.67291259765625,212.5560815310077,207.22729938249148,211.47445056104476,47161100,219.15802764892578,212.59280395507812,215.56233790989046,45.23792708908848,-1.3574429849217893,0.6734802282862302,-2.0309232132080197,234.07579425162749,219.15802764892578,204.24026104622408,0.009384406010169202
2024-08-09,214.58045959472656,215.11630867247783,210.34322570654538,210.47223285968454,42201600,218.44851684570312,213.10782135009765,215.46882568939867,49.11894941868939,-1.2142498681884604,0.2959342089912921,-1.5101840771797526,232.8094486956035,218.44851684570312,204.08758499580276,0.19274922576824327
2024-08-12,216.1103973388672,218.07747160820446,214.1929998012183,214.65993379251097,38028100,217.62398376464844,213.63359130859374,215.5299277512528,51.08345704115358,-0.966177607760045,0.04351184564102467,-1.0096894534010696,230.45174332339258,217.62398376464844,204.7962242059043,0.0674676481359164
2024-08-13,219.82598876953125,220.44193777769505,217.58072790378117,217.58072790378117,44155300,216.96439208984376,214.21462005615234,215.9390764196603,55.57000945849608,-0.4644079721263097,-0.05807211791244221,-0.4063358542138675,227.75266734757344,216.96439208984376,206.17611683211408,0.10282735309112984
2024-08-14,220.27304077148438,221.5744891931242,218.2662191901357,219.13055181670978,41960600,216.6218734741211,214.76926330566405,216.35183492935784,56.09182516706038,-0.030328947219004476,-0.05252348377375467,0.02219453655475019,226.49435526584733,216.6218734741211,206.74939168239484,0.05209017449203825
2024-08-15,223.2534637451172,223.87935717471936,221.30624816369337,223.13425172393934,46414000,216.661572265625,215.37716369628907,217.00913291181112,59.506365364027545,0.5478616251459698,0.06755353801019023,0.48030808713577955,226.63351501436208,216.661572265625,206.68962951688795,0.0053425633234682616
2024-08-16,224.5747833251953,225.34969177239586,222.19043681447837,222.45867901826594,44340200,216.7608871459961,215.98132415771485,217.72967104641913,60.955991129079024,1.100020910450752,0.27404701249830254,0.8259738979524494,227.00287472864073,216.7608871459961,206.51889956335145,0.09483760428890796
2024-08-19,224.41586303710938,224.51521651043743,221.58445579858778,224.24697425982097,40687800,216.869620513916,216.60989318847658,218.36645123600866,60.674650419465046,1.5074110863783972,0.5207198272743215,0.9866912591040756,227.38456191735736,216.869620513916,206.35467911047465,0.007531231344589892
2024-08-20,225.03176879882812,225.68746521443902,223.97868888483964,224.2966078109087,30299000,216.9570526123047,217.20294952392578,219.00124338484858,61.41787813487459,1.8585450332807056,0.7882848684755984,1.070260164805107,227.7102351876855,216.9570526123047,206.2038700369239,0.03276455452022702
2024-08-21,224.92250061035156,226.4921913011218,223.58131984717622,225.04172779494317,34765500,217.36003875732422,217.86864227294922,219.56517264442027,61.19690325314098,2.103753426407991,1.051378580062077,1.052374846345914,228.65912009067327,217.36003875732422,206.06095742397517,-0.005297953861687115
2024-08-22,223.06471252441406,226.84984597984075,222.43881906323927,226.30343225653021,43695300,217.72223205566405,218.21873291015626,219.89846215680063,57.41459009138724,2.12369424691542,1.2658417134327458,0.8578525334826743,229.26256745236913,217.72223205566405,206.18189665895898,-0.1421449045304779
2024-08-23,225.359619140625,226.7306179936649,222.8660050723941,224.18732719786422,38677300,218.17585067749025,218.4972296142578,220.4185723457363,60.64997928928405,2.298185226704021,1.4723104160870009,0.8258748106170202,230.15960473694253,218.17585067749025,206.19209661803797,0.05224312411891565
2024-08-26,225.69740295410156,225.79675641202357,222.4288803537143,225.28014571740593,30602200,218.6324661254883,218.75926208496094,220.92131811796156,61.11822124361598,2.4356502560840454,1.6649783840864099,0.7706718719976355,231.02489175566274,218.6324661254883,206.24004049531385,0.01851958715911905
2024-08-27,226.54185485839844,227.356510742363,223.42234738221904,224.52510403050715,35934600,219.10352020263673,219.0729150390625,221.4566073313365,62.32519314931639,2.582957764276273,1.8485742601243826,0.7343835041518902,231.93860057715216,219.10352020263673,206.2684398281213,0.08958216315157187
2024-08-28,225.0119171142578,228.35991942602843,224.20719049274723,226.43257756563742,38052200,219.33533477783203,219.2730108642578,221.7952082630433,58.76592942202636,2.546887897780067,1.9882369876555197,0.5586509101245474,232.4190084442975,219.33533477783203,206.25166111136656,-0.06265879609837544
2024-08-29,228.29037475585938,231.39995310375193,227.3863249726349,228.59836441740794,51906300,219.91564559936523,219.58591033935548,222.4137955480734,63.56733094280796,2.751133051874831,2.140816200499382,0.6103168513754489,233.49755543919323,219.91564559936523,206.33373575953723,-0.013472144833225
2024-08-30,227.5055389404297,228.89639643358683,225.99545426270925,228.68777538921813,52990800,220.3822898864746,219.97460571289062,222.8987234902026,61.714677451004825,2.817194255112838,2.2760918114220736,0.5411024436907645,234.32900774474223,220.3822898864746,206.435572028207,-0.051650525852857815
2024-09-03,221.31619262695312,227.50553099413642,219.7266282681139,227.05847075546578,50190600,221.06490249633788,220.28297760009767,222.7480062651312,49.46987712387021,2.343109802385328,2.289495409614725,0.0536143927706032,233.73258781774862,221.06490249633788,208.39721717492714,-0.24764149810381283
2024-09-04,219.4087371826172,220.33266071869627,216.06071952153204,220.21344869061124,43840200,221.75336074829102,220.54030059814454,222.4299806382251,46.41353350837488,1.7928123204736153,2.190158791786503,-0.3973464713128876,232.31436286713986,221.75336074829102,211.19235862944217,-0.0365260848254341
2024-09-05,220.92874145507812,224.00850159902006,220.07435325324454,220.1836359939166,36615400,222.3893135070801,220.80956573486327,222.2870054779254,49.11161525237902,1.462490562129716,2.0446251458551457,-0.5821345837254297,230.9547555785679,222.3893135070801,213.82387143559228,0.03382727180699868
2024-09-06,219.37892150878906,223.7700744804958,218.33577084564575,222.4884846157397,48423000,222.7746139526367,220.96487670898438,222.0100450999124,46.538644590729724,1.0633925442118084,1.8483786255264782,-0.7849860813146698,229.9591260761565,222.7746139526367,215.59010182911692,-0.1388599063506883
2024-09-09,219.4683380126953,219.82598924771256,215.2957503769675,219.37892899374344,67180000,223.01900787353514,221.10510620117188,221.76797775827265,46.71210497494094,0.7457234188702273,1.6278475841952282,-0.8821241653250009,229.35428686412976,223.01900787353514,216.68372888294053,0.0040755292376380625
2024-09-10,218.67356872558594,220.03462329185413,215.3156216628219,217.49133220778626,51591000,223.14716644287108,221.29850677490234,221.473272136112,45.305037554352936,0.4249386804557673,1.3872658034473362,-0.9623271229915689,229.00385917741445,223.14716644287108,217.2904737083277,0.05430439296044469
2024-09-11,221.20692443847656,221.63411098197892,216.4680492147489,220.01475867053273,44587100,223.21621322631836,221.42091522216796,221.44790568871815,50.430572018004796,0.3708600541741305,1.183984653592695,-0.8131245994185645,228.9458417948366,223.21621322631836,217.4865846578001,0.05413274883635594
2024-09-12,221.31619262695312,222.09110108310472,218.38544755210194,221.04795042006705,37455600,223.26837081909179,221.47564910888673,221.43536158759767,50.64540535346299,0.33298098532281983,1.01378391993872,-0.6808029346159001,228.90816910547298,223.26837081909179,217.6285725327106,0.012134427853496915
2024-09-13,221.04795837402344,222.57790161811045,220.46181236980377,222.12091208096655,36766600,223.1580955505371,221.49961456298828,221.39846604344774,50.071704735937345,0.27811139285148556,0.8666494145212731,-0.5885380216697875,228.8803926428525,223.1580955505371,217.43579845822168,-0.04826740280505528
2024-09-16,214.90829467773438,215.80241517960704,212.52394807405793,215.126845002842,59357400,222.67477111816407,221.30572204589845,220.78035448480838,39.142100732709075,-0.2578207068553695,0.6417553902459446,-0.8995760971013141,229.38451895418694,222.67477111816407,215.9650232821412,-0.010158788257938367
2024-09-17,215.37521362304688,215.48449636527135,213.10016491936787,214.34200737227792,45519300,222.22273864746094,221.09179504394533,220.26557916464063,40.210947182344874,-0.6375253054970074,0.38589925109735423,-1.0234245565943616,229.5884572353243,222.22273864746094,214.85702005959757,0.04816632807243653
2024-09-18,219.24977111816406,221.25659276615585,216.12031904206836,216.13026348358338,59894900,221.93363876342772,220.93829132080077,220.16883554116666,48.321872916658975,-0.6186679081784803,0.18498581924218735,-0.8036537274206677,229.28952568830616,221.93363876342772,214.5777518385493,0.14334060529353615
2024-09-19,227.37637329101562,228.32018565098164,223.16405353373213,223.52170475455895,66781300,222.05633239746095,220.86197937011718,220.85526770781894,60.443014266012014,0.051432709300598844,0.15827519725386965,-0.10684248795327081,229.6843642759882,222.05633239746095,214.4283005189337,0.17076219230326994
2024-09-20,226.71075439453125,231.56884144729943,226.1345376792504,228.46920754640476,318679900,222.2386344909668,220.87972442626952,221.41293310655342,59.217859975999716,0.5227563841381766,0.23117143463073106,0.2915849495074455,230.1242731370066,222.2386344909668,214.352995844927,-0.07681512490490218
2024-09-23,224.9920654296875,227.95261380296742,224.33636892980346,225.85638298730962,54146000,222.22025680541992,220.8041522216797,221.7538028516138,56.05820137976768,0.7489663386343466,0.3347304154314542,0.4142359232028924,230.0783808340156,222.22025680541992,214.36213277682424,-0.03824978818034884
2024-09-24,225.8861846923828,227.8532741806864,224.2568878942957,227.15783023434298,43556100,222.22969589233398,220.66985473632812,222.14736302692515,57.33362952587004,0.9889868841824523,0.4655817091816538,0.5234051750007984,230.10493895207316,222.22969589233398,214.3544528325948,-0.05592229975593334
2024-09-25,224.89268493652344,225.80667911779153,222.5580303354434,223.46208007568333,42308700,222.14723739624023,220.5073519897461,222.4088222564107,55.409135623682594,1.0865131215753934,0.5897679916604017,0.49674512991499165,229.87327226386998,222.14723739624023,214.42120252861048,0.06393270769177671
2024-09-26,226.0352020263672,227.00880227293717,223.9389713421174,225.81663654010723,36636700,222.1984016418457,220.4855877685547,222.75419175831132,57.18882368951257,1.241681615342884,0.7201507163968982,0.5215308989459858,230.01269108307937,222.1984016418457,214.384112200612,0.00967858988263275
2024-09-27,226.30343627929688,228.02215721764472,225.81664372013879,226.9690772008412,34026000,222.09905471801758,220.56246673583985,223.09221504602422,57.616515436998256,1.3704997589517802,0.8502205249078747,0.5202792340439055,229.64699979047552,222.09905471801758,214.55110964555965,-0.029318978476923042
2024-09-30,231.47943115234375,231.47943115234375,228.1512873446241,228.5387415800987,54541900,222.2977493286133,220.74028564453124,223.89099753234035,64.90286025219714,1.8687072999829866,1.0539178799228972,0.8147894200600894,230.578198272011,222.2977493286133,214.01730038521558,0.12796809702090703
2024-10-01,224.7337646484375,228.15130254219565,222.27988260723768,228.02216122790813,63285000,222.4686279296875,220.79013702392578,223.97126106720674,52.28686829711124,1.6996291873740574,1.1830601414131294,0.516569045960928,230.80188540410677,222.4686279296875,214.13537045526823,-0.14322238043372262
2024-10-02,225.30003356933594,225.8861795938886,221.56457676904253,224.41584231153624,32880600,222.76319274902343,220.8304751586914,224.09781082931428,53.11084049520729,1.5929640365712316,1.26504092044475,0.32792311612648173,231.05939017352142,222.76319274902343,214.46699532452544,0.0393793063941322
2024-10-03,224.19723510742188,225.3297946556875,221.86258072628866,223.67069519563566,34044200,222.92661743164064,220.97716430664062,224.10727980818166,51.25447068540816,1.4032685107858924,1.2926864385129784,0.11058207227291406,231.20057140696932,222.92661743164064,214.65266345631196,0.02353650612830211
2024-10-04,225.3199005126953,226.5120662505933,222.66732681912907,226.41271278943105,37245100,223.22366638183593,221.16714538574217,224.22276749432584,53.053440852597916,1.3282123504256447,1.2997916208955118,0.02842072953013286,231.39273570334478,223.22366638183593,215.05459706032707,-0.04822893698123873
2024-10-07,220.2432403564453,224.21713611955545,219.885589131397,223.0348997045567,39505400,223.26241149902344,221.24626525878907,223.8437649097658,44.97113226857622,0.8492956043408242,1.2096924175845742,-0.36039681324375006,231.36696444596285,223.26241149902344,215.15785855208404,-0.12451734613533118
2024-10-08,224.29660034179688,224.50522136577493,221.79304193960246,222.83619253711748,31855700,223.54356307983397,221.4008953857422,223.88689209376875,51.34458566755788,0.7877423051931203,1.1253023951062835,-0.3375600899131632,231.37746423678072,223.54356307983397,215.70966192288722,0.06544361089353908
2024-10-09,228.0419921875,228.25062837641602,223.3627386107029,223.76012210676075,33591100,223.88531646728515,221.6193197631836,224.28261591221934,56.37274357885425,1.0293173627238446,1.1061053886297958,-0.07678802590595124,231.87643795833733,223.88531646728515,215.89419497623297,0.18905777616172484
2024-10-10,227.54527282714844,228.00227752622936,225.68748134269669,226.29350107451606,28183500,224.19677047729493,221.76271270751954,224.5933451422126,55.5528032973738,1.1672311213569344,1.1183305351752235,0.04890058618171089,232.2484153361532,224.19677047729493,216.14512561843668,0.055259940972380656
2024-10-11,226.06500244140625,227.91286461183438,225.85636623992795,227.80358186995707,31759200,224.44762268066407,221.95032958984376,224.73350298023104,53.07526776785996,1.143897184997627,1.1234438651397043,0.020453319857922647,232.40327049988286,224.44762268066407,216.49197486144527,-0.07617139887898448
2024-10-14,229.79052734375,230.21771386522883,227.1081507143634,227.20748901369805,39882100,225.19173431396484,222.1826870727539,225.2151243481852,58.13571284952333,1.4097726152735106,1.1807096151664656,0.22906300010704506,232.16217863484238,225.19173431396484,218.2212899930873,0.11319905628673801
2024-10-15,232.3238983154297,235.9401430278398,230.85354589755886,232.08545910083197,64751400,226.03916854858397,222.67588623046876,225.89215044030374,61.199903096031306,1.8041060627715524,1.305388904687483,0.49871715808406947,232.0902223308724,226.03916854858397,219.98811476629555,0.010273406475564854
2024-10-16,230.26739501953125,230.60517253033711,228.34005309673006,230.0885769817669,34082200,226.59004974365234,223.1684426879883,226.30884040023017,57.519443900237725,1.9284456112778514,1.4300002460055568,0.49844536527229466,232.0451178308636,226.59004974365234,221.13498165644108,0.007771547811296268
2024-10-17,230.6349639892578,232.3238817771462,229.01561181125544,231.90660939150177,32993800,226.75297927856445,223.6169482421875,226.72085217061377,58.00555687598206,2.033207789472897,1.550641754699025,0.48256603477387183,232.4801242050838,226.75297927856445,221.0258343520451,-0.05477948235872928
2024-10-18,233.46636962890625,234.6386615701971,232.4828249974097,234.6386615701971,46431500,227.09076004028321,224.0528173828125,227.36328240473685,61.64639329001498,2.3179830765267297,1.704110019064566,0.6138730574621638,233.52172972210042,227.09076004028321,220.659790358466,-0.04992005567097226
2024-10-21,234.93670654296875,235.3043021987925,232.91995571367772,232.91995571367772,36254500,227.58799209594727,224.45994232177733,228.08456089409225,63.41998118266567,2.6319736897103496,1.8896827531937228,0.7422909365166268,234.78516401765535,227.58799209594727,220.3908201742392,0.08636984277794704
2024-10-22,234.32077026367188,234.67842149785605,231.0820505913223,232.36362533760988,38846600,228.0097213745117,224.82414978027344,228.67848559595697,62.123968347738455,2.7988492112099266,2.071516044796964,0.7273331664129628,235.72818573061392,228.0097213745117,220.2912570184095,0.08402906550515343
2024-10-23,229.25404357910156,233.60546433739609,226.27362172475395,232.55238437433343,52287000,228.22778930664063,225.01271087646484,228.73330064197074,52.601348494822076,2.4935130983881777,2.1559154555152067,0.337597642872971,235.82719466778207,228.22778930664063,220.6283839454992,-0.14088870590572977
2024-10-24,229.0653076171875,229.3136761173618,226.91940013747097,228.47914643577636,31109500,228.37929458618163,225.18855621337892,228.76492035389614,52.27987611000166,2.210817684276691,2.1668959012675035,0.043921783009187365,235.9183890962542,228.37929458618163,220.84020007610906,0.02564928246813991
2024-10-25,229.89979553222656,231.6979808399029,228.07180722071536,228.24069596218243,38802300,228.55911254882812,225.32148284912108,228.87300370421332,53.62927623105378,2.0307070062235084,2.1396581222587048,-0.10895111603519636,236.0630551869602,228.55911254882812,221.05516991069604,0.07256302502129126
2024-10-28,231.8768310546875,233.1981533252385,231.03238723011694,231.79736647290133,36087100,228.5789825439453,225.46752380371095,229.15908249949658,56.74965867491124,2.0241649268485844,2.116559483176681,-0.09239455632809657,236.11578391569242,228.5789825439453,221.04218117219818,0.003428178313426168
2024-10-29,232.14508056640625,232.80077708078602,230.8038996879506,231.57880823795904,35417200,228.94954833984374,225.62210815429688,229.44346326777367,57.17078579321422,2.0173707809586006,2.096721742733065,-0.07935096177446432,236.4221897583237,228.94954833984374,221.4769069213638,0.02444781089001613
2024-10-30,228.59835815429688,231.94636045913163,228.05194445904854,231.09197226998216,47070900,229.1144645690918,225.69343994140624,229.36297706649017,50.20959791326426,1.7061283285864022,2.0186030599037323,-0.31247473131733017,236.4009215692914,229.1144645690918,221.82800756889222,-0.10748883690481115
2024-10-31,224.43569946289062,228.330115454563,223.89921505082026,227.84330777090054,64370100,229.12638778686522,225.68370391845704,228.89371253281402,43.512969468810724,1.110770405292726,1.8370365289815311,-0.726266123688805,236.38133275091062,229.12638778686522,221.87144282281983,-0.1484540633610866
2024-11-01,221.4552764892578,223.87935529424118,218.83250593091054,219.5279346472888,65276700,228.93315658569335,225.6515151977539,228.18529005247532,39.45538535415384,0.3939089984874897,1.548411022882723,-1.1545020243952333,236.76617604674894,228.93315658569335,221.10013712463777,0.08756995435813794
2024-11-04,220.56114196777344,221.33605042122997,218.2761640538016,219.54780947276666,44944500,228.94905166625978,225.55554565429688,227.45918071107516,38.30147014531414,-0.24355051566337238,1.190018715173504,-1.4335692308368764,236.71245170755572,228.94905166625978,221.18565162496384,0.046122688924437966
2024-11-05,221.9917449951172,222.4884819564664,219.6968226591573,220.35251908634842,28111300,228.83380889892578,225.4814324951172,226.93847254765058,41.26146968997494,-0.6260869246754055,0.8267975872037221,-1.4528845118791276,236.93127882338175,228.83380889892578,220.73633897446982,0.07425414294921663
2024-11-06,221.26649475097656,224.59463817705685,219.7464809892452,221.15721202226086,54561100,228.49503402709962,225.37592529296876,226.39828418606257,40.208329265341476,-0.9765147640358975,0.4661351169557982,-1.4426498809916957,237.23788250252218,228.49503402709962,219.75218555167706,0.0049413644825544185
2024-11-07,225.99545288085938,226.39285156162418,223.10445516924474,223.16406118155706,42137700,228.41754302978515,225.39559600830077,226.35991929985275,49.29588461504266,-0.862699291475451,0.20036823526954833,-1.0630675267449994,237.2199604227222,228.41754302978515,219.6151256368481,0.126198472302349
2024-11-08,225.7269287109375,227.4176895436531,225.17991383614745,225.9357792784742,38328800,228.40063934326173,225.34432708740235,226.29963448186083,48.84194102048421,-0.7851170254862723,0.00327118311838423,-0.7883882086046565,237.2223398969856,228.40063934326173,219.57893878953786,-0.009243539017775327
2024-11-11,223.01174926757812,224.47376393957063,220.29658566640109,223.77757009002366,42005600,228.06170043945312,225.25445129394532,225.98650255669105,44.39068185052975,-0.9319815074380813,-0.18377935499290887,-0.7482021524451724,237.1603020823592,228.06170043945312,218.96309879654703,-0.03420905823793808
2024-11-12,223.01174926757812,224.36436096493557,222.14648085284745,223.33001798502116,40398300,227.59609298706056,225.2883624267578,225.70319271963268,44.39068185052975,-1.0364254006204021,-0.3543085641184075,-0.6821168365019946,236.7276057794882,227.59609298706056,218.46458019463293,-0.014250084967394144
2024-11-13,223.89691162109375,225.4185978724207,221.54973296285615,222.79294167641658,48566200,227.27756881713867,225.37812591552733,225.53116594834327,46.24301308362637,-1.0358323041081974,-0.4906133121163655,-0.5452189919918319,236.4584354939236,227.27756881713867,218.09670214035376,0.04951087239852318
2024-11-14,226.98007202148438,227.62653447284012,223.77756520755418,223.7974607959322,44923900,227.09482421875,225.49915252685548,225.66915700292816,52.21379842852928,-0.7776131532015711,-0.5480132803334067,-0.2295998728681644,236.14568113863723,227.09482421875,218.04396729886278,0.14125847629379917
2024-11-15,223.77757263183594,225.68713943052106,223.0515429787679,225.16996034674554,47923700,226.6103843688965,225.5871255493164,225.4890061104432,46.44349024188592,-0.8219130500620508,-0.6027932342791356,-0.21911981578291528,235.27414778598074,226.6103843688965,217.94662095181224,-0.06175848981781848
2024-11-18,226.78115844726562,228.49181480220403,223.94663659117114,224.02620376766677,44633700,226.20260696411134,225.7333819580078,225.61206823775962,51.82128925780533,-0.607652128706917,-0.6037650131646919,-0.0038871155422250947,233.98309354707482,226.20260696411134,218.42212038114786,0.12235848379929519
2024-11-19,227.03973388671875,228.90952454109907,225.42854034251505,225.7467938634959,36211800,225.83855514526368,225.90070526123046,225.74803639480334,52.265669809502064,-0.4122319743133005,-0.5654584053944136,0.1532264310811131,232.6916623081275,225.83855514526368,218.98544798239988,0.05721136100763355
2024-11-20,227.75584411621094,228.68078414631773,224.6627401240164,226.82094870348703,35169600,225.76364517211914,226.03168365478516,225.93925617779453,53.54364462200421,-0.19730161311304073,-0.49182704693813906,0.2945254338250983,232.49749391712942,225.76364517211914,219.02979642710886,0.041194005940231614
2024-11-21,227.2784423828125,228.9095315645878,224.48371169719937,227.63648708983084,42108300,225.6743019104004,226.15092864990234,226.06679772112957,52.53388094476719,-0.06474375770741858,-0.406410389091995,0.3416666313845764,232.2766891441734,225.6743019104004,219.07191467662742,-0.01572749555092984
2024-11-22,228.62112426757812,229.46651233539,226.82096032466632,226.82096032466632,38168300,225.61036834716796,226.30239196777345,226.31006691602943,55.09863195423124,0.1469584589330566,-0.2957366194869847,0.4426950784200413,232.07109278905466,225.61036834716796,219.14964390528127,0.07919875726501352
2024-11-25,231.6048126220703,231.98275293866183,228.49182822914253,230.20248468460477,90152800,225.5967674255371,226.63632232666015,226.81432841184284,60.23993898963122,0.549162304135848,-0.12675683476241817,0.6759191388982662,232.00560365637892,225.5967674255371,219.1879311946953,0.06084190958220157
2024-11-26,233.7829132080078,234.29015208323423,232.06231657216094,232.06231657216094,45986200,225.67865905761718,227.00447631835937,227.47800315433474,63.5234389143256,1.0317726306899146,0.1049490583280484,0.9268235723618663,232.45161058795668,225.67865905761718,218.90570752727768,0.07400816746413287
2024-11-27,233.6536102294922,234.40949083683986,232.53970008294309,233.19611792325418,33498400,225.93142166137696,227.29255310058593,228.06615620911163,63.189818698945125,1.387813274226005,0.36152190150763974,1.0262913727183651,233.4568689818103,225.93142166137696,218.40597434094363,0.019615833496096816
2024-11-29,236.0405731201172,236.51796100091357,232.69882760276832,233.53426018813377,28481400,226.51166534423828,227.46583709716796,228.82562448635025,66.66980862073535,1.8413599546049682,0.6574895121271055,1.1838704424778626,235.1879075095282,226.51166534423828,217.83542317894836,0.10691085133959508
2024-12-02,238.2882843017578,239.4817615684827,235.8714939748314,235.98089694287458,48137100,227.3533157348633,227.6973876953125,229.72683018305574,69.58567571043432,2.355023232017345,0.9969962561051535,1.3580269759121915,237.10359848738707,227.3533157348633,217.6030329823395,0.097468143769248
2024-12-03,241.33168029785156,241.441083276618,237.60205398884364,238.50711361537608,38861000,228.3918426513672,228.02417999267578,230.8320540035125,73.02655176146317,2.9734061273192083,1.3922782303479646,1.5811278969712437,239.3739222087024,228.3918426513672,217.409763094032,0.11787638147006635
2024-12-04,241.68972778320312,242.78375758332757,239.9392952788925,241.55048900644988,44383900,229.3767417907715,228.34025085449218,231.86611817300684,73.40771703425409,3.452571373155621,1.8043368589094961,1.6482345142461248,241.3725938213041,229.3767417907715,217.3808897602389,0.0057643118478669046
2024-12-05,241.7195587158203,243.21140922639395,240.81451427308068,242.6644095132275,40033900,230.39939498901367,228.67678833007812,232.80454108184622,73.44139090727616,3.7910198723740507,2.2016734616024074,1.5893464107716433,242.93059573765242,230.39939498901367,217.86819424037492,-0.03891685671904674
2024-12-06,241.5206298828125,243.30091318780651,240.76476447856876,241.59025685240857,36870600,231.17565383911133,228.98649688720704,233.63464477717633,72.77953672058167,3.9971146030617035,2.560761689894267,1.4363529131674366,244.4224690370175,231.17565383911133,217.92883864120518,-0.0028820192390250966
2024-12-09,245.40940856933594,245.89675186527563,240.43657354260168,240.516140724136,44649200,232.15977783203124,229.36861633300782,234.7560508526201,77.12034894889783,4.42324963368705,2.9332592786528235,1.4899903550342262,246.51896814323163,232.15977783203124,217.80058752083085,0.2006873308775043
2024-12-10,246.42385864257812,246.86147053083658,244.00705305092782,245.54863486606115,36914800,233.33038330078125,229.6675048828125,235.8672706421399,78.10140511174916,4.787633499607324,3.304134122843724,1.4834993767636,248.31906545399775,233.33038330078125,218.34170114756475,0.03562851480739202
2024-12-11,245.1508026123047,249.43738355757404,244.92204129682997,246.61281718111218,45205800,234.43733596801758,230.07584564208983,236.75141654406036,73.82341171612494,4.917005181322395,3.6267083345394586,1.2902968467829363,249.48422390997928,234.43733596801758,219.39044802605588,-0.059214448223531814
2024-12-12,246.61282348632812,247.38858448031883,244.3451969163318,245.54862958315107,32777500,235.5731315612793,230.5021014404297,237.69059815760968,75.48421360268338,5.078958959724133,3.917158459576394,1.1618005001477392,250.69520484500336,235.5731315612793,220.45105827755523,0.04331232110848105
2024-12-13,246.7819061279297,247.9355922748061,244.90217516923994,246.47359279661413,33155300,236.56322326660157,230.95379486083985,238.55643701192588,75.67641761956983,5.161454022933299,4.1660175722477755,0.9954364506855233,251.8966887935081,236.56322326660157,221.22975773969503,0.012508327880352998
2024-12-16,249.67608642578125,250.01425073054844,246.3045049916291,246.6426692963963,51694800,237.85814895629883,231.44091857910155,239.61545124181688,78.74778689208411,5.398141699943665,4.412442397786953,0.9856993021567115,253.02728533622812,237.85814895629883,222.68901257636955,0.1223719518211188
2024-12-17,252.1028289794922,252.45093348613432,248.42293425963442,248.72130738305802,51356400,239.12423248291014,232.0781103515625,240.80472531207167,80.92298008821408,5.715649779379476,4.6730838741054574,1.0425659052740182,254.6075482315686,239.12423248291014,223.6409167342517,0.13512471997642117
2024-12-18,246.7023468017578,252.89849494785605,246.39403346062903,250.7900177691265,56774100,240.10736312866212,232.5262252807617,241.36640354918464,64.9830244231861,5.468466365563984,4.832160372397163,0.6363059931668209,254.8771100854593,240.10736312866212,225.33761617186494,-0.16156358411435387
2024-12-19,248.43289184570312,250.63089166027345,245.74756389880645,246.15534002348284,60882300,241.1412155151367,232.9340432739258,242.03940243456736,67.21180735630342,5.350534619036779,4.935835221725086,0.4146993973116926,255.18475151717,241.1412155151367,227.0976795131034,0.09226185075984365
2024-12-20,253.10736083984375,253.6145845456153,244.35516822034685,246.69239156062656,147495300,242.4326614379883,233.44528503417968,243.09349371126035,72.33413597876026,5.570055311529131,5.062679239685895,0.5073760718432361,255.87706563291437,242.4326614379883,228.9882572430622,0.25433219978932
2024-12-23,253.88311767578125,254.26104280923545,252.07299848460428,253.38583418491564,40858800,243.69576110839844,234.0016473388672,244.12107694597663,73.08560754238002,5.74045178046228,5.198233747841172,0.5422180326211077,256.4410033130715,243.69576110839844,230.95051890372537,0.019623024996658283
2024-12-24,256.7972412109375,256.80716624287646,253.90303208844082,254.101957652135,23234700,244.95538253784179,234.54178161621093,245.3283306854967,75.7502702645397,6.041000728664983,5.366787144005935,0.6742135846590482,257.6512938241324,244.95538253784179,232.25947125155116,0.10567492732472007
2024-12-26,257.61273193359375,258.6868812844183,256.23029959445824,256.78725468311694,27237100,246.1468734741211,235.0475582885742,246.49827366150595,76.4528439462159,6.272683629164845,5.547966441037717,0.7247171881271282,258.8977340468208,246.1468734741211,233.3960129014214,0.03213527957096409
2024-12-27,254.20135498046875,257.29447387899233,251.68510189149424,256.4291751646687,42355300,247.17426071166992,235.52623748779297,247.2319004537881,67.62620502304897,6.110585362593042,5.6604902253487825,0.45009513724425965,259.0115305137912,247.17426071166992,235.33699090954866,-0.08666065170452333
2024-12-30,250.82977294921875,252.1227129740064,249.3876539575231,250.85960874260036,35557500,247.913720703125,235.9301336669922,247.57455497716245,60.22553432107624,5.644990885007246,5.657390357280476,-0.012399472273229684,258.67543553482693,247.913720703125,237.15200587142303,-0.0011893416984598989
2024-12-31,249.05946350097656,251.90392569582917,248.07483671879714,251.0684930674946,39480700,248.45227966308593,236.2419955444336,247.7159748365733,56.715906368037935,5.074657239916348,5.540843733807651,-0.4661864938913025,258.2699710023911,248.45227966308593,238.63458832378072,-0.07984882972533336
2025-01-02,242.52516174316406,247.74663833648884,240.50619200781614,247.57754859678104,55740700,248.51195373535157,236.3937646484375,247.22161168482003,46.04906337688205,4.048728947670185,5.242420776580158,-1.193691828909973,258.16899145701143,248.51195373535157,238.85491601369168,-0.20128638734640336
2025-01-03,242.03781127929688,242.853348279154,240.57579666249651,242.03781127929688,40244100,248.52935791015625,236.54810546875,246.72791640810354,45.363784749174734,3.1599226538050402,4.825921152025135,-1.6659984982200946,258.1382869168762,248.52935791015625,238.92042890343632,0.0
2025-01-06,243.66891479492188,245.98625772407811,241.87869116125097,242.98266113735735,45045600,248.62682571411133,236.8364028930664,246.43658292113386,48.145165605466836,2.557670451552525,4.3722710119306125,-1.8146005603780875,257.99398244424043,248.62682571411133,239.25966898398227,0.028235399449953763
2025-01-07,240.89405822753906,244.21590806857427,240.0387300769128,241.65986382248775,40856000,248.59549713134766,237.07297790527343,245.9087234265058,44.03792279175387,1.8353171144802616,3.8648802324405427,-2.029563117960281,258.0611843250032,248.59549713134766,239.1298099376921,-0.031678795994701456
2025-01-08,241.38140869140625,242.38593107741448,238.74581220273618,240.6056476428208,37628900,248.39409713745118,237.30261016845702,245.47755059459155,44.92656187657653,1.2873324330998912,3.3493706725724124,-2.062038239472521,258.2842623816133,248.39409713745118,238.5039318932891,0.032230845553626486
2025-01-10,235.56320190429688,238.85521627248303,231.73411285331812,238.70602211575698,61710900,247.8510643005371,237.37633758544922,244.5333269098016,37.30955852239557,0.37919879449285077,2.7553362969565,-2.3761375024636493,259.1994490517018,247.8510643005371,236.50267954937246,-0.13090517960328846
2025-01-13,233.12648010253906,233.39501742033124,228.47191419887113,232.2612117379593,49630700,247.24984817504884,237.39596557617188,243.44696054720515,34.65922069159588,-0.5310056392511058,2.0980679097149793,-2.629073548966085,260.259244258883,247.24984817504884,234.2404520912147,0.03723688029274348
2025-01-14,232.0125732421875,234.83713969366363,231.2069764534674,233.47458784982285,39435300,246.51983566284179,237.4642498779297,242.3579712800606,33.48810627340167,-1.326936091708177,1.413067109430348,-2.740003201138525,261.1303271939053,246.51983566284179,231.90934413177825,-0.06253813917281027
2025-01-15,236.57762145996094,237.66171090461415,233.15630892744326,233.36517465190275,39832000,246.00962142944337,237.7070883178711,241.80746177338443,42.11972578622973,-1.5712431571246839,0.8162050561193415,-2.387448213244025,261.24710734375645,246.00962142944337,230.7721355151303,0.1367945295499631
2025-01-16,227.0198516845703,236.7168796666606,226.79110553013876,236.06047699847062,71759100,244.8768096923828,237.81837982177734,240.39911795540215,32.58502764772713,-2.5071890946517215,0.15152622596512888,-2.6587153206168503,262.09545090303556,244.8768096923828,227.65816848173006,-0.3652919353323459
2025-01-17,228.7305145263672,231.0279618693864,227.2386640256131,230.85888730040747,68488300,243.70819396972655,237.9817672729492,239.28782239073215,35.40355697206118,-3.0754449831730994,-0.49386801586251683,-2.581576967310583,261.9487107629076,243.70819396972655,225.46767717654552,-0.09193334825082122
2025-01-21,221.43038940429688,223.20071739531107,218.1881065481907,222.783001089375,98070400,242.44459609985353,237.97054016113282,237.5871144872621,29.697493942423648,-4.067958068155036,-1.2086860263210208,-2.859272041834015,263.0309231056629,242.44459609985353,221.85826909404418,-0.06063982053588106
2025-01-22,222.61392211914062,222.90233985709415,218.59586314481808,218.59586314481808,64126500,241.15364761352538,237.9974887084961,236.16109616648865,31.62166136875473,-4.704796672376659,-1.9079081555321484,-2.796888516844511,263.25816879202233,241.15364761352538,219.04912643502843,0.18176966476596398
2025-01-23,222.44485473632812,225.7965406078772,221.09224303438072,223.51898889751178,60234800,239.62052230834962,237.92647674560547,234.8547874588543,31.489075813287158,-5.163615237021048,-2.5590495718299286,-2.6045656651911195,262.43791694336664,239.62052230834962,216.80312767333257,-0.0480186529980541
2025-01-24,221.56964111328125,224.40416321125562,220.207089142254,223.5587751677507,54697900,238.0048484802246,237.84333099365233,233.58953542594259,30.7698329036251,-5.534061464298674,-3.154051950323678,-2.3800095139749957,261.12787655431634,238.0048484802246,214.88182040613287,-0.08874183044858261
2025-01-27,228.6111602783203,230.88871192185238,222.76310174211312,222.80289291870474,94863400,236.59554443359374,237.9553192138672,233.11540445950237,42.20720726175174,-5.199514256387147,-3.5631444115363715,-1.6363698448507753,258.36128233584935,236.59554443359374,214.82980653133814,0.2549415862201
2025-01-28,236.9655303955078,238.88505261672515,229.5560092044273,229.59580038333414,75707600,235.56318435668945,238.2343948364258,233.48208312007432,52.280258980304644,-4.211705417405767,-3.692856612710251,-0.5188488046955162,255.08668867729023,235.56318435668945,216.03968003608867,0.3103992288347762
2025-01-29,238.05953979492188,238.5568232574634,232.73860067537262,232.84800364416722,45486100,234.7560935974121,238.51764739990233,233.9180313748217,53.42506438378248,-3.302513065345636,-3.6147879032373282,0.3122748378916924,252.3723280485158,234.7560935974121,217.1398591463084,0.2201531796573098
2025-01-30,236.29916381835938,239.48177510143526,235.9212386876704,237.37329797187644,55658300,234.02956314086913,238.70402923583984,234.14480589325385,51.29271510201623,-2.6929762512882007,-3.4304255728475033,0.7374493215593025,250.06152839094165,234.02956314086913,217.9975978907966,-0.04521998120539452
2025-01-31,234.7178192138672,245.84702671405668,232.17173004375724,245.84702671405668,100959800,233.31248092651367,238.92283416748046,234.1993785904551,49.385843136372536,-2.3108768782250024,-3.2065158339230035,0.8956389556980011,247.79979401377753,233.31248092651367,218.82516783924981,-0.4241062904320898
2025-02-03,226.7711944580078,230.5704473180637,224.4737473364884,228.7404478557844,73063300,232.52478256225587,238.92263488769532,233.49193248260298,41.11409267839038,-2.61909527725291,-3.089031722588985,0.4699364453360748,246.63092852077008,232.52478256225587,218.41863660374165,-0.08587911019477112
2025-02-04,231.5352020263672,231.86341095944582,225.4186058340825,226.0153521080233,45067300,231.99965209960936,239.01254425048828,233.3055772010567,46.860385716635726,-2.450694897508157,-2.9613643575728195,0.5106694600646624,245.41518849011064,231.99965209960936,218.5841157091081,0.23948203023035997
2025-02-05,231.2069854736328,231.4058958330951,227.0298072213747,227.2883891710869,39620300,231.3765556335449,239.08156707763672,233.10571132225442,46.52354705148914,-2.31701164809715,-2.8324938156776858,0.5154821675805357,243.67756963753345,231.3765556335449,219.07554162955637,0.17071822531320963
2025-02-06,231.95289611816406,232.52974674745317,229.1780459389265,230.03337408912944,29925300,230.92949752807618,239.17505615234376,232.99591939805535,47.44806594507852,-2.1263665249424264,-2.691268357530634,0.5649018325882076,242.43885738313188,230.92949752807618,219.4201376730205,0.08325222881528226
2025-02-07,226.39329528808594,232.72868233994458,226.02529517161955,231.33629458433444,39707200,230.18009185791016,239.1304995727539,232.36709805424874,41.666076502627384,-2.39626951148054,-2.632268588320615,0.23599907684007526,240.7860272526998,230.18009185791016,219.57415646312052,-0.21047812860567813
2025-02-10,226.66209411621094,229.58933825388894,226.21404995469493,228.57377553913867,33115600,229.73503646850585,239.03164520263672,231.8237643458642,42.03386788176017,-2.558981409100369,-2.617611152476566,0.05862974337619731,240.1452840768829,229.73503646850585,219.32478886012882,-0.08344074240224356
2025-02-11,231.61053466796875,234.2092091135714,227.1400288616486,227.20971719471092,53718400,229.65923919677735,238.98819763183593,231.8034567574932,48.47449668579554,-2.262552664826387,-2.5465994549465303,0.2840467901201431,239.99139265463822,229.65923919677735,219.32708573891648,0.191303338036138
2025-02-12,235.8420867919922,235.9317077791751,229.67894615315132,230.19669384296432,45243300,229.85071487426757,239.03196716308594,232.18808818935025,53.257312408849806,-1.666964132611838,-2.370672390479592,0.703708257867754,240.48766124001457,229.85071487426757,219.21376850852056,0.2404410180500941
2025-02-13,240.48187255859375,241.28835511000761,234.54774465400956,235.8819260401158,53614100,230.04592742919922,239.12079315185548,232.9779724149925,57.87461374258761,-0.8112128381551429,-2.0587804800147023,1.2475676418595594,241.29520494025024,230.04592742919922,218.7966499181482,0.19257556166088652
2025-02-14,243.53854370117188,244.48441805735465,239.9442089936196,240.203075232316,40896200,230.8718620300293,239.22579833984375,233.98374110891436,60.633517922502065,0.11232918270067671,-1.6245585474716266,1.7368877301723034,243.45742060131795,230.8718620300293,218.28630345874063,0.13797467614917233
2025-02-18,243.40911865234375,244.11602908498713,240.7905267294893,243.0905000064508,48822500,231.6057922363281,239.26734710693358,234.8813961130505,60.45298153411922,0.8242973810977219,-1.134787361757757,1.959084742855479,245.27185082163095,231.6057922363281,217.93973365102528,0.013106246505496936
2025-02-19,243.807373046875,244.94242536854557,242.10480216065562,243.5982928571997,32204200,232.72464141845703,239.30970001220703,235.73148915436713,60.839373896194104,1.4044831021281254,-0.6269332689805807,2.031416371108706,246.53846831703817,232.72464141845703,218.91081451987588,0.008582780003092623
2025-02-20,244.76321411132812,245.70908851524857,243.2298884862767,243.87707690453925,32316900,233.8321060180664,239.3705731201172,236.59165343598247,61.80396415072214,1.9192884886794843,-0.11768891744856763,2.036977406128052,247.77685484236594,233.8321060180664,219.8873571937669,0.03631942149861842
2025-02-21,244.48443603515625,247.61080936192474,244.15586625078134,244.88269415360097,53197400,234.9340850830078,239.42984924316406,237.34334701685617,61.32948170118662,2.278515101825036,0.3615518864061531,1.916963215418883,248.58542629705823,234.9340850830078,221.28274386895737,-0.016261786544885144
2025-02-24,246.0277099609375,247.7800669312537,243.3593319822528,243.86711335623195,51326400,236.15698852539063,239.4422152709961,238.17042920200677,63.02193646930344,2.6571046406558025,0.8206624372560829,1.8364422033997196,249.16733731730676,236.15698852539063,223.1466397334745,0.08836620411179003
2025-02-25,245.96795654296875,248.91511822751468,243.84721006662005,246.92379728169456,48013300,237.02482833862305,239.43309722900392,238.91305085352695,62.907136595030366,2.9186733270168475,1.2402646152082357,1.6784087118086117,250.22027095428083,237.02482833862305,223.82938572296527,-0.03869062461787307
2025-02-26,239.31695556640625,243.91690216055417,238.0922974197643,243.26972892021308,44433600,237.14239959716798,239.31642028808594,238.95151796903926,51.63294293255226,2.559780643533827,1.504167820873354,1.055612822660473,250.37548238298288,237.14239959716798,223.90931681135308,-0.16107020557513627
2025-02-27,236.27023315429688,241.4078448384303,236.0312691715791,238.3710773588995,41153600,237.0529342651367,239.1095684814453,238.69615751049236,47.43874143633082,2.006382244471098,1.6046107055929029,0.40177153887819506,250.28419911268762,237.0529342651367,223.8216694175858,-0.08790586710180444
2025-02-28,240.79052734375,241.03944246427386,229.2010399398617,235.92174819400608,56833400,237.27750244140626,238.98974090576172,238.89562130413594,53.476962024869174,1.9105365139427306,1.6657958672628685,0.24474064667986206,250.60210121322058,237.27750244140626,223.95290366959193,0.2034919147021031
2025-03-03,236.99705505371094,242.97101773746803,235.0853888180174,240.74073286620586,47184000,237.39146423339844,238.7361602783203,238.71480547076212,48.44699684285108,1.5110580351046394,1.634848300831223,-0.12379026572658347,250.66543567272598,237.39146423339844,224.1174927940709,-0.15426512633928127
2025-03-04,234.9061737060547,239.02822274747484,233.6615980851158,236.6784633674393,53798100,237.79821319580077,238.39222717285156,238.35207863602807,45.885181283950836,1.0140623326680327,1.5106911071985851,-0.49662877453055243,250.2164999809844,237.79821319580077,225.37992641061714,-0.0747420984918188
2025-03-05,234.7169952392578,235.5234777567522,228.23523611666363,234.3983766092207,47227600,237.95730285644532,238.15252014160157,238.00588021728805,45.64997520586624,0.5980308096735882,1.3281590476935858,-0.7301282380199976,250.12966202120975,237.95730285644532,225.7849436916809,0.013592201972518914
2025-03-06,234.3087615966797,236.827781170069,232.1481803716914,233.42262445654558,45170400,238.11239166259764,237.87003753662108,237.65377368199202,45.11257787216873,0.23269937362124438,1.1090671128791176,-0.8763677392578733,250.01277532010852,238.11239166259764,226.21200800508677,0.03794455208769702
2025-03-07,238.0325469970703,240.32255383879036,233.7412377693079,234.08972499786833,46273600,238.41637420654297,237.56854125976562,237.6898473310471,50.80193880030288,0.2408733018322664,0.9354283506697474,-0.694555048837481,249.9776417672216,238.41637420654297,226.85510664586434,0.16685718167484995
2025-03-10,226.4928436279297,235.13518456664028,223.24699590534985,234.5178647329352,72071200,238.42135162353514,237.0207357788086,236.6234660259883,37.744924120313584,-0.6760137559604402,0.61313992934371,-1.28915368530415,249.96197723338906,238.42135162353514,226.88072601368123,-0.3294331955450626
2025-03-11,219.88165283203125,224.8599551431671,216.50636447278404,222.8387656202518,76137400,238.08232955932618,236.28242401123046,235.0290076265638,32.57876322570141,-1.914057141015462,0.10770051527187557,-2.021757656287338,251.26619676352547,238.08232955932618,224.8984623551269,-0.13192839826461994
2025-03-12,216.03842163085938,220.78772670269151,213.97741219492326,219.18471261137486,62547500,237.3037239074707,235.45093780517578,233.22038038887766,30.007531894429448,-3.1688040810692257,-0.5476004039963447,-2.621203677072881,253.4344212557611,237.3037239074707,221.1730265591803,-0.14256731575891812
2025-03-13,208.7700958251953,215.89902897504837,207.51556900756947,215.01289169752292,61368300,235.95012435913085,234.5423126220703,230.89178185900315,25.852027666756683,-4.695565661551001,-1.377193455507276,-3.318372206043725,256.32846530458414,235.95012435913085,215.5717834136776,-0.28245249385212823
2025-03-14,212.56356811523438,213.0215634427817,208.67053186821337,210.33328309966757,60107600,234.5542091369629,233.77698852539064,229.14623769292993,31.20663030887512,-5.535622493075778,-2.208879263020976,-3.3267432300548014,257.19844276719067,234.5542091369629,211.9099755067351,0.10564013490381413
2025-03-17,213.07135009765625,214.28605714072168,209.0588394397278,212.3843419118567,48073400,233.0308494567871,233.05722625732423,227.6152960171896,31.91539479178573,-6.090195835495166,-2.9851425775158145,-3.1050532579793515,257.1065178966834,233.0308494567871,208.9551810168908,0.03233612524523686
2025-03-18,211.7670440673828,214.2163605039484,210.57225445008928,213.23066628615402,42432400,231.44874572753906,232.4420639038086,226.10593868863657,31.031016122337803,-6.559333882990927,-3.6999808386108373,-2.85935304438009,256.71757616379045,231.44874572753906,206.17991529128767,-0.06853272805856536
2025-03-19,214.30596923828125,217.8106832228152,212.8224296395377,213.29039128502816,54385400,229.9736755371094,231.88742706298828,224.982132074317,34.81740130120551,-6.649606597361895,-4.289905990361049,-2.359700607000846,255.6259324876729,229.9736755371094,204.32141858654586,0.04757884998045015
2025-03-20,213.17091369628906,216.5462020975973,211.29906714235267,213.0613904363763,48862900,228.39406051635743,231.27746704101563,223.85725413355246,33.92082095577925,-6.73509983165917,-4.778944758620673,-1.956155073038497,254.09966346689728,228.39406051635743,202.68845756581757,0.005140410236102787
2025-03-21,217.32281494140625,217.89033350890864,210.36314278996363,210.64192650603025,94127800,227.0359794616699,230.80604217529296,223.2349265914433,40.00653309152359,-6.394122638615954,-5.101980334619729,-1.2921423039962248,252.05866807211675,227.0359794616699,202.01329085122308,0.30694399667356814
2025-03-24,219.7721405029297,220.5188858867363,217.63147647971348,220.04097309502072,44299500,225.72320098876952,230.37385681152344,222.9051374401563,43.32272684917045,-5.858719976610246,-5.253328263017833,-0.6053917135924127,249.3379612423077,225.72320098876952,202.10844073523134,-0.012216780056080371
2025-03-25,222.77903747558594,223.12752472855482,219.1249652538438,219.81197343150768,34493600,224.5637550354004,230.1181735229492,222.89312791972102,47.182572174054876,-5.132612491731663,-5.2291851087606,0.09657261702893649,246.2903110539131,224.5637550354004,202.8371990168877,0.13416804751698974
2025-03-26,220.5686492919922,224.04350959032922,219.51325168877747,222.54005264880033,34466100,223.6263397216797,229.8670169067383,222.67174900279446,44.76893280058608,-4.681560813190629,-5.119660249646606,0.4380994364559774,244.31906876698855,223.6263397216797,202.93361067637085,-0.08835544739706952
2025-03-27,222.8785858154297,224.0136380596445,219.60285460337076,220.42925455550719,37094800,222.95675735473634,229.68433715820314,222.69144774685495,47.77556757760024,-4.090553184963255,-4.913838836709936,0.8232856517466809,242.8196345912263,222.95675735473634,203.09388011824637,0.1106613677119823
2025-03-28,216.95440673828125,222.83876366462027,216.7353602231078,220.70805090185615,39818600,221.76495132446288,229.29187286376953,222.14506288889555,41.53124903449107,-4.053481115612186,-4.741767292490386,0.6882861768781998,239.99814242851957,221.76495132446288,203.5317602204062,-0.16845180489752118
2025-03-31,221.1660614013672,224.6409066608951,215.29165561007284,216.0682695484103,65299300,220.9734016418457,229.17479705810547,222.0518246519881,46.84980035059597,-3.6422700782891297,-4.521867849650135,0.8795977713610057,237.81416739822183,220.9734016418457,204.13263588546957,0.2316518783662773
2025-04-01,222.22146606445312,222.70932997882656,217.95007407622174,218.85612876373423,36412700,220.33916625976562,229.0446160888672,222.06798097698479,48.12328279295679,-3.1943970123535053,-4.25637368219081,1.0619766698373043,235.94331566508595,220.33916625976562,204.7350168544453,0.15256878186466988
2025-04-02,222.91842651367188,224.21278818927524,220.06088576879955,220.3595869543347,35905900,219.74923782348634,229.07437683105468,222.1489757900026,48.992436228212306,-2.75149794181263,-3.955398534115174,1.2039005923025439,233.96484684605753,219.74923782348634,205.53362880091515,0.11560196080224391
2025-04-03,202.3082733154297,206.58961679788308,200.37668938200366,204.64806653552571,103419000,218.14921340942382,228.66826385498047,220.2593850781385,31.946905396995632,-4.0172559286639,-3.9677700130249196,-0.049485915638980416,232.65041092804447,218.14921340942382,203.64801589080318,-0.11383694378867787
2025-04-04,187.56253051757812,199.01262630823254,186.52703508606032,193.0486144227304,125910900,215.6257125854492,227.97061737060548,217.1453989295137,25.193287873826335,-6.139464535527992,-4.402108917525535,-1.7373556180024572,232.73863597665834,215.6257125854492,198.51278919424007,-0.27677069281738265
2025-04-07,180.6725616455078,193.30748067285785,173.86223225537526,176.43103817745248,160466300,213.33469848632814,227.15267578125,213.671795378656,22.77100351420175,-8.281825325167517,-5.178052199053932,-3.1037731261135857,235.52890514687556,213.33469848632814,191.1404918257807,0.23588002386819473
2025-04-08,171.6717987060547,189.51403482217904,168.47573669018362,185.88983084847527,120859500,210.9242057800293,226.01388854980468,209.6717956955511,20.057866318754478,-10.583942926748392,-6.259230344592824,-4.324712582155568,239.3482770985771,210.9242057800293,182.50013446148148,-0.6439326556956032
2025-04-09,197.98709106445312,199.7394480269994,171.14407803694525,171.20381523449285,184395900,210.021639251709,225.2343197631836,208.5589666830656,41.866542267519286,-10.16775598285264,-7.040935472244787,-3.1268205106078524,238.88185532243057,210.021639251709,181.1614231809874,0.9161318329847022
2025-04-10,189.5936737060547,193.93475416517637,182.20587449762067,188.24954112448538,121880000,209.06281814575195,224.26500244140624,206.75274830430266,38.27951035375562,-10.395372086933605,-7.7118227951825515,-2.6835492917510537,239.2684766069248,209.06281814575195,178.8571596845791,0.07128054633521827
2025-04-11,197.2901153564453,198.67408279715283,185.2525839628914,185.2924188893916,87435900,208.2991455078125,223.48482147216797,205.85154516641148,43.09412055466915,-9.841276856345559,-8.137713607415154,-1.7035632489304042,238.88210278150626,208.2991455078125,177.71618823411876,0.5699850270115315
2025-04-14,201.6411590576172,212.01593914767514,200.28706023476008,210.52244846919626,101352900,207.72763595581054,222.82328826904296,205.45055601319297,45.67416011791515,-8.947913553012484,-8.29975359653462,-0.6481599564778637,238.3596739604421,207.72763595581054,177.09559795117897,-0.39850379217435544
2025-04-15,201.2628173828125,202.62686743682656,198.93297540670014,200.98403365195668,51343900,207.20242462158203,222.31312072753906,205.05172376268052,45.481063238583694,-8.176195616448041,-8.275042000517304,0.0988463840692635,237.89955440260186,207.20242462158203,176.5052948405622,0.013870049653299478
2025-04-16,193.4269561767578,199.8290454554037,191.53519224238798,197.49920369317184,59732400,206.15847396850586,221.55095581054687,203.9446030402117,41.56194979583909,-8.103480228267188,-8.240729646067281,0.1372494178000938,237.23603954046027,206.15847396850586,175.08090839655145,-0.20331739640977092
2025-04-17,196.1251983642578,197.9671763411939,193.5763099497932,196.34424488667963,52164700,205.3061882019043,220.84932006835936,203.199897832978,43.37150211550017,-7.7389177384871175,-8.14036726455125,0.4014495260641322,236.50246970227423,205.3061882019043,174.10990670153436,-0.011155785867467825
2025-04-21,192.32176208496094,192.9589841185958,188.98629374468007,192.43128533414372,46742500,204.05613555908204,220.05669738769532,202.16388490459542,41.42430225839344,-7.6685070837203,-8.04599522838506,0.3774881446647598,235.22978875675827,204.05613555908204,172.8824823614058,-0.0056914896340724925
2025-04-22,198.8732452392578,200.715208155226,195.1196006832811,195.26894368988752,52976400,203.01119079589844,219.50629638671876,201.85049065075376,45.9275925047068,-7.003326209885358,-7.83746142468512,0.8341352147997618,233.39873633006474,203.01119079589844,172.62364526173215,0.18251333426609787
2025-04-23,203.71214294433594,207.09738254349836,201.9199510184256,205.10606155750318,52929200,202.05784606933594,219.04729736328125,202.02779086919014,49.043628457680505,-6.016354184568172,-7.473239976661731,1.4568857920935585,231.0701223197946,202.05784606933594,173.04556981887728,-0.06785643187342304
2025-04-24,207.4657745361328,207.92378505310097,202.0593452871763,204.00088023313933,47311000,201.40270233154297,218.56440216064453,202.54569407556562,51.384056844399446,-4.8750880641385095,-6.953609594157086,2.078521530018577,229.28306263830854,201.40270233154297,173.5223420247774,0.16823240624161237
2025-04-25,208.371826171875,208.8397878176709,205.30519003897632,205.47445049920006,38222300,200.67736434936523,218.01499694824219,203.10056379902366,51.95765408555579,-3.853099513780961,-6.3335075780818615,2.4804080643009003,226.9961989211922,200.67736434936523,174.35852977753828,0.14008183527402107
2025-04-28,209.2281036376953,210.5822025692478,206.55974070372147,209.08871177088434,38743100,200.29104919433593,217.38992156982422,203.6841390217543,52.527706516292575,-2.9401792333068215,-5.654841909126854,2.7146626758200325,225.85897250289696,200.29104919433593,174.7231258857749,0.006666538839922258
2025-04-29,210.29344177246094,211.3189707788267,207.4657546631633,207.78437328663372,36827600,199.74741821289064,216.72501953125,204.31359642658353,53.27062002635204,-2.106437746591581,-4.9451610766198,2.838723330028219,223.94231247315054,199.74741821289064,175.55252395263074,0.12016995857645844
2025-04-30,211.57786560058594,212.65318081121782,205.77316280594096,208.39175489829196,52286500,199.21523818969726,216.08839447021484,205.00543158601232,54.20120840665829,-1.3267553334275988,-4.22147992798136,2.894724594553761,221.8257529487326,199.21523818969726,176.60472343066192,0.15171017794792432
2025-05-01,212.39430236816406,213.62891164873253,207.99346964638974,208.1726964341785,57365700,198.68903198242188,215.46013305664061,205.70913356526486,54.81715081187911,-0.6356444660601142,-3.5043128355971107,2.8686683695369966,219.4855972026193,198.68903198242188,177.89246676222447,0.2000584595535745
2025-05-02,204.45889282226562,206.0917754590827,201.2827333487594,205.19567188008233,101010600,198.79656295776368,214.65404663085937,205.59006301831255,48.05266161202947,-0.7199561495212379,-2.947441498381936,2.2274853488606983,219.68889051053324,198.79656295776368,177.90423540499413,-0.03589074675561687
2025-05-05,198.02691650390625,203.21431440062256,197.34987465543003,202.21865389928206,69018500,199.31978225708008,213.7248962402344,204.86976335027387,43.37996561603848,-1.2908998112528138,-2.616133160956112,1.3252333497032982,219.57495668217115,199.31978225708008,179.064607831989,-0.20436861829417474
2025-05-06,197.6485595703125,199.77927242381972,196.16503515467957,197.3498735756035,51216500,200.1685821533203,212.75731323242186,204.18202965694422,43.11437415449237,-1.7536915544773422,-2.443644839660358,0.6899532851830159,218.56437177165023,200.1685821533203,181.77279253499037,0.015133690504131768
2025-05-07,195.39837646484375,198.574535944944,192.41139491378883,198.30570335142838,68536700,201.35491104125975,211.74592163085939,203.34549125769658,41.48753944519492,-2.275794375337597,-2.410074746795806,0.13428037145820904,214.58038683059974,201.35491104125975,188.12943525191977,-0.14556688738021667
2025-05-08,196.63299560546875,199.18188402861682,193.83517686729027,196.86199326420865,50478900,201.28720626831054,210.89224243164062,202.7062059574844,42.763663804518565,-2.560426176755584,-2.4401450327877616,-0.12028114396782241,214.59456246353633,201.28720626831054,187.97985007308475,-0.011631870974366833
2025-05-09,197.66847229003906,199.6697443694255,196.6827629534363,198.1364339272832,36453900,201.69094619750976,210.12020721435547,202.22642179868006,43.86936204343928,-2.6716475258010632,-2.486445531390422,-0.1852019944106411,214.0078050320132,201.69094619750976,189.3740873630063,-0.02361376123750685
2025-05-12,210.15048217773438,210.62903686932515,206.12274573806786,210.32994399020487,63775800,202.3339645385742,209.50740631103517,202.98109421573287,55.123508631882146,-1.7326247452564019,-2.335681374163618,0.6030566289072161,215.0024454492088,202.3339645385742,189.6654836279396,-0.008532187768771484
2025-05-13,212.28399658203125,212.75257189298435,208.36592688565332,209.79158118866218,51909300,202.86610641479493,209.01314514160157,203.8670849172851,56.72081209358879,-0.8069832439711604,-2.0299417481251267,1.2229585041539663,216.24752413952336,202.86610641479493,189.4846886900665,0.11824854121548771
2025-05-14,211.6858367919922,213.29095299553776,209.94114592781207,211.78552428530423,49325800,203.38725738525392,208.5487384033203,204.61172795297148,56.117732034848,-0.12028560377680719,-1.648010519255463,1.5277249154786559,217.28039844942333,203.38725738525392,189.4941163210845,-0.004706967458419637
2025-05-15,210.80850219726562,212.31393091132972,208.90429308394448,210.31001909194578,45029500,204.2563346862793,208.07056854248046,205.20189692861854,55.190833482550204,0.3491093387195576,-1.248586547660459,1.5976958863800166,217.71633624970588,204.2563346862793,190.79633312285273,0.02369786182042065
2025-05-16,210.6190643310547,211.92510277199543,209.1335944967917,211.71573318604425,54737900,204.98102798461915,207.59677459716798,205.71781763361247,54.97966921154443,0.6977786024737327,-0.8593135176336207,1.5570921201073533,218.16983804124862,204.98102798461915,191.79221792798967,-0.05175284085687356
2025-05-19,208.14659118652344,208.84446444770495,203.64029993754312,207.27923550566183,46140500,205.77226943969725,206.99905548095703,205.9491294005564,52.17387355116393,0.7657663092418829,-0.53429755225852,1.300063861500403,217.66315729562763,205.77226943969725,193.88138158376688,0.04182038737739787
2025-05-20,206.232421875,207.83753801206538,204.40797196423648,207.03996203611737,42496600,206.14022827148438,206.59384704589843,205.97610963621767,50.04453825705941,0.657609082465882,-0.29591622531363965,0.9535253077795216,217.6021077100339,206.14022827148438,194.67834883293486,-0.038984304955366866
2025-05-21,201.47689819335938,206.4118779017609,200.10109516487896,204.54755595275296,59211800,206.02846603393556,206.225751953125,205.5476133083264,45.11798328397747,0.18601837939124266,-0.1995293043726632,0.38554768376390586,217.6256608191068,206.02846603393556,194.43127124876432,-0.14900188628848365
2025-05-22,200.7490997314453,202.1348820380274,199.09413231135568,200.1010778345708,46742400,205.69263229370117,205.9199655151367,205.0906120152901,44.397632673579295,-0.24363938071326174,-0.2083513196407829,-0.03528806107247884,217.49114746494033,205.69263229370117,193.894117122462,0.032373411316680055
2025-05-23,194.67758178710938,197.10020219746903,192.8730755135501,193.0824298832746,78432900,205.0079200744629,205.638115234375,204.09889485070144,38.828184500352,-1.0618269275716443,-0.3790464412269552,-0.6827804863446891,217.6633650890979,205.0079200744629,192.3524750598279,0.08242762853435191
2025-05-27,199.60260009765625,200.1309909415137,196.83102019804124,197.6983910952664,56288500,204.52664489746093,205.37889587402344,203.67067630279237,44.86960051724128,-1.2978775115615804,-0.5628126552938802,-0.7350648562677001,217.2355115771974,204.52664489746093,191.81777821772445,0.09602213274115994
2025-05-28,199.8119659423828,202.11495545301858,199.29353925378823,199.98144837254895,45339700,204.00257110595703,205.11370819091798,203.30318007799144,45.11774350066969,-1.4513252520135325,-0.7405151746378107,-0.7108100773757218,216.5807716615986,204.00257110595703,191.42437055031547,-0.008474704730025056
2025-05-29,199.3433837890625,203.19167383577107,197.90775006205254,202.9623758748587,51396800,203.39084701538087,204.86523498535155,202.92605662190297,44.63353022583479,-1.5923882944898935,-0.9108897986082273,-0.6814984958816662,215.62109197289047,203.39084701538087,191.16060205787127,-0.17644253774119842
2025-05-30,200.24066162109375,201.3472946799051,196.18300200128658,198.7651407343476,70819900,202.78316497802734,204.5839288330078,202.670304717064,45.83235349806498,-1.613183178268116,-1.051348474540205,-0.561834703727911,214.35356142034365,202.78316497802734,191.21276853571104,0.07409832711654368
2025-06-02,201.08807373046875,201.51677709467234,199.51286535414474,199.67238359256916,35423300,202.6146240234375,204.34227203369142,202.51961605167398,46.99954032887926,-1.543491785856304,-1.1497771368034249,-0.3937146490528791,214.1806736396543,202.6146240234375,191.0485744072207,0.07078208283965776
2025-06-03,202.6533203125,203.1518034040851,200.35033086337637,200.73914706631285,46381600,202.8459442138672,204.04888214111327,202.53234979080028,49.177881782276366,-1.3464376423989108,-1.189109237922522,-0.15732840447638874,214.21917396738888,202.8459442138672,191.47271446034551,0.09506827928499233
2025-06-04,202.2046661376953,205.6142882803356,201.4868493484558,202.2943894332265,43604000,203.07374954223633,203.6975326538086,202.5011418238379,48.56177708003535,-1.2124965508722596,-1.1937867005124696,-0.018709850359790003,214.20130363302562,203.07374954223633,191.94619545144704,-0.004435254356260313
2025-06-05,200.0213165283203,204.12881205428334,199.54276184010462,202.8826044104843,55126100,203.30489654541014,203.24237823486328,202.26496798616958,45.56980117729368,-1.2679096639468526,-1.2086112931993462,-0.059298370747506324,213.96744517979357,203.30489654541014,192.64234791102672,-0.14010404342319666
2025-06-06,203.30133056640625,205.07592905349443,201.4370087789868,202.3841235560851,46607700,203.63831329345703,202.89703186035158,202.36366918428735,50.50352561045331,-1.035221841648621,-1.1739334028892012,0.13871156124058026,213.85312736821345,203.63831329345703,193.4234992187006,0.04528910447643052
2025-06-09,200.8388214111328,205.3750202901374,199.41316716451473,203.76990423179717,72862600,203.7968307495117,202.45623657226562,202.21844558684404,47.05504346462253,-1.0375586446373575,-1.1466584512388325,0.109099806601475,213.73068931932067,203.7968307495117,193.86297217970275,-0.142858844801788
2025-06-10,202.0551300048828,203.73004106569937,199.96151019448254,199.99141796230995,54672600,203.39206314086914,202.15825103759767,202.20289172189536,48.91065566298279,-0.9305379768833859,-1.1034343563677433,0.17289637948435743,212.9083190127675,203.39206314086914,193.8758072689708,0.10282532126402058
2025-06-11,198.1769256591797,203.8795731269679,197.80805305990708,202.88260699920767,60989900,202.68670959472655,201.6984683227539,201.8194663825891,43.65671381783404,-1.14545788041562,-1.1118390611773188,-0.03361881923830112,211.529518370528,202.68670959472655,193.8439008189251,-0.2278694660308615
2025-06-12,198.5956573486328,199.07419684911244,196.7612432530472,198.47602627663701,43904600,202.0322006225586,201.2259521484375,201.51243695078375,44.351774814001644,-1.2673856714270642,-1.1429483832272678,-0.12443728819979638,210.00918142360982,202.0322006225586,194.0552198215074,0.006027409229577067
2025-06-13,195.85400390625,199.76210952406473,195.1062792678608,199.12405177447246,51447300,201.28447570800782,200.68466369628905,200.97353856559008,40.80258042897995,-1.5671773985756374,-1.2277941862969417,-0.3393832122786957,208.60739736374205,201.28447570800782,193.96155405227358,-0.16276111113857702
2025-06-16,197.81802368164062,198.08720880439395,195.96366601516638,196.701426450214,43020700,200.6444236755371,200.59485870361328,200.67301333854726,44.244677374845416,-1.6275234431927856,-1.3077400376761106,-0.31978340551667506,206.7241328903648,200.6444236755371,194.56471446070938,0.056705201633089695
2025-06-17,195.04644775390625,197.78810453675544,194.61775963167673,196.6017124403596,38856200,199.98941650390626,200.74453704833985,200.1371499495338,40.65238284899016,-1.8773502080745743,-1.4216620717558033,-0.45568813631877103,205.49011554753363,199.98941650390626,194.48871746027888,-0.07894277709931907
2025-06-18,195.98361206054688,196.97061404804722,194.47819861622497,195.34555431850023,45394700,199.4769760131836,201.05075805664063,199.74157491248744,42.3566350783245,-1.976929578229118,-1.5327155730504665,-0.4442140051786516,204.43898967473496,199.4769760131836,194.51496235163222,0.032651417745934386
2025-06-20,200.39019775390625,201.08807102199273,196.2627584683704,197.63857663438114,96813500,199.42264099121093,201.62512603759765,199.8033485164321,49.67458029413876,-1.6808959858232129,-1.5623516556050159,-0.11854433021819699,204.31923444412953,199.42264099121093,194.52604753829232,0.13833226234000803
2025-06-23,200.888671875,201.686247808318,198.3563846401482,201.01828233775666,55814300,199.42961959838868,201.6831576538086,199.9067126458195,50.441036115030606,-1.3900410079156984,-1.5278895260671526,0.13784851815145416,204.33414642488975,199.42961959838868,194.5250927718876,-0.0064476059187451185
2025-06-24,199.69232177734375,202.8227948624406,199.59261907789957,201.97536755465325,54064000,199.68035659790038,201.88513061523437,199.88629446786945,48.530671021567656,-1.241757588480226,-1.4706631385497673,0.22890555006954116,204.0735714839686,199.68035659790038,195.28714171183216,-0.11255687630500309
2025-06-25,200.948486328125,203.052085424857,200.01133575244882,200.83881944772682,39525700,199.74765090942384,201.95829803466796,199.98745559741758,50.64436470197303,-1.0112231778803675,-1.3787751464158875,0.36755196853551997,204.17513826972058,199.74765090942384,195.3201635491271,0.005460388123890235
2025-06-26,200.39019775390625,202.025221644493,198.85487656411598,200.81888589983927,50799100,199.7765625,201.93327880859374,200.02581199327363,49.66809913542705,-0.8636169797368609,-1.2757435130800823,0.41212653334322136,204.21289508560344,199.7765625,195.3402299143966,-0.021343761515648905
2025-06-27,200.469970703125,202.6034778198992,199.39324535272064,201.27751091280393,73188600,199.83289184570313,201.917421875,200.0681128227833,49.81695824532389,-0.7317656549889193,-1.1669479414618498,0.43518228647293045,204.27439936651717,199.83289184570313,195.3913843248891,-0.04009922384191472
2025-06-30,204.54754638671875,206.7608124915243,198.6554726965608,201.39712965217615,91912800,200.04823608398436,202.13983367919923,200.4947255431581,56.843051093050576,-0.29484743257791024,-0.992527839685062,0.6976804071071517,204.9425015798359,200.04823608398436,195.15397058813284,0.15516453273483852
2025-07-01,207.18951416015625,209.55231908550664,205.51460310500556,206.04299395149746,78788900,200.35330810546876,202.36111999511718,201.1323244590627,60.683982819006474,0.2615827627200815,-0.7417057192040333,1.0032884819241148,206.14682836837846,200.35330810546876,194.55978784255905,0.05558734680417094
2025-07-02,211.7954864501953,212.69274987948137,207.5085290616707,208.2761972389462,67941800,200.8104164123535,202.7505944824219,202.1478636963134,66.31293452999608,1.0619793347347581,-0.38096870841627495,1.442948043151033,208.4167139902727,200.8104164123535,193.2041188344343,0.16738223639819455
2025-07-03,212.90211486816406,213.99876845669687,211.16738836812712,211.50635319299207,34955800,201.34528884887695,203.031171875,203.17207809363254,67.51627630982884,1.7652463879205698,0.048274310851094016,1.7169720770694759,210.5953946104548,201.34528884887695,192.0951830872991,0.06589584921374517
2025-07-07,209.3130340576172,215.57398008038285,208.16652910348648,212.03474730839852,50229000,201.80987472534179,203.14318969726563,203.75693104258346,60.02701990355908,2.0098138847271514,0.44058222562630556,1.5692316591008457,211.66114411842474,201.80987472534179,191.95860533225883,-0.12766128443914537
2025-07-08,209.37286376953125,210.78855393169587,207.8175989494771,209.46260228799343,42848900,202.11345138549805,203.1813314819336,204.29178177848326,60.106462079103174,2.1832954745177346,0.7891248754045914,1.3941705991131432,212.49004745800966,202.11345138549805,191.73685531298645,-0.004284200064734469
2025-07-09,210.4994354248047,210.6888614301138,206.59132988433592,208.8943192909964,48749400,202.59648208618165,203.22388366699218,204.88298688765673,61.65191190441108,2.3842022028425163,1.1081403408921764,1.2760618619503399,213.57284217357136,202.59648208618165,191.62012199879194,0.07668780158909033
2025-07-10,211.76559448242188,212.8323404073814,209.39281005517992,209.87134957233482,44443600,203.0820053100586,203.27463348388673,205.53847332525342,63.36946339958793,2.615441505096726,1.4096005737330863,1.2058409313636396,214.7564843809267,203.0820053100586,191.4075262391905,0.09001313703068453
2025-07-11,210.5193634033203,211.48642172848318,209.22330444266433,209.93115706069412,39765800,203.69912719726562,203.2791519165039,206.01284380887884,60.4973764305053,2.6673918523464977,1.6611588294557686,1.006233022890729,215.5743535819138,203.69912719726562,191.82390081261744,0.028011681183815848
2025-07-14,207.98707580566406,210.27013683517245,206.91035052542594,209.29309904361602,38840100,204.1686981201172,203.20733612060548,206.20086590381075,55.03872851597008,2.475690215166793,1.8240651065979736,0.6516251085688194,215.9418554721093,204.1686981201172,192.3955407681251,-0.06232076821735756
2025-07-15,208.47560119628906,211.2471659954246,208.2861751856472,208.5852680860029,42296300,204.79977798461914,203.12896209716797,206.41750736023727,55.86606090972567,2.3362543173104484,1.9265029487404688,0.4097513685699796,216.0646455693149,204.79977798461914,193.53491039992338,-0.005257604251118554
2025-07-16,209.52239990234375,211.75559423754484,208.00700716596054,209.6619745482938,47490500,205.3849967956543,203.23023223876953,206.71321141186644,57.66374987670411,2.283890997053419,1.997980558403059,0.2859104386503599,216.35034997736688,205.3849967956543,194.41964361394173,-0.006657028983348358
2025-07-17,209.38282775878906,211.15742622671814,208.95412441878605,209.93116216460888,48068100,206.10181579589843,203.4573504638672,206.96746058776384,57.3284508270398,2.2057043956903897,2.0395253258605255,0.1661790698298642,216.1019689800993,206.10181579589843,196.10166261169758,-0.026113785854080855
2025-07-18,210.539306640625,211.1474566075158,209.06380098140497,210.23024956462245,48974600,206.82960052490233,203.71516540527344,207.30763640232203,59.43330821150372,2.211565580117224,2.0739333767118655,0.1376322034053583,215.84885974580214,206.82960052490233,197.81034130400252,0.0146998262383631
2025-07-21,211.8353729248047,215.12536441190215,210.98796078626995,211.45653611507612,51377400,207.40185928344727,204.04390533447267,207.73884940446325,61.712671353183005,2.2943445526355504,2.1180156118966025,0.1763289407389479,216.162880137284,207.40185928344727,198.64083842961054,0.017913671071983803
2025-07-22,213.74952697753906,214.29786137817433,211.58611235366487,212.49335516085276,46404100,208.0449020385742,204.38623596191405,208.31129488761331,64.85360705876137,2.485749546107229,2.191562398738728,0.29418714736850093,216.68641379573154,208.0449020385742,199.40339028141688,0.05904704889679093
2025-07-23,213.50030517578125,214.49727137359017,211.76559372759175,214.3477325289176,46989300,208.73530120849608,204.70287261962892,208.80548634362933,64.1161021418589,2.5875021517228163,2.270750349335546,0.3167518023872704,216.78317587623306,208.73530120849608,200.6874265407591,-0.03951458226468999
2025-07-24,213.11148071289062,215.03563331063384,212.8821827557749,213.25105536667797,46022600,209.34345092773438,204.76209259033203,209.21558104546372,62.91403002848131,2.606718314048919,2.337943942278221,0.2687743717706983,216.75912315338365,209.34345092773438,201.9277787020851,-0.006544992733629046
2025-07-25,213.2311248779297,214.58699944946258,212.7525701732737,214.04862920984866,40268800,209.98549728393556,204.78103515625,209.59801379141288,63.14301440350376,2.6016117841474227,2.3906775106520612,0.21093427349536142,216.33639908871046,209.98549728393556,203.63459547916065,-0.038173899020536216
2025-07-28,213.40061950683594,214.1981955143971,212.41361748607306,213.38067592321022,37858000,210.63202972412108,204.81533081054687,209.96016671669128,63.48696278244052,2.5814838831499003,2.4288387851516293,0.15264509799827097,215.41590887043012,210.63202972412108,205.84815057781205,0.0009346477947021293
2025-07-29,210.62904357910156,214.1582970701604,210.18041185237743,213.53020352524888,51411700,210.93610458374025,204.8117416381836,210.02386927501607,54.526390861987934,2.315201164393528,2.4061112610000093,-0.09091009660648108,214.8234517372972,210.93610458374025,207.0487574301833,-0.13503659984048413
2025-07-30,208.415771484375,211.74563469104578,207.0898047125579,211.25711581327238,45512500,210.99741744995117,204.76767578125,209.8707171044788,48.6244046921151,1.9036337257385014,2.305615753947708,-0.40198202820920637,214.6797344716032,210.99741744995117,207.31510042829913,-0.13369181024287416
2025-07-31,206.94027709960938,209.20337937318874,206.5315173151756,207.85748415888986,80698400,210.75465698242186,204.74354949951172,209.59162758020554,45.118249669439194,1.4417835168879947,2.1328493065357654,-0.6910657896477708,214.8152508808821,210.75465698242186,206.69406308396162,-0.044098109217732356
2025-08-01,201.76600646972656,212.93202387361222,200.88867142379772,210.23023901853355,104434500,210.1978515625,204.65422119140624,208.84633033158852,35.461513844701614,0.6507421518220156,1.8364278755930157,-1.1856857237710001,215.71918711101216,210.1978515625,204.67651601398785,-0.3821861724960797
2025-08-04,202.7330780029297,207.24933356384108,201.06813110178,203.8895472057539,75109300,209.8688537597656,204.67934478759764,208.26411582409722,38.12698230939403,0.10070984107915137,1.489284268690243,-1.3885744276110916,216.27511448488374,209.8688537597656,203.46259303464748,-0.05665962843779157
2025-08-05,202.3043670654297,204.71702329589334,201.54667827641916,202.78290655256814,44155100,209.51542892456055,204.71045013427735,207.69652070422413,37.38976061535673,-0.36557400811915386,1.1183126133283636,-1.4838866214475175,216.7220668783714,209.51542892456055,202.3087909707497,-0.023594231045638184
2025-08-06,212.60302734375,214.72657006985978,204.96626313259566,205.00615029681612,108483100,209.6206085205078,205.06895904541017,208.16380705084563,58.26613679488419,0.09481552263841309,0.9136131951903735,-0.8187976725519605,216.9421096404165,209.6206085205078,202.2991074005991,0.3544886554667081
2025-08-07,219.36245727539062,220.1799768073744,215.92292715514498,218.2159523061407,90224800,210.00045166015624,205.46415618896484,209.23034516746895,66.22600987993332,0.993652835896853,0.9296211233316696,0.06403171256518347,218.4318089579531,210.00045166015624,201.56909436235938,0.05249163347445325
2025-08-08,228.6541748046875,230.29916273925562,218.58481138779996,220.16001960779298,113854000,210.9071922302246,206.04100036621094,211.0802337043469,73.6624293624228,2.427766057044437,1.229250110074223,1.1985159469702138,222.62630036986582,210.9071922302246,199.1880840905834,0.36774879883621703
2025-08-11,226.747802734375,229.12327986736793,224.3324083989562,227.48640043221798,61806100,211.84522857666016,206.58908874511718,212.57238313577815,70.24504705144196,3.3716169220548693,1.6577234724703525,1.7138934495845168,225.34698472472883,211.84522857666016,198.3434724285915,-0.0324563698466669
2025-08-12,229.21310424804688,230.36092560837628,226.63802588155738,227.57622481823222,55626200,212.88210372924806,207.16853759765624,214.15721371789897,72.05082201693959,4.269340462147369,2.180046870405756,2.089293591741613,228.2461761739006,212.88210372924806,197.5180312845955,0.07180286487402912
2025-08-13,232.88612365722656,234.55294488479396,229.99163136972763,230.6304284784954,69878500,214.0502899169922,207.8044985961914,215.94091942640637,74.53085049080002,5.2170360608193675,2.7874447084884784,2.429591352330889,231.61077757828667,214.0502899169922,196.48980225569773,0.09749494005781772
2025-08-14,232.337158203125,234.67270293292236,230.41083714463488,233.6147219132583,51916300,215.198006439209,208.3981753540039,217.50246597657005,73.48137719871058,5.8562870940862695,3.4012131856080368,2.4550739084782327,234.3193710292224,215.198006439209,196.0766418491956,-0.05463232975871466
2025-08-15,231.1494140625,233.834298979768,228.9036945156081,233.5548328767578,56038700,216.22851181030273,208.9770703125,218.8021753180872,71.14708619382486,6.195637663415482,3.960098081169526,2.235539582245956,236.4257295091596,216.22851181030273,196.03129411144587,-0.10262899463022672
2025-08-18,230.4507598876953,232.67651332576617,229.672244959047,231.25921652669462,37476200,217.15928115844727,209.5856591796875,219.91156432471655,69.74360642923833,6.33517196261019,4.435112857457659,1.9000591051525308,238.1606337500962,217.15928115844727,196.15792856679835,-0.03494465938415319
2025-08-19,230.1213836669922,232.42698672077375,228.9136940815642,230.84001516813981,39402600,217.9778739929199,210.12206024169922,220.88392807159994,69.05203004493136,6.346022988958936,4.817294883757914,1.5287281052010213,239.64938453874294,217.9778739929199,196.30636344709689,-0.031121096446235577
2025-08-20,225.5800323486328,230.0315543310328,225.3404986724704,229.54248102593337,42263900,218.5818603515625,210.61688446044923,221.33117609798404,60.18992137343361,5.9199321153863025,5.037822330083592,0.8821097853027107,240.39341712962485,218.5818603515625,196.77030357350017,-0.17092928754233155
2025-08-21,224.47215270996094,226.08908123987146,223.35428822884654,225.83955683035407,30621200,219.149893951416,211.06522491455078,221.6303167276961,58.22667512621621,5.430258757617537,5.1163096155903816,0.3139491420271554,240.95373440523582,219.149893951416,197.3460534975962,-0.060473710340414315
2025-08-22,227.3267059326172,228.65417758009713,224.98118568943215,225.73973438952316,42477800,219.85467300415038,211.64822052001952,222.17282998530766,61.69365970423013,5.212441896698749,5.135536071812055,0.07690582488669406,241.75869751676146,219.85467300415038,197.9506484915393,0.07018535380141783
2025-08-25,226.72784423828125,228.86377239669042,225.79960559269966,226.04912998143794,30983100,220.52103424072266,212.2108642578125,222.60664086654324,60.5581302665484,4.934614170827331,5.095351691615111,-0.16073752078778014,242.4100103682655,220.52103424072266,198.63205811317982,0.03001605781871228
2025-08-26,228.87376403808594,229.0534295301293,224.26255788237486,226.43840339540802,54575100,221.4332702636719,212.8712594604492,223.2035097400235,63.17381968049096,4.831892441757759,5.042659841643641,-0.21076739988588145,243.11694847631622,221.4332702636719,199.74959205102755,0.10713791428703699
2025-08-27,230.05152893066406,230.46073738560713,227.82576024347395,228.17510050695543,31259500,222.51505813598632,213.5159295654297,223.855702043894,64.5628670588815,4.790300908227891,4.992188054960491,-0.20188714673259955,243.64476855575302,222.51505813598632,201.38534771621963,0.08205145309602373
2025-08-28,232.11758422851562,232.9659733126178,228.90370861616245,230.3809040856524,38074700,223.77392349243163,214.25735229492187,224.64254796623894,66.92004979156593,4.867938153202886,4.96733807460897,-0.09939992140608478,244.02367991284044,223.77392349243163,203.52416707202283,0.0752405236560519
2025-08-29,231.69837951660156,232.9360260407387,230.92984008944924,232.0676707602769,39418400,225.2705421447754,214.97164764404297,225.31453192341633,65.9613272107517,4.839849144147962,4.941840288516769,-0.10199114436880663,243.0689376860555,225.2705421447754,207.47214660349528,-0.015911741355858558
2025-09-02,229.28298950195312,230.4108447009183,226.53822101083426,228.81388239599917,44075600,226.59803771972656,215.5495034790039,225.69248026422937,60.57633033103604,4.570006424840699,4.867473515781555,-0.2974670909408559,241.13648311831122,226.59803771972656,212.0595923211419,0.02049881708114444
2025-09-03,238.01634216308594,238.395624134605,233.9141603097862,236.75874463665696,66427800,228.38363647460938,216.29205688476563,226.8661813974538,70.08572656948034,5.003189048780456,4.894616622381335,0.10857242639912101,238.71088157939067,228.38363647460938,218.05639136982808,0.0530673582953089
2025-09-04,239.32383728027344,239.44360411673358,236.28962732845326,237.99636566705198,47549400,229.71967697143555,217.08468719482423,228.0526248148652,71.2055472585666,5.389862349833351,4.993665767871739,0.396196581961612,238.301288034811,229.71967697143555,221.1380659080601,0.05571919979747178
2025-09-05,239.2340087890625,240.86091270031892,238.03629475202086,239.54341659874092,54870400,230.71325454711913,217.85039764404297,229.11751852669352,71.00887578227034,5.624222778996625,5.119777170096716,0.5044456088999087,238.8585209557884,230.71325454711913,222.56798813844986,-0.012915846666228121
2025-09-08,237.42745971679688,239.69313028194867,235.89038089866295,238.84475646782593,48999500,231.15191879272462,218.5911428833008,229.90894149717957,67.00087006091847,5.599632616262937,5.215748259329961,0.3838843569329766,239.7393402870774,231.15191879272462,222.56449729837183,-0.059270112740642124
2025-09-09,233.9041748046875,238.3257397896772,232.9160527142261,236.54912730927947,66313900,231.50973739624024,219.25982696533202,230.28943990741843,59.899800657165166,5.23549357707239,5.219697322878447,0.01579625419394315,239.92801550340556,231.50973739624024,223.09145928907492,-0.1113504259492753
2025-09-10,226.35855102539062,231.97784546194652,225.52015268533836,231.7482872752143,83440800,231.36700973510742,219.69604705810548,229.9150695377015,48.133872652823506,4.288605611528254,5.033478980608408,-0.7448733690801541,240.0294551745049,231.36700973510742,222.70456429570993,-0.2284642559304088
2025-09-11,229.59239196777344,230.01159113632517,226.21881717306923,226.44839058875493,50208600,231.20232315063475,220.1441046142578,229.88433834056548,52.44513047004035,3.755839040063762,4.77795099249948,-1.0221119524357176,239.8682210572841,231.20232315063475,222.5364252439854,0.1379543571533548
2025-09-12,233.6247100830078,234.06386022938602,228.58431421011397,228.78393068206054,55824200,231.2667007446289,220.58068908691405,230.2405642207981,57.220200376146,3.6172941509286147,4.545819624185307,-0.9285254732566921,239.98433977138322,231.2667007446289,222.5490617178746,0.20848539021438725
2025-09-15,236.24969482421875,237.7368657054393,234.58287368836292,236.54912714503797,42699500,231.52171478271484,221.04764068603515,230.81286237350483,60.033630410412115,3.6769253521765393,4.3720407697835535,-0.6951154176070142,240.50505471442125,231.52171478271484,222.53837485100843,-0.0126576805579125
2025-09-16,237.6969451904297,240.76111223381088,235.87043992435724,236.72878926810645,63421100,231.88402404785157,221.6153189086914,231.46848930845005,61.53558923035115,3.797192842741765,4.257071184375196,-0.45987834163343067,241.2420489224934,231.88402404785157,222.52599917320973,0.04087447544997534
2025-09-17,238.5353546142578,239.6432435766681,237.27774187166392,238.5153883976145,46508000,232.30472259521486,222.19856872558594,232.14152409947937,62.41674934784821,3.915028319669517,4.188662611434061,-0.27363429176454357,242.05620145340225,232.30472259521486,222.55324373702746,0.0008371037237360065
2025-09-18,237.42745971679688,240.74113579799257,236.199788714976,239.5134800259323,44249600,232.89709396362304,222.73712921142578,232.6449465392239,60.446180089624725,3.87435477479076,4.125801044105401,-0.2514462693146413,242.37822891204078,232.89709396362304,223.4159590152053,-0.08687451941372516
2025-09-19,245.032958984375,245.83144010441063,239.7530294205925,240.77107799962133,163741300,233.92513427734374,223.40247650146483,233.8247572482859,67.93111833431027,4.405042340464178,4.1816493033771565,0.22339303708702118,243.97124642575318,233.92513427734374,223.8790221289343,0.17518383890863715
2025-09-22,255.5928192138672,256.15178189089505,247.64797087114997,247.82763635806887,105517400,235.33843994140625,224.3039456176758,235.89790600691268,75.00386084905243,5.613005296658201,4.467920502033365,1.145084794624836,248.68476904253836,235.33843994140625,221.99211084027414,0.303463466866683
2025-09-23,253.9459686279297,256.8504363399061,253.0975947938589,255.39322235208516,60275200,236.69934616088867,225.22312347412108,237.6167691136762,72.32486300278543,6.364076451531361,4.8471516919329645,1.5169247595983961,251.7038718319736,236.69934616088867,221.69482048980373,-0.05660708401379443
2025-09-24,251.8300018310547,255.2534845023776,250.56241362070242,254.73446948849343,42303700,237.8471580505371,226.0902114868164,238.9704103248551,68.91870203431476,6.711202353159564,5.219961824178284,1.4912405289812796,253.76586726855643,237.8471580505371,221.92844883251777,-0.11352787595549846
2025-09-25,256.3813171386719,256.6807646844572,251.2311452680336,252.72829161839874,55202100,239.1636474609375,227.02738983154296,240.62859192617097,71.9758899651123,7.269754040192055,5.6299202673810385,1.6398337728110164,256.57115646260127,239.1636474609375,221.75613845927379,0.1435452920912218
2025-09-26,254.97401428222656,257.10994249251326,253.2972024297037,253.61660096533106,46076300,240.30646896362305,227.93921356201173,241.9948226267477,69.69319086655048,7.51225608518547,6.006387430941925,1.505868654243545,258.6874739438924,240.30646896362305,221.92546398335364,0.05347120937542066
2025-09-29,253.9459686279297,254.5148915782133,252.52867184357527,254.0757261912774,40127700,241.41884841918946,228.8073468017578,243.13302700781264,67.9966716066798,7.534631468980734,6.3120362385496875,1.2225952304310468,260.2682288149734,241.41884841918946,222.56946802340553,-0.005106998499904601
2025-09-30,254.14559936523438,255.4331385813304,252.6284867333586,254.37515755125318,37704300,242.6619789123535,229.65355133056642,244.1818434228052,68.1587622996079,7.482222253346237,6.546073441508997,0.9361488118372394,261.42513086530494,242.6619789123535,223.89882695940207,-0.009024149870404523
2025-10-01,254.9640350341797,258.29769267334166,254.44502000530687,254.55481135314994,48713900,243.5093635559082,230.47784149169922,245.2087188143647,68.85521258838438,7.421181727470469,6.721095098701292,0.7000866287691769,262.87777487632115,243.5093635559082,224.1409522354953,0.01607466892141898
2025-10-02,256.6408386230469,257.68882891050583,253.66649683440303,256.09186667190835,42630200,244.37521362304688,231.34065216064454,246.2974921294773,70.28904729883934,7.422548191751275,6.861385717311289,0.5611624744399863,264.45306144517696,244.37521362304688,224.29736580091677,0.021433241321750715
2025-10-03,257.5291442871094,258.7468246365968,253.46689477740222,254.18552630266564,49155600,245.28997039794922,232.2290054321289,247.36717328734701,71.04943602145453,7.409893329939223,6.971087239836876,0.4388060901023465,266.00449752973987,245.28997039794922,224.57544326615854,0.13078892632200748
2025-10-06,256.20166015625,258.57713717661323,254.56478079871025,257.49917477533796,44664100,246.2286804199219,233.0884161376953,248.20855298914728,68.23881583450304,7.209639153351958,7.018797622539894,0.19084153081206434,267.13361065435026,246.2286804199219,225.32375018549348,-0.05034647504738303
2025-10-07,255.99209594726562,256.9103287268919,254.94407514023973,256.32145476920215,31955800,247.33307647705078,233.9402456665039,248.94984279468235,67.78295270534282,6.9538663527067115,7.005811368573258,-0.05194501586654621,267.84705986210395,247.33307647705078,226.8190930919976,-0.012848737021034232
2025-10-08,257.569091796875,258.0282082133661,255.62278908467795,256.03201279963565,36496900,248.893603515625,234.87904663085936,249.77072365203404,69.43753902311418,6.80002845584292,6.96465478602719,-0.1646263301842703,267.44223133848084,248.893603515625,230.34497569276914,0.05996262004646155
2025-10-09,253.55670166015625,257.50917476461467,252.65841993311406,257.3195337882977,38322000,250.09181900024413,235.781865234375,250.13129298614092,60.87158755110204,6.281930281230274,6.828109885067808,-0.5461796038375342,266.467113078172,250.09181900024413,233.71652492231624,-0.14519839775873036
2025-10-10,244.80340576171875,255.8922708493858,243.53581752909898,254.45500785015722,61999100,250.6507537841797,236.53912780761718,249.62387515524358,47.19371399682491,5.106155340205618,6.4837189760953695,-1.3775636358897518,265.4244111331812,250.6507537841797,235.8770964351782,-0.36210362492156434
2025-10-13,247.18885803222656,249.2149949644775,245.09284695690994,248.90558714178317,38142900,251.19771194458008,237.4475848388672,249.3919687625753,50.460631920366176,4.317066831463791,6.050388547169054,-1.7333217157052632,264.5387442567595,251.19771194458008,237.85667963240064,-0.06886193805505501
2025-10-14,247.29864501953125,248.37659224814226,244.23447809703134,246.13087266264282,35478000,251.67779693603515,238.33889617919922,249.1926045965711,50.61207109500272,3.658395687346058,5.571989975204455,-1.9135942878583974,263.66310547381346,251.67779693603515,239.69248839825684,0.04740961166070197
2025-10-15,248.86566162109375,251.3409547309234,246.99922390992754,249.01538540478128,33893600,252.19431228637694,239.2701220703125,249.16146717033516,52.82860268859216,3.2256558510554214,5.102723150374649,-1.8770672993192274,262.6641418593378,252.19431228637694,241.72448271341605,-0.006012559393136599
2025-10-16,246.97926330566406,248.56623493239263,244.66368465033412,247.77774448085987,39777000,252.67190246582032,239.95764678955078,248.95363823084267,49.92387209280882,2.699373141037853,4.62205314850729,-1.9226800074694372,261.0702548030796,252.67190246582032,244.27355012856108,-0.0322145511967428
2025-10-17,251.81002807617188,252.89796599708643,246.79958926324147,247.5481624372989,49147000,253.01075592041016,240.6065982055664,249.22567535896926,56.517420632066454,2.6416414480328,4.225970808412392,-1.5843293603795923,260.66261251316996,253.01075592041016,245.3588993276504,0.17048203834634126
2025-10-20,261.7411193847656,263.87706298772724,255.14370850365398,255.4032084113237,90483000,253.31817092895508,241.26833709716797,250.41762240904512,66.33199759460749,3.3585296966712974,4.0524825860641736,-0.6939528893928761,261.80836129430696,253.31817092895508,244.8279805636032,0.24318180881839474
2025-10-21,262.27008056640625,264.7853058703715,261.3318664386604,261.3817895915523,46695900,253.7343765258789,241.9787826538086,251.5464279478414,66.76232444153881,3.9241167698189656,4.026809422815132,-0.1026926529961667,263.07990675618265,253.7343765258789,244.38884629557512,0.033971347413296236
2025-10-22,257.9583435058594,262.349966966352,254.94406918261987,262.15033525743416,45015300,254.04079360961913,242.55368743896486,252.15708657241453,60.02724596582152,3.978565032898814,4.017160544831869,-0.03859551193305499,263.5174185564357,254.04079360961913,244.56416866280256,-0.15855875053657034
2025-10-23,259.0861511230469,260.12418111371363,257.51916110368444,259.4454820834593,32754900,254.1760353088379,243.07768798828124,252.81699748199856,61.13176565516627,4.065851715225307,4.026898778910557,0.038952936314750275,263.85739758505946,254.1760353088379,244.49467303261633,-0.013849074707362121
2025-10-24,262.3200378417969,263.62754335723145,258.68694768993146,260.69313376057823,38253700,254.5433364868164,243.67734558105468,253.72204894483647,64.18751878337382,4.34587809386889,4.090694641902224,0.2551834519666665,264.8548221346289,254.5433364868164,244.2318508390039,0.06232597257068676
2025-10-27,268.2986145019531,268.60802232244004,264.1465248140549,264.37609822840903,44888200,255.26096878051757,244.42032958984376,255.11029328360948,69.0343831939807,4.992669798244577,4.271089673170694,0.7215801250738831,267.1788929626966,255.26096878051757,243.3430445983386,0.14728959966058253
2025-10-28,268.4882507324219,269.3765722048576,267.63986169210665,268.4782600095115,41534800,255.97810134887695,245.1810794067383,256.38438446921066,69.17688199919854,5.457646590163279,4.508401056569211,0.9492455335940679,269.19639125757107,255.97810134887695,242.75981144018283,0.00037212407622458615
2025-10-29,269.1869201660156,270.8936584399069,266.6018207191691,268.76770579477784,51086700,256.6892456054687,245.96239013671874,257.6036735831921,69.72957644293253,5.815483557563937,4.769817556768157,1.04566600079578,271.0902593304198,256.6892456054687,242.28823188051763,0.015596381897734825
2025-10-30,270.8836669921875,273.6184749716116,267.969239224885,271.4725408872279,69886500,257.4013870239258,246.86846282958984,258.8684348602393,71.0855566518654,6.1649198622297945,5.048838017860485,1.11608184436931,273.0748188676625,257.4013870239258,241.72795518018907,-0.021688438484004802
2025-10-31,269.85565185546875,276.79244258078194,268.647962249571,276.4630533049319,86167100,258.01771240234376,247.7761328125,259.91483647883257,69.0668570663244,6.286432342304124,5.296356882749214,0.9900754595549106,274.60552467482603,258.01771240234376,241.42990012986147,-0.23454874590084637
2025-11-03,268.53814697265625,270.33474092754267,265.74348587775046,269.90556627002525,50194600,258.63453674316406,248.6003616333008,260.736104144911,66.4619004878247,6.204894068607473,5.478064319920866,0.7268297486866073,275.81330056583005,258.63453674316406,241.45577292049808,-0.050619577260126704
2025-11-04,269.5262756347656,270.9734988318123,267.11086611942017,267.8195068636227,49274800,259.3112457275391,249.45633026123048,261.573263334421,67.4533775421412,6.149124840681679,5.612276424073029,0.5368484166086507,277.07659635231994,259.3112457275391,241.54589510275824,0.06364218844266152
2025-11-05,269.6260986328125,271.18312844251227,266.4221834255846,268.0989800730272,43683100,259.9140960693359,250.271376953125,262.34020002950587,67.55771911872814,6.04331859254205,5.698484857766834,0.34483373477521617,278.21235245377983,259.9140960693359,241.61583968489202,0.056899473961204615
2025-11-06,269.25677490234375,272.8798740142925,267.38037702601645,267.38037702601645,51204000,260.6990997314453,251.0554818725586,262.99892144596663,66.70564893235468,5.862090509745258,5.731205988162519,0.13088452158273878,279.1851782916298,260.6990997314453,242.21302117126078,0.07006212059003915
2025-11-07,267.9592590332031,271.7719991063764,266.26248096015127,269.28671541495146,48227400,261.85689239501954,251.77231536865236,263.47133454951296,63.66750482999316,5.5497927059160475,5.694923331713225,-0.14513062579717761,279.0725983168674,261.85689239501954,244.64118647317167,-0.049255388380348396
2025-11-10,269.1781311035156,273.4741297822401,267.20997142836535,268.7085692371889,41312400,262.956356048584,252.52191040039062,264.0148389832275,65.26782848013733,5.33910139848598,5.6237589450677765,-0.28465754658179687,279.0571358407944,262.956356048584,246.85557625637355,0.017472984847810315
2025-11-11,274.99267578125,275.65206242273547,269.5477586519058,269.55775905965567,46208300,264.34105758666993,253.43610412597656,265.06034724970584,71.67690645498587,5.577023722814658,5.614411900617154,-0.03738817780249537,279.55642258809104,264.34105758666993,249.12569258524883,0.19893503093834283
2025-11-12,273.21435546875,275.4722525277038,271.4460210796085,274.74292397164845,48398000,265.55849227905276,254.14006439208984,265.83691946104335,67.57016325082557,5.558013966544365,5.603132313802597,-0.045118347258231495,279.4663407901688,265.55849227905276,251.65064376793674,-0.05557898468092109
2025-11-13,272.6948547363281,276.4413491841305,271.83564282199285,273.85374352181776,49602800,266.8442718505859,254.80748474121094,266.4900561539276,66.37376544269654,5.43833943848648,5.570173738739373,-0.13183430025289322,278.1563590919868,266.8442718505859,255.53218460918504,-0.042292556892005
2025-11-14,272.15533447265625,275.70200347225597,269.3479639093673,270.7965900477885,47431300,267.86153717041014,255.46591125488283,267.029606469997,65.08490121348473,5.23956331212554,5.504051653416607,-0.2644883412910666,277.04084993852115,267.86153717041014,258.68222440229914,0.05013376671530289
2025-11-17,267.2099609375,270.2371271729127,265.48159771217263,268.5687054184609,45018300,268.1349792480469,256.0615612792969,267.0467830859497,54.61588823201763,4.629614175424308,5.3291641578181475,-0.6995499823938394,276.8844768426981,268.1349792480469,259.38548165339563,-0.05054894252336384
2025-11-18,267.19000244140625,270.4569347049811,265.0719890725528,269.7376065335732,45677300,268.3809753417969,256.72727783203123,267.0604230245646,54.577732975572864,4.097382531022106,5.08280783245894,-0.9854253014368339,276.72428648127163,268.3809753417969,260.03766420232216,-0.09416765801010321
2025-11-19,268.3089294433594,271.9555110777923,265.2517925781922,265.2817633125939,40424500,268.89850463867185,257.5662854003906,267.1793283977832,56.41605072550286,3.722957242475104,4.810837714462172,-1.0878804719870683,275.74060093457297,268.89850463867185,262.05640834277074,0.11361862407497975
2025-11-20,266.0010986328125,275.17250947675234,265.67142054546326,270.5768036466949,45823600,269.24425201416017,258.2944595336914,267.06711603921457,51.76280022220482,3.2030767694960787,4.489285525468954,-1.2862087559728757,274.60696147311785,269.24425201416017,263.8815425552025,-0.1675154561967128
2025-11-21,271.2361755371094,273.0744516711978,265.4216397990326,265.70137680880595,59030800,269.69005889892577,259.04668884277345,267.46416932472835,59.852246312638734,3.1768736816702017,4.226803156709204,-1.0499294750390025,274.0682184563746,269.69005889892577,265.31189934147693,0.20534736586586685
2025-11-24,275.6620788574219,276.7410558404627,270.64675212306133,270.64675212306133,65585800,270.05823211669923,259.8349365234375,268.2449226135563,65.17027082141288,3.4732040209577804,4.076083329558919,-0.602879308601139,275.09528045995546,270.05823211669923,265.021183773443,0.1832165595674342
2025-11-25,276.7110900878906,280.1179060838009,274.9926967216935,275.012667049666,46914200,270.46937408447263,260.6152194213867,269.0512242777786,66.30936892190886,3.7494728006540186,4.010761223777939,-0.2612884231239203,276.21870801713084,270.46937408447263,264.72004015181443,0.06167959663955351
2025-11-26,277.29052734375,279.26868736786383,276.3714044558947,276.70108254872224,33431400,270.8745544433594,261.39032287597655,269.8359198078711,66.95229827412372,3.9694165795083904,4.002492294924029,-0.03307571541563892,277.30688255400656,270.8745544433594,264.4422263327122,0.021299361839071895
2025-11-28,278.5893249511719,278.73917862681736,275.73198274965245,277.0008150112318,20135600,271.2598373413086,262.21356018066405,270.6695774405664,68.40761098871036,4.200109473738451,4.042015730686914,0.15809374305153678,278.51825269640824,271.2598373413086,264.0014219862089,0.05728397860273666
2025-12-01,282.8353576660156,283.1550658399818,275.88187257202503,277.75011957449965,46587700,271.90882263183596,262.96960815429685,271.82822317632343,72.64821123854954,4.671702134803752,4.167953011510281,0.5037491232934705,280.7067799299635,271.90882263183596,263.11086533370843,0.18106812660016786
2025-12-02,285.9224548339844,287.1313151163589,282.36578537497866,282.7354345985028,53669500,272.77803802490234,263.5762008666992,273.1705309532435,75.24945623385084,5.234208955193708,4.381204200246967,0.853004754946741,283.33199451718724,272.77803802490234,262.22408153261745,0.11224593723625054
2025-12-03,283.8843688964844,288.35019153510143,283.0351573834178,285.9324708384744,43538700,273.4959426879883,264.17496887207034,274.19089647164736,70.48360471892187,5.452687968118141,4.595500953821202,0.8571870142969393,284.97983464922464,273.4959426879883,262.01205072675197,-0.0715066176633903
2025-12-04,280.4375915527344,284.46382276925783,278.32954829392816,283.83440686502166,43989100,274.03651733398436,264.7471206665039,274.78581981270327,63.19423433192909,5.286765492496329,4.733753861556227,0.5530116309401016,285.7562890884079,274.03651733398436,262.3167455795608,-0.1191078609819103
2025-12-05,278.5193786621094,280.8771882481053,277.79005013345267,280.27774306596746,47265800,274.49964752197263,265.1898818969727,275.14139684598,59.505900662927495,4.9435013793810185,4.775703365121186,0.16779801425983276,286.15919782576026,274.49964752197263,262.840097218185,-0.06265431974369323
2025-12-08,277.6302185058594,279.4085531850005,275.8918244790692,277.86998437615557,38211800,274.98319549560546,265.6430059814453,275.37842748025423,57.82125664340008,4.54729590644871,4.730021873386691,-0.18272596693798082,286.31521196821797,274.98319549560546,263.65117902299295,-0.008628492942679387
2025-12-09,276.9208679199219,279.7682096639769,276.6611317163261,277.8999627322321,32193300,275.3703323364258,266.10250396728514,275.5253265697464,56.448275995676035,4.128471105627,4.609711719834753,-0.48124061420775277,286.40782561918746,275.3703323364258,264.33283905366415,-0.03521734551109325
2025-12-10,278.5193786621094,279.48847306800184,276.1815698919154,277.490342786908,33038300,275.5466674804687,266.58997955322263,275.8104743880667,58.82123129391558,3.880800439338543,4.463929463735511,-0.5831290243969676,286.66676888704035,275.5466674804687,264.4265660738971,0.03706667463768407
2025-12-11,277.77008056640625,279.3286197507982,273.5540244422053,278.83908758708685,33248000,275.7744537353516,267.04610046386716,275.9971035479086,57.246674881283234,3.5827577565283946,4.287695122294088,-0.7049373657656934,286.8807531310515,275.7744537353516,264.66815433965166,-0.03831900329434191
2025-12-12,278.0198669433594,278.9589906850317,276.5612402656973,277.64021728323,39532900,276.04070434570315,267.47368103027344,276.18974768080864,57.65362312206434,3.328345362670177,4.095825170369306,-0.7674798076991287,287.0941164348662,276.04070434570315,264.9872922565401,0.01367330723849223
2025-12-15,273.8537292480469,279.8880911943856,272.5849275039148,279.8880911943856,50409100,276.12562408447263,267.8001727294922,275.96726973483135,49.235799417339514,2.758748082811394,3.8284097528577234,-1.0696616700463295,287.0840192940917,276.12562408447263,265.16722887485355,-0.2123194986548122
2025-12-16,274.353271484375,275.2424541197232,271.53593087885605,272.5649667835892,37648600,276.48278961181643,268.1632049560547,275.81355561574026,50.17518139709899,2.320893206243852,3.5269064435349495,-1.2060132372910974,286.695849564263,276.48278961181643,266.26972965936983,0.06551623613684679
2025-12-17,271.58587646484375,275.90184538512057,271.38608172110213,274.75292651919426,50138700,276.7025833129883,268.47508056640623,275.41091950613105,45.186590691392794,1.7306347320902091,3.1676521012460013,-1.4370173691557921,286.2753639697703,276.7025833129883,267.12980265620627,-0.11476119421994647
2025-12-18,271.935546875,273.374203136776,266.7004552212896,273.35420232069225,51630700,276.8839141845703,268.76240966796877,275.0799316364995,45.91825526464796,1.2763531143231717,2.7893923038614354,-1.5130391895382638,285.9371372673458,276.8839141845703,267.8306911017948,-0.05185152198628723
2025-12-19,273.4141845703125,274.34330788170604,269.64768928264715,271.8955859651445,144632000,277.2545684814453,269.15955932617186,274.9212890587674,49.01735228275996,1.0238431374727384,2.436282470583696,-1.4124393331109575,285.0090497411961,277.2545684814453,269.50008722169446,0.05579426713550064
2025-12-22,270.7166748046875,273.62395794129594,270.25711338978425,272.6048920133635,36571800,277.22859344482424,269.6778247070313,274.5208496059979,44.05727908269375,0.599153993252628,2.0688567751174824,-1.4697027818648545,285.06657027669536,277.22859344482424,269.3906166129531,-0.06915515177496177
2025-12-23,272.1053771972656,272.2452609569047,269.30800689497966,270.5868091030317,29642000,277.0507583618164,270.17615509033203,274.29080461469005,47.028995005347035,0.37037204555645076,1.729159829205276,-1.3587877836488254,285.17886114803264,277.0507583618164,268.9226555756002,0.05606244486242823
2025-12-24,273.55401611328125,275.17249671786806,271.9455359163183,272.085389177814,17910600,276.8929046630859,270.70126251220705,274.22063428122254,50.01207216794917,0.30246710495754314,1.4438212843557297,-1.1413541793981865,285.16265375878163,276.8929046630859,268.6231555673902,0.0539243333407941
2025-12-26,273.1444091796875,275.1125687682936,272.6049054553,273.9037084592662,21521800,276.6855987548828,271.1868374633789,274.1181366525049,49.168914621801086,0.21314311286312204,1.1976856500572082,-0.9845425371940861,285.11147972164423,276.6855987548828,268.25971778812135,-0.027714295750046428
2025-12-29,273.50408935546875,274.10350406329195,272.0954038139857,272.4350823114352,23715200,276.4313369750977,271.717333984375,274.0596559575491,49.966593044097365,0.1694233825053857,0.9920331965468437,-0.822609814041458,284.9187653006283,276.4313369750977,267.94390864956705,0.039218837894326335
2025-12-30,272.82470703125,273.82377221524894,272.02546707967076,272.5549704076282,22139600,275.93080444335936,272.13762756347654,273.94204177409205,48.420932795933474,0.07904354074889852,0.8094352653872547,-0.7303917246383562,284.0199062493782,275.93080444335936,267.8417026373405,0.00989627220256194
2025-12-31,271.6058349609375,273.42414083736213,271.49595243002375,272.80472532736104,27293600,275.21497344970703,272.334921875,273.719545887125,45.6901601415271,-0.08989961769771071,0.6295682887702617,-0.7194679064679724,282.0821685598903,275.21497344970703,268.34777833952376,-0.04391856282831386
2026-01-02,270.75665283203125,277.58025431004916,268.7485221479618,272.0054842546519,37838100,274.5585876464844,272.5046533203125,273.43736559616366,43.835330274741416,-0.28897901858493924,0.4458588272992216,-0.7348378458841609,280.42191779701443,274.5585876464844,268.69525749595437,-0.04587976194714338
2026-01-05,267.0101623535156,271.25618925068443,265.89121426121545,270.38700744645297,45647200,273.88721618652346,272.6856896972656,272.82525100162576,36.74744034786526,-0.7405250372974024,0.20858205437989683,-0.9491070916772992,279.97481747109197,273.88721618652346,267.79961490195495,-0.12424403700750017
2026-01-06,262.1147155761719,267.2998660934885,261.8749496989937,266.7503924619391,52352100,273.0669830322266,272.74626098632814,271.80520000872536,29.936001565633163,-1.4763813471616913,-0.12841062592842079,-1.3479707212332706,280.66926742406235,273.0669830322266,265.4646986403908,-0.17205474285792832
2026-01-07,260.08660888671875,263.4334831315393,259.56710600115036,262.95395138764474,48309800,272.1898025512695,272.70159240722654,270.6891437113914,27.64944801303922,-2.197868376018448,-0.5423021759464263,-1.655566200072022,281.36860119725645,272.1898025512695,263.01100390528256,-0.10861337422526886
2026-01-08,258.7978515625,259.0476178563403,255.46096229095477,256.7797203952787,50419300,271.2836517333984,272.5115771484375,269.55663969721127,26.27600106828855,-2.8408959102339963,-1.0020209228039403,-1.838874987430056,281.8835659649989,271.2836517333984,260.6837375017979,0.07843244302800616
2026-01-09,259.1275329589844,259.9667440583015,255.98048371428257,258.8377955175017,39997000,270.3140594482422,272.32436279296877,268.56339143642776,27.271267641201064,-3.2860181585724035,-1.458820369957633,-1.8271977886147706,281.6136541672446,270.3140594482422,259.01446472923976,0.011193316650882943
2026-01-12,260.0067138671875,261.05572011368304,256.5599267903311,258.9177364764393,45263800,269.42589111328124,272.1407586669922,267.7484697631668,29.985740626599423,-3.5271790709059587,-1.8724921101472982,-1.6546869607586605,281.02999785405854,269.42589111328124,257.82178437250394,0.0420340354501026
2026-01-13,260.8059387207031,261.56523797230057,258.148452318208,258.4781303943212,45730800,268.56519470214846,271.9392041015625,267.0872763305512,32.453801314364085,-3.612171203981916,-2.220427928914222,-1.391743275067694,280.0448084473611,268.56519470214846,257.0855809569358,0.08981554664840799
2026-01-14,259.71697998046875,261.57525710051715,256.4700180914029,259.247418118488,40019400,267.85835723876954,271.7364306640625,266.3853433448291,30.857701536483617,-3.72446464132247,-2.521235271395872,-1.2032293699265981,279.6840714313369,267.85835723876954,256.03264304620217,0.018110518652810513
2026-01-15,257.9685974121094,260.7959687899761,256.8096782083212,260.40631875644857,39388600,267.03912353515625,271.52503967285156,265.58374849409387,28.4393272885398,-3.9094719023407265,-2.798882597584843,-1.1105893047558837,279.2164643119431,267.03912353515625,254.86178275836937,-0.09333972550856447
2026-01-16,255.29112243652344,258.6579671912775,254.69167723491495,257.6589020182799,72142800,266.22438583374026,271.2403366088867,264.6034983933729,25.18424144823807,-4.223455972104489,-3.083797272488772,-1.1396586996157168,279.2282680166706,266.22438583374026,253.22050365080992,-0.09163808490441065
2026-01-20,246.46937561035156,254.55180921698133,243.19244305608962,252.49373739571587,80267500,264.9510772705078,270.7772021484375,262.8764390807042,17.9104186488578,-5.1250534263193686,-3.4920485032548916,-1.633004923064477,280.2528518975283,264.9510772705078,249.64930264348737,-0.23416776052359722
2026-01-21,247.41848754882812,251.3248360900433,244.9507953165175,248.46750904444812,54641700,263.6512924194336,270.3404364013672,261.4042532205255,20.568534749744998,-5.697315397619889,-3.9331018821278914,-1.7642135154919973,280.2205424789851,263.6512924194336,247.08204235988214,-0.042194597197026194
2026-01-22,248.1178436279297,250.76536025794266,247.9180183962477,248.96703988447874,39708300,262.5213508605957,269.94360809326173,260.1388808783735,22.558409631464215,-6.024953033808799,-4.351472112464073,-1.6734809213447264,280.0629202445498,262.5213508605957,244.97978147664165,-0.034095560973058985
2026-01-23,247.80812072753906,249.17685039145397,244.45126111041233,247.08880782235642,41689000,261.3064880371094,269.5162078857422,258.9645227687703,22.292065487308207,-6.237695994001541,-4.728716888771567,-1.5089791052299741,279.38211266691894,261.3064880371094,243.2308634072998,0.029103292020144906
2026-01-26,255.17123413085938,256.32015295784896,249.5664780183616,251.24490015634893,55969200,260.3873489379883,269.1197790527344,258.60325718420734,40.329258863710315,-5.745919227004492,-4.932157356418152,-0.8137618705863403,277.73315011081263,260.3873489379883,243.04154776516398,0.15501529665481636
2026-01-27,258.0285339355469,261.70511669708895,257.96859246831417,258.92771692213245,49648300,259.6315551757813,268.8160626220703,258.54852163671586,45.605643473461264,-5.067210730242465,-4.959168031183014,-0.10804269905945052,275.9764689389147,259.6315551757813,243.2866414126478,-0.034713228341914
2026-01-28,256.2002868652344,258.61800761819165,254.27208306792676,257.409147241713,41288000,258.76636505126953,268.4861712646484,258.3248802299081,42.98643424351731,-4.623556138898408,-4.892045652726093,0.26848951382768504,273.8669368831086,258.76636505126953,243.66579321943044,-0.046928108983959375
2026-01-29,258.0385437011719,259.4072580677027,254.17216647920577,257.75880668092503,67253000,258.0270568847656,268.20383544921873,258.29761008431416,46.32441897527294,-4.076631840945538,-4.728962890369982,0.6523310494244443,271.6806099874056,258.0270568847656,244.37350378212562,0.010852239807342456
2026-01-30,259.2374267578125,261.6551472598355,251.94423313215475,254.93144331105526,92443400,257.40863647460935,268.044384765625,258.38711643417116,48.44442499182139,-3.5060351603564186,-4.48437734436727,0.9783421840108515,269.5867353964177,257.40863647460935,245.23053755280102,0.1673193322426608
2026-02-02,269.7575988769531,270.2371306501278,258.9676766447768,259.7869174093499,73913400,257.35868377685546,268.0957366943359,259.47001952395993,62.45704859921167,-2.179815652836851,-4.023465006061186,1.8436493532243352,269.32369855363686,257.35868377685546,245.39366900007406,0.3660049801516712
2026-02-03,269.22808837890625,271.6258386480508,267.3598109321867,268.9483513556569,64394700,257.469580078125,268.1141198730469,260.3993594149072,61.55025161488743,-1.15815373479154,-3.4504027518072573,2.2922490170157173,269.8250943138153,257.469580078125,245.11406584243463,0.010400767827985439
2026-02-04,276.23150634765625,278.68922850453845,272.03545112075,272.03545112075,90545700,258.17541961669923,268.31872802734375,261.9071829323119,68.13906592201246,0.21416918693671505,-2.7174883640584633,2.9316575509951783,272.89793342790387,258.17541961669923,243.4529058054946,0.15303488338549778
2026-02-05,275.6520690917969,279.2387093202658,272.97458180817284,277.86999494352693,52977400,258.9536926269531,268.4070458984375,263.2162197094057,67.11433437637113,1.240687373727269,-1.925853216501317,3.166540590228586,275.527337485495,258.9536926269531,242.38004776841123,-0.07964975331685743
2026-02-06,277.8599853515625,280.6473855638201,276.67109542368036,276.8609202349588,50453400,259.90679931640625,268.4510040283203,264.61086405627776,69.02583483107284,2.206930698929284,-1.099296433415197,3.306227132344481,278.4145484524141,259.90679931640625,241.39905018039835,0.03606979612869035
2026-02-09,274.6199951171875,278.20001220703125,271.70001220703125,277.9100036621094,44623400,260.6814224243164,268.40918212890625,265.56411463350724,63.21873420280868,2.680347978337636,-0.34336755106463035,3.023715529402266,280.259746897249,260.6814224243164,241.1030979513838,-0.11783399715934798
2026-02-10,273.67999267578125,275.3699951171875,272.94000244140625,274.8900146484375,34376900,261.3650863647461,268.3369714355469,266.3370553994381,61.599553890565396,2.9457277263849164,0.31445150442527897,2.6312762219596375,281.74013784990063,261.3650863647461,240.9900348795916,-0.043989995728388166
2026-02-11,275.5,280.17999267578125,274.45001220703125,274.70001220703125,51931300,262.09978942871095,268.27518493652343,267.2097167899678,63.54634491903253,3.2652625551187953,0.9046137145639823,2.3606488405548127,283.3807714580147,262.09978942871095,240.8188073994072,0.0291140035084979
2026-02-12,261.7300109863281,275.7200012207031,260.17999267578125,275.5899963378906,81077200,262.20044097900393,267.8530780029297,266.687840046764,44.9702775977559,2.3799387240604233,1.1996787164632705,1.1802600075971528,283.4544162363342,262.20044097900393,240.94646572167366,-0.4644108608040974
2026-02-13,255.77999877929688,262.2300109863281,255.4499969482422,262.010009765625,56290700,262.0910110473633,267.25022888183594,265.64899802129094,39.5854944225098,1.1845422846468523,1.1966514300999869,-0.012109145453134573,283.4532740410743,262.0910110473633,240.72874805365228,-0.23339549903253343
2026-02-17,263.8800048828125,266.2900085449219,255.5399932861328,258.04998779296875,58469100,262.52045516967775,266.8501416015625,265.480522484293,48.60734940737535,0.8806333983822014,1.1334478237564298,-0.2528144253742284,283.66285318788755,262.52045516967775,241.37805715146794,0.056484660133719444
2026-02-18,264.3500061035156,266.82000732421875,262.45001220703125,263.6000061035156,34203300,263.41448669433595,266.5283898925781,265.37285425755226,49.082487790843075,0.6699854122380202,1.040755341452748,-0.37076992921472773,283.23734836494265,263.41448669433595,243.59162502372922,-0.06850464073450942
2026-02-19,260.5799865722656,264.4800109863281,260.04998779296875,262.6000061035156,30845300,264.0725616455078,266.16960205078124,264.91639066847733,45.452492202366614,0.19657035607394846,0.8719183443769881,-0.6753479883030397,282.5562321333291,264.0725616455078,245.5888911576865,0.04415892174546706
2026-02-20,264.5799865722656,264.75,258.1600036621094,258.9700012207031,42070500,264.8956687927246,265.9085974121094,264.88435218312384,49.702836382676004,0.14250932510691428,0.7260365405229734,-0.5835272154160591,281.8684983684415,264.8956687927246,247.92283921700772,0.04605130357667804
2026-02-23,266.17999267578125,269.42999267578125,263.3800048828125,263.489990234375,37308200,265.8142623901367,265.69377990722654,265.0077465157579,51.33626789712551,0.22616559314695905,0.6260623510477705,-0.3998967579008115,280.8686546000141,265.8142623901367,250.75987018025936,0.06693627036708806
2026-02-24,272.1400146484375,274.8900146484375,267.7099914550781,267.8599853515625,47014600,266.66270141601564,265.5661926269531,265.6870101474417,56.94531122342171,0.7645742158615008,0.6537647240105167,0.1108094918509841,281.12311454660784,266.66270141601564,252.20228828542344,0.262944464616838
2026-02-25,274.2300109863281,274.94000244140625,271.04998779296875,271.7799987792969,33714300,267.4727752685547,265.4953912353516,266.5006292749547,58.741211435816716,1.3444145914854744,0.7918946975055082,0.5525198939799661,281.7213448294462,267.4727752685547,253.22420570766317,0.16339938398450612
2026-02-26,272.95001220703125,276.1099853515625,270.79998779296875,274.95001220703125,32345100,268.31026153564454,265.393994140625,267.1148562208667,57.16843580703488,1.6812763553324999,0.9697710290709066,0.7115053262615932,281.7565408528665,268.31026153564454,254.86398221842256,0.26069477245572115
2026-02-27,264.17999267578125,272.80999755859375,262.8900146484375,272.80999755859375,72366500,268.617333984375,265.20051940917966,266.83534540704903,47.73741943281131,1.226436847530863,1.0211041927628979,0.20533265476796503,281.37411415173784,268.617333984375,255.86055381701223,0.05738379683016854
2026-03-02,264.7200012207031,266.5299987792969,260.20001220703125,262.4100036621094,41827900,268.8914627075195,265.00785400390623,266.63388405596845,48.30294564879485,0.8991822242323906,0.9967197990567964,-0.09753757482440584,281.0518970184059,268.8914627075195,256.7310283966331,0.12177548912057484
2026-03-03,263.75,265.55999755859375,260.1300048828125,263.4800109863281,38568900,268.59108276367186,264.85113647460935,266.3592284315905,47.31258159203323,0.5551600462161446,0.9084078484886662,-0.3532478022725216,280.94633021439023,268.59108276367186,256.2358353129535,0.21503669113823862
2026-03-04,262.5199890136719,266.1499938964844,261.4200134277344,264.6499938964844,39803100,268.2556777954102,264.66282531738284,265.9935865822649,46.02395645940652,0.18117985602663111,0.7629622499962592,-0.581782393969628,280.8847171187726,268.2556777954102,255.62663847204777,0.133349419280421
2026-03-05,260.2900085449219,261.55999755859375,257.25,260.7900085449219,49658600,267.45860290527344,264.400341796875,265.4503886739466,43.70010083563739,-0.29177947403383087,0.5520139051902412,-0.843793379224072,279.98533152098787,267.45860290527344,254.93187428955898,0.17968750619687712
2026-03-06,257.4599914550781,258.7699890136719,254.3699951171875,258.6300048828125,41120000,266.5489990234375,264.1352081298828,264.6893984626258,40.87912439159493,-0.8847628825412812,0.2646585476439367,-1.149421430185218,279.2051153898752,266.5489990234375,253.89288265699983,0.15215420682216063
2026-03-09,259.8800048828125,261.1499938964844,253.67999267578125,255.69000244140625,38218500,265.65,263.89070068359376,264.231360978834,44.196479907635606,-1.1462187510108492,-0.017516912087020498,-1.1287018389238288,277.492799446532,265.65,253.807200553468,0.1168558031173521
2026-03-10,260.8299865722656,262.4800109863281,256.95001220703125,257.6499938964844,30590800,264.9604995727539,263.63622009277344,263.9074205591608,45.48952382930012,-1.2622187553424737,-0.26645728073811115,-0.9957614746043626,276.22569370256474,264.9604995727539,253.69530544294312,0.040326957923493216
2026-03-11,260.80999755859375,262.1300048828125,259.54998779296875,261.0899963378906,26218900,264.3169998168945,263.38953186035155,263.6124278924401,45.465651438580565,-1.3403122554924494,-0.4812282756889788,-0.8590839798034706,274.9700581776809,264.3169998168945,253.66394145610806,0.17266032299617443
2026-03-12,255.75999450683594,258.95001220703125,254.17999267578125,258.6600036621094,40794000,263.32999954223635,263.0346499633789,262.86457709381114,39.78510641824136,-1.7890716542631253,-0.7427969514038082,-1.0462747028593171,273.29110106896667,263.32999954223635,253.36889801550606,0.10427526986847321
2026-03-13,250.1199951171875,256.3299865722656,249.52000427246094,255.47999572753906,36930000,262.7494987487793,262.58055572509767,261.65080738175175,34.58755753699204,-2.5701899760722995,-1.1082755563375066,-1.4619144197347929,274.2501278466664,262.7494987487793,251.2488696508922,0.0008443318250955957
2026-03-16,252.82000732421875,253.88999938964844,249.8800048828125,252.11000061035156,32074200,262.6014991760254,262.2048391723633,260.80977880484386,38.715201014574426,-2.937501761816975,-1.4741207974334003,-1.4633809643835747,274.5254678181423,262.6014991760254,250.6775305339085,-0.03612312292680144
2026-03-17,254.22999572753906,255.1300048828125,252.17999267578125,252.9600067138672,32361600,262.1189987182617,261.87430603027343,260.1831327974815,40.815514802638305,-3.079328139992299,-1.79516226594518,-1.284165874047119,274.5664603084963,262.1189987182617,249.67153712802713,0.050413644713599506
2026-03-18,249.94000244140625,254.94000244140625,249.0,252.6300048828125,35757900,261.39849853515625,261.53290283203125,259.2075965730934,36.69489264024219,-3.4975753008184256,-2.1356448729198294,-1.3619304278985962,274.87191418437703,261.39849853515625,247.92508288593547,0.08769669325958038
2026-03-19,248.9600067138672,251.8300018310547,247.3000030517578,249.39999389648438,34568663,260.8174995422363,261.26980865478515,258.23163563411947,35.80560793991914,-3.863579712200192,-2.481231840775902,-1.3823478714242898,275.34306023119245,260.8174995422363,246.29193885328016,0.14631378758765226
