Date,Close,High,Low,Open,Volume,SMA_20,SMA_50,EMA_20,RSI_14,MACD,MACD_Signal,MACD_Hist,BB_Upper,BB_Mid,BB_Lower,Sentiment
2019-03-13,599.1226196289062,604.7700627353223,590.5846949191043,594.5423874268889,24577591,556.5340789794922,539.6314288330078,561.8967808732855,73.9700504762807,11.158721968774557,7.052127063859313,4.106594904915244,588.7356585924524,556.5340789794922,524.3324993665319,0.07688590029400498
2019-03-14,596.565673828125,605.6594672762811,594.1421266687281,600.2120965053618,22753310,558.4273254394532,541.5929309082031,565.1985802023178,71.87046223941422,12.533861291750554,8.148473909437563,4.385387382312992,595.0629778856011,558.4273254394532,521.7916729933053,-0.06067760376352403
2019-03-15,587.716552734375,604.2365355980963,583.0695895642144,598.0998939964757,34764353,560.5940551757812,543.5072967529297,567.3431490148946,64.99471993182448,12.762500830287308,9.071279293607512,3.6912215366797962,598.7451948311382,560.5940551757812,522.4429155204243,-0.1718821513350436
2019-03-18,600.3455200195312,603.8585414627295,590.9849234986921,591.8742659558787,22104063,562.9419891357422,545.7956414794921,570.4862319677171,69.48194982069185,13.803631752682804,10.017749785422572,3.7858819672602326,604.6445704128387,562.9419891357422,521.2394078586458,0.14215653580827198
2019-03-19,612.1295166015625,613.6636616556493,597.2548223168461,604.769942379016,21448030,566.4205261230469,548.267192993164,574.4522590757024,72.96443776581702,15.40206018842332,11.09461186602272,4.3074483224005995,612.1533579832354,566.4205261230469,520.6876942628584,0.12109495492255855
2019-03-20,611.640380859375,617.2211524223837,606.5487475796755,612.6853877853137,21639437,569.9635406494141,550.6747106933594,577.9939849598617,72.5941359397741,16.439848730570702,12.163659238932318,4.276189491638384,618.1170531399932,569.9635406494141,521.8100281588349,-0.017054521344168908
2019-03-22,596.6546020507812,614.0639844657932,594.4089827675687,610.3286275838059,25078643,572.3514953613281,552.7834027099609,579.7711865875683,62.18191635931595,15.870135475663574,12.90495448627857,2.9651809893850043,620.8248035275614,572.3514953613281,523.8781871950949,-0.22036875550950877
2019-03-25,588.9614868164062,594.4755872811774,585.5151962891665,591.6963034908932,17394088,574.0757568359375,554.6839801025391,580.6464532760291,57.61342239791702,14.62922689000925,13.249808967024705,1.379417922984544,622.3359146299005,574.0757568359375,525.8155990419745,-0.04618705362616111
2019-03-26,607.9940185546875,609.9283678159212,591.4295129464958,591.5629142966276,20734876,577.075146484375,556.9941137695313,583.250983302568,64.55212357200537,15.008554867379416,13.601558147095648,1.406996720283768,625.9343634340046,577.075146484375,528.2159295347453,0.2708283382216416
2019-03-27,599.9896850585938,612.7521034470577,597.7662699100543,612.7521034470577,22079870,579.6754364013672,559.2282049560547,584.8451453745704,60.0964635641826,14.496189159164715,13.780484349509463,0.7157048096552519,627.5913208968556,579.6754364013672,531.7595519058788,-0.20531986628456825
2019-03-28,604.77001953125,609.1279751855097,597.1214971568348,600.4343864888832,22930248,582.782666015625,561.5690191650391,586.7427524371113,61.79262245557559,14.310901520528432,13.886567783713257,0.42433373681517494,628.7034616129735,582.782666015625,536.8618704182765,0.07208303591668214
2019-04-01,618.9332275390625,625.5812099242753,605.9040061008697,609.2168953564346,22088854,586.5257934570312,563.9009405517578,589.8085119706305,66.35567063992147,15.13247450489223,14.135749127949051,0.9967253769431785,631.4070198618359,586.5257934570312,541.6445670522265,0.1581502109066605
2019-04-02,617.9772338867188,623.9360064078156,613.7082713893142,621.6681237916105,17526740,590.0532531738281,566.1581567382813,592.4912473912104,65.78457354996894,15.527445588695173,14.414088420098276,1.113357168596897,633.1422812935542,590.0532531738281,546.964225054102,-0.0593010838921885
2019-04-03,611.529296875,623.8915126137143,610.1062896471476,619.3334843305834,17169813,593.3694885253906,568.2993090820313,594.3043949610951,61.91403435887879,15.145579575484135,14.560386651175449,0.5851929243086857,632.1333666439009,593.3694885253906,554.6056104068803,-0.12534672138978994
2019-04-04,601.6795043945312,615.3090614383648,599.10029291152,613.2190476033604,18320845,595.9353149414062,569.7996716308594,595.0067863357082,56.45012723618837,13.888059172669045,14.42592115547417,-0.5378619828051239,629.4047582607199,595.9353149414062,562.4658716220925,-0.18598955818424423
2019-04-05,602.0574951171875,606.504325853729,597.2104603007144,605.1925161296278,14717266,597.9163818359375,570.8331176757813,595.6782824101347,56.608382726303624,12.77470701531729,14.095678327442794,-1.3209713121255042,627.7083713036194,597.9163818359375,568.1243923682556,-0.051755758864672055
2019-04-08,591.095947265625,603.6582929392833,588.627992740065,602.9912862254353,19081843,599.2281951904297,571.6700122070313,595.2418695392289,50.83882138501965,10.882416385184115,13.45302593899106,-2.5706095538069444,625.1402344762568,599.2281951904297,573.3161559046026,-0.1947523367902286
2019-04-09,593.4082641601562,596.1874880556418,587.4272304275008,590.9402506476869,20774977,600.7256591796875,572.6318603515625,595.0672404555077,51.951330468795625,9.460294687803753,12.6544796887536,-3.1941850009498474,621.056699913537,600.7256591796875,580.3946184458379,0.04173991480020494
2019-04-10,592.0520629882812,599.4338419665922,589.8731148625114,594.9647482369978,16651949,601.3326477050781,573.3784826660157,594.7800806967241,51.21922154702667,8.13010016260921,11.749603783524723,-3.6195036209155127,619.7794491771142,601.3326477050781,582.885846233042,-0.04891652135743019
2019-04-11,598.9002685546875,601.6572893551589,590.9848837435666,592.7413646626808,12558520,601.6761688232422,574.2749682617188,595.1724795403396,54.69136277277023,7.541569851442318,10.907996997108242,-3.3664271456659236,619.6674813929218,601.6761688232422,583.6848562535625,0.10353309264762023
2019-04-12,597.2548828125,603.3915230190657,594.3866647342375,600.3231732314594,12948769,601.5827819824219,575.28484375,595.3708036614978,53.70231496007261,6.8632709461491,10.099051786916414,-3.2357808407673136,619.6453918401345,601.5827819824219,583.5201721247093,-0.05106618537390804
2019-04-15,595.9431762695312,599.8564019507799,593.6530303118567,598.0998614854599,9285737,601.5516571044922,576.4365771484376,595.4253153384534,52.88129398211195,6.148988706994146,9.309039170931962,-3.160050463937816,619.650849227701,601.5516571044922,583.4524649812834,-0.03604332819540023
2019-04-16,597.5440063476562,604.7700619248043,595.8764002587887,598.0998156752927,17360317,602.0430297851562,577.7532885742188,595.627095434568,53.809421988315236,5.646993469364361,8.576630030618443,-2.929636561254082,619.1177244353969,602.0430297851562,584.9683351349156,-0.009292651728538662
2019-04-18,616.3096313476562,617.9993818498127,606.9935028676342,611.4403334527134,39286534,602.8412353515625,579.1656042480469,597.5968607596241,63.0080698860865,6.6863120898042325,8.1985664424556,-1.512254352651368,620.9831080509764,602.8412353515625,584.6993626521487,0.07946859276337942
2019-04-22,598.2554931640625,607.8828922174837,596.4544856735463,604.7700749461642,23607922,602.1475341796875,580.0140637207031,597.6595876552849,52.23106886398058,5.984179620063742,7.755689077977229,-1.7715094579134876,619.8719250675153,602.1475341796875,584.4231432918596,-0.10730525431089473
2019-04-23,606.4820556640625,610.5508857514487,598.5444678230537,599.4338101256589,19807450,601.8896179199219,580.6628564453125,598.4998227037399,55.92995973106135,6.022130054083959,7.408977273198576,-1.3868472191146166,619.1992319202167,601.8896179199219,584.5800039196271,0.11704282116636602
2019-04-24,617.88818359375,620.2450000123143,607.5492530264631,609.3502602024813,16101112,602.9512969970704,581.5339916992187,600.3463332646933,60.49724275118412,6.89312558448421,7.305806935455703,-0.41268135097149283,621.4127116092205,602.9512969970704,584.4898823849202,0.1392054178650039
2019-04-25,610.2841796875,628.0715628737009,605.926282977455,617.7104265646376,30469914,604.017431640625,582.0867346191407,601.2927948287701,56.307660358769375,6.890388146156965,7.222723177595956,-0.33233503143899057,621.5641844200164,604.017431640625,586.4706788612335,-0.11964626339139145
2019-04-26,619.355712890625,620.7565162983317,609.5282413717472,611.4403870024071,15069884,604.5855163574219,582.9974462890625,603.0130727394229,59.87748096797293,7.533375558017042,7.284853653680174,0.24852190433686783,623.3068298199718,604.5855163574219,585.8642028948719,0.12873543700990128
2019-04-30,619.355712890625,620.9565886646793,607.7939642305762,620.9565886646793,22348580,605.5538177490234,584.0211083984375,604.5695146585849,59.87748096797293,7.951290190579584,7.418140961060057,0.5331492295195277,625.2043789492429,605.5538177490234,585.9032565488039,-0.025775089977203635
2019-05-02,624.8031005859375,628.7385297006279,614.5975701695064,618.9999337216068,18992003,606.5554718017578,585.3711694335938,606.4965228421422,62.03757188993863,8.62265263690756,7.659043296229558,0.9636093406780022,627.9123307031975,606.5554718017578,585.198612900318,0.09347698433207356
2019-05-03,626.4928588867188,630.3394131790576,623.7358380847257,626.0926548076853,14240262,606.9334533691406,586.72701171875,608.4009357987686,62.70825524689883,9.185180541791965,7.96427074534204,1.2209097964499254,629.392350385947,606.9334533691406,584.4745563523342,0.006392003251076009
2019-05-06,615.8426513671875,623.8025024605442,612.818768797066,621.6680215628418,15832114,606.8267242431641,588.1562255859375,609.1096706148086,55.99364993531624,8.6716439068324,8.105745377640112,0.5658985291922889,629.0941496658703,606.8267242431641,584.5592988204579,-0.09343217533715494
2019-05-07,597.4328002929688,620.3340203125821,595.9653259537797,620.2450860719435,19417647,606.1218994140625,589.0371447753906,607.9975877270143,46.687442207054914,6.701886128144906,7.824973527741071,-1.123087399596165,628.6402796036272,606.1218994140625,583.6035192244977,-0.3520612584490781
2019-05-08,577.8444213867188,595.8763417992864,574.6204663806473,595.8763417992864,31958919,604.9301452636719,589.7428576660157,605.1258575993671,39.21851807407712,3.519648113823905,6.963908444957639,-3.4442603311337336,630.5694220194105,604.9301452636719,579.2908685079333,-0.2937009319335696
2019-05-09,558.7230834960938,573.1085830669476,556.633069435921,573.1085830669476,42670173,602.7634246826171,590.1017175292968,600.7065457800077,33.572457175874476,-0.5390171492275613,5.463323326120599,-6.00234047534816,635.3818533375605,602.7634246826171,570.1449960276738,-0.2458662197313685
2019-05-10,556.3662109375,568.1725569326192,553.6313942112528,562.5250550135701,24557430,601.0269378662109,590.2511315917968,596.483656747388,32.942923418875765,-3.900753076244314,3.5905080456476166,-7.491261121891931,639.1742133242333,601.0269378662109,562.8796624081886,-0.10905029959667144
2019-05-13,547.8727416992188,560.6573639690338,545.8493988853006,554.9209873160831,17603659,598.7501617431641,590.1190612792968,591.8540457904195,30.708199154318805,-7.1676804446104825,1.438870347595997,-8.60655079220648,643.3365348075464,598.7501617431641,554.1637886787818,-0.12633486560744586
2019-05-14,560.5018310546875,564.4595235931789,547.6282135242501,549.8516289609847,28438234,597.1726501464843,590.3689733886719,588.8681205774926,37.49758100427165,-8.63810723255665,-0.5765251684345323,-8.061582064122117,644.7289803916854,597.1726501464843,549.6163199012833,0.19130586348166334
2019-05-15,558.923095703125,568.3059540878594,556.1216080069211,566.0825389036912,24419559,595.1737915039063,590.5877575683594,586.0162134466004,37.00939829625447,-9.81765004622821,-2.424750143993268,-7.392899902234941,645.5487014576602,595.1737915039063,544.7988815501524,-0.12580343536305577
2019-05-16,562.6807250976562,565.5934103188847,559.4567700569194,560.2794414070868,14451308,593.4450836181641,590.9888635253906,583.7937859847962,39.04357158336425,-10.33015731268938,-4.005831577732491,-6.324325734956889,645.7515986399198,593.4450836181641,541.1385685964083,0.04283245669195151
2019-05-17,563.5923461914062,567.8390450416779,556.7441724991771,563.414477718221,17276949,591.8275421142578,591.379296875,581.8698393378066,39.55356897871343,-10.541249843746641,-5.312915230935321,-5.22833461281132,645.7023492568263,591.8275421142578,537.9527349716892,0.0031569632892692752
2019-05-20,589.6063232421875,594.8536213108704,579.6453918934102,584.1367489505126,26979100,591.4306579589844,592.2228625488282,582.6066473287,51.91650322027882,-8.511318474071004,-5.952595879562458,-2.558722594508546,645.2480895820869,591.4306579589844,537.6132263358819,0.09336247462771856
2019-05-21,595.7874755859375,607.882888892431,591.4518421700133,592.4079149702712,30343560,590.4045501708985,593.2345202636719,583.8619643055798,54.30783591423341,-6.330837943637903,-6.028244292377547,-0.30259365126035576,643.055362760338,590.4045501708985,537.753737581459,0.05698605780098113
2019-05-22,596.05419921875,604.6365900370148,593.6973827142746,598.3888118496633,24689918,590.2944854736328,594.1483447265625,585.0231295354056,54.41319206009793,-4.529060851437293,-5.7284076041894965,1.199346752752203,642.8883620665817,590.2944854736328,537.7006088806838,-0.03899519422088156
2019-05-23,593.1638793945312,618.9999905266511,589.2061866726511,610.1063283676044,38766006,589.6285766601562,594.7628991699219,585.7984390457985,52.987388322724996,-3.2963657269847317,-5.241999228748544,1.9456335017638127,641.7206232262446,589.6285766601562,537.5365300940679,-0.2707719498877947
2019-05-24,594.4755859375,602.012969838323,585.4262607343491,599.4338177592781,22269265,588.4579467773438,595.3552172851563,586.6248339878654,53.581843211008795,-2.188375968194123,-4.631274576637661,2.442898608443538,638.9859334889877,588.4579467773438,537.9299600656998,-0.0825271242904617
2019-05-27,582.8248901367188,594.7646975136477,581.2018106049238,594.5868290372126,16076686,587.0849822998047,595.7425354003906,586.2629345734704,47.8004041226766,-2.224754301190387,-4.149970521548206,1.925216220357819,636.6491497206275,587.0849822998047,537.5208148789818,-0.19527647249459962
2019-05-28,588.6502685546875,593.5640337021803,584.0255693695124,586.893787642564,42594251,585.5497100830078,595.917294921875,586.4902997145387,50.66666517162157,-1.763199966905745,-3.672616410619714,1.909416443713969,632.8718873642738,585.5497100830078,538.2275328017417,0.029919496575180744
2019-05-29,583.8921508789062,592.8970095110765,579.934458605217,587.4273758435999,15558515,583.7765319824218,595.754541015625,586.2428569682879,48.33223340339533,-1.7610548191165663,-3.2903040923190847,1.5292492732025185,628.4843853828175,583.7765319824218,539.0686785820261,-0.06010893111383043
2019-05-30,591.3184814453125,596.7658526460594,585.3152415011444,585.3152415011444,23494381,582.1023010253906,595.5984582519532,586.7262497756236,52.045943486086436,-1.146891312626849,-2.861621536380638,1.7147302237537891,622.8738633273888,582.1023010253906,541.3307387233924,0.10220608521373388
2019-05-31,591.4962768554688,596.7213117869429,587.071650070184,594.9425676489825,25724066,580.3524719238281,595.4970703125,587.1805380689423,52.13464693908708,-0.6384559820867253,-2.4169884255218554,1.7785324434351302,616.0402529691419,580.3524719238281,544.6646908785144,-0.05786174165499401
2019-06-03,604.8590087890625,607.9940296272227,587.516298638274,593.6529389620333,18556942,579.8032897949219,595.8399194335938,588.864201947049,58.36775180619063,0.8331395562821626,-1.7669628291610517,2.6001023854432144,613.5762792145226,579.8032897949219,546.0303003753211,0.18655413907171536
2019-06-04,601.056884765625,611.1067495489239,599.4782725066448,603.6360367914572,15442761,579.9844940185546,595.8541467285156,590.0254098345324,56.12810639885177,1.6733012148862372,-1.078910020351594,2.752211235237831,614.1702601531523,579.9844940185546,545.798727883957,-0.04270095755477058
2019-06-06,590.2511596679688,605.6149951879042,587.4718755616177,605.6149951879042,16764835,580.6048309326172,595.4165795898438,590.0469098186692,50.22915899581388,1.45048340440826,-0.5730313353996233,2.023514739807883,615.0619381414222,580.6048309326172,546.1477237238123,-0.24838399454824603
2019-06-07,584.71484375,590.2066814942485,580.5792828507242,589.6286089339727,14722419,581.9044189453125,594.8780688476562,589.5390940026055,47.47606833951779,0.8177378853137043,-0.2948774912569578,1.1126153765706621,614.8915799035514,581.9044189453125,548.9172579870736,-0.08314422451237403
2019-06-10,586.604736328125,590.0954943640182,582.5803728426142,587.3829406264767,11768468,583.4163452148438,594.6770715332032,589.2596313669407,48.51349863399976,0.4634388052431859,-0.14321423195692906,0.606653037200115,614.2868438657651,583.4163452148438,552.5458465639224,-0.013247895294570607
2019-06-11,591.051513671875,593.4305934724914,586.0933410981103,587.8053547784031,11492074,585.5752838134765,594.7188720703125,589.4302868245535,50.96752089701695,0.5353013789886063,-0.0075111097678219885,0.5428124887564283,611.906505447957,585.5752838134765,559.244062178996,0.05516899147618217
2019-06-12,592.385498046875,595.1647814832975,589.2060106192336,593.5194390396479,10297599,587.169467163086,594.4067016601563,589.7117355123937,51.711092066532714,0.691918372618261,0.1323747867093946,0.5595435859088663,610.9750914457414,587.169467163086,563.3638428804305,-0.019103048185945867
2019-06-13,590.2066040039062,593.5194930635028,581.9354832912998,591.4294793282596,15686169,588.733642578125,594.2110400390625,589.7588658449188,50.36752498917408,0.6329239753378033,0.23248462443507636,0.400439350902727,608.713495142097,588.733642578125,568.753790014153,-0.020673658114795178
2019-06-14,585.8932495117188,589.2061389915569,582.2690901931151,587.8275989083728,14942768,589.8942687988281,593.8335046386719,589.3907119084236,47.72404161442426,0.23540522623613924,0.23306874479528894,0.002336481440850302,606.0085159201441,589.8942687988281,573.7800216775121,-0.032894874220772106
2019-06-17,570.2180786132812,586.9826557986509,568.5282688866099,586.9826557986509,14908257,590.2255554199219,592.8592016601563,587.5647468326957,39.59175709066012,-1.3291647511547353,-0.0793779543947159,-1.2497867967600194,604.307537612063,590.2255554199219,576.1435732277807,-0.2780855869681981
2019-06-18,569.6400146484375,572.7305682182637,564.3482498157947,568.7061458574321,16797371,589.2272399902344,591.8924572753906,585.857629481814,39.325623762385256,-2.5859336280592515,-0.5806890891276231,-2.0052445389316285,605.930290482407,589.2272399902344,572.5241894980617,0.01641946141250859
2019-06-19,568.016845703125,578.9783155821201,561.4577981158368,572.2636034150539,14492763,587.8387084960938,591.0222082519531,584.158507217177,38.5421880472252,-3.670595842034345,-1.1986704397089676,-2.471925402325377,606.6176499958666,587.8387084960938,569.059766996321,-0.07407388924477697
2019-06-20,576.643798828125,578.0890692931227,568.3060059684988,569.1953483758955,10748848,586.8681884765625,590.521494140625,583.442820703934,44.83272444577412,-3.7903822750115523,-1.7170128067694845,-2.073369468242068,605.8536394943981,586.8681884765625,567.882737458727,0.1301174288735816
2019-06-21,568.9730224609375,576.3103349214878,567.2165414920985,576.2880716765978,23236832,585.6586456298828,589.8598046875,582.0647446807915,40.83083225913323,-4.452950589114039,-2.2642003632383956,-2.1887502258756433,605.9247657143304,585.6586456298828,565.3925255454352,-0.12625653591456842
2019-06-24,561.368896484375,567.6166746435115,559.0120799905429,565.704529305375,11267228,584.0033111572266,589.265263671875,580.093711519228,37.27842705866787,-5.527907886451544,-2.9169418678810253,-2.610966018570519,606.4132596142069,584.0033111572266,561.5933627002462,-0.076491586815823
2019-06-25,576.2435302734375,577.1996029387475,557.7446759514091,559.8124858702336,14966899,583.6742431640625,588.9219689941406,579.7270275910575,46.99348091717756,-5.12053432271432,-3.3576603588476845,-1.7628739638666358,606.335614515342,583.6742431640625,561.0128718127831,0.28536201240263587
2019-06-26,575.4876098632812,580.1345720095973,572.0190560013318,574.0868659940008,11593027,583.0161102294921,588.5906799316406,579.3232735217455,46.59846521723394,-4.80331467646306,-3.64679122237076,-1.1565234540923002,605.8252580194685,583.0161102294921,560.2069624395158,0.02439466999284884
2019-06-27,566.5939331054688,576.7104690943013,565.1931299068178,575.0429225698807,24905533,582.1511993408203,587.9445532226563,578.110955386862,42.11322978547002,-5.209509228582078,-3.9593348236130237,-1.2501744049690546,606.0478315382302,582.1511993408203,558.2545671434104,-0.14587974458354946
2019-06-28,557.2333984375,570.4627526979973,555.254522519952,567.9058042132716,18942165,580.4469451904297,587.1441235351563,576.1226166297798,37.97069489346919,-6.215094515253099,-4.410486761941039,-1.8046077533120606,606.2694673305425,580.4469451904297,554.6244230503169,-0.18574418068130139
2019-07-01,564.2371215820312,565.9268719949085,554.2761907260495,559.4344949342307,13478857,579.0839874267579,586.5100024414063,574.9906647204704,42.526141658308354,-6.373417386269239,-4.803072886806679,-1.5703444994625597,605.3043261821721,579.0839874267579,552.8636486713436,0.08563760621549715
2019-07-02,568.5283813476562,569.6401188033373,561.7692004725765,566.5050975449429,10146746,577.2674560546875,585.9296899414062,574.3752091611547,45.18254166697161,-6.0825052681690295,-5.058959363079149,-1.0235459050898807,601.0102620859844,577.2674560546875,553.5246500233906,0.03570001341290277
2019-07-03,570.3292846679688,572.085824960274,566.9941913005933,570.484949272235,8806492,575.7310760498046,585.0100830078125,573.9898830189464,46.30418261288303,-5.641604565835792,-5.175488403630477,-0.4661161622053145,596.9612254822018,575.7310760498046,554.5009266174075,-0.0027286297059123435
2019-07-04,570.9740600585938,574.0868770445999,569.1953159763973,569.8179149947877,9351405,574.767221069336,584.4644543457031,573.7026617846273,46.72448835849783,-5.180442678820214,-5.176479258668424,-0.003963420151789521,594.9999285945498,574.767221069336,554.5345135441221,0.0202869444474031
2019-07-05,561.791259765625,573.8644665797818,560.3015818280718,571.4631237925129,10926753,573.6210418701172,583.5706384277344,572.5682425447222,41.716285933731285,-5.4926282017789845,-5.239709047290536,-0.25291915448844815,594.0658852719548,573.6210418701172,553.1761984682796,-0.16764967820260687
2019-07-08,556.7664184570312,563.9035985122777,555.0544047714505,559.4123009664904,14009219,572.1291259765625,582.348203125,571.0633069173231,39.23786760701638,-6.075465987098596,-5.406860435252148,-0.668605551846448,592.9182763034879,572.1291259765625,551.339975649637,-0.04726230138210371
2019-07-09,569.23974609375,570.7516873706384,553.8537087411103,555.3878538911504,17535754,571.0385375976563,581.527314453125,570.8896344579351,47.56565263570759,-5.467845910706501,-5.41905753034302,-0.04878838036348121,589.9459327453169,571.0385375976563,552.1311424499957,0.24436335964018213
2019-07-10,568.6840209960938,573.3531874939108,564.1704597393002,569.2176264544378,12018196,569.8534637451172,580.5138806152344,570.6795760329978,47.254906475206674,-4.973810007811153,-5.330008025836647,0.356198018025494,586.0350025077687,569.8534637451172,553.6719249824657,-0.009374091792584513
2019-07-11,569.8845825195312,573.5532681405218,568.8840426899244,572.3081294799662,8608376,568.8373626708984,579.5244580078125,570.6038623650486,48.04458839423316,-4.434291956575521,-5.150864811984421,0.7165728554089004,582.060920480804,568.8373626708984,555.6138048609928,-0.042321595509440896
2019-07-12,569.417724609375,578.089050270766,568.3281911431877,570.5294025820405,15692436,568.0135864257812,578.4167504882812,570.4908968645083,47.74523434212332,-3.9983016134651734,-4.920352172280571,0.922050558815398,578.6922923752111,568.0135864257812,557.3348804763514,-0.019482559534110423
2019-07-15,567.4610595703125,573.4197716904608,564.9041114164919,571.4186921559307,10659498,567.8757354736329,577.2361145019531,570.2023409317278,46.43923731091073,-3.767236286640582,-4.689728995152573,0.9224927085119914,578.5081316870276,567.8757354736329,557.2433392602381,-0.06914923532665554
2019-07-16,574.9761962890625,575.8211308626826,567.8834834886258,569.1730892227583,10070773,568.142544555664,576.4187854003907,570.6569938229026,51.88318695177227,-2.9437726451922117,-4.340537725160501,1.3967650799682891,579.1980352028743,568.142544555664,557.0870539084538,0.10160498277705847
2019-07-17,570.0180053710938,576.7549817270252,569.1953339807314,575.5543101387531,9482233,568.2426025390625,575.8704895019531,570.5961377798732,48.38870809766282,-2.6605867583662075,-4.004547531801642,1.3439607734354349,579.3279143372991,568.2426025390625,557.1572907408259,-0.09589525123268383
2019-07-18,561.1244506835938,572.0414570605484,559.4124365829751,570.0848440732722,11942908,567.4666351318359,575.5360900878907,569.6940723421322,42.8179027815191,-3.1178547507861367,-3.8272089755985417,0.709354224812405,578.2598382405447,567.4666351318359,556.6734320231271,-0.15589483249109912
2019-07-19,555.4102172851562,566.0603603946317,552.6086698009428,563.9481423693856,16336536,566.7884948730468,575.4698327636719,568.3337051938488,39.65868515238362,-3.89641832363111,-3.8410508452050554,-0.05536747842605472,578.7580954597486,566.7884948730468,554.8188942863451,-0.15024938465260324
2019-07-22,569.417724609375,571.1964093656397,545.7605049272529,556.299508951372,29092589,567.1909362792969,575.7308630371094,568.4369451381846,49.49582792919643,-3.344592409556185,-3.741759158075282,0.39716674851909683,578.943878988495,567.1909362792969,555.4379935700988,0.23153622321580428
2019-07-23,566.3271484375,575.3764145680664,560.4795147418307,571.418722404301,20316348,566.6951171875,576.099951171875,568.2360121190718,47.650044293800875,-3.1206768448942057,-3.6175426954390666,0.4968658505448609,577.6909186735722,566.6951171875,555.6993157014278,-0.08886901165400644
2019-07-24,559.9014892578125,568.6617495471938,557.433474995596,566.3049327715216,15189179,565.9158111572266,576.0879443359376,567.4422480370471,43.97797908733669,-3.4222693502209722,-3.5784880263954477,0.1562186761744755,576.5105017786886,565.9158111572266,555.3211205357645,-0.11259466483284306
2019-07-25,547.6282348632812,564.3261442187804,545.6271549553801,562.0804654495325,21805071,564.9675262451171,575.8620471191406,565.555199163355,37.960605924293915,-4.598622582730513,-3.782514937662461,-0.8161076450680524,578.2131146326669,564.9675262451171,551.7219378575674,-0.25160009879143125
2019-07-26,539.7572631835938,552.5196824605647,538.0674533045859,547.6281806669657,20387504,564.0937194824219,575.4035778808594,563.0982528795682,34.68310416434156,-6.095744678572146,-4.245160885844398,-1.8505837927277478,581.0507116931766,564.0937194824219,547.1367272716672,-0.14274582439587005
2019-07-29,538.4898071289062,543.4035711305933,535.8883921806065,541.1356891865281,17626045,562.8063537597657,574.9015270996093,560.7545913795052,34.17146632447623,-7.300344015248584,-4.856197511725235,-2.4441465035233483,583.1045875634487,562.8063537597657,542.5081199560826,-0.04885605596389765
2019-07-30,525.127197265625,542.5143760427064,522.9260450730362,539.824026146295,20853117,560.6362945556641,573.6119445800781,557.3615062258024,29.26918347493408,-9.226886800709849,-5.730335369522158,-3.496551431187691,586.5317983088339,560.6362945556641,534.7407908024943,-0.2657192822227697
2019-07-31,518.6124877929688,526.9502787876675,516.9004149886943,522.8369820205075,21229950,558.0504547119141,572.0684448242188,553.6711235179134,27.21898843420537,-11.150828635562789,-6.814434022730284,-4.336394612832505,589.3272847837509,558.0504547119141,526.7736246400773,-0.0806240767293328
2019-08-01,524.838134765625,528.373359591736,511.54205130875664,517.3451584523216,22628222,555.7436584472656,570.6441235351563,550.925124589124,32.11279312559307,-12.034482694844655,-7.858443757153159,-4.176038937691496,589.5691309129645,555.7436584472656,521.9181859815667,0.14383082906132194
2019-08-02,529.8226318359375,536.0408419669061,519.8690401403267,525.9530481643328,23766807,554.1452270507813,569.3772985839844,548.9153633745349,35.83295731433448,-12.192035451409765,-8.725162096004482,-3.4668733554052835,589.6558998631423,554.1452270507813,518.6345542384203,0.07344033477256036
2019-08-05,511.481201171875,522.0610694029301,504.61431763786254,522.0610694029301,30399133,551.8809661865234,567.7174108886719,545.3502050695197,29.439918789023338,-13.639667715921291,-9.708063219987844,-3.9316044959334473,591.920572409643,551.8809661865234,511.8413599634039,-0.199926275701124
2019-08-06,504.7485046386719,514.2771526055735,501.93020074212956,507.6339394494236,29067994,548.6564041137696,566.155883178711,541.483376457058,27.500357433120243,-15.155495934743612,-10.797549762939,-4.357946171804613,592.7654417658963,548.6564041137696,504.5473664616428,-0.056779720517704954
2019-08-07,496.29351806640625,509.3338769283476,493.4751843934342,503.9432766269725,25349369,545.0368789672851,564.3087481689453,537.179580419853,25.250545358804757,-16.844870295030205,-12.007013869357241,-4.837856425672964,593.6306710903269,545.0368789672851,496.44308684424334,-0.15064271333815113
2019-08-08,515.50732421875,518.0348268120429,489.9858131797809,495.8237534899631,31198568,542.3180160522461,562.9410516357422,535.1155560197479,37.7198616036487,-16.443764584583164,-12.894364012402427,-3.549400572180737,591.1309755718203,542.3180160522461,493.5050565326719,0.3773681882298943
2019-08-09,519.8690185546875,525.8635582584843,515.4849637925847,519.7572133327016,21970009,539.8405807495117,561.5120623779297,533.6635048325993,40.1602064632848,-15.594173216726972,-13.434325853267337,-2.159847363459635,587.9245378588789,539.8405807495117,491.7566236401445,0.002151101450214912
2019-08-13,570.2633056640625,582.8115291963719,548.4548395699373,551.6534122080756,104827144,539.9806930541993,561.0874029541015,537.1492001498815,59.77271418630108,-10.730770487126279,-12.893614780039126,2.1628442929128475,588.40092305831,539.9806930541993,491.5604630500885,0.32510735643041994
2019-08-14,576.3026733398438,583.5497663510162,572.7685650438011,583.3484930514089,31688983,540.0470169067382,560.5162762451172,540.8781023584493,61.405262274923864,-6.316351320429476,-11.578162088117196,5.26181076768772,588.6620483196584,540.0470169067382,491.4319854938181,-0.12019840974950197
2019-08-16,571.7172241210938,577.8906996066623,569.4804628342943,577.6222954192474,21977767,540.1319778442382,559.9294830322266,543.8151615739392,59.43307323526796,-3.1515704144513847,-9.892843753384033,6.741273338932649,588.9616899151644,540.1319778442382,491.3022657733122,-0.10187600903183175
2019-08-19,578.24853515625,580.1274240739135,572.6118684032595,573.0816055639265,16317602,540.9881820678711,559.6894305419922,547.0945304865402,61.33779995959462,-0.11510961733984004,-7.937296926175195,7.822187308835355,591.8197278177402,540.9881820678711,490.156636318002,0.08991694062355446
2019-08-20,570.8001708984375,578.2485964535656,569.3015509257864,576.9960435256826,14969299,541.7576797485351,559.411137084961,549.3522105257684,57.99364642625571,1.6710241674360304,-6.0156327074529505,7.686656874888981,593.8885674471336,541.7576797485351,489.6267920499366,-0.10697070765252771
2019-08-21,568.5634765625,572.0081169703981,566.5727819905771,570.6660360929664,10677848,541.7149673461914,559.0503118896485,551.181854910219,56.988849457210804,2.8729479644084677,-4.237916573080668,7.110864537489135,593.7564574004953,541.7149673461914,489.67347729188754,-0.03682729515403106
2019-08-22,557.737548828125,568.5858220652894,554.2258371735678,568.5634849082636,14031953,541.2854873657227,558.3840325927735,551.8062067119243,52.26843067272426,2.9182792343437995,-2.8066774115957744,5.724956645939574,592.6447280796632,541.2854873657227,489.9262466517822,-0.18814034524053738
2019-08-23,570.7554931640625,574.4014068120105,548.6786185198689,554.2705523888193,21307915,541.8281875610352,557.9514324951172,553.610900659747,56.892318367499584,3.959006937195909,-1.4535405418374376,5.412547479033346,594.1825441683519,541.8281875610352,489.47383095371845,0.2889469114061776
2019-08-26,566.7069702148438,578.874926990228,563.2175958540626,578.874926990228,19202504,542.7821243286132,557.481439819336,554.85814537928,55.10448359680159,4.406315905735482,-0.2815692523228537,4.687885158058336,596.2087219169434,542.7821243286132,489.35552674028304,-0.20715802083751222
2019-08-27,570.30810546875,574.8486994909782,564.2017008121152,574.8486994909782,28401906,544.309666442871,557.1697369384766,556.3295701497057,56.416453363507635,4.993827272786348,0.7735100526989866,4.220317220087361,599.0341925785824,544.309666442871,489.58514030715975,-0.078823776416256
2019-08-28,565.1411743164062,573.0593371929982,561.8978672808688,569.8160301574608,11605488,545.6422348022461,557.068198852539,557.1687705465342,53.979068194978446,4.9850416448153965,1.6158163711222686,3.369225273693128,601.028938970473,545.6422348022461,490.2555306340192,-0.08185791972989552
2019-08-29,555.500732421875,563.7767677346285,552.6152975985758,562.076814692412,18890222,547.1609115600586,556.7854132080079,557.0099097727572,49.667460041446,4.152310626815051,2.123115222260825,2.029195404554226,601.8758649482984,547.1609115600586,492.4459581718188,-0.11646523729549293
2019-08-30,558.542724609375,561.1597553095268,546.2181691725724,557.1783066454112,24735240,549.1574234008789,556.5959307861328,557.1558921381494,50.99753961463842,3.695232304286833,2.4375386386660267,1.2576936656208062,602.4555333101051,549.1574234008789,495.85931349165264,0.024483101428601287
2019-09-03,539.686767578125,556.0599009833398,536.8236700987924,555.724365883025,18730619,549.8998550415039,555.8567901611328,555.4921659895756,43.35042940307467,1.7908326895079654,2.308197448834415,-0.5173647593264494,602.2270640759021,549.8998550415039,497.5726460071056,-0.28083568497413325
2019-09-04,537.338134765625,539.1722897682706,530.5831168851553,537.0697305786537,32949395,550.2756301879883,555.2240924072265,553.7632106349137,42.495669716928184,0.09101803545615894,1.8647615661587635,-1.7737435307026046,602.12649674213,550.2756301879883,498.4247636338466,0.0049975252222705276
2019-09-05,536.1974487304688,542.728797205738,533.8264850813998,539.865759157337,22995486,551.511442565918,554.7206634521484,552.0902809297285,42.06188421303867,-1.3327777223514659,1.2252537084567177,-2.5580314308081835,600.7155168644407,551.511442565918,502.30736826739513,-0.06784418593686511
2019-09-06,546.8890991210938,549.7969304899724,534.6987475890814,538.1657244644699,23186819,553.6184722900391,554.1335748291016,551.594930281287,47.4740103338681,-1.580203681240846,0.664162230517205,-2.244365911758051,598.0054227328001,553.6184722900391,509.2315218472781,0.16068968288626198
2019-09-09,546.7549438476562,551.5863388996204,542.7064242418458,546.0615364682053,11747929,556.1415435791016,553.558921508789,551.1339791923698,47.41416100368223,-1.7667497542489627,0.1779798335639714,-1.944729587812934,592.1544488198194,556.1415435791016,520.1286383383838,0.012697655216766102
2019-09-11,552.2127075195312,554.7178732593286,546.8891780630742,546.8891780630742,12127900,557.9768127441406,553.2712969970703,551.236715223528,50.16658709785266,-1.4573930256101448,-0.14909473827085187,-1.308298287339293,588.9011670008734,557.9768127441406,527.0524584874078,0.09703572212486757
2019-09-12,541.4537353515625,554.9190358445909,539.3735732310876,552.4810015076904,11880005,559.0560485839844,552.9557037353516,550.3050028547693,45.149615353981,-2.0566766387868256,-0.5306111183740466,-1.526065520412779,585.8108296130076,559.0560485839844,532.3012675549612,-0.19698644262890164
2019-09-13,548.2760009765625,549.5732880390341,539.9104972253901,542.1919928188903,12947715,557.9566833496094,552.6364813232422,550.1117645806544,48.65599823498467,-1.9585366090672096,-0.8161962165126793,-1.1423403925545303,584.5857136599425,557.9566833496094,531.3276530392764,0.11174271919155075
2019-09-16,541.6327514648438,545.3681328630463,530.6054836798681,531.9028303810459,20547730,556.2231872558593,552.0985687255859,549.3042395220058,45.59915559101927,-2.3892725968704553,-1.1308114925842345,-1.2584611042862208,582.3586861248648,556.2231872558593,530.0876883868539,0.1809132360691478
2019-09-17,535.6829833984375,541.7446544223395,533.915959082345,541.7446544223395,15640772,554.4214752197265,551.4056427001954,548.0069770340469,42.99391494823208,-3.174141007462481,-1.5394773955598837,-1.6346636119025972,581.0005383204425,554.4214752197265,527.8424121190105,-0.11142703786808543
2019-09-18,539.3736572265625,544.1155842826566,535.5711448848785,539.03812210891,14933909,552.4777313232422,550.7736346435547,547.1847561000009,45.089646240173366,-3.458481126252991,-1.9232781416985054,-1.5352029845544857,577.4392144962972,552.4777313232422,527.5162481501873,0.006224620677254259
2019-09-19,527.45166015625,541.1630300871835,524.5886221931479,540.3354205777293,13766222,550.3103057861329,550.0868426513672,545.3054136291674,39.97692832337146,-4.592884334603809,-2.457199380279566,-2.135684954324243,576.0475006134016,550.3103057861329,524.5731109588642,-0.23402177049756623
2019-09-20,561.1373291015625,568.0936803911683,525.3267496017127,531.4330945245753,48165560,549.938998413086,550.1742608642578,546.8132151027289,55.37414978444474,-2.742145344544838,-2.514188573132621,-0.22795677141221704,574.811894485156,549.938998413086,525.066102341016,0.5071949103297677
2019-09-23,554.3600463867188,573.0594124826849,552.4811569966915,569.9950411796075,21610844,549.7701232910156,549.8766668701172,547.5319609392993,52.458501522742154,-1.80152458206976,-2.3716557749200486,0.5701311928502886,574.4742229327032,549.7701232910156,525.0660236493279,-0.26762194058323274
2019-09-24,572.0303955078125,581.0221752076171,555.9480624084689,556.3283315585267,34958974,549.8338684082031,549.9435943603515,549.8651451839196,58.58189902426515,0.3655597011198779,-1.8242126797120635,2.1897723808319416,574.7598203346197,549.8338684082031,524.9079164817865,0.27498118743169364
2019-09-25,572.4107055664062,579.32232332458,567.6240441545225,574.4014000766002,18192270,550.1190551757812,549.994116821289,552.0123414108231,58.705178999788586,2.0895899595623177,-1.0414521518571873,3.131042111419505,575.9256464998322,550.1190551757812,524.3124638517303,-0.034642984620130525
2019-09-26,580.1275024414062,581.0221831301985,574.1776966858998,577.9802090632921,18350457,550.6100250244141,550.2083123779297,554.6899757946882,61.22700787964817,4.032097861936677,-0.026742149098414436,4.058840011035091,578.2432981079608,550.6100250244141,522.9767519408674,0.037134593153727934
2019-09-27,585.6075439453125,588.2693084591403,574.4013403478185,578.203852549714,19058663,551.6333435058593,550.5712420654297,557.6345060947476,62.95705143483154,5.945210237476886,1.1676483282166457,4.77756190926024,582.6517810007831,551.6333435058593,520.6149060109356,0.1273511348697855
2019-09-30,595.9861450195312,597.5518958958941,584.0417998862946,586.0325539376727,25263770,553.6576141357422,550.991441040039,561.2870431352032,66.04696268532314,8.204258363977715,2.5749703353688598,5.629288028608855,590.2116240294756,553.6576141357422,517.1036042420087,0.1682324456352284
2019-10-01,583.7510375976562,600.3478410067997,578.561710792839,598.1110797172258,17920384,554.9180297851562,551.2661016845703,563.4264711792464,59.72238869467544,8.904652077707851,3.840906683836658,5.063745393871193,593.7277066085686,554.9180297851562,516.1083529617439,-0.2355806492175001
2019-10-03,586.5023193359375,588.1351414776207,573.1935556971858,575.296115069358,13524851,557.2588073730469,551.7736590576172,565.6241710036932,60.63523580214028,9.57139154106062,4.98700365528145,4.5843878857791704,597.7234741315349,557.2588073730469,516.794140614559,0.19236336568696155
2019-10-04,585.1825561523438,594.3533316552545,583.2813298639416,590.4613512863376,14992253,559.6510284423828,552.3691058349609,567.4868743511837,59.93353837745659,9.879409823445826,5.965484888914325,3.913924934531501,600.7737579122104,559.6510284423828,518.5282989725551,-0.08916377370861138
2019-10-07,586.0773315429688,590.8639928687065,582.3195530503269,585.1825910935223,10061584,562.1450225830079,552.7022979736328,569.2573940837347,60.26924072778227,10.079526915467454,6.788293294224951,3.291233621242503,603.3257786567729,562.1450225830079,520.9642665092429,0.015288744825991041
2019-10-09,592.6310424804688,594.9573319134045,578.2039269700573,585.4510800476256,17588647,564.4321197509765,553.2283758544922,571.4834558358045,62.732241768744295,10.644250559040415,7.559484747188044,3.084765811852371,607.0262773161467,564.4321197509765,521.8379621858064,0.12202865650941246
2019-10-10,609.6304321289062,612.4263389969542,590.9534063442875,592.7428273528446,35006390,567.575894165039,554.2229547119141,575.1165011970523,68.23323867310678,12.321472524574915,8.51188230266542,3.8095902219094953,613.6281467396926,567.575894165039,521.5236415903854,0.2774396811038841
2019-10-11,605.0899047851562,610.9055093448883,597.9098820995877,610.0555028328768,16597126,570.2197540283203,555.3721881103515,577.971111062586,65.45414653439104,13.13291236730629,9.436088315593594,3.696824051712696,618.4598274639333,570.2197540283203,521.9796805927073,-0.08121655889781013
2019-10-14,607.5054931640625,610.6145980694955,604.3069201919269,610.6145980694955,13394275,573.5223419189454,556.7271527099609,580.7839093579647,66.24189282619338,13.811689523691712,10.311208557213217,3.500480966478495,622.4715486586827,573.5223419189454,524.5731351792081,-0.05087367391667368
2019-10-15,610.2567749023438,612.8738056514717,605.8503229501799,609.5186334301526,9672791,576.6213806152343,558.1624920654297,583.5908489336198,67.16040527562666,14.405572283187666,11.130081302408106,3.2754909807795602,626.6215490570678,576.6213806152343,526.6212121734009,0.012109644383029892
2019-10-16,613.9249877929688,617.1906316962651,610.0553448993284,612.8289741993957,19403660,580.2359924316406,559.9384478759765,586.4798145392721,68.3951162471462,14.999319948903121,11.90392903170711,3.0953909171960117,630.0479002209228,580.2359924316406,530.4240846423585,0.01788258714054268
2019-10-17,624.7286987304688,625.8471095129097,613.7685597426588,615.1106407365833,16038940,584.6882781982422,562.0607720947265,590.1225654146241,71.76252948814374,16.155408936157073,12.754225012597104,3.4011839235599695,633.6868580082148,584.6882781982422,535.6896983882696,0.1551010691874454
2019-10-18,633.6085815429688,638.7755119795819,625.7128152032572,628.0837788207052,28121951,589.4000244140625,564.2361810302734,594.2640907601807,74.19611329266039,17.585436156955552,13.720467241468794,3.8649689154867577,638.1854203322232,589.4000244140625,540.6146284959018,0.08773666124066637
2019-10-22,632.6244506835938,642.7793159767306,627.7929955153656,637.4781832827847,27786502,594.6586639404297,566.2922174072265,597.9174583719343,73.44069483446363,18.426917857893613,14.661757364753758,3.765160493139856,637.9663068529796,594.6586639404297,551.3510210278798,-0.07599279493423698
2019-10-23,622.8944702148438,637.9031875827602,618.7564822001889,633.5862634199051,18446160,597.7465209960938,568.5204827880859,600.2962214045923,66.257982906239,18.100024248780755,15.349410741559158,2.7506135072215976,639.8431795710144,597.7465209960938,555.6498624211731,-0.16716661473857414
2019-10-24,642.600341796875,644.814766083547,620.2774614179121,626.7416786905978,22642488,602.1585357666015,571.27751953125,604.3251852514765,72.19020973194253,19.209621299480773,16.12145285314348,3.088168446337292,643.6333591913308,602.1585357666015,560.6837123418723,0.24776805749251773
2019-10-25,640.2517700195312,644.8370980888827,631.3270614801404,644.6805588324969,13539957,605.5696044921875,574.1566845703124,607.746764753196,70.59716905131309,19.672700199705673,16.831702322455918,2.8409978772497553,647.7868681504218,605.5696044921875,563.3523408339532,-0.06858955028100762
2019-10-27,641.6162719726562,646.4253305668731,639.7149856923743,644.6359092486747,3014841,609.0298828125,576.6788635253906,610.9724321074303,70.99760897841794,19.92017014685814,17.449395887336365,2.470774259521775,651.153192016173,609.0298828125,566.906573608827,-0.04680829262839375
2019-10-29,656.2894287109375,662.082635948356,645.1279577348761,646.6489747529108,25768505,612.8379791259765,579.4072717285156,615.2883365458596,74.94866493862664,21.057554601420406,18.171027630153173,2.8865269712672337,657.5144853190488,612.8379791259765,568.1614729329042,0.14798849620815432
2019-10-30,661.679931640625,664.1180259398081,653.2696948361131,662.0825379232862,16341366,616.6415985107421,581.2356042480469,619.706583697742,76.2298215789371,22.138707275580487,18.964563559238638,3.174143716341849,664.2538665620117,616.6415985107421,569.0293304594726,-0.006080832784801167
2019-10-31,655.0814819335938,666.3995507299683,653.8960001863959,663.8719882562208,19463741,619.5963653564453,582.8111804199219,623.075621624966,71.41522946627688,22.207099197218213,19.613070686834554,2.5940285103836587,669.0149939924471,619.5963653564453,570.1777367204435,-0.1316441912937719
2019-11-01,651.7487182617188,653.9407456609271,644.6358276540866,650.8987716125406,13904301,622.9962493896485,584.4118103027344,625.8063927332281,69.04329124340549,21.741748766588557,20.038806302785357,1.7029424638032005,671.4291025530559,622.9962493896485,574.563396226241,0.013057304463821032
2019-11-04,652.0842895507812,658.0564327559093,646.470018638842,655.7749371618147,14063434,626.2753479003907,585.888525390625,628.309049572995,69.15438022857235,21.156157976287204,20.262276637485726,0.8938813388014779,673.2390865431531,626.2753479003907,579.3116092576282,-0.05621983721728898
2019-11-05,647.4541625976562,657.1393502221374,644.6358585848789,654.5223792352792,12685356,629.3889282226562,587.4216052246094,630.1323936705819,65.65357932524604,20.086911099006556,20.227203529789893,-0.14029243078333664,673.1930393228654,629.3889282226562,585.584817122447,-0.10757260658182197
2019-11-06,641.9068603515625,647.0737900327247,639.0438227599466,645.3962340765049,14625505,632.1804046630859,588.8884729003906,631.253771449723,61.62825216788688,18.577751559009926,19.8973131356339,-1.3195615766239754,671.471518543677,632.1804046630859,592.8892907824949,-0.05401298604192955
2019-11-07,652.5092163085938,654.4775136905121,640.6990736670325,641.9516862714436,14084039,635.1743133544921,590.78390625,633.2780995315202,65.92802330673683,18.02942132271869,19.52373477305086,-1.4943134503321716,670.9200736589116,635.1743133544921,599.4285530500727,0.16299303391094921
2019-11-08,646.64892578125,652.9789409956463,644.7700366012668,648.2146767187381,12019353,637.0252380371094,592.3017749023437,634.5515115553039,61.80550700747575,16.926866806944872,19.004361179829665,-2.077494372884793,671.0824114881406,637.0252380371094,602.9680645860782,-0.024150124171829244
2019-11-11,638.730712890625,646.0896700523681,636.382086667725,643.7857778606185,11357841,638.7072784423829,593.7422497558593,634.9495307300965,56.6509403478868,15.238490966480185,18.251187137159768,-3.0126961706795825,669.4511014103592,638.7072784423829,607.9634554744065,-0.07835993963066108
2019-11-13,658.637939453125,660.248424410004,639.7149054535805,639.7149054535805,25225749,641.2639007568359,595.5088464355468,637.2055696560992,64.63624707989258,15.330072230743212,17.666964155876457,-2.3368919251332443,669.6147975469796,641.2639007568359,612.9130039666923,0.2874681816522876
2019-11-14,654.3657836914062,662.798358618493,651.2566785637106,660.2931928467199,14258133,643.469351196289,597.2933386230469,638.8398757546998,61.996862726208555,14.886323505447535,17.11083602579067,-2.2245125203431364,668.4965523737443,643.469351196289,618.4421500188338,-0.0895289894717235
2019-11-15,657.9892578125,665.1245445704241,654.5446180836726,655.6630285485538,15691605,645.6725646972657,599.3431091308594,640.6636264268712,63.36334829623271,14.65806447955731,16.620281716544,-1.9622172369866888,667.4564086119766,645.6725646972657,623.8887207825547,0.03546415761652655
2019-11-18,652.7776489257812,664.7666684900898,651.0776959332642,658.7945257246133,14076051,647.0750122070312,601.2278076171875,641.8173428553389,60.02050090521927,13.896444710707783,16.075514315376758,-2.1790696046689746,666.7990016534321,647.0750122070312,627.3510227606304,-0.09107851300758929
2019-11-19,675.391357421875,677.6952498210799,655.3723092919387,656.2669899955055,30176255,649.1641510009765,603.9418994140625,645.0148680521519,67.92726943147755,14.945312581403527,15.849473968582112,-0.9041613871785845,671.4278408654062,649.1641510009765,626.9004611365468,0.28343333590870334
2019-11-20,692.3461303710938,703.4181340976061,690.3554356676507,695.6565688824628,43538120,652.1502349853515,607.0420593261719,649.5226073206226,72.3436054610853,16.94927570588743,16.06943431604318,0.8798413898442519,680.0469987273885,652.1502349853515,624.2534712433145,-0.04755136427930546
2019-11-21,687.85009765625,696.0813988250823,683.8015779854442,691.1605356274156,14897371,655.3980163574219,610.0751123046875,653.1728444954442,69.60645992892236,17.967520265414123,16.449051505917367,1.5184687594967556,684.0293484325928,655.3980163574219,626.7666842822509,-0.04786020939432086
2019-11-22,691.8314819335938,702.12060743976,687.8500338208812,689.8631248921964,22352865,657.8595733642578,612.9739599609375,656.8546194895537,70.66491965895187,18.878135457932217,16.93486829632034,1.9432671616118782,689.925747329257,657.8595733642578,625.7933993992586,0.02852483329951265
2019-11-25,698.5642700195312,700.0181560781981,693.8446798240759,693.9118107417911,15146156,660.7751983642578,616.010146484375,660.8269671590754,72.41444527490088,19.9135334708011,17.53060133121649,2.3829321395846073,696.3224001447827,660.7751983642578,625.2279965837329,0.0669465536059594
2019-11-26,697.9827270507812,705.1850861463569,696.0814409003852,701.4944385250221,35330983,663.5935211181641,618.925546875,664.3656109582855,72.01493574039507,20.451416993680596,18.114764463709314,2.336652529971282,701.478860339828,663.5935211181641,625.7081818965002,-0.0500186560954947
2019-11-27,702.2772827148438,704.8048452673582,696.1261438952308,697.8484938217292,9642739,665.8929138183594,622.1420178222656,667.976246363672,73.19118838704301,20.982356764082056,18.688282923783863,2.294073840298193,707.1575091739035,665.8929138183594,624.6283184628153,0.06337840778705323
2019-11-28,706.9520874023438,708.67437747895,699.6378642088222,703.5297846773857,13747479,668.1565216064453,625.3155395507813,671.6882312244978,74.45009499427721,21.532138932327257,19.25705412549254,2.275084806834716,713.0552125929054,668.1565216064453,623.2578306199852,0.048606412136327555
2019-11-29,693.911865234375,707.6903080023908,692.435582178866,707.6903080023908,18559594,670.0980407714844,628.3611218261718,673.804767796867,65.24609374618115,20.677253803652093,19.54109406112445,1.1361597425276422,715.9160577322173,670.0980407714844,624.2800238107516,-0.1922725936286302
2019-12-02,709.7255859375,722.2290749857248,705.4757339176647,715.7648587643715,31225364,672.9968841552734,631.8419738769531,677.2257980959749,70.07720775888777,21.033327177119872,19.839540684323534,1.1937864927963382,721.0843715737537,672.9968841552734,624.909396736793,-0.08417543746680471
2019-12-03,706.3258056640625,713.0808241214206,703.5075017351681,712.5216785466492,12990426,675.7089599609375,635.1810168457031,679.9972273881738,67.89214136722765,20.80139846298573,20.031912240055973,0.769486222929757,724.8788806919014,675.7089599609375,626.5390392299736,-0.08673845905141617
2019-12-04,694.6051635742188,705.6995024548221,686.1277955034981,703.6864112318285,20987607,678.0665100097656,638.5240869140625,681.3884594058923,60.84812601701454,19.4476549622608,19.915060784496937,-0.46740582223613814,726.0997851755219,678.0665100097656,630.0332348440093,-0.1283407842267933
2019-12-05,693.777587890625,706.7060824908307,690.7132168735769,704.1337858639256,19942460,680.6600463867187,641.1768920898437,682.5683764044383,60.37183089430156,18.099386581380486,19.55192594387365,-1.4525393624931624,726.1370003342936,680.6600463867187,635.1830924391438,-0.14602572269783473
2019-12-06,695.5892944335938,701.4496318188408,689.4158188233732,694.7393478229513,13085234,682.8140502929688,644.0014770507812,683.8084638357864,61.08988351647592,16.98131373846161,19.037803502791242,-2.0564897643296334,726.8103802725116,682.8140502929688,638.817720313426,0.01223342555081872
2019-12-09,703.5075073242188,705.6548007454388,691.8315657510143,696.1485494736302,12642677,685.6569793701171,646.6310192871093,685.6845632156371,64.14758240808825,16.54346380735319,18.53893556370363,-1.9954717563504403,727.2190853719701,685.6569793701171,644.0948733682642,0.10531759193147104
2019-12-10,698.7431640625,703.9548283487694,695.2537899519466,703.2614209575684,10173333,688.657601928711,649.1576684570313,686.928239486767,61.03942386183956,15.631827916719885,17.957514034306882,-2.325686117586997,724.5076850690954,688.657601928711,652.8075187883265,-0.06415893629640035
2019-12-11,698.9444580078125,704.357395282487,693.6656631029554,695.902424408401,12364641,690.6729278564453,651.5340075683594,688.0726412506762,61.125128472973735,14.755500420644921,17.31711131157449,-2.5616108909295683,723.988242073203,690.6729278564453,657.3576136396877,0.043685685353637385
2019-12-12,701.5391845703125,704.0667472788023,696.3722539219933,702.4562622023744,10326606,693.0315979003906,653.8526403808594,689.3551691858796,62.277068379530476,14.10775193245911,16.675239435751415,-2.5674875032923055,722.1456877430531,693.0315979003906,663.917508057728,-0.013054557023232636
2019-12-13,708.1152954101562,711.2915316517235,703.4181018318005,706.8179485449351,12668303,695.5378997802734,656.0952233886719,691.141847873906,65.09968812371318,13.96407461489423,16.13300647157998,-2.1689318566857487,720.4861361359833,695.5378997802734,670.5896634245635,0.018352691761568497
2019-12-16,700.8233642578125,713.0360538117269,699.8168186594121,712.1861071903043,11892718,697.940185546875,658.436669921875,692.0638970533257,59.760002776289916,13.110679648923906,15.528541107048765,-2.417861458124859,713.40724751622,697.940185546875,682.47312357753,-0.1582072473251857
2019-12-17,699.0786743164062,706.3705007919149,695.8801014038346,700.8904324959013,20324601,699.1245513916016,660.6881970214844,692.7319710783811,58.52313096537086,12.153478359474093,14.853528557533831,-2.7000501980597384,710.6218735807226,699.1245513916016,687.6272292024805,-0.025843622201559568
2019-12-18,704.9613647460938,706.8178569998239,698.7655517905632,699.212892125798,14742077,699.7553131103516,663.0837731933593,693.8966752372108,61.42241982101368,11.734307601624096,14.229684366351886,-2.4953767647277907,711.0787956072639,699.7553131103516,688.4318306134393,0.08202875244333352
2019-12-19,720.2161254882812,722.4305498496976,703.1496428791409,703.9995895600298,20507816,701.3736145019532,665.7665490722657,696.4032895468366,67.72314844698167,12.489077151384777,13.881562923358466,-1.3924857719736892,714.5314181147489,701.3736145019532,688.2158108891574,0.22635916977635998
2019-12-20,715.3623657226562,723.6160040571339,714.0202849737523,722.4752563243196,21271510,702.5501586914063,668.2211755371094,698.2089158492956,64.13391970999419,12.550900638966368,13.615430466480046,-1.0645298275136774,716.2803205384669,702.5501586914063,688.8199968443457,-0.09813482430100684
2019-12-23,702.970703125,705.7218761773056,696.886695107476,697.9155779264252,25107772,702.7704803466797,670.0879809570313,698.6624193993628,55.97727189650131,11.467798940375815,13.1859041612592,-1.7181052208833858,716.3786061413127,702.7704803466797,689.1623545520467,0.07230535520299641
2019-12-24,691.8092651367188,703.2614774131188,690.0421810600255,701.8523253630461,18048449,702.4618072509766,671.8223681640625,698.0097380410157,49.829903660024456,9.59815669950467,12.468354668908296,-2.870197969403625,716.7532418456508,702.4618072509766,688.1703726563023,-0.14212491917715772
2019-12-26,677.9188232421875,694.71689899178,675.5701971430078,689.6618342880757,29761019,701.2438842773438,673.230634765625,696.0963175839845,43.43674647071184,6.915887138010476,11.357861162728733,-4.441974024718258,719.0981991688562,701.2438842773438,683.3895693858314,-0.16864533691669475
2019-12-27,689.97509765625,691.6973879397483,680.5583141243674,683.1082139531873,17677571,700.3950347900391,674.8250012207031,695.5133442575336,49.49367999040674,5.697334447499884,10.225755819682963,-4.528421372183079,718.6918862196153,700.3950347900391,682.0981833604628,0.10018685921761243
2019-12-30,690.8026733398438,692.3460274000547,683.5779176956529,691.5855488098815,17123749,700.2395751953125,676.3625549316406,695.0647089320394,49.890340673322115,4.743718468754082,9.129348349497187,-4.385629880743105,718.8049861424032,700.2395751953125,681.6741642482217,-0.011319525591561857
2019-12-31,677.3150024414062,690.5790325109319,674.6309005193739,689.8184941634283,22203005,698.6190460205078,677.4142810058594,693.3742606948363,43.84638654091324,2.866584414092131,7.876795562416176,-5.0102111483240455,719.14416116363,698.6190460205078,678.0939308773856,-0.179298414578583
2020-01-01,675.32421875,683.1529137163456,673.490123328754,679.0819971118469,14004468,697.0689666748046,678.24859375,691.6552090810424,43.01801184855524,1.2044187558362864,6.542320201100199,-5.337901445263912,719.6149271643995,697.0689666748046,674.5230061852097,-0.055279738214614474
2020-01-02,686.8212280273438,689.3487905881979,676.397899264457,676.397899264457,17710316,696.6797698974609,679.332529296875,691.194829933071,49.00941445660025,0.8055669858132433,5.394969558042808,-4.589402572229565,719.647216473126,696.6797698974609,673.7123233217958,0.15289221789245944
2020-01-03,687.6488647460938,689.6619561224467,681.3187895160008,685.7923126356704,20984698,696.3733337402343,680.6276171875,690.8571189628826,49.4216967788113,0.5499183346036034,4.4259593133549675,-3.876040978751364,719.6489627805556,696.3733337402343,673.097704699913,0.02706502639083828
2020-01-06,671.70068359375,683.5107670428088,670.13493269889,679.9767186772816,24519177,695.1789031982422,681.2096240234375,689.0326965467747,42.32077932464093,-0.928862647409801,3.3549949212020143,-4.283857568611815,720.8240438581676,695.1789031982422,669.5337625383169,-0.12111312023035488
2020-01-07,682.0346069335938,686.4633961016671,677.0689495898322,679.5293813804267,16683622,694.105258178711,682.0452807617188,688.3662118217098,47.57682236970786,-1.252507849541871,2.4334943670532376,-3.6860022165951087,720.0618326922446,694.105258178711,668.1486836651774,0.03685037351552001
2020-01-08,676.912353515625,686.440941615489,675.5032015883575,677.7399630034671,16047902,693.0137176513672,682.7512023925781,687.2753681735112,45.36989610632158,-1.9004152423946152,1.5667124451636671,-3.4671276875582824,719.9171575343764,693.0137176513672,666.110277768358,-0.012210706153087891
2020-01-09,692.5026245117188,693.3973052036212,685.0094646794911,688.2975058097518,14982742,692.6916259765625,683.4754663085937,687.7732021104833,52.579851632959645,-1.142709499301418,1.0248280562706502,-2.167537555572068,719.4572310015782,692.6916259765625,665.9260209515468,0.06101859364030909
2020-01-10,692.3461303710938,696.9538560821713,688.7672876115091,694.2473569917983,12478359,692.2319732666016,684.0887902832031,688.2087190876844,52.50494334794764,-0.5485269311808452,0.7101570587803512,-1.2586839899611963,718.6879840151773,692.2319732666016,665.7759625180258,-0.027378591527567213
2020-01-13,690.5789794921875,697.2892636445985,688.2080160085029,691.182918802657,18282382,691.3551574707031,684.798740234375,688.4344581738275,51.61079155710758,-0.2177175598175154,0.5245821350607779,-0.7422996948782933,716.7900896347461,691.3551574707031,665.9202253066602,-0.00873754146048971
2020-01-14,684.1819458007812,693.3973970480666,680.80443615396,688.9238735459851,15816535,690.5230865478516,685.4474047851562,688.029456995442,48.39768356369781,-0.4663599985502742,0.3263937083385675,-0.7927537068888417,715.752593306535,690.5230865478516,665.2935797891681,-0.06872244501580377
2020-01-15,681.6990966796875,688.879119007135,679.1939307600682,687.0673605574593,15817859,689.6541076660156,686.0397009277344,687.4265655367988,47.17021870692355,-0.8539127223335754,0.09033242220413895,-0.9442451445377144,714.842209165012,689.6541076660156,664.4660061670193,-0.07797439953253305
2020-01-16,687.9842529296875,690.4223472080394,683.5554644082378,684.0028644434916,12847975,688.8052520751953,686.850302734375,687.4796786218358,50.58669805631939,-0.6464397113680889,-0.05702200451030662,-0.5894177068577823,712.9972650747876,688.8052520751953,664.613239075603,0.058141542402076474
2020-01-17,707.2652587890625,709.0322829800654,694.8288390890643,694.9630411899628,29463471,688.1577087402344,688.157470703125,689.3640195901431,59.285300989636504,1.0615631402657755,0.1666950244449098,0.8948681158208657,709.4744162568855,688.1577087402344,666.8410012235832,0.17519359547444743
2020-01-20,685.5015258789062,719.7911481994419,682.839761284159,719.7911481994419,32545850,686.6646667480469,688.8173168945312,688.9961630462159,48.83507118928246,0.651506189137308,0.2636572573833894,0.38784893175391855,703.9527467733424,686.6646667480469,669.3765867227514,-0.44334215682725514
2020-01-21,686.1950073242188,691.5408742450458,680.8714775601642,683.8240435553602,18922720,685.8258819580078,689.6082385253907,688.7293863107876,49.14269383683823,0.3781323833020451,0.28655228256712056,0.09158010073492456,701.4121009605302,685.8258819580078,670.2396629554854,0.03465824516989994
2020-01-22,685.9488525390625,691.9433921150559,684.9423069375898,690.7131763493682,10322817,685.532861328125,690.5526013183594,688.4645735706233,49.03000885901659,0.14000514648637363,0.2572428553509712,-0.11723770886459756,700.8765775643093,685.532861328125,670.1891450919408,-0.06886769226600387
2020-01-23,683.0411376953125,689.796156393504,680.2899048582964,687.3580618125278,11247739,685.7889770507812,691.0406652832031,687.9480558682127,47.6403437150516,-0.2801117376595812,0.14977193674886072,-0.4298836744084419,700.7827847399782,685.7889770507812,670.7951693615843,-0.06272214413628162
2020-01-24,680.670166015625,687.2909825261135,679.3280852091012,683.1082008428737,14628445,685.32373046875,691.5667529296875,687.2549235012996,46.48341797435698,-0.7952083280321176,-0.039224116207334944,-0.7559842118247827,700.3465190125016,685.32373046875,670.3009419249984,-0.03567517068103923
2020-01-27,673.9598388671875,681.9674704241261,673.2664314282462,677.6952802850295,13387750,684.4815887451172,691.8861645507812,685.9887249647174,43.27995705922899,-1.7250085821533503,-0.376381009396538,-1.3486275727568122,700.0594964470203,684.4815887451172,668.9036810432141,-0.05506402544745458
2020-01-28,658.3919677734375,675.5032444510476,654.7460541997162,674.8769082130656,24532236,683.5354370117187,691.9984509277343,683.3604623750717,36.92250930346219,-3.6757078020385734,-1.0362463679249452,-2.6394614341136284,702.6391557229548,683.5354370117187,664.4317183004827,-0.2395209866742928
2020-01-29,662.0155029296875,668.5244541677285,654.9472866809749,659.4208095162297,24746565,682.8700012207031,691.7309338378906,681.327609094559,39.16254506637702,-4.87308805812188,-1.8036147059643322,-3.069473352157548,703.9013478476038,682.8700012207031,661.8386545938024,0.039327772329636135
2020-01-30,645.8660278320312,661.9483606637074,644.1884717288344,661.6352224321117,22402689,680.8222412109375,690.8013317871093,677.9503156409849,33.45945733894406,-7.043949941098617,-2.8516817529911895,-4.192268188107428,707.2093711678855,680.8222412109375,654.4351112539895,-0.2339240654708367
2020-01-31,631.5059814453125,650.1158766250334,629.5152871221561,650.0040116804691,34750310,678.0150970458984,689.6744494628906,673.5270457175875,29.364545609882043,-9.810025487772009,-4.243350499947354,-5.566674987824655,711.8064943473947,678.0150970458984,644.2236997444021,-0.27714172272609927
2020-02-03,619.8076782226562,626.2719547408867,609.7646194987522,612.8289902103342,30712290,675.4204467773437,688.2339733886719,668.410915479975,26.51740812670272,-12.798581509477003,-5.954396701853284,-6.844184807623719,717.6646895719193,675.4204467773437,633.1762039827681,0.11338689131446451
2020-02-04,638.1044921875,640.8333280510134,625.3101998110101,626.2943485822723,25383901,673.2239410400391,687.0247778320313,665.5245894521202,36.83337846793456,-13.534615096130437,-7.470440380708714,-6.064174715421723,718.3351832081146,673.2239410400391,628.1126988719636,0.1863679537847919
2020-02-05,647.9909057617188,649.9145288544571,639.849132797698,641.9068982608502,18472100,671.7778686523437,686.02494140625,663.854714814939,41.60381456630775,-13.168379186919765,-8.610028141950925,-4.558351044968839,718.1597617260239,671.7778686523437,625.3959755786635,0.09449742026556472
2020-02-06,652.1513671875,656.267018049872,644.2332634474068,650.496207815146,15538577,669.7603057861328,685.0224230957032,662.7401102789925,43.53634709905543,-12.399486560986588,-9.367919825758058,-3.0315667352285303,715.8703326380618,669.7603057861328,623.6502789342038,0.02543907631201296
2020-02-07,641.3478393554688,649.7133433335028,638.9544787429636,649.1094039600182,12209212,667.2103912353516,683.7103381347656,660.7027511434187,39.84857628483476,-12.517593002358012,-9.997854461078049,-2.5197385412799633,713.6814152688141,667.2103912353516,620.7393672018891,-0.119005892408009
2020-02-10,642.2201538085938,646.6489428047836,630.9692153123326,638.8202476362594,15142476,664.7924499511719,682.67650390625,658.9425037781973,40.28838407416727,-12.397889568398341,-10.477861482542108,-1.9200280858562326,711.1805359691283,664.7924499511719,618.4043639332154,0.05317144675684304
2020-02-11,649.8922729492188,655.9091502920886,646.4476326193693,647.4989123607826,13999816,663.0779663085938,681.4798376464844,658.0805770325803,44.15580959220718,-11.550797435777326,-10.692448673189151,-0.8583487625881752,709.0051832158281,663.0779663085938,617.1507494013595,0.03694633522512959
2020-02-12,657.7432861328125,659.7787743619559,650.8987994375913,651.4132707150139,13533565,661.88017578125,680.5081872558594,658.0484540897453,47.87624589250243,-10.129196594311452,-10.579798257413612,0.45060166310216054,707.0455708034425,661.88017578125,616.7147807590576,0.09686886218233513
2020-02-13,659.4655151367188,661.0760000110254,654.2985851368666,661.0760000110254,13565659,660.4542388916016,679.8053942871094,658.1834122846952,48.68388898954867,-8.762588531947472,-10.216356312320386,1.4537677803729139,704.0049136499675,660.4542388916016,616.9035641332356,-0.024356750960408607
2020-02-14,665.482421875,671.6782343336056,650.0487037471439,660.8523004641426,21227841,658.3650970458984,679.2394909667969,658.8785560552004,51.51070001867566,-7.1120444865066474,-9.595493947157639,2.4834494606509914,696.3914750663977,658.3650970458984,620.3387190253992,0.06994846095060657
2020-02-17,661.2997436523438,673.7808982963232,659.5327193324579,666.108801931165,13149130,657.1550079345703,678.5536999511719,659.1091453501665,49.470579167949126,-6.071495198165053,-8.890694197359123,2.81919899919407,693.1354670604298,657.1550079345703,621.1745488087108,-0.0720711124684717
2020-02-18,656.4459228515625,660.248435272722,651.9723999060855,660.248435272722,11127161,655.6675537109375,677.6124682617187,658.8555051122042,47.13745147967418,-5.574258580886749,-8.227407074064649,2.6531484931779,689.0917905168671,655.6675537109375,622.2433169050078,-0.05752855532507553
2020-02-19,672.7296142578125,673.9150960904617,659.8905874009041,661.7918138192991,14084409,655.006591796875,677.092197265625,660.1768488403574,54.83340857991502,-3.822177488436296,-7.346361156938979,3.5241836685026833,686.4750441536228,655.006591796875,623.5381394401272,0.16378692143642243
2020-02-20,664.744384765625,674.6085086758875,663.7825731086709,669.6876451612479,16892268,654.0917541503907,676.4081958007813,660.6118522618114,50.91860262664246,-3.0429051676488825,-6.48566995908096,3.4427647914320776,683.2240996049766,654.0917541503907,624.9594086958048,-0.07368064884459288
2020-02-24,646.40283203125,660.7404777544862,643.9871345353313,657.4971707893623,21370214,652.3783874511719,675.30546875,659.258612239853,43.275937040747735,-3.860831001481756,-5.96070216756112,2.099871166079364,678.9771197351848,652.3783874511719,625.7796551671589,-0.16715254086987358
2020-02-25,633.6309814453125,649.2883120922913,630.7678836964259,649.2883120922913,27745062,650.3619445800781,673.8157824707031,656.8178854975159,38.89774126845313,-5.476495094656684,-5.863860752980234,0.3873656583235494,676.2147902465108,650.3619445800781,624.5090989136454,-0.23657794135533544
2020-02-26,622.7154541015625,631.8190982347916,620.6352917833475,630.7678186366056,29362748,648.5781188964844,672.2536242675782,653.5700348883776,35.58427610890432,-7.550672903401619,-6.201223183064511,-1.349449720337108,676.7846948218452,648.5781188964844,620.3715429711236,-0.12697072426506864
2020-02-27,620.1432495117188,623.5207586374837,612.4263599498594,620.9260652375485,25054993,646.484506225586,670.6749157714844,650.386531519172,34.83131360626176,-9.294883542452567,-6.819955254942123,-2.474928287510444,676.5456733823138,646.484506225586,616.4233390688581,-0.01260656136263162
2020-02-28,594.375732421875,607.0582205033455,592.7429101600251,606.1187459732274,39315769,643.9099914550782,668.463203125,645.0521697003818,28.357806906041603,-12.611034169474806,-7.978171037848659,-4.632863131626147,681.594864069578,643.9099914550782,606.2251188405784,-0.1913529235705045
2020-03-02,588.7838134765625,612.426378055896,582.0511321802886,606.2081680239584,29500495,641.7738830566407,665.8345568847657,639.6932786314467,27.177350789764503,-15.51152139517842,-9.484841109314612,-6.026680285863808,686.2587680677418,641.7738830566407,597.2889980455395,-0.27976939442601284
2020-03-03,600.7280883789062,605.6713484615526,591.4007735026032,594.8454135797672,27398798,640.8199035644532,663.5418713378906,635.9823081312047,33.541112092752655,-16.654393771879654,-10.91875164182762,-5.7356421300520335,687.8912675573148,640.8199035644532,593.7485395715916,0.09857303693561235
2020-03-04,599.3189086914062,605.6265863851147,585.0930684252744,604.8213738082619,22105261,638.8806243896485,661.4688354492188,632.4905558036049,33.17279595129473,-17.472426135854903,-12.22948654063308,-5.242939595221824,689.3153536600475,638.8806243896485,588.4458951192494,-0.09072652829217635
2020-03-05,586.5470581054688,607.4831839260905,584.2431656944867,604.9108873026663,30510390,635.8084320068359,659.3635913085938,628.1149845942585,29.961508997335955,-18.933055799547333,-13.57020039241593,-5.362855407131402,690.9180449532073,635.8084320068359,580.6988190604645,-0.2945845374659589
2020-03-06,568.5858154296875,576.2579718033144,555.2099795536162,568.1384750442038,33734039,631.6301544189453,657.1769311523437,622.4455399119184,26.130509074780377,-21.294468133561963,-15.115053940645138,-6.179414192916825,693.4168451745179,631.6301544189453,569.8434636633726,0.00787362871616408
2020-03-09,498.41845703125,555.1651920392663,489.85165057435484,554.7401888514859,88187018,624.4836853027343,653.3457983398438,610.6334367804262,16.99061737225901,-28.49930162209762,-17.791903476935637,-10.707398145161982,709.0028645183774,624.4836853027343,539.9645060870913,-0.7679375740742179
2020-03-11,516.044189453125,527.183262933386,495.6672390040311,495.6672390040311,59578576,618.1748870849609,649.8506286621093,601.624937034969,24.166132943978738,-32.41329448547776,-20.716181678644062,-11.697112806833701,714.4723237304255,618.1748870849609,521.8774504394963,0.3894074811990459
2020-03-12,475.5363464355469,492.5357574215292,469.13920029845366,485.3781326945414,55970485,609.4570907592773,645.8150555419921,589.616499835024,19.907103595487456,-38.34182572188752,-24.241310487292754,-14.100515234594763,722.7582317768738,609.4570907592773,496.15594974168084,-0.20003147526205703
2020-03-13,494.4593811035156,509.98250923399024,421.58557799627334,446.45838815033005,73297403,601.2928955078125,642.1977587890625,580.5539170986899,26.43000134403283,-41.04021266326072,-27.60109092248635,-13.439121740774368,722.7388321708274,601.2928955078125,479.84695884479765,0.7913937768125452
2020-03-16,454.37652587890625,483.0071128058158,449.5898351157526,474.44030673011787,38482258,591.0384460449219,637.5488647460937,568.5370226968057,22.289125982031223,-45.88413147953895,-31.257699033896873,-14.626432445642077,725.0853549794388,591.0384460449219,456.991537110405,-0.3993654004746564
2020-03-17,450.9319152832031,474.19426900063905,448.78462201274766,468.49050072051966,45445979,580.310920715332,632.8145257568359,557.3365362764625,21.970557925873436,-49.43111223520293,-34.89238167415809,-14.538730561044844,722.8796461815075,580.310920715332,437.74219524915657,-0.35817491025847115
2020-03-18,433.2615051269531,463.41311163950786,429.9063628131876,458.6711544738802,44730415,568.9090087890625,628.0457421875,545.5198666431759,20.362740971973224,-53.05637361196,-38.52518006171847,-14.531193550241525,719.9675912515768,568.9090087890625,417.8504263265481,-0.5035002001054749
2020-03-19,410.53594970703125,432.5904563115507,399.128442171934,411.60959642106957,61404010,556.6135101318359,622.6157690429687,532.6642555064002,18.488796491748943,-57.1049118909292,-42.241126427560616,-14.863785463368586,716.9189719556546,556.6135101318359,396.3080483080173,-0.02607818898172169
2020-03-20,455.38311767578125,462.9657459489258,416.0383975453142,420.28825049021884,63360475,545.7461853027344,618.1851843261719,525.3041471415794,31.822909892304622,-56.04852350354406,-45.002605842757305,-11.045917660786756,702.521102424911,545.7461853027344,388.9712681805578,0.6831617714233605
2020-03-23,395.4825134277344,424.98544483853334,391.72473514239124,409.86489349215907,40670949,532.2830917358399,612.2447821044922,512.9401820259751,25.761215321158176,-59.36053495197774,-47.8741916646014,-11.486343287376343,692.0863301482419,532.2830917358399,372.47985332343785,-0.337178246875089
2020-03-24,422.0329284667969,433.9325104811008,400.73893016882965,416.03838849257653,45734887,521.0645965576172,606.8385180664062,504.28234835367243,31.94871625589238,-59.1609605571561,-50.13154544311234,-9.029415114043765,678.7351808337829,521.0645965576172,363.3940122814514,0.14309731674603612
2020-03-25,484.14788818359375,515.1494403179707,430.91289363718744,431.15893082862937,73130298,513.5904418945313,602.7098962402343,502.36478071842686,43.75870116007629,-53.37536034953541,-50.78030842439696,-2.5950519251384563,663.1728327845492,513.5904418945313,364.00805100451333,0.8422858184698618
2020-03-26,476.96783447265625,499.648645569476,466.2984692637249,490.2094960975014,45744488,506.3030609130859,598.5656140136718,499.9460239331154,42.83334028742434,-48.80698429657923,-50.38564359883341,1.5786593022541808,647.8977550055467,506.3030609130859,364.70836682062503,-0.263738821389694
2020-03-27,476.6994323730469,495.3540612398386,468.02079126607595,489.8516259919914,41657940,499.13087005615233,594.4656207275391,497.7320628321565,42.79690669561031,-44.69297833372974,-49.24711054581268,4.554132212082941,631.1409202981596,499.13087005615233,367.1208198141451,-0.2622223997877243
2020-03-30,460.9750061035156,480.815118140311,456.30017996614265,465.51565999753865,30229866,492.46083374023436,589.9254357910156,494.23139076276215,40.61717355798095,-42.2148027850925,-47.84064899366865,5.625846208576149,617.8624009411906,492.46083374023436,367.0592665392782,-0.09723214017297534
2020-03-31,498.239501953125,505.4194933506304,468.8260394087323,480.43484934010263,44292810,487.9336181640625,585.7449206542968,494.6131156380348,47.44816800265378,-36.819465546332765,-45.63641230420148,8.816946757868713,605.384142425001,487.9336181640625,370.4830939031241,0.35451163043820766
2020-04-01,483.3426208496094,503.09323250680984,467.57342742716816,502.04195294531377,41597459,482.06434478759763,581.7017425537109,493.53973518199433,45.20926490260076,-33.36110961486315,-43.18135176633382,9.820242151470666,587.4992968592771,482.06434478759763,376.62939271591813,-0.3561463996929772
2020-04-03,482.0005798339844,507.4997254458984,472.5390630031507,507.4997254458984,41367807,476.19842834472655,577.6178540039062,492.4407680059934,45.003242345025946,-30.378445309518213,-40.620770474970705,10.242325165452492,566.9131872180088,476.19842834472655,385.4836694714443,-0.46403901775984324
2020-04-07,539.5526123046875,543.086660841312,492.08842686836795,493.0278714782651,54373624,473.8487060546875,574.6899291992188,496.92761032015477,54.565358122746055,-23.104361621804173,-37.1174887043374,14.013127082533224,554.9318066682454,473.8487060546875,392.76560544112965,0.7368962795133159
2020-04-08,533.3119506835938,549.7969487728319,518.929571501776,527.8766166035285,49880330,472.0850128173828,571.6953454589843,500.3927855928633,53.4795347522876,-17.639826193832846,-33.221956202236484,15.582130008403638,546.072702763619,472.0850128173828,398.0973228711467,0.10260364936474795
2020-04-09,545.7484130859375,551.4968858405396,533.6922622821191,543.0866484415843,33032857,474.4515106201172,568.9969104003907,504.7123691636322,55.38488618018035,-12.165388886900985,-29.010642739169388,16.845253852268403,554.4411741221666,474.4515106201172,394.46184711806785,0.04897257875939712
2020-04-13,531.969970703125,543.534047096568,527.8766572382242,538.590786977077,23673784,475.2477996826172,566.1571130371094,507.3083312150125,52.80447046171731,-8.836797923268136,-24.975873775989136,16.139075852721,557.1715106926162,475.2477996826172,393.32408867261825,-0.12231302166285529
2020-04-15,514.388916015625,552.9283884903713,511.32454531609477,535.50397581859,35321842,477.19042816162107,563.2770520019532,507.98267262459467,49.6272448132753,-7.530700557336218,-21.486839132258552,13.956138574922335,560.873090342823,477.19042816162107,393.5077659804191,-0.37506350391273674
2020-04-16,522.5308227539062,531.2094648682425,512.2193584197375,514.3889890858135,37455706,478.5940002441406,560.4873583984376,509.36821073214816,51.09481262304316,-5.772088117072656,-18.343888929221375,12.57180081214872,564.3052295002002,478.5940002441406,392.882770988081,0.15697294653971225
2020-04-17,547.5601806640625,550.2443422338717,533.5356723756136,543.9813981126731,33269335,483.25318298339846,558.5212414550781,513.0055412018543,55.39686889688823,-2.331835139793043,-15.14147817133571,12.809643031542667,573.217356301504,483.25318298339846,393.28900966529295,0.06569394312180421
2020-04-20,556.4178466796875,562.3228590945811,537.7184814324796,548.4549490845818,36030932,488.52747955322263,557.0194787597657,517.1400464854574,56.8437058099674,1.0966878167555478,-11.893844973717458,12.990532790473006,582.5698125591248,488.52747955322263,394.48514654732054,0.14417618225121295
2020-04-21,553.5323486328125,560.0860337092978,520.7190100428373,541.2972025264376,61371628,494.5410217285156,555.6939721679687,520.6059800233008,56.20410582704484,3.5401724790671096,-8.807041483160544,12.347213962227654,589.0585896943219,494.5410217285156,400.0234537627093,0.22226141905776403
2020-04-22,610.0106811523438,619.5393292310587,581.5590584712065,590.5061043699907,142683366,504.51475830078124,555.1320959472656,529.120713464162,64.60012706108766,9.919633740509425,-5.061706438426551,14.981340178935977,603.4639725156655,504.51475830078124,405.56554408589693,0.31879275102627974
2020-04-23,613.2763671875,619.9643142606366,605.4029383592604,611.6882791292506,65464502,512.4094207763671,554.4378051757812,537.1355376282894,65.01773172759397,15.06525345822729,-1.0363144590957827,16.101567917323074,619.2957066261154,512.4094207763671,405.5231349266189,0.025956543461244368
2020-04-24,633.8994140625,668.7705820869983,602.674159716329,603.993843697594,134986308,524.3302658081054,554.0727661132812,546.351144907738,67.61585170651506,20.57018143839673,3.2849847204027203,17.285196717994012,629.5625578052915,524.3302658081054,419.0979738109194,0.4582788515198261
2020-04-27,639.6031494140625,659.8458688421625,636.5835122845931,641.5043758770541,58482901,535.2087768554687,554.0378723144531,555.2322881940546,68.31671396782083,25.103740010011506,7.648735778324478,17.455004231687028,640.8737462734024,535.2087768554687,429.5438074375351,-0.029628324941465434
2020-04-28,638.8873291015625,651.1000185601599,622.7825996528488,648.6619839341811,78453401,542.9457489013672,553.9712158203125,563.1994349471506,68.11746869252349,28.312488381532944,11.781486298966172,16.531002082566772,654.990598783518,542.9457489013672,430.90089901921647,-0.14955917776980138
2020-04-29,638.3504028320312,650.2947467333179,635.2412982789344,646.3804296711473,37494672,551.0148773193359,553.7403784179687,570.3566699838059,67.95736810263894,30.46098386043718,15.517385811260375,14.943598049176806,666.094839134,551.0148773193359,435.9349155046719,-0.12359548779542391
2020-04-30,655.8197021484375,668.7705945819996,643.3162098274911,650.4291011653437,71345899,559.9708908081054,553.7019067382812,578.4960063804374,70.39539876664477,33.190706658489376,19.052049980706176,14.1386566777832,678.3550539837568,559.9708908081054,441.58672763245414,0.08268837682452986
2020-05-04,642.041259765625,655.3723616641694,634.100699124361,644.1885533507939,53456868,569.024203491211,553.3534216308594,584.5479352742648,66.12206593885111,33.85200169014638,22.012040322594217,11.839961367552164,683.365938055292,569.024203491211,454.68246892713006,-0.03332096844265633
2020-05-05,653.42626953125,661.6352335022636,647.409392668105,650.3172243173109,44903763,576.7835418701172,553.1122985839844,591.107776632073,67.85830372985833,34.892538443373155,24.588139946750008,10.304398496623147,691.9175937001799,576.7835418701172,461.6494900400546,0.047771742239658625
2020-05-06,653.4710693359375,664.2970042488814,646.6489200756587,654.9249553114857,40489094,585.2899642944336,552.9557250976562,597.0471378419649,67.86528274540863,35.31371179919961,26.733254317239933,8.580457481959677,696.6289387395755,585.2899642944336,473.9509898492917,-0.022195629927086707
2020-05-07,674.1387329101562,677.1360326646604,646.4252520396666,650.8987749292127,50026966,594.8968719482422,553.3095812988281,604.389194515126,70.99430463224994,36.88995796938093,28.764595047668134,8.125362921712796,702.0055918560215,594.8968719482422,487.7881520404629,0.3426077618742473
2020-05-08,698.6760864257812,706.7731256998821,687.6264217526766,691.1605298647231,84262770,602.8530456542969,553.8285107421875,613.3688985066169,74.20560207226447,39.661906013141106,30.94405724076273,8.717848772378375,715.8154408862317,602.8530456542969,489.8906504223621,0.10831166353638981
2020-05-11,705.3863525390625,722.475230772329,703.3732613494101,706.817841580586,67085063,611.4567657470703,554.6413500976563,622.1324655573261,75.0200903202732,41.91696452924759,33.1386386984597,8.778325830787892,728.0750737651381,611.4567657470703,494.8384577290025,-0.02024981929936192
2020-05-12,661.7470703125,701.6062908611085,655.372320874391,700.0181429966896,100683202,617.2566986083984,554.9482348632813,625.9052850578189,61.43409577246448,39.724865758502574,34.455884110468276,5.268981648034298,731.7450312234823,617.2566986083984,502.76836599331455,-0.49805445570697254
2020-05-13,675.7872314453125,689.5834112989287,656.6170544616783,689.5834112989287,66430125,624.4475616455078,555.7913598632813,630.6559466185327,63.711114785232574,38.67471728764758,35.29965074590414,3.3750665417434433,734.5890330519914,624.4475616455078,514.3060902390242,-0.1974381960426188
2020-05-14,648.4657592773438,675.9000855316069,645.8013667337839,663.3909205122524,49266771,631.1514038085937,556.3063659667969,632.3521192527052,56.696036441399535,35.23172321545724,35.28606523981476,-0.05434202435752411,729.356146018502,631.1514038085937,532.9466615986854,-0.22126220400378682
2020-05-15,659.0556640625,662.3523056062347,639.0500542508714,652.101104371265,62152260,637.9776458740234,557.0846142578125,634.8953139964951,58.59887568037937,32.977498347281085,34.82435186130803,-1.8468535140269466,723.1470329324211,637.9776458740234,552.8082588156258,0.10624598287432326
2020-05-18,650.6333618164062,669.2615916574534,644.8755724678133,663.8425028264256,62796089,643.1313049316407,558.2097668457031,636.3941756936296,56.473467465697986,30.16369123893878,33.892219736834186,-3.728528497895404,717.5930636496464,643.1313049316407,568.6695462136349,-0.19639490117072164
2020-05-19,636.2501831054688,660.0943806330317,633.6987303989603,657.9718729953,42315854,647.1229217529296,559.1590942382812,636.3804621138047,52.94194707437721,26.46801966157068,32.40737972178149,-5.939360060210809,710.2612357239346,647.1229217529296,583.9846077819246,-0.3186384628802184
2020-05-20,647.44970703125,653.3881649537279,629.0698124523583,636.7469251931129,55320985,651.8187896728516,560.0935266113281,637.4346759154662,55.28662956549327,24.164329939346658,30.758769765294524,-6.594439825947866,698.1483080315508,651.8187896728516,605.4892713141525,0.16652006527363483
2020-05-21,650.8592529296875,659.981412669229,643.5208404585119,648.0367682176926,39167981,653.8612182617187,561.1243334960938,638.7132070596778,56.00530379545095,22.356054417373002,29.07822669571022,-6.722172278337219,696.0552790727659,653.8612182617187,611.6671574506715,0.04352687172193227
2020-05-22,646.478759765625,658.4234038155449,644.1982199074185,655.6235549779989,37828973,655.521337890625,562.3229675292969,639.4527835078633,54.78692388166701,20.335103435019846,27.329602043572145,-6.994498608552298,693.6105606490805,655.521337890625,617.4321151321694,-0.13858483298193708
2020-05-26,643.0919189453125,654.6752882868365,639.5920326713002,653.975311032034,33216635,655.9809631347656,563.8130895996094,639.7993678352394,53.81217977170246,18.24982287417663,25.513646209693043,-7.263823335516413,693.2279823704147,655.9809631347656,618.7339438991165,-0.164899495941266
2020-05-27,652.8010864257812,656.61703698639,637.6501047337907,646.2303793438942,35667956,656.6408599853515,566.9007421875,641.0376267486243,56.217044579486554,17.18260134632635,23.847437237019705,-6.664835890693354,693.1644736243388,656.6408599853515,620.1172463463643,0.10132852318528002
2020-05-28,664.8585815429688,668.2455271815335,654.359044090917,657.0685886567666,40126278,657.9394226074219,569.8770300292969,643.3062891099904,59.06735889079888,17.112497465235492,22.500449282662863,-5.387951817427371,693.6843231034038,657.9394226074219,622.1945221114399,0.11800440787045077
2020-05-29,661.3135986328125,664.7456963541632,656.007389810822,662.9393134152917,40022527,659.0875823974609,573.5925750732422,645.0212709693069,57.874425736377724,16.579767896445333,21.31631300541936,-4.736545108974028,693.6990819528361,659.0875823974609,624.4760828420857,-0.024517915034482328
2020-06-01,686.5802612304688,694.7089545568629,666.5295002853659,668.358459270055,39943702,660.6256103515625,577.4349926757812,648.9792700417985,63.5282643350164,17.989018180580274,20.650854040451545,-2.661835859871271,697.1978327497153,660.6256103515625,624.0533879534097,0.26607515482467053
2020-06-02,693.51220703125,695.4541060723005,686.7834677262479,689.1317954741431,22153960,663.1991577148438,582.2177062988281,653.220502136032,64.91936013430477,19.44110432826301,20.40890409801384,-0.9677997697508296,701.3863924656087,663.1991577148438,625.0119229640788,0.06347873591787158
2020-06-03,696.1991577148438,704.4858827598387,692.450876102865,697.7119921008509,25381289,665.3378021240235,587.123051147461,657.3137074292522,65.46915045696711,20.571571258292465,20.441437530069564,0.13013372822290137,705.8182644433273,665.3378021240235,624.8573398047197,-0.021679394429857602
2020-06-04,713.427490234375,717.8079613810611,695.905665372641,697.2604077785676,34202350,668.3356231689453,592.7263708496093,662.6578772202163,68.84109207145387,22.597170777585347,20.87258417957272,1.7245865980126283,713.4696442241592,668.3356231689453,623.2016021137314,0.2277980583074399
2020-06-05,714.2855834960938,730.6784284128001,710.672817206594,720.2917701242513,33076685,670.3429656982422,598.8013635253906,667.5748016274428,69.00344574902675,23.99511321639841,21.49708998693786,2.49802322946055,719.7039494280303,670.3429656982422,620.9819819684541,-0.08319274040700013
2020-06-08,708.7760620117188,730.8590266524802,706.7439184964705,730.8590266524802,31414953,670.8479644775391,603.8692224121094,671.49873118785,66.60382213179219,24.377412692881194,22.073154528126526,2.3042581647546676,721.5466237509359,670.8479644775391,620.1493052041424,-0.2932796620617331
2020-06-09,694.1670532226562,714.8726404733965,692.29294201313,704.6214390965813,25857161,670.2869995117187,609.8429132080078,673.6576190006888,60.58730021683156,23.233738787375387,22.305271379976297,0.92846740739909,719.6759785996824,670.2869995117187,620.898020423755,-0.14728963564380454
2020-06-10,709.972900390625,713.3146942802665,695.4767428311673,696.8540614537437,22132647,672.698291015625,615.6017126464844,677.1162172283017,64.34051273538924,23.33379132737423,22.510975369455885,0.822815957918344,724.81759661396,672.698291015625,620.5789854172901,0.18606511277630425
2020-06-11,694.4154663085938,708.0761301554923,691.3897970340737,707.1955445300772,20385805,673.6297027587891,619.8070642089843,678.763764759758,58.441328922180986,21.905219045018953,22.3898241045685,-0.4846050595495477,726.595453340244,673.6297027587891,620.6639521773342,-0.17877302223712901
2020-06-12,717.4918212890625,719.3885083960947,676.0354981246212,677.3903002260765,38548899,677.081005859375,624.6175439453125,682.4521510958822,63.75046413690749,22.37718396133039,22.38729607592088,-0.010112114590491217,731.9978251443056,677.081005859375,622.1641865744443,0.5313326660827861
2020-06-15,729.1204223632812,734.7201801016447,704.9827364804711,706.7439674657269,53107403,680.5842437744141,629.6659637451172,686.896748359444,66.10063097374501,23.419584093006847,22.59375367933807,0.8258304136687755,739.2647679834806,680.5842437744141,621.9037195653475,0.30644145880098583
2020-06-16,730.5429077148438,744.474543171046,715.9112353938917,741.9682427707079,51187003,684.579721069336,635.0573217773438,691.0535254409107,66.38770862029536,24.082864120592944,22.891575767589046,1.1912883530038982,745.4016835559573,684.579721069336,623.7577585827146,-0.15278117221868376
2020-06-17,729.4817504882812,738.5587590012301,723.4981396521298,726.2754127989954,41782053,689.2412994384765,639.6821667480468,694.7133563978032,65.93910022601278,24.243428646974962,23.16194634346623,1.0814823035087322,748.8104145098391,689.2412994384765,629.6721843671139,0.04411902407300515
2020-06-18,747.793701171875,751.9031997400788,725.0785489207035,725.7107978465832,40471557,694.2584991455078,644.9711883544921,699.7686273286672,69.7392363800964,25.553731066655246,23.640303288104036,1.9134277785512097,755.7740224656245,694.2584991455078,632.7429758253911,0.29523676355690387
2020-06-19,794.53369140625,807.8105013724783,750.5484911968546,754.1611973181019,105804173,701.4422210693359,651.2218505859375,708.7938715265323,76.84144204596106,30.017656900581073,24.915774010599446,5.101882889981628,773.6368198201967,701.4422210693359,629.2476223184751,0.4894446443093795
2020-06-22,788.550048828125,814.7650268662464,783.5147529061562,800.8559685231744,60198705,708.545785522461,656.2017993164062,716.3896979362078,74.43297639437087,32.69562551750346,26.47174431198025,6.22388120552321,785.5105559873502,708.545785522461,631.5810150575717,-0.15246153429948514
2020-06-23,777.1473388671875,796.4981230069162,774.9796793150689,790.2886927800162,37962078,715.2485565185547,661.0785070800781,722.1761399296345,69.93451852838088,33.51153146815136,27.879701743214472,5.631829724936889,791.5915996259058,715.2485565185547,638.9055134112035,-0.16476960396349524
2020-06-24,780.2859497070312,800.539956785878,772.9927488541816,783.9212919679801,51586221,721.6227996826171,665.7692578125,727.7104075274818,70.46365667864237,34.019249741858516,29.107611342943283,4.911638398915233,797.3312637113203,721.6227996826171,645.914335653914,-0.04634060288884039
2020-06-25,775.7926025390625,789.8371789860777,773.6023667469223,779.9021017250843,39679374,727.1695007324219,670.6457104492188,732.2896641952515,68.60218660783644,33.67090730766745,30.020270535888116,3.6506367717793324,801.6755150637626,727.1695007324219,652.6634864010811,-0.05264378766555625
2020-06-26,786.5178833007812,791.1919028764127,775.3860969939733,780.7149415817722,30921913,733.4297149658203,676.0882897949218,737.4542564910163,70.59873687230262,33.86985335523127,30.790187099756746,3.0796662554745247,805.7583481408998,733.4297149658203,661.1010817907407,0.07419197971830203
2020-06-29,778.1634521484375,785.6598967514907,774.7313543352946,780.3762638421109,25621946,738.0088745117188,681.2009423828125,741.331322744104,67.02353106719133,32.973291182563116,31.226807916318023,1.746483266245093,809.4847694259665,738.0088745117188,666.532979597471,-0.02834810487584892
2020-06-30,769.5606079101562,786.2243641857787,765.6994455798191,784.418040909027,30276420,741.8112945556641,685.6409509277344,744.0198260932518,63.45973978155985,31.2088256529737,31.22321146364916,-0.014385810675459965,811.4825343447332,741.8112945556641,672.140054766595,-0.18717412108782594
2020-07-01,784.6889038085938,789.8370801059237,771.3443062214384,776.7408788298266,28464103,746.2357818603516,690.2063720703125,747.8930715899511,66.80262409483751,30.677569134191003,31.114082997757528,-0.43651386356652466,814.991739941967,746.2357818603516,677.4798237787362,0.10196966627011932
2020-07-02,798.19775390625,801.4851428535685,786.7259244633,790.3307243392775,28789533,750.4742950439453,695.0996801757813,752.6839937153129,69.4870246793968,30.989369657075258,31.089140329621078,-0.0997706725458194,821.045211883587,750.4742950439453,679.9033782043036,0.09921351469422855
2020-07-03,810.689697265625,813.0022452904714,801.6664242784979,807.0168938963399,29434266,755.2945007324219,699.1132604980469,758.2083464343903,71.76101668049479,31.877010908435295,31.246714445383923,0.6302964630513728,828.4420990273472,755.2945007324219,682.1469024374965,0.04547946574103012
2020-07-06,839.6640014648438,842.4752438841282,812.5941218966552,818.4434059167284,47016185,761.8388977050781,703.6410131835937,765.9660278658621,76.19281608079766,34.52052605962717,31.901476768232577,2.619049291394596,840.3889079656644,761.8388977050781,683.2888874444918,0.25362191101290715
2020-07-07,826.8092041015625,845.3545651080822,819.0329064848479,843.3821557977242,35189589,768.4710052490234,707.499208984375,771.760616078786,70.87810069823131,35.172805934748,32.55574260153566,2.617063333212336,845.4287673368103,768.4710052490234,691.5132431612365,-0.19401497616749108
2020-07-08,815.2694702148438,832.0237061429656,811.6420023700266,827.0813186844387,26204095,773.7358337402344,711.0125354003907,775.9043164726963,66.40043029548181,34.362473151531844,32.9170887115349,1.4453844399969427,848.3363503578796,773.7358337402344,699.1353171225892,-0.14185055585491307
2020-07-09,827.1719360351562,832.0463193953086,809.9415548565688,820.257139626406,36418942,780.3736572265625,714.7782275390625,780.7869469072164,68.60358950509229,34.28548635659797,33.19076824054752,1.0947181160504513,848.942845240375,780.3736572265625,711.80446921275,0.08410122132581023
2020-07-10,851.5665893554688,854.5365672443328,827.1719444149811,829.0990778284718,43759967,787.0773956298829,719.0425512695313,787.5278652356213,72.57305469734668,35.78046350456236,33.70870729335049,2.07175621121187,855.960156676469,787.0773956298829,718.1946345832968,0.264543050447329
2020-07-13,877.3895263671875,883.1480789947044,861.519399808991,863.0383906975433,69608392,794.4908508300781,723.4739477539063,796.0861186767229,76.02807482292334,38.60393671823783,34.68775317832796,3.9161835399098734,868.5479338066389,794.4908508300781,720.4337678535173,0.16477027885845108
2020-07-14,869.2277221679688,880.4274760561808,855.7608159923657,876.9360759259316,67331128,801.4250915527343,728.0176770019531,803.0519856758891,72.90214884216036,39.72504460800894,35.695211464264155,4.0298331437447885,876.2005478411428,801.4250915527343,726.6496352643259,-0.08767528285423258
2020-07-15,836.1271362304688,897.2496904821614,815.2693491404729,878.7269992664014,139669773,806.7573608398437,731.6716943359374,806.2020000144205,61.80389322663455,37.51019584733956,36.05820834087924,1.4519875064603198,875.1921034520474,806.7573608398437,738.3226182276401,-0.45007206573553815
2020-07-16,835.855224609375,847.463061457531,821.8214999600007,837.4875551151266,60961724,811.1604370117187,735.3193774414062,809.0261166425114,61.72076997957235,35.32575790442195,35.91171825358778,-0.5859603491658305,875.0334374125084,811.1604370117187,747.287436610929,-0.01948833537180171
2020-07-17,866.8245239257812,870.5879989548259,833.4066071401047,836.5806561826539,49726765,814.7749786376953,739.1730932617188,814.5307268599656,67.14133839156733,35.68221635154259,35.86581787317874,-0.18360152163614885,882.5386039542698,814.7749786376953,747.0113533211209,0.34655012543195274
2020-07-20,870.5426025390625,876.0291396123432,861.3606541786958,869.5904298045907,36592938,818.8746063232422,742.6104235839844,819.8651912103558,67.73211595865817,35.85145683223732,35.862945664990455,-0.011488832753137501,889.6498655161423,818.8746063232422,748.0993471303422,0.010949231385260197
2020-07-21,893.96240234375,896.4336259674744,878.0696681167741,879.2032442811862,42173371,824.7153594970703,746.3819445800781,826.9220684611553,71.23976296067704,37.44373517808742,36.17910356760985,1.264631610477572,899.8956905394748,824.7153594970703,749.5350284546657,0.16631040022253893
2020-07-22,908.67626953125,911.3968402873401,889.0426683207968,899.1541819328522,59771457,831.1348754882813,751.3205285644531,834.7081828487833,73.2101181763774,39.43829325685215,36.83094150545831,2.6073517513938356,911.7719254423514,831.1348754882813,750.4978255342112,0.10550637791097135
2020-07-23,933.07080078125,943.0009104541319,902.9402730055884,908.6534892544267,58333751,838.9987854003906,756.4661999511719,844.0760512233039,76.12993734148588,42.49754446378358,37.96426209712337,4.533282366660217,926.8657453278952,838.9987854003906,751.131825472886,0.26243313503437493
2020-07-24,973.1315307617188,980.771821076851,933.0708895039387,933.1615612066566,120597372,848.3294677734375,762.9595153808593,856.3670492745815,79.98738515169273,47.60581894670122,39.892573467038936,7.713245479662284,950.4070156050278,848.3294677734375,746.2519199418472,0.403923469336162
2020-07-27,977.6884765625,997.004667049382,964.8563920667285,987.9360577935167,80304827,858.3057189941406,769.3321716308594,867.92147092105,80.37587220597227,51.42902888811841,42.199864551254834,9.229164336863576,969.58833263561,858.3057189941406,747.0231053526713,-0.10335675351841493
2020-07-28,987.437255859375,994.8281988813131,975.1719293046234,977.688488793748,55114422,869.1995513916015,776.0682495117187,879.3039266294619,81.21595648618508,54.616015892818496,44.68309481956757,9.932921073250924,986.1139199526746,869.1995513916015,752.2851828305285,0.0993832484549925
2020-07-29,950.6866455078125,989.7497164572247,938.806733983119,987.5279599955765,72663399,877.4994384765625,782.3569787597656,886.1022808083525,69.19105685327574,53.55886567309642,46.45824899027335,7.100616682823073,992.7948697132904,877.4994384765625,762.2040072398347,-0.3566706301491152
2020-07-30,956.2185668945312,970.2068959629854,939.5096069794463,951.7522658851112,72857444,885.4004791259765,788.5323559570312,892.7800223403696,69.91318202251114,52.5615495070341,47.6789090936255,4.882640413408602,999.5272485156659,885.4004791259765,771.2737097362872,0.04689272153160034
2020-07-31,937.2877807617188,965.3551702803413,930.803734578172,958.7804523943249,74958061,891.7303833007812,794.2609265136718,897.0188564757361,64.3542631453803,49.67103624374636,48.077334523649675,1.593701720096682,1002.5760732163085,891.7303833007812,780.884693385254,-0.22048588953709444
2020-08-03,910.943359375,932.7080438678015,908.2680646839153,930.1234808378756,46715383,895.2943511962891,799.5502185058593,898.3449996089993,57.5022131075792,44.73878812064879,47.4096252430495,-2.6708371224007053,1003.7729461845953,895.2943511962891,786.8157562079829,-0.20333647999808843
2020-08-04,975.1492309570312,982.5855095976556,906.9758674005031,916.2032119273854,92041055,902.7113525390625,806.1913647460938,905.6596883088118,66.78449625190274,45.48648332851906,47.02499686014342,-1.5385135316243606,1011.7291273501705,902.7113525390625,793.6935777279546,0.5671916513971765
2020-08-05,964.1988525390625,995.7349719814191,960.5033812650585,983.492374105097,74549993,910.1578216552734,812.4193200683594,911.2348468069309,64.20864336023601,44.680385474237255,46.55607458296218,-1.8756891087249272,1014.5129920587577,910.1578216552734,805.8026512517891,-0.19369520054183198
2020-08-06,967.6676635742188,982.9029683593162,955.7424156591269,978.0512526670176,49322975,917.1826080322265,818.4755017089843,916.6094007847679,64.67346109496103,43.816363414863986,46.008132349342546,-2.19176893447856,1017.0663206006446,917.1826080322265,817.2988954638084,-0.10576901947298728
2020-08-07,973.2674560546875,978.4139143017511,961.3649370691895,965.7178380803712,32984416,923.2676513671875,824.7145788574219,922.0054060485697,65.45344431247999,43.08679837060754,45.42386555359555,-2.337067182988008,1021.2301680816929,923.2676513671875,825.305134652682,0.07801735967266703
2020-08-10,961.2061767578125,981.6786096293499,955.8783752585291,979.0033749181197,26958997,927.4584838867188,830.2070971679688,925.7388127827834,62.264612717857005,41.062030846489506,44.55149861217434,-3.489467765684836,1024.377564790701,927.4584838867188,830.5394029827368,-0.17981251818674726
2020-08-11,967.5316162109375,979.4115277857607,952.3643158271037,967.9850346750636,46828306,932.3736785888672,835.6874853515625,929.7190797759409,63.275124594994466,39.51232461335292,43.54366381241006,-4.031339199057143,1026.923551947948,932.3736785888672,837.8238052297863,-0.004684113201399162
2020-08-12,964.7203369140625,972.6100942320181,955.2889807683499,961.727691023823,30264617,938.8033386230469,841.0579089355468,933.0525328367145,62.47438268609328,37.62362281028038,42.35965561198413,-4.73603280170375,1023.2479850926113,938.8033386230469,854.3586921534825,0.03110735370939663
2020-08-13,962.203857421875,969.8441477839456,956.7399877786922,964.9017603707093,24830322,945.1207702636718,846.0334362792969,935.8288494638726,61.72142669910094,35.514366648265195,40.99059781924035,-5.476231170975154,1015.555935965545,945.1207702636718,874.6856045617986,-0.02795310590995793
2020-08-14,958.4630126953125,978.0512181796919,947.331262509623,962.4304992398274,33224635,949.7026947021484,850.9169848632813,937.9844840573431,60.553098238555904,33.158678433191085,39.4242139420305,-6.265535508839413,1010.4207240650231,949.7026947021484,888.9846653392736,-0.04120028036559015
2020-08-17,948.2835083007812,954.4728113825545,938.6480809006554,954.4728113825545,30979066,953.5897399902344,855.7071337890625,938.9653435090992,57.37065654594795,30.123136849359184,37.56399852349624,-7.440861674137054,1002.3071022462016,953.5897399902344,904.8723777342673,-0.06475451607387801
2020-08-18,960.6168212890625,967.7583570068861,944.2026051100721,945.4041850307872,30547672,956.9224609375,861.0361291503906,941.0273890119528,60.10633956854773,28.38543394542944,35.72828560788288,-7.342851662453441,997.2677873692475,956.9224609375,916.5771345057525,0.1595368894562943
2020-08-19,966.5113525390625,976.690929595431,961.8863763924035,970.7963098232202,34087543,959.8142150878906,866.1668981933594,943.4544331573918,61.38190341235906,27.170724089696137,34.01677330424553,-6.846049214549396,993.6837702666447,959.8142150878906,925.9446599091365,-0.044109940836368336
2020-08-20,950.8680419921875,963.0426971858464,946.7644877423543,961.2742991196269,22537845,960.7040771484375,871.2959497070312,944.1604911416581,56.24234496240929,24.661491035570975,32.145716850510624,-7.484225814939649,992.5936383074719,960.7040771484375,928.814515989403,-0.1078339046411199
2020-08-21,943.9758911132812,962.1811736813316,941.7767425366628,960.3674398053548,25280895,959.2462951660157,875.8256311035157,944.1429101865746,54.09332748260501,21.86472385996956,30.08951825240241,-8.224794392432852,991.3947277658486,959.2462951660157,927.0978625661827,-0.1690416626214193
2020-08-24,950.278564453125,954.2460509640609,938.8294034471639,948.3061551600297,32717218,957.8757995605469,880.2487939453125,944.7272582119602,55.75813733499023,19.927131224030404,28.05704084672801,-8.129909622697607,989.085892698876,957.8757995605469,926.6657064222177,0.02079628929250466
2020-08-25,944.0891723632812,957.3293988551819,942.2301027513665,954.926179130093,19388008,955.7083953857422,884.5197192382813,944.6664881311336,53.69864568476037,17.688243821480455,25.9832814416785,-8.295037620198045,984.3181424742627,955.7083953857422,927.0986482972216,-0.11300059085945122
2020-08-26,969.1185913085938,973.9476387792452,928.1737834196999,945.404164454041,59870421,956.6299926757813,889.3124560546875,946.9952598623203,60.114497207887496,17.72920313624286,24.332465780591374,-6.603262644348515,985.7168168197067,956.6299926757813,927.5431685318559,0.2457072057827803
2020-08-27,957.0120239257812,974.8772272109728,953.6792992534803,973.9703303109421,28085062,956.6696655273438,893.4968225097656,947.9492373921737,56.06755356527524,16.59348550745642,22.784669725964385,-6.1911842185079635,985.7563012623258,956.6696655273438,927.5830297923618,-0.17237680460821883
2020-08-28,959.528564453125,967.1235185049004,955.0395957954092,961.2742345079785,27166900,957.781704711914,896.7967199707032,949.0520304455977,56.71978974853798,15.715328370190036,21.370801454809516,-5.65547308461948,985.4871017129936,957.781704711914,930.0763077108344,-0.018157962831264175
2020-08-31,943.4544067382812,985.7595292256586,934.2270624878475,985.7595292256586,62076132,959.4072570800781,899.8948071289062,948.5189234258532,51.46406550523164,13.56595246635925,19.809831657119464,-6.2438791907602145,978.362665692026,959.4072570800781,940.4518484681303,-0.4046213306215224
2020-09-01,946.4243774414062,962.362446519786,935.1565603111148,952.205597527122,38616258,957.9710144042969,903.2803479003907,948.3194428559059,52.34275515969746,11.964291487067385,18.240723623109048,-6.276432136041663,976.2796306268538,957.9710144042969,939.66239818174,-0.060639498479830425
2020-09-02,964.992431640625,969.4360647157956,945.4042254030269,948.5782147606872,26949439,958.010693359375,906.9744775390625,949.9073465496887,57.52060395609209,12.054295995114785,17.003438097510198,-4.949142102395413,976.376476673509,958.010693359375,939.6449100452409,0.17133353398857243
2020-09-03,957.6921997070312,969.7761228830589,953.5659776492615,964.9017393534515,18586429,957.5119201660157,910.6124694824218,950.6487611361022,54.99091945275072,11.405086768880892,15.883767831784338,-4.478681062903446,975.3353814135767,957.5119201660157,939.6884589184547,-0.07457912936736996
2020-09-04,941.8900146484375,950.8226158672919,939.6001945341707,944.746652794342,28475945,955.9430480957031,913.719912109375,949.8145948039437,49.8774855873788,9.50590139585961,14.608194544599392,-5.102293148739783,973.4642277570005,955.9430480957031,938.4218684344058,-0.030227869721939853
2020-09-07,944.338623046875,954.8128835439741,926.9268380792043,944.950776960414,21926473,955.0996704101562,917.0434155273438,949.2930736842229,50.64335403250361,8.104936871620225,13.30754301000356,-5.202606138383334,973.1423704442846,955.0996704101562,937.056970376028,-0.006478066003925288
2020-09-08,955.4249877929688,961.7276301292338,943.3636733262639,948.5781353786673,27397082,954.4943389892578,920.760703125,949.8770655041034,54.065619551973086,7.799333513324882,12.205901110667824,-4.406567597342942,971.616950676913,954.4943389892578,937.3717273016026,0.07205507107846512
2020-09-09,980.0236206054688,982.948262646231,943.7944599093832,945.4041824088742,55310877,955.2595031738281,924.6673974609375,952.7481659899477,60.59440557889225,9.433303488155389,11.651381586165337,-2.218078098009949,975.2664160627565,955.2595031738281,935.2525902848996,0.35065171355287
2020-09-10,1049.2398681640625,1063.2735913062183,986.3715829983507,989.8857107486725,140304404,959.6113037109375,929.6882397460937,961.937851911292,72.45715076530378,16.127501382076616,12.546605545347592,3.580895836729024,1005.2330187295676,959.6113037109375,913.9895886923074,0.5367692630256498
2020-09-11,1051.84716796875,1060.0542764084548,1037.042733630043,1048.3331597240744,59470807,964.2805114746094,934.5113891601562,970.5006439167641,72.78945219382908,21.396443860228487,14.316573208323772,7.079870651904715,1025.0700014651134,964.2805114746094,903.4910214841053,0.0335074084485832
2020-09-14,1044.048095703125,1070.097737564955,1034.7300199764575,1054.2276724587873,44063445,969.0687408447266,938.5990710449219,977.5051631345127,70.06631648233291,24.658550363400423,16.384968639339103,8.27358172406132,1038.5312934030956,969.0687408447266,899.6061882863576,-0.0962605829101959
2020-09-15,1051.4390869140625,1054.5677402462597,1037.5187024549093,1048.3104335818653,27178393,973.6098541259765,943.0916687011719,984.5464892087556,71.16717731552806,27.52291743127762,18.612558397726808,8.910359033550812,1051.6178483449855,973.6098541259765,895.6018599069675,0.029835864052483865
2020-09-16,1054.0234375,1074.3371332294498,1047.6754600565869,1051.9602968564543,33952295,977.9854583740234,947.866748046875,991.1633414269694,71.56101724216404,29.659587204347076,20.821964159050864,8.837623045296212,1063.3778154394258,977.9854583740234,892.593101308621,0.01960982905445693
2020-09-17,1042.3251953125,1058.17259404091,1039.1964218842008,1051.9605029718427,25828669,982.558316040039,952.1698132324219,996.035898939877,67.09349368872044,30.062422126075603,22.670055752455813,7.39236637361979,1071.3786967635415,982.558316040039,893.7379353165366,-0.09133853261008898
2020-09-18,1045.4764404296875,1051.7110790333331,1032.2588818564082,1049.3532551234189,33074915,987.6333435058593,956.0480102539062,1000.7445219389066,67.67885411158153,30.286823203717518,24.193409242708157,6.093413961009361,1078.628144398268,987.6333435058593,896.6385426134507,-0.036928001053701295
2020-09-21,1022.8729858398438,1059.2154272970997,1019.0187188937507,1042.8918823662696,33627381,991.2630645751954,958.9576794433593,1002.8519946913768,59.502592393609184,28.314362448791712,25.01759988392487,3.2967625648668424,1081.7983884219354,991.2630645751954,900.7277407284554,-0.1896322048943603
2020-09-22,1002.6045532226562,1032.4629482711289,998.2515919553894,1032.4629482711289,34792254,994.188833618164,961.6252160644531,1002.8284288372129,53.28609556615064,24.829461392720418,24.979972185683984,-0.15051079296356562,1082.1834642368942,994.188833618164,906.1942029994339,-0.28139446116297373
2020-09-23,1011.514404296875,1032.3495853551422,999.95196363165,1024.7546312020859,42988708,996.3086242675781,965.1329614257812,1003.655664595276,55.48763013329193,22.52692633314109,24.489363015175407,-1.9624366820343155,1083.8266946194426,996.3086242675781,908.7905539157138,-0.1284896823471485
2020-09-24,989.0242919921875,1009.3379310241465,986.6890759494188,1001.1308828752752,29826318,997.9092376708984,968.1963427734376,1002.2622005378389,49.186336984731106,18.672145731294563,23.325919558399242,-4.653773827104679,1083.6468170903188,997.9092376708984,912.1716582514781,-0.12034309638701798
2020-09-25,998.319580078125,1003.3526989604931,982.7215890510984,992.561027630643,28374935,999.8487884521485,970.8262438964844,1001.8867128750089,51.6312010902027,16.180734956289484,21.896882637977292,-5.716147681687808,1083.761264024125,999.8487884521485,915.936312880172,0.05795210477770726
2020-09-28,1004.9170532226562,1014.7792199657465,1000.7454952765087,1009.7914367963479,19666849,1002.9219207763672,973.5137329101562,1002.1753167176421,53.34694996737173,14.570673261404636,20.431640762662763,-5.860967501258127,1082.7504820265103,1002.9219207763672,923.093359526224,-0.0482337339668218
2020-09-29,1017.975830078125,1026.5682927534233,1004.9170066954657,1008.8845531281477,25842539,1006.4994934082031,975.9940014648438,1003.6801275138786,56.62655743733419,14.18490714406596,19.182294038943404,-4.997386894877444,1082.1852426877047,1006.4994934082031,930.8137441287016,0.08986904318662994
2020-09-30,1013.1242065429688,1027.928640481229,1008.8845849148897,1024.7546512095244,24465159,1008.9060821533203,978.0829602050782,1004.5795636118872,55.077438246979405,13.33399326990991,18.012633885136704,-4.678640615226794,1082.1821089011944,1008.9060821533203,935.6300554054463,-0.11301010433297293
2020-10-01,1008.9979248046875,1026.4776536649397,1003.8968020817645,1026.4776536649397,20783227,1011.4713684082031,979.6015026855468,1005.0003599159634,53.73112210921299,12.186206440438582,16.84734839619708,-4.661141955758499,1080.8866596461376,1011.4713684082031,942.0560771702688,-0.16866130406596255
2020-10-05,1003.0806274414062,1019.8348626021702,1000.2693849664739,1017.4997065200467,18922799,1014.5308990478516,980.2004846191406,1004.8175282517199,51.776532951665175,10.676033990187307,15.613085514995127,-4.937051524807821,1076.3920960561015,1014.5308990478516,952.6697020396017,-0.14076983871398288
2020-10-06,1002.2417602539062,1012.9200316663944,998.2968817912705,1008.9978810960307,18412175,1017.4260559082031,980.6915502929687,1004.5722170138328,51.490568690790255,9.304268061327207,14.351322024261545,-5.0470539629343385,1070.6998151779342,1017.4260559082031,964.152296638472,-0.0668588317922017
2020-10-07,1023.6210327148438,1046.9727113511217,1006.6173319875696,1013.4187882912593,53170865,1020.8358581542968,981.4152258300782,1006.3863899377385,57.876032665187275,9.828960158832501,13.446849651175738,-3.6178894923432363,1065.8962118961438,1020.8358581542968,975.7755044124499,0.10033283297020053
2020-10-08,1015.3458251953125,1028.3820400322443,1007.5695280889473,1024.3010941935845,21077808,1022.6019683837891,982.7084094238281,1007.2396694860789,54.86554647181425,9.46790225464963,12.651060171870517,-3.1831579172208873,1063.7220272796524,1022.6019683837891,981.4819094879257,-0.08720601346782675
2020-10-09,1012.7160034179688,1021.5806008725526,1005.3023929613358,1013.4188289931045,18545499,1020.7757751464844,983.8383581542969,1007.7612250986398,53.905910802130805,8.867339455690853,11.894316028634586,-3.026976572943733,1060.2111683404119,1020.7757751464844,981.3403819525569,-0.006935082389756235
2020-10-12,1014.3483276367188,1022.8274503983472,1009.4513365004996,1013.4188228288398,14226473,1018.9008331298828,985.3795690917968,1008.3885681975045,54.43859349417183,8.425974642553001,11.20064775141827,-2.7746731088652687,1055.7283328008114,1018.9008331298828,982.0733334589543,0.00917171383575891
2020-10-13,1034.1407470703125,1036.4305673579886,1009.2699549272937,1011.423767661742,23112012,1018.4054656982422,987.8435168457031,1010.8411566615814,60.41250176667652,9.563035958671207,10.87312539286886,-1.3100894341976517,1054.11620930349,1018.4054656982422,982.6947220929944,0.22090179667148915
2020-10-14,1037.22412109375,1044.7057362892785,1028.6088696874467,1033.324638008591,26742011,1017.6947174072266,989.0850146484376,1013.3538199408355,61.26458428540525,10.590882655976202,10.816676845490328,-0.22579418951412578,1051.2479719194187,1017.6947174072266,984.1414628950346,0.03771934695937809
2020-10-15,1000.4960327148438,1038.3575230267356,995.2815705789496,1038.3575230267356,20036197,1015.0183471679687,989.8109582519531,1012.1292687764553,48.00889997909623,8.345605836960772,10.322462643784416,-1.976856806823644,1044.8909571651445,1015.0183471679687,985.1457371707928,-0.3492845431324173
2020-10-16,986.5757446289062,1012.285249528179,985.1474254749343,1004.3502763795697,21583600,1012.2308746337891,990.1891198730468,1009.695599810022,44.113115076287194,5.380928871196261,9.334155889266786,-3.9532270180705247,1041.7936274191686,1012.2308746337891,982.6681218484097,-0.17515064198398994
2020-10-19,986.757080078125,1010.5622392043457,977.2123844835455,993.0371147391401,31200385,1009.2949066162109,990.4589123535156,1007.5109788831746,44.17666399626864,3.0113206418748177,8.069588839788393,-5.058268197913575,1036.6482616616793,1009.2949066162109,981.9415515707427,-0.06315651096235211
2020-10-20,977.5525512695312,994.3748516393613,975.8974927608745,988.0268126324809,18482288,1007.0288848876953,990.78583984375,1004.6577953009229,41.59139750938486,0.38620852714097964,6.53291277725891,-6.1467042501179305,1036.9004297399013,1007.0288848876953,977.1573400354895,-0.10561655214437878
2020-10-21,963.360107421875,993.9213889927784,951.1854522370077,983.0390454596967,34082321,1005.0666625976562,990.7024096679687,1000.724682169585,37.907729526837684,-2.8070652432143106,4.664917173164266,-7.471982416378577,1040.4839664127499,1005.0666625976562,969.6493587825626,-0.19755282227646867
2020-10-22,955.35693359375,966.9421018379,948.1247264007278,964.6296137675083,30802210,1002.2587890625,990.5151416015625,996.4039442099817,35.97290228878077,-5.9153583858421825,2.5488620613629767,-8.46422044720516,1043.595764656964,1002.2587890625,960.921813468036,-0.09583185312099024
2020-10-23,958.1229858398438,968.075764596618,950.573367065108,954.9262685377893,23422125,1000.7137237548828,990.4335241699218,992.7581386509208,37.16658228219464,-8.06256555902928,0.4265765372845254,-8.489142096313806,1046.0321536345587,1000.7137237548828,955.3952938752071,0.03346356480035426
2020-10-26,920.0573120117188,953.0897537107387,915.2509326492706,953.0897537107387,37324416,996.8006103515625,989.66541015625,985.8342503995683,29.12055395157455,-12.689547261530265,-2.1966482224784327,-10.492899039051832,1054.1805304194545,996.8006103515625,939.4206902836705,-0.33334142785956905
2020-10-27,922.5059204101562,934.0003573150689,909.129685940206,922.6872638083931,36478896,992.6800537109375,989.1498583984375,979.8029808767672,30.167815254625054,-15.974734566331904,-4.952265491249127,-11.022469075082777,1058.3710282858763,992.6800537109375,926.9890791359987,-0.0019653805992203444
2020-10-28,912.0543212890625,933.0255097674074,910.2179195551136,925.8159103792913,29924017,987.3839782714844,988.1786083984375,973.3507275827001,28.24919547344099,-19.200296805493508,-7.801871754098004,-11.398425051395504,1060.6999858392232,987.3839782714844,914.0679707037456,-0.14755767386323948
2020-10-29,919.0598754882812,925.906728755729,902.7817254651688,905.5022964499229,30655304,982.68076171875,987.2295788574219,968.1801702403745,31.398558582867793,-20.949792278340738,-10.431455858946551,-10.518336419394187,1060.7056341367,982.68076171875,904.6558893007999,0.1486155342657796
2020-10-30,931.5745239257812,936.3809035347286,916.7473024873174,922.0524364064571,34021563,978.8095916748047,986.8437084960938,964.6939182104134,36.74031211232089,-21.08341600959318,-12.561847889075878,-8.521568120517301,1058.8832314040735,978.8095916748047,898.7359519455358,0.10290500313380671
2020-11-02,851.2944946289062,919.105110257612,842.9967150587656,919.105110257612,99366895,971.2202850341797,984.9900805664063,953.8939731074126,23.889487634244077,-27.351945019190225,-15.519867315098749,-11.832077704091477,1067.737645326716,971.2202850341797,874.7029247416435,-0.6278078090657802
2020-11-03,839.0291748046875,865.600239943717,832.0917105106013,856.9850494031045,88691623,963.0596557617188,982.7650927734375,942.954468507153,22.58946720679873,-32.92991269053084,-19.001876390185167,-13.928036300345674,1074.1976281074863,963.0596557617188,851.9216834159514,-0.2065106326957195
2020-11-04,867.5046997070312,874.6689636295238,832.9532636853438,832.9532636853438,80180117,955.2538391113281,981.2334033203125,935.7687762404747,31.860344243489905,-34.65329377768444,-22.132159867685022,-12.521133909999417,1070.1474405538863,955.2538391113281,840.3602376687699,0.3925461201727599
2020-11-05,886.4581298828125,889.1560327894556,876.0292050636682,886.4354619573483,37205373,948.8094543457031,979.5801940917969,931.0725242064117,37.247420366649884,-34.0966572504326,-24.52505934423454,-9.571597906198061,1063.9562295318067,948.8094543457031,833.6626791595995,0.0002557199699579789
2020-11-06,920.0800170898438,924.9997362683603,896.955016187128,902.3282137896616,66674086,944.1776550292968,978.8415539550781,930.0256187667386,45.48151586870977,-30.589892248173896,-25.738025925022413,-4.851866323151484,1056.075967287667,944.1776550292968,832.2793427709266,0.1942338943198813
2020-11-09,929.8515014648438,938.1492815350944,923.1860519106892,935.0206280565577,35838510,939.9528137207031,978.2480126953125,930.0090361665581,47.63217694563744,-26.71433239884675,-25.93328721978728,-0.7810451790594684,1047.2192960266657,939.9528137207031,832.6863314147406,-0.05522730495605182
2020-11-10,945.2001342773438,947.6713579150476,925.5439246746041,941.7767378395364,36934242,935.5057830810547,978.2829272460938,931.4558074152043,50.90808719970795,-22.149095911922473,-25.176448958214323,3.02735304629185,1033.7820641316023,935.5057830810547,837.2295020305072,0.0363344013479706
2020-11-11,905.5928955078125,949.9384928452779,896.9323689240059,947.2179220787752,56724780,928.9242218017578,977.4662976074219,928.9926729478336,43.36873868125837,-21.4794841398284,-24.43705599453714,2.957571854708739,1016.0711766115188,928.9242218017578,841.7772669919967,-0.41318437329600755
2020-11-12,897.7938842773438,910.6940326424576,890.9924272689508,898.247362719015,40046527,923.7891143798828,976.1223266601562,926.0213597411202,42.0482206800943,-21.332222432044887,-23.816089282038693,2.483866849993806,1005.3883127771637,923.7891143798828,842.1899159826019,-0.005048437745616636
2020-11-13,905.2301635742188,923.4807818666762,898.5874420075651,898.7007816340105,45388670,919.7218353271485,975.0730859375,924.041245820463,43.805191546278785,-20.38053673494767,-23.12897877262049,2.7484420376728202,996.355462977831,919.7218353271485,843.0882076764659,0.07252600355729527
2020-11-14,907.9053955078125,913.8000155522184,904.7540741586882,913.6186721505104,5226220,915.7792510986328,974.3933935546875,922.5044981716392,44.45759001862941,-19.189248393687876,-22.341032696833967,3.1517843031460906,986.0623774345025,915.7792510986328,845.4961247627631,-0.06245319901526544
2020-11-17,903.8018188476562,945.4041769988106,900.0610116001939,945.4041769988106,46542562,912.0917144775391,973.5826574707031,920.723290616974,43.62102745567721,-18.364572778483193,-21.545740713163813,3.1811679346806194,976.5186482558958,912.0917144775391,847.6647806991824,-0.4136845478475106
2020-11-18,901.0586547851562,909.80991365708,888.7706596628595,903.8018936710494,30402290,908.9766418457032,972.4953308105469,918.8504681568008,43.03801390962121,-17.728004426502594,-20.78219345583157,3.0541890293289775,969.0655022466998,908.9766418457032,848.8877814447065,-0.03034289711211003
2020-11-19,894.6878051757812,911.6007742263723,892.4433209997255,901.0585109693924,27796343,905.9431854248047,970.7886145019531,916.5492621586085,41.645867468612,-17.53545592098078,-20.132845948861412,2.597390027880632,962.3743079637871,905.9431854248047,849.5120628858223,-0.07058489013228131
2020-11-20,861.292724609375,899.5169641211087,859.2522514859126,895.5267495451352,57471248,901.1016723632813,967.0296716308594,911.2867347729672,35.215492577416555,-19.84875960518866,-20.076028680126864,0.22726907493820292,955.3685776743953,901.1016723632813,846.8347670521673,-0.36468421697468534
2020-11-23,884.5083618164062,893.2595600473776,873.4219475565428,884.644369365096,45327567,899.3242248535156,963.6828955078125,908.736413539009,41.928404303800264,-19.58302066769454,-19.9774270776404,0.3944064099458586,953.3192623063246,899.3242248535156,845.3291874007066,-0.0015374250516973073
2020-11-24,890.5617065429688,895.0733434410346,876.0292271989675,890.5390386169317,30936268,897.7270141601563,960.6131677246094,907.0054890631957,43.57030526842673,-18.66876442032867,-19.715694546178053,1.0469301258493822,950.7660364473996,897.7270141601563,844.6879918729129,0.0002545416266382244
2020-11-25,883.193359375,903.6657931642695,880.654192057057,897.7938413094128,32637879,896.2839660644531,957.2482531738282,904.7376671881294,42.01316424468744,-18.327505716613928,-19.438056780265228,1.1105510636513003,949.255651070032,896.2839660644531,843.3122810588743,-0.1612075525957064
2020-11-26,885.369873046875,890.9924179780169,875.1450197156285,885.5739443403047,25838637,894.5994659423828,953.8751818847657,902.8931153651528,42.664992556693115,-17.67765230008854,-19.085975884229892,1.4083235841413533,946.7024824092633,894.5994659423828,842.4964494755023,-0.0023043917846968485
2020-11-27,875.0316162109375,886.956863707273,871.2228051404243,879.8833317328676,47336811,891.7723205566406,950.5293103027344,900.2396392552274,40.34511346065423,-17.79175740738583,-18.827132188861082,1.0353747814752516,941.6311461231024,891.7723205566406,841.9134949901787,-0.05508462494522203
2020-12-01,886.4127197265625,891.5591779283297,875.1449626736697,879.8152745444881,19750687,893.5282318115235,947.3480358886719,898.922789776307,43.95780243561681,-16.770506628011844,-18.415807076691234,1.6453004486793894,939.9138306043724,893.5282318115235,847.1426330186746,0.07484647399255942
2020-12-02,887.8864135742188,889.6321436054803,877.3894853981996,888.0450890461269,22188887,895.97109375,944.6483044433594,897.8717063284892,44.4271073833187,-15.661704865691945,-17.864986634491377,2.2032817687994317,935.2150749094976,895.97109375,856.7271125905024,-0.0017867933171548638
2020-12-03,890.5617065429688,898.2927286508155,888.1131507545629,894.1665064634373,27785372,897.1239440917968,942.4074475097656,897.1755158727253,45.32226447596603,-14.401090884991959,-17.172207484591496,2.7711165995995373,934.2528947588153,897.1239440917968,859.9949934247784,-0.04029281167153101
2020-12-04,882.7172241210938,892.8060689658076,879.6565747800778,892.8060689658076,18464552,896.936898803711,939.83150390625,895.7985357059033,43.12855653786349,-13.875086040490487,-16.512783195771295,2.637697155280808,934.3157408321827,896.936898803711,859.5580567752393,-0.11252298521775846
2020-12-07,887.9091186523438,890.9924362657266,879.9287495447478,879.9287495447478,18242188,895.3283538818359,937.8092004394531,895.0471626531834,45.02516376487311,-12.890685119479599,-15.788363580512957,2.897678461033358,931.3284586374859,895.3283538818359,859.3282491261859,0.09044551154770844
2020-12-08,904.028564453125,913.3239128258733,884.1909519390108,889.2467387240156,43403061,894.03720703125,935.9233801269531,895.9025342531778,50.5401550275337,-10.686646725810533,-14.768020209572473,4.08137348376194,926.6885238599475,894.03720703125,861.3858902025524,0.16471428057217322
2020-12-09,919.0824584960938,922.1885038844979,906.5224492987908,911.3741647568241,29175254,892.7313232421875,934.2066882324219,898.1101460858364,55.073008247143,-7.637170434171367,-13.341850254492254,5.704679820320887,918.4453478216941,892.7313232421875,867.0172986626809,0.08437769977030479
2020-12-10,910.0365600585938,919.7853272816659,907.3159891974719,916.6566737897788,16065507,892.9535064697266,932.0479028320312,899.2459950356229,51.9896543708806,-5.88255645785398,-11.8499914951646,5.96743503731062,919.1799022296223,892.9535064697266,866.7271107098309,-0.07209491016156686
2020-12-11,909.492431640625,924.0929139357568,895.1866323672836,912.7570925495094,26944202,893.5384338378906,929.9752673339843,900.2218461408611,51.80178168103915,-4.484227473194096,-10.3768386907705,5.892611217576404,920.6765367956913,893.5384338378906,866.4003308800899,-0.03575178444176001
2020-12-14,902.9176025390625,913.6639373326992,900.6731183081919,910.467220412345,17312747,893.4228057861328,927.8536608886719,900.4785848454518,49.47528328929529,-3.8620560605716037,-9.07388216473072,5.211826104159117,920.3797641646725,893.4228057861328,866.4658474075932,-0.08273073447472587
2020-12-15,895.2320556640625,902.1921882018914,889.2240359631435,902.1921882018914,18551265,892.7891387939453,925.696689453125,899.9789153996053,46.82777936097247,-3.9436798491371974,-8.047841701612017,4.104161852474819,918.9382700531137,892.7891387939453,866.6400075347769,-0.07699420751554031
2020-12-16,896.2295532226562,904.5727289498443,891.3098338764274,901.4213476389596,18561011,892.4105255126954,923.5764453125,899.621833287515,47.22252620940547,-3.8831154355143553,-7.214896448392485,3.33178101287813,918.1265737984922,892.4105255126954,866.6944772268985,-0.05753204310152641
2020-12-17,900.3330688476562,909.1296626703094,896.5015899774218,899.8343145472157,20252358,892.3742462158203,921.1106860351563,899.6895700075283,48.9030991498233,-3.4640666805617,-6.464730494826329,3.0006638142646285,918.0433947269054,892.3742462158203,866.7050977047353,0.005542678078383195
2020-12-18,903.031005859375,909.0843613071538,890.9924186751066,897.8392714360722,18466344,892.79140625,918.8643896484375,900.0078019934185,50.029728027725696,-2.8810555390736,-5.747995503675783,2.8669399646021834,918.8653758272533,892.79140625,866.7174366727468,0.057760400745052884
2020-12-21,879.5205688476562,916.8379694209409,841.2283275836958,911.3968279822237,44135540,893.7027984619141,916.2004809570312,898.0566369319174,41.45243994288774,-4.2669243432404755,-5.451781271588722,1.1848569283482462,916.3593423844143,893.7027984619141,871.0462545394139,-0.33615532206880455
2020-12-22,878.1603393554688,888.2265172786522,856.2822534289644,883.7375484737753,28140001,893.3853973388672,913.4767211914062,896.1617514484461,41.01431948444291,-5.412601407497391,-5.443945298770456,0.031343891273064806,916.7161084851222,893.3853973388672,870.0546861926122,-0.06302568702001292
2020-12-23,881.4024047851562,884.8484691755272,870.8827482738318,875.1223699613015,19501410,892.9274322509766,910.4219543457032,894.7560993852757,42.57228989746726,-5.989903273621167,-5.553136893740598,-0.4367663798805683,916.8148124059742,892.9274322509766,869.040052095979,0.0716388585908204
2020-12-24,904.2100830078125,906.3185001238459,882.3319946655577,882.8307490429305,20776988,893.9782684326171,907.7616735839844,895.6564787778982,52.147737301690206,-4.554528372923642,-5.353415189577207,0.7988868166535656,917.9094010973276,893.9782684326171,870.0471357679066,0.23754244952035594
2020-12-28,908.35888671875,915.0243362502358,904.7314189530317,909.900545527166,17221499,895.127719116211,905.9189306640625,896.8662319151222,53.661325310389856,-3.0470847401892343,-4.892149099699613,1.8450643595103786,919.4988845654618,895.127719116211,870.7565536669601,-0.016941536207467495
2020-12-29,902.3508911132812,912.4397367118075,898.9501027379986,910.943413813905,18611939,896.4936828613281,904.23443359375,897.3885804101849,51.13873577718369,-2.31058485127312,-4.375836250014315,2.0652513987411947,919.2127156287426,896.4936828613281,873.7746500939137,-0.09404678162667088
2020-12-30,904.8220825195312,910.1272165991579,895.7761410801606,904.7087428928894,22043630,897.4141510009765,902.5957336425781,898.0965329920275,52.135427476843525,-1.5100914944865735,-3.8026872989087668,2.2925958044221932,919.9155440274287,897.4141510009765,874.9127579745243,0.0012527740915385538
2020-12-31,900.1970825195312,912.2583374556028,897.1591008607796,903.9152218564029,18781189,898.0296844482422,901.0486242675781,898.2965853279802,50.076595191310496,-1.2346611836768489,-3.289082075862383,2.0544208921855343,920.1247189108722,898.0296844482422,875.9346499856122,-0.041110533998391756
2021-01-01,901.1946411132812,905.5022064134912,898.7007496438623,901.421320358103,10015175,898.5613311767578,899.8053149414062,898.572590640866,50.530367589272366,-0.9252206684849398,-2.816309794386895,1.891089125901955,920.4224657829175,898.5613311767578,876.7001965705981,-0.002514681668716977
2021-01-04,902.7136840820312,906.3637598470406,892.352762889534,904.6407576146281,24513534,899.5611541748046,898.7524499511719,898.9669804924056,51.25691377922775,-0.5510604762434923,-2.3632599307582143,1.812199454514722,920.2288072445332,899.5611541748046,878.8935011050761,-0.02129886455876255
2021-01-05,891.4912109375,899.4262438413816,886.9115106039434,892.80613046262,24123091,899.7402587890625,897.419814453125,898.2550024395574,45.8941897026429,-1.1468751579401442,-2.1199829761946005,0.9731078182544564,920.0600614447625,899.7402587890625,879.4204561333626,-0.014726875348054311
2021-01-06,867.9808349609375,891.4458559107388,863.8546128646693,891.4005200596658,46401468,897.9378723144531,896.3782849121094,895.3717483939745,37.12996960692822,-3.4760833179931296,-2.3912030445543064,-1.0848802734388232,922.3909759873281,897.9378723144531,873.4847686415781,-0.25684636979338066
2021-01-07,866.5751342773438,881.9237776804218,863.854563591743,870.8146957594764,32325918,895.3125061035156,895.2596691894531,892.6292137162002,36.6789551226806,-5.37348368803066,-2.987659173249577,-2.385824514781083,921.3449791083713,895.3125061035156,869.2800330986599,-0.048646573119416246
2021-01-08,876.800048828125,878.9311936650147,867.0059456976594,869.6811807226603,27540187,893.6506805419922,894.5545837402344,891.1216742030501,42.18058192043922,-5.983151948960426,-3.5867577283917473,-2.396394220568679,919.9532594243191,893.6506805419922,867.3481016596653,0.08167373251056469
2021-01-11,860.2724609375,879.1125050229124,858.1186482532938,879.1125050229124,33307825,891.1896820068359,893.3788354492187,888.1836538920453,36.63913987832177,-7.711068259209242,-4.411619834555246,-3.2994484246539955,920.1763771258002,891.1896820068359,862.2029868878717,-0.211085830496407
2021-01-12,887.3876953125,888.7252828199374,861.4740587259083,862.87970997784,41161546,890.4131866455078,892.4950988769531,888.1078483130409,48.57543227197731,-6.8139347828034715,-4.892082824204891,-1.9218519585985803,918.9298293353103,890.4131866455078,861.8965439557054,0.276626677248362
2021-01-13,879.112548828125,895.5040980209848,869.8852636562669,890.3349713085404,26619458,889.607211303711,893.0514599609374,887.2511531240012,45.74324255036774,-6.693526396534821,-5.252371538670877,-1.4411548578639444,918.4429028782832,889.607211303711,860.7715197291387,-0.1253838676376317
2021-01-14,888.997314453125,891.8539526683576,879.225879879633,881.9237826562116,21553242,889.2455993652344,894.0508227539062,887.4174542029654,49.52875805453295,-5.734381526705761,-5.348773536277854,-0.38560799042790705,917.9209784933828,889.2455993652344,860.570220237086,0.08003415896346833
2021-01-15,878.5004272460938,894.9826476255291,870.6107298685408,888.9973558240713,20593268,888.1539672851562,894.2707373046875,886.5682135404062,45.86886788596699,-5.754924194760065,-5.4300036679742965,-0.32492052678576844,916.7199623600575,888.1539672851562,859.587972210255,-0.11753034447816033
2021-01-18,899.5850219726562,905.5023104311074,872.1071166758358,883.7829581350744,35100458,887.9816680908203,894.5332751464844,887.8079095815729,53.32900907717975,-4.023473723512666,-5.1486976790819705,1.1252239555693047,916.2264175759153,887.9816680908203,859.7369186057254,0.17691894471879632
2021-01-19,914.298828125,920.9188817318542,904.4366615381475,904.4366615381475,32006615,889.7205810546875,894.4176513671875,890.3308542047564,57.709174889452086,-1.4473217384621648,-4.408422490958009,2.9611007524958444,919.8846514475332,889.7205810546875,859.5565106618418,0.10861196122897995
2021-01-20,931.6652221679688,933.1615451092317,907.4973158868203,916.5659852036083,30924537,892.3958251953125,894.45392578125,894.2674606774433,62.21646415532909,1.9728780223522335,-3.132162388295961,5.105040410648194,927.1288953707561,892.3958251953125,857.6627550198688,0.1632628162270847
2021-01-21,951.9336547851562,961.2743398837738,940.869967367258,944.0439568826029,39087742,895.9223876953125,894.5885961914063,899.7594791638921,66.6799133193876,6.246893792767764,-1.2563511520832158,7.50324494485098,938.8341478961904,895.9223876953125,853.0106274944346,0.08337938551514751
2021-01-22,929.3527221679688,959.165840987856,922.8006124178714,957.1933717044934,30532660,897.1795196533203,895.0637927246094,902.5778832595184,58.40231328886052,7.722964016163587,0.5395118815661448,7.1834521345974425,942.3998459941424,897.1795196533203,851.9591933124982,-0.2829235034083177
2021-01-25,880.1100463867188,922.7099125187834,876.0291603627637,922.7099125187834,54207104,895.7670776367188,894.7101159667968,900.4380892716327,45.21922928350534,4.863227644352264,1.4042550341233686,3.4589726102288956,941.2662609095262,895.7670776367188,850.2678943639114,-0.4314541867876603
2021-01-27,859.2522583007812,872.8552326609131,856.0782689298538,872.8552326609131,42370131,893.6121459960938,893.7905578613281,896.5156291791707,40.99780622098397,0.9034029171961038,1.3040846107379158,-0.40068169354181205,941.6704214878115,893.6121459960938,845.553870504376,-0.1545950094447967
2021-01-28,850.886474609375,872.0844035148573,847.9164965706553,852.5188051471522,34067814,890.9153656005859,892.6501794433593,892.1699954106186,39.40870714984915,-2.876675017265825,0.4679326851371677,-3.3446077024029925,942.1059058297016,890.9153656005859,839.7248253714703,-0.019144810403189806
2021-01-29,835.1976928710938,867.4593064405973,829.7791594362084,858.9347876285253,43712383,887.665396118164,891.2780969238281,886.7440618354258,36.54770771590491,-7.057018665641294,-1.0370575850185249,-6.019961080622769,944.073586653648,887.665396118164,831.2572055826801,-0.2695282320190919
2021-02-01,859.3883056640625,863.7865428347654,837.9409701152957,843.110096652801,34180952,885.5750793457031,890.4446899414063,884.1387517238675,43.373984870908586,-8.32205932215868,-2.494057932446556,-5.8280013897121234,942.9136958055798,885.5750793457031,828.2364628858264,0.19070950452221092
2021-02-02,873.218017578125,879.6567282728388,841.092407917175,867.9808869129354,41470034,884.1002960205078,890.0152941894531,883.0986818052253,46.89161857358658,-8.115124876745199,-3.6182713213062847,-4.496853555438914,941.1161713075861,884.1002960205078,827.0844207334295,0.060263822017768226
2021-02-03,875.4171142578125,885.0978176672972,861.5193971120666,874.3515418529886,30301696,883.2965911865234,890.2977819824218,882.3671039435669,47.45062657954158,-7.68509017866279,-4.4316350927775865,-3.2534550858852036,940.3262385057357,883.2965911865234,826.2669438673112,0.012186398753176045
2021-02-04,872.5377807617188,879.656648554206,863.7865225405493,872.4017132446297,25626981,883.5244384765625,890.0583703613281,881.430977926248,46.75667225530762,-7.490279452746222,-5.043363964771314,-2.446915487974908,940.3435280363442,883.5244384765625,826.7053489167808,0.00155968752341331
2021-02-05,872.2883911132812,881.7651430554548,870.5880568440388,875.1450294447208,20248046,883.8101013183593,889.6929040527343,880.5602553726321,46.692976333158036,-7.272184987555988,-5.489128169328248,-1.78305681822774,940.3421850838478,883.8101013183593,827.2780175528709,-0.032630296600777174
2021-02-08,884.8484497070312,892.8061507159327,874.691600163488,876.5052740367894,21183400,884.2125213623046,889.726005859375,880.968654833051,50.360660694617444,-6.016497356494597,-5.5946020067615185,-0.4218953497330782,940.6537845798587,884.2125213623046,827.7712581447506,0.09490038491218801
2021-02-09,886.9795532226562,902.1468540671391,885.2338830875444,889.6095123241837,19604141,885.5478759765625,889.7581994628906,881.5411213463467,50.97697912031667,-4.794129873858196,-5.4345075801808544,0.6403777063226581,940.9138357374528,885.5478759765625,830.1819162156722,-0.029554463613158097
2021-02-10,895.2092895507812,899.9476653520371,873.8980223594517,885.8913333557456,21234156,885.9389556884765,890.1617529296875,882.842851651531,53.384001927731006,-3.1252974111575895,-4.972665546376202,1.8473681352186127,941.461647646746,885.9389556884765,830.4162637302071,0.10479553325267102
2021-02-11,932.11865234375,935.9728593397923,894.2798277886045,897.7938959649373,42539278,888.5892608642578,891.0758715820313,887.53578505079,62.319721809914356,1.162144968017401,-3.745703443497482,4.907848411514883,947.5118012261923,888.5892608642578,829.6667205023232,0.3647234568869959
2021-02-12,925.7252807617188,942.2301692248576,913.8453687465834,932.027983547643,30497029,890.4256591796875,891.8326489257812,891.1728798804022,60.16822914077421,3.9979958799951874,-2.1969635787989485,6.194959458794136,951.5334313599169,890.4256591796875,829.3178869994581,-0.06752064464381129
2021-02-15,921.644287109375,934.6577737945663,918.1982231005434,928.6498147101009,15791099,892.5828521728515,892.4543005371094,894.0749186641139,58.77341623856574,5.848705837283774,-0.587829695582404,6.436535532866178,954.8887444224636,892.5828521728515,830.2769599232395,-0.07529499836224991
2021-02-16,933.8416748046875,942.8649480322981,922.7325927047402,924.8864053509033,21421660,894.2956848144531,893.4767895507813,897.8622287727399,61.635999985436975,8.205051336924612,1.1707465109189992,7.034304826005613,959.1103516654039,894.2956848144531,829.4810179635024,0.09652415844246626
2021-02-17,944.6107788085938,950.3693317941866,929.8062237379862,934.0684536675998,23742994,895.8112823486329,894.6108227539063,902.3144716332973,64.01194637987366,10.816759938528321,3.0999491964408636,7.716810742087457,963.7675144669947,895.8112823486329,827.855050230271,0.11238777894425143
2021-02-18,937.559814453125,956.014443525895,933.6602717704307,945.4041756996926,18646877,896.1060119628906,895.2814477539063,905.6711709494714,61.333611218567285,12.177232370818388,4.915405831316368,7.261826539502019,964.7295429708827,896.1060119628906,827.4824809548986,-0.08278373485136539
2021-02-19,943.2730102539062,954.4500958860806,931.0303522839878,932.7080785090465,23403483,895.6729797363281,895.7652587890625,909.2522985022748,62.6956172200948,13.560111207907767,6.644346906634649,6.915764301273118,962.9785437359465,895.6729797363281,828.3674157367097,0.11278961128558587
2021-02-22,910.5352783203125,947.6260001116775,904.5727145749872,943.1370313830363,23804335,894.7321075439453,895.7752331542969,909.3744870563736,51.500873276892946,11.877475143028278,7.690972553913375,4.186502589114903,960.6396985875017,894.7321075439453,828.8245165003889,-0.3325330622277854
2021-02-23,917.4954833984375,930.8490501461664,913.0291825324456,928.6272336757321,25644108,896.6013793945312,895.9352941894531,910.1479152794273,53.40575237647866,10.979044726428583,8.348586988416418,2.630457738012165,962.863790833601,896.6013793945312,830.3389679554615,-0.11930228889688113
2021-02-24,934.5219116210938,936.4489852163127,918.7197882041789,920.46551838717,10807663,900.3648620605469,896.5673803710938,912.4692482643478,57.7748422463814,11.508262523476333,8.980522095428402,2.527740428047931,966.2636780300695,900.3648620605469,834.4660460910243,0.15153350756919573
2021-02-25,972.3153076171875,975.7840397521635,939.9629623775807,941.3232777095965,34855693,906.4363037109375,898.1090454101562,918.1688729646182,65.50650532830173,14.806601361040066,10.145737948550735,4.660863412489331,975.2909004313804,906.4363037109375,837.5817069904947,0.3178367849169951
2021-02-26,945.7669067382812,967.576928004242,938.9200542247918,959.9139702500598,37481215,911.9647644042968,899.0997924804688,920.7972571335384,57.53660315558676,15.104212615389088,11.137432881918405,3.9667797334706822,974.5194709498759,911.9647644042968,849.4100578587178,-0.14632060191580007
2021-03-01,952.9765625,957.6469350488829,935.2020292571182,956.8307097723348,17680764,916.6441772460937,900.1526623535157,923.8619528827252,58.99561788756001,15.74038528152164,12.058023361839052,3.682361919682588,976.719466731068,916.6441772460937,856.5688877611194,-0.040258575790631045
2021-03-02,954.9261474609375,965.8084897149365,947.263190026968,962.1810822756376,17150760,920.7295837402344,901.1905651855469,926.8204476044597,59.40184005147767,16.214955996526328,12.889409888776507,3.3255461077498207,979.5361633195507,920.7295837402344,861.923004160918,-0.07525836160509668
2021-03-03,998.5009765625,1006.572077071357,955.4703590572257,961.750393670414,31924461,926.8837768554688,903.5701733398438,933.6471646480826,67.21877840042055,19.87803957910137,14.287135826841482,5.590903752259887,990.9599140705355,926.8837768554688,862.807639640402,0.36454874445269714
2021-03-04,986.5983276367188,992.9917014235936,978.3685522339485,988.4800650989264,21435754,932.5868041992187,905.7389331054687,938.6901325517623,63.615593611361,21.571947433716446,15.744098148216475,5.827849285499971,996.6033749726267,932.5868041992187,868.5702334258107,-0.01903437662344447
2021-03-05,987.890625,1002.9672532884404,976.260120871694,977.5977682721734,25511666,938.3669158935547,907.8686975097656,943.3758937373087,63.842215186204626,22.756338306810903,17.146546179935363,5.60979212687554,1000.4072685979625,938.3669158935547,876.326563189147,0.10489990329965747
2021-03-08,993.5133056640625,1012.0132716669716,983.039044773577,983.2657240329895,19506841,943.8001586914063,909.6547619628906,948.1508853493806,64.86753700869804,23.873481313840784,18.49193320671645,5.381548107124335,1005.1703833189752,943.8001586914063,882.4299340638374,0.10384415475481065
2021-03-09,993.4905395507812,1003.8061245628406,973.3355758572837,997.5487577867862,15154484,949.1257080078125,911.3573950195313,952.4689476542759,64.85951723240859,24.47485724120827,19.688518013614814,4.786339227593455,1008.2946958103367,949.1257080078125,889.9567202052882,-0.04065947532247824
2021-03-10,989.3642578125,1004.3955499162571,984.0591241137868,1000.7227465962088,11519358,953.8334564208984,913.0976623535156,955.9827867169638,63.331221574077304,24.337942889041187,20.61840298870009,3.719539900341097,1010.000614790552,953.8334564208984,897.6662980512448,-0.11301793750884243
2021-03-12,969.2547607421875,1000.4508052727284,963.0427293609322,995.2816784252693,16864952,955.6902618408203,914.3863159179688,957.2467842431755,56.36110300263239,22.34914193071961,20.964550777103998,1.384591153615613,1011.3159353740382,955.6902618408203,900.0645883076024,-0.2557008312627541
2021-03-15,956.2412109375,974.3784296324053,943.3637304935054,970.3656071763525,16698099,957.2160583496094,915.5071984863281,957.1510153569207,52.346099915715364,19.498155532450255,20.671271728173252,-1.1731161957229972,1011.1176726746595,957.2160583496094,903.3144440245593,-0.14453813316233177
2021-03-16,952.477783203125,963.9949488326658,950.165294900262,958.5537469717594,13873801,958.7577331542968,916.532861328125,956.7059456279877,51.20995615027393,16.74205907029534,19.885429196597673,-3.143370126302333,1010.2096237947006,958.7577331542968,907.305842513893,-0.06330202493679767
2021-03-17,931.9598999023438,953.5659093364974,922.7778916021027,951.3214250817775,19210236,958.6636444091797,917.1177856445313,954.3491793684026,45.42172056786901,12.755177315891842,18.459378820456507,-5.704201504564665,1010.303981553392,958.6636444091797,907.0233072649675,-0.20075816466255267
2021-03-18,910.98876953125,945.3135252330827,907.3159659802869,939.9176595322679,20647480,956.9825439453125,917.5077368164062,950.2196165267691,40.39594042676552,7.813283178811616,16.33015969212753,-8.516876513315914,1012.3946559597184,956.9825439453125,901.5704319309066,-0.29841714580290896
2021-03-19,944.0438842773438,950.3239190123003,899.0635245309819,902.7816639429236,41787429,957.3067474365234,919.0289978027344,949.6314515506333,49.82062208971896,6.489263784162858,14.361980510534597,-7.872716726371738,1012.3350585581414,957.3067474365234,902.2784363149054,0.4276821218386851
2021-03-22,935.1566162109375,940.4164143959771,921.9164490477823,939.0561589834671,18572478,956.900927734375,920.4006274414063,948.2528958039956,47.6395366769126,4.669019070418017,12.423388222511281,-7.754369152093265,1012.454440433168,956.900927734375,901.3474150355821,-0.041502340311936586
2021-03-23,946.5377807617188,956.6039587366939,932.2547090305418,934.9526119187763,17421165,958.7010528564454,921.7953820800781,948.0895515142549,50.62086697389828,4.097592389108513,10.758229055830729,-6.660636666722215,1010.322320230197,958.7010528564454,907.0797854826938,0.12328151359178598
2021-03-24,928.309814453125,943.0236364808284,925.1811610696235,943.0236364808284,16822814,959.2417694091797,923.1561291503906,946.2057670322425,46.094099889093684,2.1491144302561906,9.03640613071582,-6.887291700459629,1009.3290076158976,959.2417694091797,909.1545312024618,-0.1547741886496016
2021-03-25,902.9856567382812,931.3477881428614,900.0610147041692,931.3477881428614,22001648,957.6649566650391,923.4680883789063,942.0895660518653,40.65470200226758,-1.422122927068699,6.944700319158916,-8.366823246227614,1012.5240657191578,957.6649566650391,902.8058476109204,-0.29545070383800187
2021-03-26,904.4366455078125,913.0745041101142,894.937285828174,912.3036747318539,20180202,954.2710235595703,923.9745703125,938.5035736190983,41.083699425486294,-4.088145992621776,4.738131056802778,-8.826277049424554,1013.3232951809056,954.2710235595703,895.218751938235,-0.08601946234686898
2021-03-30,920.1480102539062,929.0352757477536,903.0309690022071,910.4899154033928,20441701,952.9900787353515,924.5975842285156,936.7554247271753,45.66396690487468,-4.87699370249652,2.8151061049429185,-7.692099807439439,1013.8096439417789,952.9900787353515,892.1705135289242,0.10567972747763436
2021-03-31,908.2681274414062,929.4887232737643,906.40905776399,915.0243084377211,16250796,950.7546569824219,925.1929382324219,934.0423487951973,42.94531212182607,-6.387141463623379,0.974656591229659,-7.361798054853038,1014.6220322159076,950.7546569824219,886.8872817489363,-0.07370219502380031
2021-04-01,916.7699584960938,920.465429845356,908.2907755247039,915.0242884490825,11723312,948.8468475341797,925.5366369628906,932.3973592429018,45.44838247931511,-6.819308981925815,-0.584136523401436,-6.235172458524379,1014.3601618399794,948.8468475341797,883.33353322838,0.01907554053527208
2021-04-05,903.5071411132812,918.1982951252521,889.677488179083,918.1756272004715,14875099,944.0971557617188,925.3208032226562,929.6459098972236,42.32860457799008,-8.138191370313962,-2.094947492783941,-6.043243877530021,1008.2827254277378,944.0971557617188,879.9115860956998,-0.15841148093088273
2021-04-06,899.74365234375,909.1070043382359,892.8061280725167,908.6762538058488,14009194,939.7544219970703,924.6823718261719,926.7980758445118,41.45891807787103,-9.378982187614156,-3.551754431749984,-5.827227755864172,1003.6021058868465,939.7544219970703,875.906738107294,-0.09798801949343276
2021-04-07,908.15478515625,928.1284651595439,903.8245518752842,906.8625335398098,24266353,935.7676300048828,923.8067944335937,925.0225243503917,44.217435934142735,-9.573255199742562,-4.7560545853485,-4.8172006143940616,996.9986458246402,935.7676300048828,874.5366141851254,0.014248732417476078
2021-04-08,909.2883911132812,916.8380096725809,903.6885139889864,911.8502864734401,15369188,931.5563842773438,923.4055078125,923.5240354706668,44.59635434757594,-9.52593636994061,-5.710030942266922,-3.8159054276736875,987.6956427601308,931.5563842773438,875.4171257945568,-0.02808817987025014
2021-04-09,898.7234497070312,909.7418004729616,897.7938848658578,906.1597285641935,14037885,926.8180297851562,923.7777758789063,921.1620749217491,41.749972949838856,-10.223092881905472,-6.612643330194633,-3.6104495517108397,976.9203324311969,926.8180297851562,876.7157271391155,-0.08187994233009661
2021-04-12,866.5751342773438,889.3600561933767,861.632747207554,888.2718159255257,20901482,920.6785736083984,923.9242333984375,915.963318669901,34.528204748492826,-13.217333626332788,-7.933581389422264,-5.283752236910524,968.6671577258056,920.6785736083984,872.6899894909913,-0.23951283282567212
2021-04-13,875.9385375976562,879.9287521472845,869.6131669055775,872.4017415275625,19411189,916.0127624511719,924.4252746582031,912.1514347582587,37.89762917215349,-14.665685698251309,-9.280002251188074,-5.385683447063235,962.3185936577378,916.0127624511719,869.7069312446059,0.04051871429135058
2021-04-15,881.6063232421875,889.1786089267097,867.4139245804644,873.4445516203328,19723716,912.2810180664062,925.353447265625,909.2423765186329,39.91341039174123,-15.181173102632329,-10.460236421476926,-4.720936681155402,957.0205010473585,912.2810180664062,867.5415350854539,0.0931724737096893
2021-04-16,876.0745239257812,884.1456245317884,873.5126286216039,878.1149969863354,15656948,908.4608551025391,925.6871716308593,906.0835334145518,38.596603808027446,-15.853323315320722,-11.538853800245686,-4.314469515075036,951.8460232504282,908.4608551025391,865.07568695465,-0.023232787176541318
2021-04-19,862.290283203125,868.9557331768007,856.9851487238521,863.333187750963,18478808,904.9773742675782,925.4686169433594,901.9127476801302,35.45745550110142,-17.29886962717933,-12.690856965632417,-4.608012661546912,951.341558514835,904.9773742675782,858.6131900203213,-0.012079389935217925
2021-04-20,862.040771484375,870.134479220808,857.1890564398374,866.2803326796494,17203668,902.5299743652344,925.2010900878906,898.1154166138679,35.401328081112055,-18.25418610973611,-13.803522794453157,-4.450663315282954,952.4014242428436,902.5299743652344,852.6585244876251,-0.04890079505344253
2021-04-22,864.4213256835938,868.0714611843059,850.9544197704057,858.0052836359382,14490954,898.5488464355469,925.0387609863282,894.9064555728894,36.43517485960269,-18.60472676696145,-14.763763588954816,-3.840963178006632,947.2267353806802,898.5488464355469,849.8709574904136,0.07463951220067232
2021-04-23,863.4918823242188,870.0892682363567,859.4109960022909,864.2400438171045,11828857,894.965609741211,924.8628308105468,891.9145914539683,36.191634844117175,-18.7414908345728,-15.559309038078414,-3.182181796494387,942.8816917625863,894.965609741211,847.0495277198356,-0.008656655166228485
2021-04-26,878.6817016601562,889.6321078230069,866.7337869207527,870.5879935892407,20846778,891.5728057861328,924.7394958496094,890.65431623551,42.90806630064233,-17.42334044667689,-15.93211531979811,-1.4912251268787795,933.6560781077279,891.5728057861328,849.4895334645377,0.09270137209951063
2021-04-27,901.716064453125,905.592879224886,878.8631384956852,879.6566357896455,19992524,890.2431182861328,925.0342260742187,891.7078160657591,51.28248012601578,-14.354545926274682,-15.616601441093424,1.2620555148187425,929.1607892341774,890.2431182861328,851.3254473380882,0.24564531974726594
2021-04-28,905.6382446289062,910.4899602170952,897.861946907099,905.8876517747103,17122437,890.3757476806641,925.2428051757812,893.0345235479635,52.55854766697679,-11.473754696253081,-14.788032092125356,3.314277395872274,929.4838322102878,890.3757476806641,851.2676631510403,-0.0027531727046813934
2021-04-29,917.7675170898438,927.0401972486708,910.1725631547909,917.2460348994038,17412606,891.0422912597656,924.9557824707031,895.3900467424282,56.364959453549,-8.118392200676908,-13.454104113835667,5.335711913158759,931.5167917623891,891.0422912597656,850.5677907571422,0.005685242040905941
2021-04-30,904.36865234375,923.1860285256435,901.2173310194296,910.7166908105166,19828769,890.2533233642578,924.5286499023438,896.2451520377922,51.45370556571411,-6.465884957954813,-12.056460282659497,5.590575324704684,929.0061956951091,890.2533233642578,851.5004510334064,-0.06959109874376027
2021-05-03,888.2944946289062,897.3404357451366,881.0622873144365,891.4458158814281,23640186,889.2546417236329,923.8616540527344,895.4879465702793,46.24755343192592,-6.3797692440948595,-10.92112207494657,4.541352830851711,927.1182974191578,889.2546417236329,851.3909860281079,-0.03533595814842759
2021-05-04,869.04638671875,892.2621215061423,866.5072191354321,884.1910203527071,21849830,886.8684631347656,922.5657482910157,892.9697027748956,40.90965269557889,-7.775057344369884,-10.291909128831232,2.5168517844613483,923.4900034116039,886.8684631347656,850.2469228579274,-0.1696267913385542
2021-05-05,870.6334228515625,878.976538945821,865.1695531457119,872.1070779189138,12393609,885.2247772216797,921.086201171875,890.8424380202924,41.50910338305401,-8.65302596681829,-9.964132496428645,1.3111065296103543,921.6620738331117,885.2247772216797,848.7874806102477,-0.01689603103790417
2021-05-06,875.5757446289062,877.3894784194164,864.5119984908221,871.4268548191382,14624666,884.0163818359375,919.8465197753907,889.3884672211128,43.43363083192253,-8.848023851548874,-9.740910767452691,0.8928869159038175,920.0482694599514,884.0163818359375,847.9844942119237,0.04757436389366283
2021-05-07,875.9158935546875,886.7529013481309,873.308662266205,878.6364644741296,12288548,882.4044372558594,918.4993774414063,888.1053649671675,43.5712437103413,-8.872833404177982,-9.56729529479775,0.6944618906197686,916.8209237636468,882.4044372558594,847.9879507480721,-0.03095366424034051
2021-05-10,873.3992919921875,882.7399763357812,871.0188000480982,879.2032403073009,13941237,880.6099822998046,917.7566577148438,886.7047865885979,42.74274239873623,-8.991910717871178,-9.452218379412436,0.4603076615412576,912.9098801700122,880.6099822998046,848.310084429597,-0.06591800257978542
2021-05-11,876.5507202148438,878.999216065306,866.0537312569095,868.3209436649042,13478264,879.5013458251954,916.9377624511719,885.7377326482404,44.174287900230574,-8.731337008924584,-9.308042105314865,0.5767050963902811,910.7430340722611,879.5013458251954,848.2596575781296,0.0944952724139271
2021-05-12,867.4819946289062,876.4372641804301,864.6934200952072,875.1676804843173,13177961,879.5466888427734,915.5969641113281,883.9990909321133,40.99772204038885,-9.151112502970932,-9.276656184846079,0.12554368187514697,910.7157509430333,879.5466888427734,848.3776267425135,-0.0875945117494204
2021-05-14,878.4324340820312,880.563518938135,864.2400338075389,874.2381482108096,13291616,879.6713836669921,913.719306640625,883.4689331368675,46.04322283693449,-8.502170925088649,-9.121759132894594,0.6195882078059451,910.8016390251795,879.6713836669921,848.5411283088048,0.04793969224451005
2021-05-17,888.884033203125,890.2896245106193,875.3037267948372,878.4324402760395,11873078,880.035269165039,912.5816491699219,883.9846569527016,50.40265392529903,-7.063104278340575,-8.710028161983791,1.6469238836432165,911.4166160466882,880.035269165039,848.6539222833899,0.11842176664660632
2021-05-18,901.3986206054688,908.0414016691675,894.3930927948095,898.2472994692848,12064918,881.3014739990234,911.5500903320312,885.6431296815366,55.08236629034093,-4.856824528384209,-7.939387435263875,3.082562906879666,913.959044174457,881.3014739990234,848.6439038235899,0.035068615005992176
2021-05-19,905.52490234375,914.3214965481937,894.1664727852633,897.7938805270868,16317002,883.4632049560547,910.5620654296876,887.5366318398427,56.538471460258556,-2.74374726905819,-6.900259402022738,4.156512132964548,916.5221581745072,883.4632049560547,850.4042517376022,0.0858991086019656
2021-05-20,900.242431640625,911.8049324349585,898.2473543943751,905.9103124284246,11422532,885.3732879638671,908.59689453125,888.7467080113458,54.11970361381937,-1.4783283069401705,-5.815873183006224,4.337544876066054,917.66609022644,885.3732879638671,853.0804857012943,-0.062484075100328204
2021-05-21,908.018798828125,911.2154560407943,900.5145161905418,903.2350870037179,10785605,887.5531616210938,907.0253039550781,890.5821452319915,57.0337843059937,0.15028083568142847,-4.622642379268695,4.772923214950123,919.7802398179392,887.5531616210938,855.3260834242483,0.05291251614408121
2021-05-24,900.355712890625,911.3061190300916,898.700714595752,910.4898938764023,8551760,889.396353149414,905.2746057128907,891.5129611994804,53.43222758294322,0.8132437548500775,-3.5354651524449405,4.348708907295018,920.0881628156206,889.396353149414,858.7045434832074,-0.11084733068475136
2021-05-25,890.1536254882812,905.5022701330101,888.7253062731775,905.2301950520241,14780102,889.9699493408203,903.207412109375,891.3835006555566,48.996235045123846,0.5095496821616052,-2.7264621855236317,3.236011867685237,920.2655772629358,889.9699493408203,859.6743214187048,-0.16502650303537741
2021-05-26,893.2822875976562,897.5672452840586,891.1285347593667,895.5267721091835,7480204,889.5482604980468,901.2032470703125,891.5643375071852,50.35735605141425,0.5153857800094102,-2.0780925924170237,2.593478372426434,919.4098387914663,889.5482604980468,859.6866822046273,-0.025058041010808312
2021-05-27,896.0255737304688,903.6885320706949,889.7455387788042,893.3956745411289,26819294,889.067626953125,899.3364733886718,891.9892171474979,51.57757609678471,0.7329225193451521,-1.5158895700645887,2.248812089409741,918.1778214428897,889.067626953125,859.9574324633603,0.029428615859045215
2021-05-28,949.8478393554688,954.472815743996,902.3282518740783,902.3282518740783,56469931,890.6716430664062,898.9483349609375,897.4995621196856,68.12947987618176,5.188518960199644,-0.17500786401174206,5.3635268242113865,928.2378786727072,890.6716430664062,853.1054074601052,0.4828031694122358
2021-05-31,979.5475463867188,993.7852821100847,945.4268620793822,953.1124880356037,59124142,894.4305877685547,899.4144616699218,905.3136558594031,73.51035011801949,10.989449849855532,2.057883678761713,8.93156617109382,948.254067980303,894.4305877685547,840.6071075568063,0.27045537757784055
2021-06-01,983.447021484375,998.4555855632798,973.290112651038,982.1320420491826,28013832,899.1882141113281,900.0338464355468,912.7549287760671,74.12798566150511,15.720172066352006,4.790341356279772,10.929830710072235,965.3975922607079,899.1882141113281,832.9788359619482,0.01338822894940116
2021-06-02,998.1156005859375,1001.856407995626,978.0512481274061,978.0512481274061,24630162,905.6416748046875,901.3569604492187,920.8845165674833,76.36081317378012,20.41757416354551,7.915787917732919,12.50178624581259,983.0542883923399,905.6416748046875,828.229061217035,0.2023160047112093
2021-06-03,1001.9243774414062,1020.220331233519,995.7804103170117,1007.0707759680465,23974257,912.2062225341797,903.1756726074219,928.602598555476,76.91784930917137,24.169030095246853,11.166436353235706,13.002593742011147,998.3995854999182,912.2062225341797,826.0128595684412,-0.051058211766796875
2021-06-04,993.2412109375,1005.007723278059,990.4072405064371,1004.2595618006808,14468646,918.0894958496094,904.159619140625,934.7586568775735,72.71126296902152,26.14010017709154,14.161169118006875,11.978931059084665,1009.3902060687467,918.0894958496094,826.7887856304721,-0.10927803422222965
2021-06-07,1009.9727172851562,1016.5928305525485,990.747259262441,998.4556127916534,16336573,924.7923370361328,905.6559411621093,941.9219007259147,75.4925303663617,28.72120003331179,17.07317530106786,11.648024732243929,1022.2032712108986,924.7923370361328,827.3814028613671,0.11484030654385305
2021-06-08,1004.1688842773438,1009.8594330639162,996.7099374722953,1009.6100858849402,9674735,931.3308166503906,906.8085632324219,947.8501848736698,72.7236786582848,29.953138312823285,19.649167903418945,10.30397040940434,1031.579315236383,931.3308166503906,831.0823180643981,-0.053841970032794284
2021-06-09,986.2130126953125,1007.0708023507111,978.4819907883092,1006.1639653966724,11409161,936.813931274414,907.9666271972657,951.5037875233501,64.80454868590694,29.14460859577912,21.54825604189098,7.5963525538881385,1036.4720597952232,936.813931274414,837.1558027536048,-0.1957287782735257
2021-06-10,989.8403930664062,1011.151659285564,987.3691696343178,994.5560407600096,14155653,942.931851196289,909.7037219238281,955.1548928131649,65.61904817961121,28.46837652689146,22.932280138891077,5.536096388000384,1039.7977608127294,942.931851196289,846.0659415798486,-0.047379100388324984
2021-06-11,1007.0098876953125,1013.766875641892,991.9717457006176,993.24581569042,13762778,949.3607238769531,911.7551867675782,960.0934637543219,69.24684573570386,28.983785428765145,24.14258119686589,4.841204231899255,1045.3130392254734,949.3607238769531,853.4084085284328,0.13769640133027478
2021-06-14,1021.4564208984375,1027.530819009634,998.7740423359074,1007.8515792569079,20332436,955.9893432617188,913.7813549804688,965.9375549109043,71.93063576700794,30.209726272035027,25.356010211899722,4.853716060135305,1052.628695100298,955.9893432617188,859.3499914231396,0.13417455937319106
2021-06-15,1023.7771606445312,1035.1069484647805,1019.3635296711183,1028.7823327456254,15174215,962.1082702636719,916.0915356445313,971.4460887902973,72.34811141791309,31.011081085999876,26.487024386719753,4.524056699280123,1059.6398420250177,962.1082702636719,864.576698502326,-0.04861307063780701
2021-06-16,1006.3045043945312,1022.4346788679379,1003.6881840170562,1021.4564397057088,10797349,967.147250366211,917.8822265625,974.7659378954623,64.5624461645996,29.89169041504931,27.167957592385665,2.7237328226636457,1062.8612416401158,967.147250366211,871.4332590923061,-0.14725808311885674
2021-06-17,1008.1473999023438,1016.9519142263862,991.8807422543711,1001.0264608448158,15745975,972.5424987792969,919.9750317382812,977.9451247532605,64.99038560820972,28.821040494955696,27.498574172899673,1.322466322056023,1064.6602755787935,972.5424987792969,880.4247219798003,0.07101662182299719
2021-06-18,1012.697509765625,1016.9519117351164,993.9055193524756,1012.6292689125116,29369026,977.7764343261719,922.2341088867188,981.254875706819,66.07953203663611,28.016739031041993,27.602207144528137,0.4145318865138563,1066.4665233307003,977.7764343261719,889.0863453216435,0.0006738975938982709
2021-06-21,1017.9755859375,1022.6394327555987,1001.0947014517697,1002.6189877915085,12186448,983.6574279785157,924.4305249023438,984.7520862049792,67.34847153075812,27.48835234760054,27.57943618514262,-0.0910838375420795,1066.4341655248186,983.6574279785157,900.8806904322126,0.15197825604812534
2021-06-22,1012.7429809570312,1028.7822288722177,1009.8308898725479,1025.5970540271667,12871913,989.7868957519531,926.4996166992188,987.4178857051745,64.76189342575137,26.34370081828456,27.332289111771008,-0.9885882934864476,1061.3571999322048,989.7868957519531,918.2165915717014,-0.12468043095497332
2021-06-23,1003.4608154296875,1024.0500559302593,1001.7999870984139,1023.777092514532,16653951,995.2958221435547,928.5943640136719,988.9457837741757,60.33515056113383,24.406223300903775,26.747075949597562,-2.3408526486937866,1051.6490181254082,995.2958221435547,938.9426261617012,-0.1958798074397397
2021-06-24,979.8683471679688,1007.669572262773,973.7257080355693,1004.1432535343797,91461975,999.4879608154297,930.8602282714844,988.081266002156,50.82567314199719,20.72810272594245,25.54328130486654,-4.81517857892409,1033.8692281512563,999.4879608154297,965.106693479603,-0.23714560152575698
2021-06-25,957.5499877929688,979.868355835384,946.9254774381874,979.868355835384,55355022,999.8730682373047,932.4924572753906,985.1735252203285,43.79378012775497,15.829784687429196,23.600581981379072,-7.770797293949876,1032.128435189901,999.8730682373047,967.6177012847083,-0.22391031036555492
2021-06-28,949.1550903320312,967.5830690553377,946.8800342020979,965.535542609245,20277042,998.3534454345703,933.8434326171875,981.7431980881098,41.469665923631624,11.1419962878648,21.10886484267622,-9.96686855481142,1036.602745719105,998.3534454345703,960.1041451500355,-0.16804237621601176
2021-06-29,949.97412109375,959.6203929887992,948.2906059997632,950.7476377872767,27144063,996.679800415039,935.3214245605469,978.7175717076947,41.7942152272042,7.407589069336154,18.368609688008206,-10.961020618672052,1039.9865681469903,996.679800415039,953.3730326830879,-0.008135698646321545
2021-06-30,960.3711547851562,965.8312654969786,951.4529057551116,953.8189497184267,19762858,994.792578125,937.2830419921875,976.9702939055481,45.89556199160032,5.226747479554547,15.740237246317474,-10.513489766762927,1040.884670121027,994.792578125,948.700486128973,0.06858658061981844
2021-07-01,954.592529296875,966.0587979305755,953.2502184775107,963.715500911565,12534407,992.4259857177734,939.1340771484375,974.8390782285317,44.03822820337338,2.9975738590986793,13.191704568873716,-10.194130709775036,1041.5697969145178,992.4259857177734,943.2821745210289,-0.09438280759773693
2021-07-02,968.7433471679688,970.4951632609226,952.317400936898,954.1602048328318,14086620,991.2010925292968,941.220517578125,974.2585324132399,49.434740640877045,2.3457500965027975,11.022513674399534,-8.676763577896736,1041.4121797606338,991.2010925292968,940.9900052979599,0.15165841851462292
2021-07-05,978.3668823242188,979.8911687487861,969.8581385815543,972.1104477919255,11702287,989.62080078125,943.518017578125,974.6498038333332,52.770343176438615,2.5760191827566814,9.333214776070964,-6.757195593314282,1039.356427891399,989.62080078125,939.8851736711007,0.06427058299579039
2021-07-06,966.8095703125,977.775345876362,964.7165499262375,975.9780960314433,10070124,987.7528350830078,945.2805749511718,973.9031149265873,48.62211368469613,1.8051222758070935,7.827596276018189,-6.022474000211096,1037.9665435803731,987.7528350830078,937.5391265856423,-0.09366654457715332
2021-07-07,960.09814453125,968.1518891821571,954.6152867923088,968.1518891821571,10454892,986.4470916748047,946.4482165527344,972.588355841317,46.343831921065735,0.6451876308231022,6.391114546979172,-5.74592691615607,1038.0908602144038,986.4470916748047,934.8033231352056,-0.0829954328771723
2021-07-08,952.1581420898438,963.2377120648708,946.880007204719,963.2377120648708,11185460,984.5629791259765,947.3786145019532,970.6426211983196,43.733031296875744,-0.9043361476763039,4.932024408048077,-5.836360555724381,1038.2819033747571,984.5629791259765,930.844054877196,-0.11451964568596756
2021-07-09,942.4208984375,951.7486525291566,940.1003484340649,950.0650773140198,9037675,981.333529663086,947.8716821289063,967.9548380782416,40.70455055703917,-2.884804856400592,3.3686585551583432,-6.253463411558935,1036.9970158923868,981.333529663086,925.6700434337853,-0.08028635297777376
2021-07-12,948.29052734375,956.207729408689,943.9223909587707,946.3111816946794,8585292,977.6752349853516,948.7501196289063,966.0820465797185,43.25548003460738,-3.9353463552570247,1.9078575730752698,-5.8432039283322945,1031.9088955629059,977.6752349853516,923.4415744077975,0.020913385417945286
2021-07-13,955.3887939453125,956.9130803745411,950.0878516924769,955.5252756516485,6717133,974.2558166503907,950.0920056152344,965.0636415669179,46.266072809341786,-4.147329437652161,0.6968201709297839,-4.844149608581945,1024.938948297841,974.2558166503907,923.5726850029401,-0.0014283412171183002
2021-07-14,949.1550903320312,958.6420731903104,946.9937689554591,955.6844881859736,8532544,971.3983459472656,951.6941796875,963.5485414493097,44.05549066774863,-4.76342553759514,-0.3952289707752009,-4.368196566819939,1020.9635040064655,971.3983459472656,921.8331878880657,-0.06821558206983862
2021-07-15,947.494384765625,953.2502663224025,945.7425685626396,953.2502663224025,9448356,968.3656951904297,953.2313989257813,962.0195741461016,43.45974300218248,-5.32431579740512,-1.3810463361011849,-3.9432694613039354,1015.9482370487389,968.3656951904297,920.7831533321206,-0.060308365409519796
2021-07-16,961.1673583984375,962.2366455584815,949.8830661097808,949.951306958421,8828185,965.7891876220704,954.9432312011719,961.9384107415622,49.51309679734782,-4.612362226292134,-2.027309514139375,-2.5850527121527596,1008.8571104708308,965.7891876220704,922.7212647733099,0.11752414421383064
2021-07-19,955.0474853515625,966.4455126172754,951.9989126340373,955.525231478772,8354449,962.6427825927734,956.5258630371094,961.2821321329908,47.08330351969059,-4.490196312763032,-2.5198868738641065,-1.970309438898926,998.6099804232904,962.6427825927734,926.6755847622564,-0.004999785778204693
2021-07-20,952.7041015625,959.1653183707836,948.2450375383125,955.2976750301373,6741464,959.6408386230469,958.1119592285156,960.4651768405631,46.149402161519276,-4.53024854815385,-2.9219592087220554,-1.6082893394317943,987.4858049596531,959.6408386230469,931.7958722864406,-0.027142706322102802
2021-07-22,964.9439697265625,966.4000152300578,954.683470529445,964.1704530749702,7972397,957.7149963378906,959.87982421875,960.8917285439916,51.55452200509131,-3.5336020009917775,-3.044287767176,-0.48931423381577765,977.262201833584,957.7149963378906,938.1677908421973,0.008022440995195917
2021-07-23,958.1188354492188,971.2004383163171,956.4580071605648,971.2004383163171,9937030,956.6275207519532,961.6925610351562,960.6276434873465,48.62374772582428,-3.2569397539605234,-3.0868181645329047,-0.17012158942761868,973.3380341102041,956.6275207519532,939.9170073937022,-0.13388647717084065
2021-07-26,944.99169921875,965.0804452589716,942.3753787545852,959.1653356602167,12389668,955.9996063232422,963.0237463378907,959.1385059379563,43.501471124377204,-4.0502444192133,-3.279503415468984,-0.7707410037443156,973.4516099342695,955.9996063232422,938.5476027122149,-0.14670425776844112
2021-07-27,935.0496826171875,948.1085383406385,929.1345728588083,944.9689777697635,10824523,955.2943359375,963.9470593261718,956.8443322883593,40.059484863740444,-5.418718123234385,-3.7073463570220646,-1.71137176621232,974.8133826764779,955.2943359375,935.7752891985222,-0.10458568469161092
2021-07-28,927.0186767578125,936.414671001328,917.4178997988275,936.414671001328,12897848,954.1465637207032,964.4594604492188,954.0037936664024,37.479711414538784,-7.069782397238441,-4.37983356506534,-2.6899488321731013,977.1675390381009,954.1465637207032,931.1255884033054,-0.10000470548977959
2021-07-29,934.25341796875,943.8769425785124,929.7715466212894,934.5946824013536,13765738,952.8406768798828,965.0340307617188,952.1228055047213,41.15605211346293,-7.705653599107109,-5.044997571873694,-2.660656027233415,977.2239146796068,952.8406768798828,928.4574390801589,-0.003651453644220415
2021-07-30,926.0859985351562,940.9421040230186,924.1748936428288,936.4147387774315,11350608,951.4153503417969,965.5509020996094,949.643109602858,38.41013659578401,-8.767561605540322,-5.7895103786070194,-2.978051226933303,978.4146989992176,951.4153503417969,924.416001684376,-0.1098557634155378
2021-08-02,943.012451171875,946.1520117827725,928.7478263645152,934.7312372274596,10925104,950.1288055419922,966.2507751464843,949.0116183237167,46.39271271367547,-8.149367250893192,-6.261481753064254,-1.8878854978289379,976.1367636688378,950.1288055419922,924.1208474151465,0.08836353167112329
2021-08-03,949.9512939453125,951.4300863540562,939.2357958963441,950.9750871922383,11817299,948.7080261230469,967.2426867675781,949.1011112400591,49.29405197183748,-7.01863074323569,-6.412911551098542,-0.6057191921371476,971.2661274460788,948.7080261230469,926.149924800015,-0.010765305103636186
2021-08-04,957.2315673828125,961.8954143261994,949.6100753022611,952.9771655453944,13169800,948.2291259765625,968.5842456054687,949.8754403965119,52.21619037940807,-5.47197912264096,-6.224725065407026,0.7527459427660661,969.6054569201974,948.2291259765625,926.8527950329276,0.04461363682998493
2021-08-05,971.1094360351562,980.4598768953389,957.4590392491626,962.0318984025091,21252078,948.7796905517578,970.1407885742187,951.8977256954304,57.27120364612014,-3.090789850789747,-5.597938022483571,2.5071481716938235,971.8504954053196,948.7796905517578,925.7088856981959,0.09407892661267776
2021-08-06,950.5428466796875,976.8880266163,945.8561927770681,969.1528000617284,16620987,948.69892578125,971.2311340332031,951.768689598693,48.99848315011989,-2.8306026507639217,-5.044470948139641,2.2138682973757193,971.7331373315889,948.69892578125,925.664714230911,-0.18969706041582934
2021-08-09,945.128173828125,950.8841149123823,940.2822912594686,946.8799898333923,7494143,948.8342895507812,971.1367407226562,951.1362595253055,47.070703639772915,-3.0264344149620683,-4.640863641504127,1.6144292265420583,971.7508542318528,948.8342895507812,925.9177248697097,-0.018498819051421186
2021-08-10,950.0877685546875,961.4403616289129,943.5811181110125,947.3349664779623,11919198,948.9241516113282,970.5475451660157,951.0364032423895,49.0481001231968,-2.749737392599968,-4.2626383917232955,1.5129009991233273,971.8455770137136,948.9241516113282,926.0027262089427,0.0290502052948389
2021-08-11,963.39697265625,964.6254885296094,947.9720727670094,954.1374592617027,9184963,949.324560546875,970.1465441894532,952.2136003294238,54.01313207388279,-1.4399130462645644,-3.6980933226315496,2.258180276366985,972.9526079252103,949.324560546875,925.6965131685397,0.09674239261871928
2021-08-12,960.3028564453125,967.4465419866664,957.8002707488877,966.8550009426898,8137612,949.881948852539,969.3902893066406,952.9840056737942,52.72677339759045,-0.6441122100222856,-3.087297100109697,2.4431848900874114,973.98880987084,949.881948852539,925.7750878342381,-0.06766405256789462
2021-08-13,976.2965087890625,978.2303606065249,959.5975996548036,963.3969420853272,12780901,951.322055053711,968.8777319335937,955.2042440657244,58.260364725051446,1.262565694341447,-2.2173245412194684,3.4798902355609154,977.9913412748922,951.322055053711,924.6527688325298,0.13310221139926776
2021-08-16,988.9685668945312,1002.3914332731313,968.3337742680684,977.9800453155041,21935444,952.7121154785157,968.7922790527343,958.4198938589442,62.05071718682247,3.752889876323934,-1.023281657710788,4.776171534034722,983.8181876634625,952.7121154785157,921.6060432935689,0.11188890780835473
2021-08-17,984.7597045898438,994.2921805714811,977.2975018360073,986.8527849435737,12658169,954.1977264404297,968.2880187988281,960.928447261887,60.09863629767206,5.32548089059344,0.2464708519500577,5.079010038643382,988.301661259383,954.1977264404297,920.0937916214765,-0.021206471575147295
2021-08-18,988.5819091796875,995.0203194571639,979.4589373887336,989.1961972236583,10075860,955.9916168212891,967.976279296875,963.5621103016774,61.289637334686816,6.801783836113032,1.5575334487826527,5.2442503873303785,993.2235174015092,955.9916168212891,918.759716241069,-0.006209891924372211
2021-08-20,977.4796142578125,988.2861007519195,972.3607078932538,975.09076320503,9426282,956.6183990478515,967.801611328125,964.8875868689283,56.055709082597055,6.995265080731087,2.6450797751723396,4.350185305558748,994.8409170082837,956.6183990478515,918.3958810874194,0.024493855719679086
2021-08-23,983.895263671875,989.1961455676026,970.2221199980743,989.1961455676026,9854395,957.9072204589844,967.6827087402344,966.6978418025424,58.273231471887485,7.578924526716264,3.6318487254811247,3.9470758012351395,997.9406045725082,957.9072204589844,917.8738363454606,-0.053536537212997434
2021-08-24,993.6097412109375,997.3863365967811,980.823849400721,985.1237449789751,11864472,960.3381225585938,967.4147058105468,969.2608798414371,61.445730780214674,8.724782135356804,4.650435407456261,4.074346727900544,1002.7716772451474,960.3381225585938,917.9045678720402,0.08592898826880746
2021-08-25,1002.20947265625,1010.1267354530132,991.9717199859176,994.3833180171741,13380559,963.6961120605469,967.0297668457031,972.3988410618955,64.05139779801686,10.209124569269875,5.762173239818984,4.446951329450891,1008.1735573808654,963.6961120605469,919.2186667402283,0.07854149767874048
2021-08-26,1014.8815307617188,1021.4564824929126,1003.3014677332652,1004.666525440298,18589616,968.0892547607422,966.8518542480468,976.4448115094978,67.53340839135258,12.266604050757337,7.063059402006655,5.2035446487506825,1014.5218607239059,968.0892547607422,921.6566487975784,0.10132665286050688
2021-08-27,1013.4937744140625,1020.4782919319844,1008.3294342208058,1017.8619111430866,10480636,972.0512725830079,966.9956396484375,979.9732841670753,66.77065444559283,13.628094829878819,8.376066487581088,5.252028342297731,1019.7643511500164,972.0512725830079,924.3381940159993,-0.04288850070714612
2021-08-30,1032.990966796875,1035.5391065503322,1017.7708505413503,1023.7770080256,14027062,977.3965209960937,967.4925109863282,985.0225872746754,71.62036803298476,16.094815546852146,9.9198162994353,6.174999247416846,1027.2204020820577,977.3965209960937,927.5726399101297,0.08975745240318374
2021-08-31,1027.4854736328125,1039.1337183154053,1020.2507393885751,1036.016904489164,26485463,981.6201721191406,967.7882702636718,989.066671689736,68.57681785713395,17.40483015194195,11.416819069936631,5.98801108200532,1033.3540101262397,981.6201721191406,929.8863341120415,-0.08216273676101966
2021-09-01,1031.5576171875,1043.296968181422,1029.6921267178896,1034.242238504605,11145486,985.70048828125,968.0599108886719,993.1134284038087,69.60565868225758,18.557692588760233,12.844993773701352,5.71269881505888,1039.6259942134807,985.70048828125,931.7749823490194,-0.025951546232127184
2021-09-02,1043.9796142578125,1050.0767599227504,1026.052128476792,1026.052128476792,9956770,990.037890625,968.6846435546875,997.957827056571,72.55738780869048,20.24037725468247,14.324070469897578,5.916306784784894,1047.9162403524665,990.037890625,932.1595408975337,0.17296641223139586
2021-09-03,1086.7962646484375,1089.753849755498,1047.6652497127798,1051.0777738490863,30664428,995.822232055664,970.3513525390625,1006.4186306367487,79.8288330531405,24.74363362233896,16.407983100385856,8.335650521953106,1066.651945129549,995.822232055664,924.9925189817791,0.3273231948087902
2021-09-06,1103.67724609375,1128.4299004209945,1097.4889922462605,1097.944051619568,33641710,1003.4789520263672,972.8275305175781,1015.6813559183679,81.86866656119633,29.336478200928354,18.993682120494356,10.342796080433999,1085.325412389145,1003.4789520263672,921.6324916635895,0.05217013831885727
2021-09-07,1110.638916015625,1118.4195769224002,1097.4890117544835,1105.6792381399396,17349882,1011.7544891357422,975.8893090820312,1024.7249330704876,82.6479834186215,33.1558887539793,21.826123447191346,11.329765306787952,1101.4238480566632,1011.7544891357422,922.0851302148212,0.04482632874851841
2021-09-08,1106.29345703125,1116.5995103115172,1095.054658449374,1115.6895119598441,14301651,1019.5647735595703,979.0320764160156,1032.4933639238936,80.327100006376,35.423813242613505,24.54566140627578,10.878151836337725,1113.4985702616616,1019.5647735595703,925.630976857479,-0.08401892795214257
2021-09-09,1103.67724609375,1109.2510915570197,1099.35460328716,1104.7237261918483,8963249,1026.5787872314454,982.1061389160157,1039.2727812734038,78.89072189457039,36.5882863912002,26.954186403260668,9.634099987939532,1123.5880128092865,1026.5787872314454,929.5695616536042,-0.00947249319420451
2021-09-13,1079.0838623046875,1107.0443192185294,1077.4913349676583,1107.0443192185294,16311160,1032.517837524414,984.4803930664062,1043.0643128001927,66.79855879357916,35.12179700146453,28.58770852290144,6.534088478563088,1127.0829333846657,1032.517837524414,937.9527416641625,-0.24733160635209583
2021-09-14,1077.67333984375,1089.2988378614205,1076.5584984650136,1080.6536720322044,8908356,1037.5866790771483,986.9420092773438,1046.3604106138648,66.17209017414777,33.46006936873118,29.56218069206739,3.8978886766637935,1130.405971539978,1037.5866790771483,944.7673866143188,-0.02757198612193939
2021-09-15,1082.155029296875,1090.0949179081745,1077.695905241629,1077.695905241629,9071075,1042.2460021972656,989.2102429199218,1049.7694219170087,67.22389699298799,32.13434836648298,30.07661422695051,2.057734139532471,1134.1867836131912,1042.2460021972656,950.3052207813399,0.04135286294232921
2021-09-16,1104.8602294921875,1108.7505599524602,1077.0135078740498,1083.633953919053,13448882,1048.251028442383,991.7401098632813,1055.016165495597,71.97762208109523,32.54071570661017,30.569434522882442,1.9712811837277293,1140.0771648958953,1048.251028442383,956.4248919888705,0.19341310001809994
2021-09-17,1087.72900390625,1117.441336518829,1080.9265822690465,1112.9594649804742,34882133,1053.2083831787108,994.1584985351562,1058.1316739156591,64.38941759935224,31.121666815733306,30.67988098145262,0.44178583428068663,1142.2777899505083,1053.2083831787108,964.1389764069133,-0.22289180158349722
2021-09-20,1089.4581298828125,1100.3783514488218,1078.3785593037167,1079.3340516110384,11779819,1058.807308959961,996.7456982421875,1061.1151459125308,64.79287251215595,29.79314947980629,30.502534681123358,-0.709385201317069,1142.0167247843224,1058.807308959961,975.5978931355993,0.0935251768363441
2021-09-21,1094.1673583984375,1099.5819747220887,1084.7485569386888,1094.3038400919852,9915736,1064.3209136962892,999.5858825683594,1064.2629756730933,65.9251621750309,28.788430200998164,30.159713785098322,-1.3712835841001585,1141.3268306539305,1064.3209136962892,987.3149967386478,-0.0012472004372206867
2021-09-22,1105.90673828125,1111.1392587944545,1091.2325487612284,1095.6689260415033,10995912,1069.9357635498047,1002.8555993652344,1068.2290483024415,68.6333292259085,28.609658446703406,29.84970271741934,-1.2400442707159343,1141.6969457405178,1069.9357635498047,998.1745813590917,0.0931679343226225
2021-09-23,1132.9345703125,1136.1651189116335,1112.7320273834348,1113.5965319131858,15748397,1076.4720184326172,1006.5484802246094,1074.3914789700661,73.7968496510403,30.299625485612523,29.93968727105798,0.35993821455454267,1146.151115677784,1076.4720184326172,1006.7929211874506,0.17192915388818172
2021-09-24,1129.6583251953125,1140.009872555042,1124.7897556991463,1139.1453680882425,15192163,1082.2108581542968,1010.0338708496093,1079.6549881343753,72.24435101752199,31.0170259713002,30.155155011106427,0.8618709601937731,1149.5199844196125,1082.2108581542968,1014.9017318889812,-0.0830900961572498
2021-09-27,1148.655029296875,1151.134928281977,1126.2912870102596,1131.6149158288965,15373834,1088.9689208984375,1014.0238696289063,1086.226420626042,75.46711552892685,32.74102809244755,30.672329627374655,2.0686984650728952,1154.4394553898992,1088.9689208984375,1023.498386406976,0.14945434016100476
2021-09-28,1159.3934326171875,1167.0603586138618,1143.354184437372,1153.0004562253168,18035258,1095.289044189453,1018.2618505859375,1093.1947074823415,77.08672563603508,34.57524964206141,31.452913630312004,3.122336011749404,1162.3101688743513,1095.289044189453,1028.2679195045548,0.05538968418900045
2021-09-29,1150.2021484375,1169.38083570803,1146.653022546889,1169.38083570803,9719875,1101.4248779296875,1022.0425463867188,1098.623987573309,72.6648414782182,34.88509001398256,32.13934890704611,2.7457411069364497,1164.8666803856631,1101.4248779296875,1037.9830754737118,-0.16255233973814426
2021-09-30,1146.2889404296875,1153.273457399079,1137.6892697076169,1148.9053210131074,13590654,1107.161444091797,1025.8673754882811,1103.163506892964,70.80267355115919,34.418126817411576,32.59510448911921,1.8230223282923674,1164.7765421964732,1107.161444091797,1049.5463459871207,-0.02276887697804255
2021-10-01,1148.3138427734375,1155.6395643825463,1135.2550471541776,1138.4173546931033,8958928,1112.378155517578,1029.7795703125,1107.4635388815805,71.21376198390513,33.82157376697933,32.84039834469124,0.9811754222880893,1164.8277358441014,1112.378155517578,1059.9285751910547,0.08671365870203314
2021-10-04,1163.0789794921875,1171.587662580675,1154.38820045178,1161.645680951927,10918552,1116.1922912597656,1033.7422705078125,1112.760247511162,74.0796018057855,34.14660352250144,33.10163938025328,1.0449641422481548,1171.653953990357,1116.1922912597656,1060.7306285291743,0.012337891265298221
2021-10-05,1187.21728515625,1188.4913549848789,1159.0747363088924,1162.6011151090838,13533634,1120.3692932128906,1038.3242395019531,1119.8513939535515,77.94525610673584,35.93768422698099,33.668848349598825,2.268835877382166,1183.4865755694202,1120.3692932128906,1057.252010856361,0.20862522830348817
2021-10-06,1164.7626953125,1192.1088663326832,1160.7813766554293,1192.1088663326832,10258881,1123.0754821777343,1042.719659423828,1124.1286607496418,67.81358514977936,35.14015699392962,33.963110078464986,1.1770469154646364,1188.8760618038702,1123.0754821777343,1057.2749025515984,-0.2254525079818447
2021-10-07,1170.4730224609375,1182.4625914537355,1168.3344479778266,1180.7562090449592,6336665,1126.2844604492188,1047.4281262207032,1128.542409484051,68.91998757484862,34.57038076342087,34.08456421545617,0.48581654796470275,1194.7059790257906,1126.2844604492188,1057.862941872647,-0.08687032132492299
2021-10-08,1215.450927734375,1221.4343385648037,1174.613532001241,1176.3197940015023,15772493,1131.87314453125,1053.1967712402343,1136.819411222177,75.93651162976217,37.317991479126704,34.73124966819028,2.5867418109364237,1209.6194318682626,1131.87314453125,1054.1268571942376,0.32090643204823643
2021-10-11,1206.9876708984375,1237.632749168865,1203.666134554231,1229.1695592932124,14768666,1138.2683349609374,1058.6514562988282,1143.502102619916,72.61460228496293,38.37027008168002,35.45905375088823,2.911216330791788,1218.5926034159675,1138.2683349609374,1057.9440665059074,-0.17852856349825688
2021-10-12,1213.881103515625,1220.797380462856,1201.8005463413256,1203.5069288032655,6682011,1145.0787231445313,1064.4073583984375,1150.2048646099836,73.62661440920866,39.307340305773096,36.228711061865205,3.0786292439078906,1226.7828847340206,1145.0787231445313,1063.374561555042,0.08598667761767308
2021-10-13,1226.234619140625,1237.4051767394146,1214.563508294983,1218.9771386553036,9959762,1152.2827026367188,1070.0718017578124,1157.4457936129018,75.38232683201284,40.579030869598,37.09877502341177,3.480255846186232,1235.9090046023384,1152.2827026367188,1068.6564006710992,0.059467213756721746
2021-10-14,1228.7144775390625,1236.47251177523,1222.7083196035724,1228.6917305879201,8623469,1158.4754150390625,1075.6470654296875,1164.2332873201553,75.7315876451708,41.3107539941841,37.94117081756624,3.3695831766178586,1245.4153062511418,1158.4754150390625,1071.535523826983,0.00018513147208716493
2021-10-18,1231.9906005859375,1249.0079672854492,1211.3784935963072,1214.2450907648501,13594479,1165.688494873047,1081.14224609375,1170.6863647740395,76.21174485287703,41.67460666824945,38.687857987702884,2.986748680546569,1251.8877765682341,1165.688494873047,1079.4892131778597,0.14511273524285628
2021-10-19,1243.024658203125,1251.8974138396732,1232.172677010528,1239.3617971163028,8833409,1173.3668212890625,1086.5805505371093,1177.575726053,77.80456066581222,42.364961859064806,39.42327876197527,2.9416830970895376,1258.3871253403722,1173.3668212890625,1088.3465172377528,0.02954581147741308
2021-10-20,1228.7144775390625,1247.9842743668398,1224.6649184645307,1247.9842743668398,12710570,1180.0941772460938,1092.1439831542968,1182.4460833373869,71.15065799482895,41.281493971441705,39.79492180386856,1.4865721675731436,1260.1290724751605,1180.0941772460938,1100.059282017027,-0.15319185151635037
2021-10-21,1193.2689208984375,1241.2726844412653,1184.4871546113602,1240.9997210618956,20831669,1184.4622863769532,1097.1067980957032,1183.4768297717728,57.93438110692009,37.13461297167055,39.26286003742896,-2.1282470657584085,1257.0103566396406,1184.4622863769532,1111.9142161142659,-0.36670923093712215
2021-10-22,1195.4986572265625,1212.56163907253,1188.2639230760205,1192.1315066188683,11027475,1187.5904907226563,1102.0150158691406,1184.6217657198479,58.45714185736898,33.64031636302025,38.13835130254722,-4.498034939526974,1256.2739606471453,1187.5904907226563,1118.9070207981674,0.028237283157799692
2021-10-25,1183.850341796875,1219.4323525860245,1169.3809932455636,1219.4323525860245,17198417,1190.3000915527343,1106.424083251953,1184.5482967748028,54.63718628432145,29.59004381355544,36.42868980474886,-6.838645991193424,1253.7005795358298,1190.3000915527343,1126.8996035696389,-0.2837829592967935
2021-10-26,1210.8096923828125,1214.3815653473446,1184.464511564794,1190.8119938799573,9750178,1193.4078247070313,1111.4342199707032,1187.0493820708036,60.99077431387216,28.230148343610153,34.788981512521126,-6.558833168910972,1254.385331693168,1193.4078247070313,1132.4303177208947,0.1663722428528188
2021-10-27,1195.4986572265625,1217.976256032517,1192.1087596672705,1206.691962726344,9896298,1195.2130859375,1115.8182629394532,1187.8540749427807,56.17830973817872,25.62159896473713,32.95550500296433,-7.333906038227198,1254.1596636844738,1195.2130859375,1136.266508190526,-0.0924951174065072
2021-10-28,1182.3941650390625,1200.2989032113676,1178.7086777178667,1192.131424255356,9886181,1196.822686767578,1119.6867749023438,1187.334083523379,52.36955826440273,22.240507066449254,30.812505415661317,-8.571998349212063,1252.4284761822207,1196.822686767578,1141.2168973529353,-0.08149825197961903
2021-10-29,1154.0242919921875,1181.2794715076984,1138.303621720808,1181.2794715076984,14233025,1197.209454345703,1123.0720666503905,1184.1617224251702,45.221603373595904,17.074926594633098,28.064989651455676,-10.990063056822578,1251.4958621755568,1197.209454345703,1142.9230465158494,-0.22671707461864618
2021-11-01,1154.7294921875,1163.0107055431893,1134.8454091416836,1154.0242164122978,15481114,1197.5302368164062,1126.395018310547,1181.3586528787253,45.4210230458782,12.889488615546952,25.029889444273934,-12.140400828726982,1250.7219254555391,1197.5302368164062,1144.3385481772732,0.006111370841882289
2021-11-02,1137.8941650390625,1159.3707786875088,1135.3688922235076,1158.0057208153316,10569130,1196.27099609375,1129.603309326172,1177.2191778463764,41.5336796181824,8.120421496267454,21.647995854672637,-13.527574358405182,1253.6898725774872,1196.27099609375,1138.8521196100128,-0.1719487173935858
2021-11-03,1130.0677490234375,1146.630174581532,1119.7844438035129,1140.2826930467033,11989430,1193.4135192871095,1132.5267590332032,1172.7285655775252,39.827197286547886,3.6671029999015445,18.05181728371842,-14.384714283816876,1257.635374835165,1193.4135192871095,1129.1916637390539,-0.0893436901397701
2021-11-04,1137.0067138671875,1139.7595760808606,1132.9799021702054,1134.3220924997154,1705656,1192.0257202148437,1135.394698486328,1169.326484462255,42.09866418383267,0.68978111136812,14.579410049248361,-13.889628937880241,1259.7672464865977,1192.0257202148437,1124.2841939430896,0.023662769566837525
2021-11-08,1138.4173583984375,1146.63033145871,1117.6915164906068,1146.3572476973713,20337183,1190.4229370117187,1138.1188562011719,1166.3827581704627,42.5732643517097,-1.538209193239254,11.35588620075084,-12.894095393990094,1261.5601724153762,1190.4229370117187,1119.2857016080611,-0.0691513678302714
2021-11-09,1147.4036865234375,1150.679728364191,1131.6375245449274,1139.8050025536425,15682497,1187.020574951172,1140.7692993164062,1164.5752275374127,45.630600603204954,-2.5493981091767637,8.57482933876532,-11.124227447942083,1259.539904161412,1187.020574951172,1114.5012457409318,0.06656793633689112
2021-11-10,1160.2349853515625,1163.9205925184515,1139.190689562383,1145.1286055338035,10253470,1184.6829406738282,1143.7041235351562,1164.1618711387603,49.74478052382247,-2.2890077737311003,6.402061916266035,-8.691069689997136,1257.4905745522274,1184.6829406738282,1111.875306795429,0.13115868166384206
2021-11-11,1162.35107421875,1169.6084350981216,1153.7057882040397,1155.7533749476675,10722478,1182.1064392089843,1146.2913256835936,1163.9894142892356,50.411219122567815,-1.8901078830654114,4.743627956399746,-6.6337358394651575,1254.24265771941,1182.1064392089843,1109.9702206985585,0.0570237728275466
2021-11-12,1179.8917236328125,1182.4626105860948,1163.465776749054,1166.1503984605802,8712341,1179.7892944335938,1149.3394506835937,1165.5039199410048,55.660136857933395,-0.156785703409696,3.7635452244378578,-3.9203309278475538,1249.0256946977918,1179.7892944335938,1110.5528941693958,0.1172925609994886
2021-11-15,1172.9300537109375,1184.03237124433,1169.3809275416072,1183.0312646799675,4803269,1177.0000732421875,1152.1668994140625,1166.2111707762365,53.25097307397518,0.6476700926198191,3.14037019807425,-2.492700105454431,1242.522857297838,1177.0000732421875,1111.4772891865368,-0.08517724916006661
2021-11-16,1145.6749267578125,1171.6560383638487,1135.2551376309032,1170.3137274678447,11337581,1172.6842895507812,1154.2008056640625,1164.2553380125769,45.032876996713505,-0.9036372895732256,2.3315687005447554,-3.235205990117981,1234.4110472484292,1172.6842895507812,1110.957531853133,-0.20747526073653905
2021-11-17,1121.149658203125,1137.0523041547756,1119.7846004549367,1137.0523041547756,10202029,1166.5905395507812,1154.8878735351564,1160.1500351735815,39.174264623580676,-4.0651828749751076,1.0522183854407827,-5.117401260415891,1223.1879565661573,1166.5905395507812,1109.993122535405,-0.13895370844062696
2021-11-18,1125.381103515625,1132.5248489990865,1114.8020873378032,1119.3294522857677,8505625,1161.4238708496093,1155.3219506835937,1156.8387083490143,40.60988263583793,-6.15829921610225,-0.38988513486782395,-5.768414081234426,1213.0403075764355,1161.4238708496093,1109.8074341227832,0.054012352983254894
2021-11-22,1075.53466796875,1114.3244768150466,1069.733232783756,1108.4548007788628,24124307,1155.537158203125,1154.6198657226562,1149.0954664080368,31.25230160975977,-11.704378966125432,-2.6527839011193457,-9.051595065006087,1217.1667987101466,1155.537158203125,1093.9075176961035,-0.2885567466700559
2021-11-23,1085.59033203125,1092.5975959560926,1050.6227346718351,1061.5657022414562,25326999,1150.0417419433593,1154.2058032226562,1143.0473583721525,34.52975956685444,-15.11405367165753,-5.145037855226983,-9.969015816430547,1215.8941648829596,1150.0417419433593,1084.189319003759,0.22252697492808354
2021-11-24,1069.91552734375,1096.5336766468922,1066.343653697293,1082.9288314081464,16820296,1144.3450012207031,1153.5305688476562,1136.0824220837333,31.971099430728856,-18.86362307503282,-7.88875489918815,-10.97486817584467,1216.8858032287646,1144.3450012207031,1071.8041992126416,-0.11959257940762523
2021-11-25,1134.3221435546875,1138.4400635861748,1072.5315589664726,1079.7435455818988,42401936,1140.5206237792968,1154.6353344726563,1135.9147765095386,48.769288471693024,-16.448500111277326,-9.600703941605985,-6.847796169671341,1206.4011596424723,1140.5206237792968,1074.6400879161213,0.46641394134891584
2021-11-26,1097.761962890625,1127.33768989774,1092.7112978197426,1122.8785658449294,15763138,1135.6337890625,1155.0371069335938,1132.2811752124992,42.37309319940789,-17.28534410875841,-11.13763197503647,-6.147712133721939,1198.925685662892,1135.6337890625,1072.341892462108,-0.2200232022756876
2021-11-29,1110.911865234375,1137.530130735484,1091.6193215192616,1109.819891228915,24325354,1132.0596740722656,1155.6122436523438,1130.2460028336302,45.15907908277659,-16.69501207812391,-12.249107995653958,-4.445904082469951,1192.389559988616,1132.0596740722656,1071.7297881559152,0.009838882664693733
2021-11-30,1094.48583984375,1126.5642137673601,1086.9553960411952,1122.9695939867834,32172299,1129.0827514648438,1155.404755859375,1126.8402730250702,42.40149110141883,-17.352582887812105,-13.269802974085588,-4.082779913726517,1190.6466741589857,1129.0827514648438,1067.518828770702,-0.24834354857653917
2021-12-01,1122.5146484375,1125.6997027555497,1103.4495757193315,1107.0441954788987,10104610,1127.4720092773437,1156.10046875,1126.428308778635,48.21267489935344,-15.434107105726525,-13.702663800413777,-1.731443305312748,1187.9436187271378,1127.4720092773437,1067.0003998275495,0.13884293805764716
2021-12-02,1129.7266845703125,1135.8010837797613,1120.057665060323,1123.7432731717324,12720411,1127.0636352539063,1156.90583984375,1126.7424398064138,49.621119669712186,-13.179821407107738,-13.59809532175257,0.418273914644832,1187.3582529081166,1127.0636352539063,1066.769017599696,0.05319509790496143
2021-12-03,1095.78271484375,1136.8475802217874,1092.028866217897,1136.8020863205188,19222481,1125.349383544922,1156.9381469726563,1123.7938945718745,43.60955628283374,-13.971226819059666,-13.67272162121399,-0.2985051978456763,1187.1359560248193,1125.349383544922,1063.5628110650246,-0.3459460092323653
2021-12-06,1075.0113525390625,1103.404119692969,1072.5315739182363,1099.309066908383,10332254,1122.2496154785156,1156.3202392578125,1119.147938187797,40.38528856912869,-16.08903230493388,-14.15598375795797,-1.933048546975911,1187.5087228399593,1122.2496154785156,1056.9905081170718,-0.21749683511700046
2021-12-07,1083.7703857421875,1093.8488493527543,1073.8284038337267,1081.1768723394634,11235122,1119.517266845703,1155.3369555664062,1115.7786474786915,42.32187306288869,-16.86620452632451,-14.698027911631279,-2.1681766146932304,1186.3958076446977,1119.517266845703,1052.6387260467084,0.023983273523856437
2021-12-08,1100.2645263671875,1106.4981533356588,1094.8954038300121,1102.994641711683,8744178,1117.1603088378906,1154.7490795898439,1114.3011121347388,45.88675218439267,-15.967120780675486,-14.951846485440122,-1.0152742952353648,1183.259638168062,1117.1603088378906,1051.0609795077191,-0.024746792407559965
2021-12-09,1117.71435546875,1126.1093048249602,1103.404235637729,1107.9543482561612,13213547,1115.03427734375,1154.1302661132813,1114.626182928454,49.44659054829334,-13.688739789165538,-14.699225146185206,1.0104853570196681,1178.1216543729506,1115.03427734375,1051.9469003145496,0.08786318461141891
2021-12-10,1118.851806640625,1122.0596079618992,1105.8383850496557,1110.343003210938,8364414,1112.8593139648438,1153.31943359375,1115.028623281994,49.678972527610476,-11.656949576532043,-14.090770032254573,2.4338204557225307,1172.157156508318,1112.8593139648438,1053.5614714213696,0.07648255060331875
2021-12-13,1096.4197998046875,1125.7453143246432,1093.8489128488443,1125.4723509045855,12901733,1108.6857177734375,1152.2437866210937,1113.2563543793933,45.26032172095144,-11.721696256377982,-13.616955277079256,1.8952590207012747,1159.6949448369842,1108.6857177734375,1057.676490709891,-0.25255172833032924
2021-12-14,1082.996826171875,1094.758924705155,1079.925506579218,1082.9285853235253,12991523,1104.1890563964844,1150.9779443359375,1110.3744945501057,42.806772081268946,-12.709621651394627,-13.435488551942331,0.7258669005477039,1146.9392409785164,1104.1890563964844,1061.4388718144523,0.0006301508727529182
2021-12-15,1079.834716796875,1094.3040660307108,1074.328991186542,1084.7487809045542,9366969,1100.8970458984375,1149.6083618164062,1107.4659442878933,42.22604714555549,-13.591046322403145,-13.466600106034495,-0.12444621636864994,1140.3766638406114,1100.8970458984375,1061.4174279562635,-0.045270438426881617
2021-12-16,1093.8033447265625,1099.0814796358936,1077.764217447417,1094.6223552854042,9761279,1099.5297302246095,1148.2228491210938,1106.1647443296713,45.72864444621165,-13.01243098680925,-13.375766282189447,0.3633352953801978,1137.990001706787,1099.5297302246095,1061.0694587424318,-0.00748198930779368
2021-12-17,1064.932861328125,1095.6689246022736,1055.6277943848347,1091.1415595298965,21049821,1096.5073181152343,1145.7771606445312,1102.2378983295241,40.2916579561185,-14.713868576326831,-13.643386741016924,-1.0704818353099075,1135.85681048717,1096.5073181152343,1057.1578257432986,-0.2356801302374909
2021-12-20,1036.2215576171875,1054.6494737766875,1022.4573675126571,1054.6494737766875,14325846,1094.5416625976563,1143.206337890625,1095.950627785492,35.74057267019829,-18.169584720823423,-14.548626336978225,-3.6209583838451973,1141.1445757727581,1094.5416625976563,1047.9387494225546,-0.1729734866741598
2021-12-21,1051.6466064453125,1067.4582657288427,1042.9786937245733,1051.6921003499008,12836561,1092.8444763183593,1140.8298095703126,1091.7311971816655,39.68243927491912,-19.439505614458085,-15.526802192474197,-3.9127034219838883,1142.9671424088644,1092.8444763183593,1042.7218102278541,-0.00043257814464407296
2021-12-22,1076.6038818359375,1079.2430094666254,1056.5379426212896,1057.8573860824001,17658543,1093.1788940429688,1138.0528686523437,1090.2905004820723,45.50697479766444,-18.22203129068066,-16.06584801211549,-2.1561832785651696,1142.7716188801319,1093.1788940429688,1043.5861692058056,0.1753798893372064
2021-12-23,1076.2171630859375,1082.9285964305648,1072.9411209146308,1080.1984810516549,9072401,1090.2736450195312,1135.4374584960938,1088.9501826348214,45.43376335225378,-17.091360523724916,-16.270950514437377,-0.8204100092875386,1136.5841528612389,1090.2736450195312,1043.9631371778235,-0.03684060101226352
2021-12-24,1079.6527099609375,1088.3888637957136,1063.6134603280955,1078.3786398864759,7886494,1089.368182373047,1132.752890625,1088.0647090468324,46.260899012584694,-15.736673300056282,-16.16409507156116,0.4274217715048785,1135.765699090391,1089.368182373047,1042.9706656557028,0.011814132342434818
2021-12-27,1078.4923095703125,1082.0186888381238,1068.413845410363,1074.5337382222722,4017223,1087.7472045898437,1129.7980444335938,1087.1530519538305,46.00722530536044,-14.588540910393704,-15.84898423932767,1.2604433289339667,1133.2779650627374,1087.7472045898437,1042.21644411695,0.036823241096804
2021-12-28,1091.3009033203125,1094.2357415301187,1079.7663934022717,1080.926608302519,6374613,1087.587957763672,1127.0497729492188,1087.548085417305,49.31130680061885,-12.500987646009435,-15.179384920664024,2.678397274654589,1133.04554926333,1087.587957763672,1042.130366264014,0.09568233408553861
2021-12-29,1093.1663818359375,1100.6740785888855,1083.884061988693,1087.9337410579972,15425312,1086.1205444335938,1124.2732885742187,1088.0831612666984,49.79320036527165,-10.5741657180115,-14.25834108013352,3.684175362122021,1128.782335724696,1086.1205444335938,1043.4587531424916,0.04806000011842499
2021-12-30,1073.4189453125,1094.2812707813944,1067.276305271878,1092.02896140955,29333171,1083.305157470703,1120.8811743164063,1086.6865692710605,44.92434429016055,-10.519338166971238,-13.510540497501065,2.991202330529827,1121.2563083581829,1083.305157470703,1045.3540065832233,-0.1687860712863002
2021-12-31,1077.536865234375,1084.7032384928461,1073.8285101886943,1079.7436806997002,9477290,1082.3928649902343,1117.8576220703126,1085.8151688866142,46.10775374735961,-10.02800857433158,-12.81403411286717,2.78602553853559,1119.975806531175,1082.3928649902343,1044.8099234492936,-0.020435481821070044
2022-01-03,1093.7806396484375,1095.6462506930534,1075.4437086416906,1076.1034905748938,5421611,1083.3313293457031,1115.8678564453126,1086.573785149645,50.61550280813232,-8.232984768442748,-11.897824243982285,3.6648394755395373,1121.0671686845026,1083.3313293457031,1045.5954900069037,0.16280816117704844
2022-01-04,1118.465087890625,1119.7846517979926,1093.848914455948,1099.2636517956478,10847728,1085.066064453125,1114.3271850585938,1089.6110520773573,56.56155689143704,-4.7636741232165605,-10.470994219829139,5.7073200966125786,1125.794359173463,1085.066064453125,1044.337769732787,0.17292031935183816
2022-01-05,1123.6976318359375,1127.0647821675334,1107.021469888781,1120.2396140596422,11643813,1086.2377197265625,1113.124130859375,1092.857393006746,57.72356906674564,-1.5738554497156656,-8.691566465806444,7.117711016090778,1129.8907131781866,1086.2377197265625,1042.5847262749385,0.030858753849932235
2022-01-06,1099.53662109375,1116.5996031111947,1096.123976548564,1115.3255331004264,14447422,1085.3288330078126,1110.8986694335938,1093.493509967413,50.94655830498075,-0.9841481670080157,-7.1500828060467585,6.165934639038743,1127.0360982382615,1085.3288330078126,1043.6215677773637,-0.140625130872049
2022-01-07,1108.4091796875,1118.4421482661342,1097.284116906681,1106.11137689842,13112115,1084.8067016601562,1109.1568798828125,1094.9140499407547,53.12307774479527,0.19687102398233947,-5.680692040040939,5.8775630640232785,1125.058260844365,1084.8067016601562,1044.5551424759476,0.020770714032215733
2022-01-10,1109.3193359375,1117.9646215781718,1099.3318598320666,1115.6895654128748,9246731,1085.451678466797,1107.6953833007813,1096.2859819404448,53.35173255810095,1.1925324724907114,-4.306047137534609,5.49857961002532,1126.8246778090672,1085.451678466797,1044.0786791245266,-0.057034826523631045
2022-01-11,1117.3048095703125,1126.1319502273575,1107.9542483452858,1108.409307707792,16205164,1087.1670776367187,1106.9609936523439,1098.2877750480513,55.4069502994198,2.596036831945412,-2.925630343638605,5.521667175584017,1130.7752629875035,1087.1670776367187,1043.5588922859338,0.08008280688796436
2022-01-12,1147.1307373046875,1148.8826135216357,1121.6045672988503,1124.4711644227355,14800442,1090.5318786621094,1106.8090185546876,1102.9394857391596,62.11987387499917,6.0453403307624285,-1.1314362087583982,7.1767765395208265,1141.1753548351032,1090.5318786621094,1039.8884024891156,0.19882908916883818
2022-01-13,1153.592041015625,1156.1856749337926,1141.3522552982324,1147.19918473575,11856712,1093.5213134765625,1107.1229760742187,1107.7635386226325,63.40508978098556,9.194324959702044,0.9337160249336903,8.260608934768353,1151.1597651734403,1093.5213134765625,1035.8828617796846,0.05566816292055939
2022-01-14,1155.275390625,1168.1522095010407,1149.2919803342058,1153.4553940360954,19930176,1098.0384399414063,1107.62712890625,1112.2884769085722,63.75016168472277,11.690983826317733,3.085169585210499,8.605814241107234,1160.0047749763114,1098.0384399414063,1036.0721049065012,0.015777338026579987
2022-01-17,1161.304443359375,1167.105878804206,1154.3655399895374,1154.8205993720844,8036453,1104.2925842285156,1108.1130834960939,1116.956664189601,65.02231490225873,13.994775078672546,5.267090683902909,8.727684394769637,1165.281283544384,1104.2925842285156,1043.3038849126472,0.05608697515408113
2022-01-18,1147.4493408203125,1165.9000062324892,1144.6964783846606,1162.4419883292344,6215029,1109.0827209472657,1108.2937231445312,1119.8607286306212,59.82629506377685,14.535004773798164,7.120673501881961,7.414331271916203,1167.7855414728501,1109.0827209472657,1050.3799004216812,-0.12826501925384196
2022-01-19,1147.3583984375,1156.6405988874542,1141.6252038335633,1151.1804880553777,9755485,1112.6204467773437,1108.2928173828125,1122.4795543265145,59.79251997501612,14.785365914383874,8.653611984382344,6.13175393000153,1171.5949295722537,1112.6204467773437,1053.6459639824336,-0.033189285820875915
2022-01-20,1127.26953125,1142.0574560089742,1117.054465620327,1137.5528377304774,16494486,1115.1730651855469,1107.6335083007812,1122.9357426049417,52.71311332646778,13.210492890889782,9.564988165683832,3.6455047252059494,1172.0044429662198,1115.1730651855469,1058.341687404874,-0.09015305538289657
2022-01-21,1127.4515380859375,1138.5538554378697,1115.6895591579548,1115.6895591579548,13338594,1117.563006591797,1106.935517578125,1123.3658183650364,52.76767733151745,11.84059015123671,10.020108562794409,1.820481588442302,1172.196066848797,1117.563006591797,1062.9299463347968,0.1050345689996192
2022-01-24,1081.9730224609375,1139.6912967231897,1071.598729229798,1126.1545759538076,21868937,1117.737042236328,1104.9771435546875,1119.4236473265507,40.26514357281144,7.004453252349322,9.416977500705393,-2.412524248356071,1171.8912261962103,1117.737042236328,1063.582858276446,-0.373360520364472
2022-01-25,1079.8572998046875,1086.8644436444313,1048.802657948011,1069.0734401117095,24510205,1117.164862060547,1103.1156884765626,1115.65542375304,39.79278529016529,2.966858680900941,8.126953736744504,-5.160095055843563,1172.6496993490048,1117.164862060547,1061.6800247720892,0.10053035058168491
2022-01-27,1063.8636474609375,1072.053874198635,1051.5556205791781,1062.9081551085756,20020431,1115.699725341797,1101.479462890625,1110.7228736299826,36.32376574102975,-1.5061561552727198,6.2003317583410595,-7.706487913613779,1175.0545832006837,1115.699725341797,1056.34486748291,0.008989173814786776
2022-01-28,1062.8397216796875,1081.0629157010064,1059.4499449788068,1076.103358864866,14667727,1115.1707641601563,1100.3132641601562,1106.1625734442403,36.106747475912464,-5.075171474935587,3.9452311116857306,-9.020402586621318,1176.1886556115692,1115.1707641601563,1054.1528727087434,-0.12263576101934029
2022-01-31,1085.931640625,1094.9408766634326,1072.0992089277,1073.9193259070898,12143683,1115.5905029296875,1099.5242749023437,1104.2358179376458,44.203137640322396,-5.971481436584554,1.9618886020316737,-7.933370038616228,1175.675455738086,1115.5905029296875,1055.5055501212892,0.11139073898664868
2022-02-01,1082.337158203125,1101.402112704543,1067.9587979070466,1095.6690383601324,13200509,1115.018328857422,1099.6603247070314,1102.150231296263,43.28370092428066,-6.892406854019555,0.19102951082142816,-7.083436364840983,1176.1322796472614,1115.018328857422,1053.9043780675825,-0.12108101836294644
2022-02-02,1084.5438232421875,1095.2138271372608,1080.6989871423398,1095.2138271372608,10017691,1113.322265625,1099.63939453125,1100.4734305292081,44.05306128462527,-7.359353410386348,-1.319047073420127,-6.04030633696622,1175.826437710721,1113.322265625,1050.818093539279,-0.09711686855658293
2022-02-03,1070.529541015625,1092.6886822523618,1068.0042683536662,1088.3887863228124,9572839,1110.6638610839843,1099.6516748046874,1097.6216315279144,40.31294128312932,-8.759275893870836,-2.807092837510269,-5.952183056360567,1175.6501433318801,1110.6638610839843,1045.6775788360885,-0.16263182442044272
2022-02-04,1060.76953125,1068.5730594354839,1056.1284310635565,1065.183161923649,11061241,1108.7255065917968,1098.1806225585938,1094.1119076919226,37.89965535556636,-10.534836728116716,-4.352641615631558,-6.182195112485157,1177.145633336857,1108.7255065917968,1040.3053798467367,-0.04141171822207267
2022-02-07,1054.308349609375,1072.3723159767667,1048.8026250078512,1065.638135750538,10714467,1106.0204650878907,1097.3115502929688,1090.321092636442,36.34835655903153,-12.321312421685434,-5.946375776842334,-6.3749366448431,1178.4377981506768,1106.0204650878907,1033.6031320251045,-0.10592046287649477
2022-02-08,1072.0311279296875,1073.8284982281216,1051.0778148959062,1060.4738708218974,12060849,1104.1560546875,1096.533935546875,1088.5791912357988,43.214349298984544,-12.166776162642464,-7.19045585400236,-4.976320308640103,1178.04275526126,1104.1560546875,1030.26935411374,0.10855258465176365
2022-02-09,1084.5211181640625,1086.204633140618,1072.918368570495,1078.901658786714,11486225,1102.5168701171874,1096.3346411132814,1088.1927080861096,47.511429327398005,-10.910695528882343,-7.934503788978358,-2.9761917399039852,1176.6183209323806,1102.5168701171874,1028.4154193019942,0.052037952313603475
2022-02-10,1083.406494140625,1090.0723137940836,1076.1490130370194,1090.0723137940836,12464491,1099.3306579589844,1095.5524780273438,1087.7368781865396,47.16839552085083,-9.891164236166333,-8.325835878415953,-1.5653283577503796,1170.9224108789715,1099.3306579589844,1027.7389050389972,-0.06107414489598157
2022-02-11,1081.2906494140625,1084.976257286365,1066.5937118273357,1079.857350777376,15943370,1095.7155883789062,1094.5837573242188,1087.1229516367798,46.482328131699745,-9.14845167178487,-8.490359037089737,-0.6580926346951319,1163.164332009144,1095.7155883789062,1028.2668447486685,0.013272257412860469
2022-02-14,1064.068359375,1071.5305623649283,1052.4427424947037,1064.8418760134352,10719633,1091.1552368164062,1093.9494702148438,1084.927276183277,41.22604087626438,-9.836156398855337,-8.759518509442858,-1.0766378894124795,1154.0597772233555,1091.1552368164062,1028.2506964094569,-0.007264017790369715
2022-02-15,1100.1964111328125,1102.9037798370225,1062.7716573911962,1069.824295697398,11212671,1088.099835205078,1094.4531713867189,1086.3814795118042,53.18546483080014,-7.380853621448523,-8.483785531843992,1.1029319103954691,1142.4303571855062,1088.099835205078,1033.76931322465,0.276509068874965
2022-02-16,1097.92138671875,1107.0443589837334,1090.186219274119,1105.6793011160346,10392840,1085.6234375,1094.73619140625,1087.480518293418,52.46154151369743,-5.554554491309091,-7.897939323737012,2.3433848324279216,1132.974205685569,1085.6234375,1038.272669314431,-0.0700493227984271
2022-02-17,1111.82177734375,1117.0089242641513,1096.5789142269996,1101.1745201113265,12853252,1083.8466064453125,1094.9673364257812,1089.7987334410686,56.36921492761955,-2.9515305133788843,-6.908657561665388,3.9571270482865035,1123.902770204448,1083.8466064453125,1043.7904426861771,0.09638981287097068
2022-02-18,1103.1312255859375,1117.6915612787002,1101.1973736454247,1112.2314504381943,6775458,1082.6396911621093,1094.675673828125,1091.0684945977227,53.413069917999564,-1.5717519755849025,-5.84127644444929,4.269524468864388,1118.6388426028925,1082.6396911621093,1046.6405397213261,-0.08163743369935536
2022-02-21,1091.9833984375,1109.091873871227,1085.021748188729,1097.4890031023695,11107193,1080.8662841796875,1094.1383056640625,1091.155628296749,49.804927905363066,-1.3621025578088393,-4.9454416671212,3.5833391093123605,1110.8529422685765,1080.8662841796875,1050.8796260907984,-0.05012342605030192
2022-02-22,1087.023681640625,1090.1633625619224,1067.9814753307442,1070.5977356852184,13494914,1081.1188171386718,1093.9503833007811,1090.7621095675943,48.24348506041934,-1.5779717036575676,-4.271947674428473,2.6939759707709054,1111.2233401631643,1081.1188171386718,1051.0142941141794,0.15223513149920137
2022-02-23,1080.22119140625,1095.009115283983,1077.468449525144,1092.529336789828,7310110,1081.13701171875,1093.8948706054687,1089.7582125998472,46.108332440968915,-2.271766161937421,-3.871911371930263,1.6001452099928417,1111.2389027483105,1081.13701171875,1051.0351206891896,-0.11218314810871993
2022-02-24,1026.393310546875,1064.6826864402094,1020.7739713257805,1048.8026672886117,24846650,1079.263494873047,1092.8260424804687,1083.7234600233737,33.480976865402795,-7.0834102515150335,-4.5142111478472176,-2.569199103667816,1117.1024209031748,1079.263494873047,1041.4245688429191,-0.2104728781917052
2022-02-25,1039.224853515625,1050.1450756675365,1035.7212210618118,1037.4729771115954,14570089,1078.0827514648438,1091.73447265625,1079.4854974988261,37.850433011095056,-9.748895381152352,-5.561147994508245,-4.187747386644107,1119.2273525480684,1078.0827514648438,1036.9381503816192,0.01688439075999268
2022-02-28,1073.62353515625,1077.1726610969984,1020.5919703644313,1020.5919703644313,21297446,1077.4673461914062,1091.9082861328125,1078.9272153709617,47.75765288469173,-8.982085532685687,-6.245335502143734,-2.7367500305419536,1118.4919633560194,1077.4673461914062,1036.4427290267931,0.4774033818023813
2022-03-02,1091.3690185546875,1092.4838597770897,1059.8139450476658,1062.2027357830907,21471786,1077.9189392089843,1093.0112353515624,1080.112149007507,52.007899878171,-6.863354519536642,-6.368939305622316,-0.4944152139143263,1119.3449184198887,1077.9189392089843,1036.4929599980799,0.2678841621595223
2022-03-03,1082.155029296875,1098.7856965324477,1078.4011810031334,1092.0287696037128,10186748,1077.7994995117188,1093.6214038085936,1080.306709035066,49.74489964804244,-5.860184298809145,-6.267188304259682,0.4070040054505375,1119.1621126348402,1077.7994995117188,1036.4368863885973,-0.09017089906862608
2022-03-04,1058.1531982421875,1075.7848524224223,1055.787154408625,1070.643199306108,10805667,1077.180682373047,1093.2523901367188,1078.1968508643156,44.33328848095879,-6.9221179786834455,-6.398174239144436,-0.5239437395390096,1119.3228109046745,1077.180682373047,1035.0385538414193,-0.11613250626661546
2022-03-07,1019.022216796875,1052.0333374144284,1011.0367133096933,1036.8358471079189,17983310,1075.0933166503905,1092.1084912109375,1072.5611714293213,37.223505496103364,-10.79679253856807,-7.277897899029163,-3.5188946395389067,1123.8903130941674,1075.0933166503905,1026.2963202066137,-0.1701368832171487
2022-03-08,1017.179443359375,1021.9571458487228,991.9262942983967,1006.2591610579486,21289374,1073.2368713378905,1090.8590258789063,1067.2867211369455,36.92320114112045,-13.856467723935566,-8.593611864010445,-5.262855859925121,1127.566988934626,1073.2368713378905,1018.9067537411552,0.10809951370965831
2022-03-09,1071.143798828125,1077.01347494328,1016.565078233395,1017.406956117863,20414228,1073.1925048828125,1090.7120556640625,1067.654061869439,49.716665517956606,-11.79089180358028,-9.233067851924412,-2.557823951655868,1127.5279374440674,1073.1925048828125,1018.8570723215574,0.4839844455564077
2022-03-10,1088.50244140625,1094.3038764083778,1073.8283721325647,1092.028820377732,17980493,1073.3915710449219,1090.6560864257813,1069.6396218253258,53.017672885445656,-8.653458933211141,-9.117146068181759,0.463687134970618,1127.920389643588,1073.3915710449219,1018.8627524462559,-0.03228077573771616
2022-03-11,1091.64208984375,1097.0340801861346,1081.1313132856126,1081.1313132856126,12257423,1073.8033508300782,1090.6256005859375,1071.7350949699376,53.61085592679731,-5.846285054765758,-8.46297386549856,2.6166888107328017,1128.7512384852291,1073.8033508300782,1018.8554631749274,0.0969150188875328
2022-03-14,1100.6058349609375,1103.1312280003071,1080.1985698532058,1086.0682461878607,8340678,1074.769110107422,1091.1693383789063,1074.4846892547948,55.34435544799405,-2.865251379344727,-7.343429368267794,4.478177988923067,1130.8761711330703,1074.769110107422,1018.6620490817736,0.1330614556840462
2022-03-15,1075.398193359375,1104.7464533796308,1065.1148867530296,1104.7464533796308,15925769,1075.3356018066406,1091.1265649414063,1074.5716896457072,49.717752672615944,-2.5078972442611303,-6.3763229434664614,3.868425699205331,1131.2274310972873,1075.3356018066406,1019.4437725159939,-0.259578190718999
2022-03-16,1093.5531005859375,1095.6234340578644,1081.609026403429,1083.8385885222203,11149828,1075.003436279297,1091.1220141601561,1076.3794430685864,53.392874519146204,-0.7510842001904621,-5.251275194811262,4.5001909946208,1130.376884158121,1075.003436279297,1019.6299884004729,0.08939136482017532
2022-03-17,1129.203369140625,1136.3469946247096,1098.8994972340938,1106.9304944761457,21422098,1076.5675354003906,1091.3367797851563,1081.4102931706852,59.632299018808,3.4777917070787225,-3.505461814433265,6.983253521511988,1136.056300387671,1076.5675354003906,1017.0787704131103,0.19854073461256924
2022-03-21,1122.6966552734375,1130.249846191458,1109.7743416930666,1112.0493977484434,11999466,1077.111279296875,1091.3167602539063,1085.3423276566616,58.10340498516706,6.232326520153947,-1.5579041475158228,7.7902306676697695,1138.0599245243468,1077.111279296875,1016.1626340694031,0.09545297109559864
2022-03-22,1151.7037353515625,1153.4327442921551,1116.417558596963,1119.3750232146147,22557065,1079.5399047851563,1092.3601025390626,1091.6624617228426,62.6952474921744,10.633369282839567,0.880350538555255,9.753018744284311,1147.8666480639918,1079.5399047851563,1011.2131615063208,0.28103951572448904
2022-03-23,1155.366455078125,1167.0375661035232,1147.9953600851836,1147.9953600851836,15462187,1082.7090576171875,1093.299248046875,1097.72950870906,63.243060021884425,14.25248448212983,3.55477732727017,10.69770715485966,1158.5202359975033,1082.7090576171875,1006.8978792368717,0.0641203115816852
2022-03-24,1173.3167724609375,1175.8194185614975,1142.0802732954487,1142.0802732954487,13168266,1087.0237121582031,1094.5791967773437,1104.9282957330483,65.88693925481611,18.357486272998813,6.515319116415899,11.842167156582914,1172.5286722127366,1087.0237121582031,1001.5187521036695,0.2668834862111446
2022-03-25,1181.1429443359375,1190.3114093068612,1172.5659000566366,1175.0685459381182,14222488,1092.0697998046876,1095.8559594726562,1112.1868336952282,67.00138743081033,21.988763651622776,9.610008023457276,12.3787556281655,1186.7887382869812,1092.0697998046876,997.3508613223939,0.05164799438936641
2022-03-28,1193.018798828125,1196.5678044575318,1176.8885634283017,1187.5813149251485,9891424,1100.40107421875,1096.773720703125,1119.8851160888373,68.67381335549584,25.530558951612647,12.79411820908835,12.736440742524298,1199.7464143524644,1100.40107421875,1001.0557340850355,0.0457542346555274
2022-03-29,1193.2918701171875,1200.321761515582,1186.3984604316122,1200.321761515582,8684065,1108.104425048828,1097.5677172851563,1126.8762355201088,68.71307874373346,28.03630672307827,15.842555911886334,12.193750811191935,1211.1061927368826,1108.104425048828,1005.1026573607735,-0.05849985381803956
2022-03-30,1216.2244873046875,1223.0724028520565,1190.8120505919683,1201.1863453712592,15811550,1115.23447265625,1098.78669921875,1135.3855928329258,71.89867957575203,31.509379918265495,18.975920713162168,12.533459205103327,1227.065671568776,1115.23447265625,1003.4032737437241,0.12454407590078641
2022-03-31,1198.8428955078125,1214.7456618708436,1196.0446595036312,1212.584340487485,13223718,1120.6081665039062,1099.5374682617187,1141.4291454686293,66.38174539675046,32.484801680917826,21.6776969067133,10.807104774204525,1237.5477765699143,1120.6081665039062,1003.6685564378981,-0.11284099151802511
2022-04-01,1208.443603515625,1212.6752582349072,1193.0415116671982,1199.4116203413212,7922880,1126.9225952148438,1100.757353515625,1147.8114748064384,67.84920774016894,33.64469228554594,24.071095982479832,9.573596303066111,1248.42431705204,1126.9225952148438,1005.4208733776476,0.07516143227113893
2022-04-04,1212.015625,1217.1572786813153,1201.9826544660282,1208.2617761125623,7929162,1134.6157165527343,1102.050498046875,1153.9261557772538,68.4018560688512,34.45497077185087,26.14787094035404,8.307099831496828,1257.205482427918,1134.6157165527343,1012.0259506775506,0.03105818333406754
2022-04-05,1194.88427734375,1214.8366019261355,1192.4499926471442,1206.2823045318924,13149870,1143.4088195800782,1103.40279296875,1157.8269292597774,62.82426408443595,33.330551872339356,27.584407126751103,5.7461447455882535,1256.4268026656782,1143.4088195800782,1030.3908364944782,-0.09420868359475323
2022-04-06,1191.6993408203125,1198.72923220727,1177.1617516980632,1177.1617516980632,12257215,1152.134814453125,1104.6877490234374,1161.0528732179237,61.81508723921127,31.815692534700474,28.43066420834098,3.385028326359496,1250.8673640948537,1152.134814453125,1053.4022648113964,0.1228729232902151
2022-04-07,1170.6776123046875,1185.7612463786218,1168.0157378896517,1180.8015690820077,15496499,1157.111505126953,1106.4618408203125,1161.9695150357109,55.480313611615905,28.58931792949511,28.462394952571806,0.12692297692330357,1248.7952261822395,1157.111505126953,1065.4277840716666,-0.08552853148531245
2022-04-08,1190.1522216796875,1194.4066235414564,1164.8307737717014,1164.8307737717014,15152495,1162.193994140625,1108.6677392578124,1164.6535823351373,59.60981374914627,27.289257457559415,28.227767453569328,-0.9385099960099126,1249.2541744378454,1162.193994140625,1075.1338138434044,0.21402239633888628
2022-04-11,1187.6724853515625,1200.572052745213,1175.296097837182,1183.0312648122701,9254209,1166.9955139160156,1111.143916015625,1166.845858812892,58.861135089789904,25.76188914758768,27.734591792373,-1.9727026447853184,1248.368562818369,1166.9955139160156,1085.6224650136623,0.03921148166857171
2022-04-12,1165.30859375,1184.2143186613282,1162.737706900729,1177.116066491659,13217742,1170.2306518554688,1113.1932934570314,1166.699452616426,52.46163475584732,22.487636137113896,26.68520066132118,-4.197564524207284,1245.72078275543,1170.2306518554688,1094.7405209555075,-0.09997340424166705
2022-04-13,1161.0313720703125,1179.664132404293,1158.2330158892628,1171.4284128604863,10354235,1174.5123107910156,1114.6952880859376,1166.159635421558,51.31258097193754,19.324865967712185,25.21313372259938,-5.888267754887195,1236.5100185160786,1174.5123107910156,1112.5146030659525,-0.08852291406121099
2022-04-18,1157.4822998046875,1164.7397805103374,1147.4493300930017,1152.545489452205,9974224,1177.7087707519531,1116.1981909179688,1165.3332225056656,50.32756733584517,16.343568862601842,23.439220750599873,-7.095651887998031,1228.2060167111908,1177.7087707519531,1127.2115247927154,0.042807796672723296
2022-04-19,1201.595703125,1213.972089786732,1160.7584292751112,1163.920736701103,26141820,1181.328387451172,1118.539228515625,1168.7867920884594,60.481964308701585,17.34056120907735,22.21948884229537,-4.878927633218019,1227.6007081171422,1181.328387451172,1135.0560667852017,0.31283974281623333
2022-04-20,1236.9273681640625,1244.0028730390352,1205.3722941596611,1209.0124078704498,25072240,1187.0399230957032,1121.8671850585938,1175.2763707623262,66.40554757691764,20.742547737676205,21.924100621371537,-1.181552883695332,1231.1007268760427,1187.0399230957032,1142.9791193153637,0.226873284369633
2022-04-21,1265.8890380859375,1269.0285988217172,1243.092861615674,1251.6926535659309,21708633,1192.7491882324218,1125.9695751953125,1183.90614860267,70.33137134357949,25.481872131484124,22.635654923394057,2.846217208090067,1245.7084079231897,1192.7491882324218,1139.789968541654,0.11293366789504877
2022-04-22,1255.287353515625,1274.9438501458906,1248.6441600419914,1255.3328474216894,15054154,1197.7452331542968,1129.9891552734375,1190.7043585943802,67.23403497908436,28.05890789160503,23.720305517036255,4.338602374568776,1254.380449818403,1197.7452331542968,1141.1100164901907,-0.0003624051116494578
2022-04-25,1226.2574462890625,1255.1051538112451,1211.9928211860372,1247.825046254362,17063215,1200.392266845703,1133.073681640625,1194.0903669462548,59.506213911786794,27.44241729366513,24.46472787236203,2.9776894213031007,1257.1616242344878,1200.392266845703,1143.6229094569183,-0.1711406918863369
2022-04-26,1262.9541015625,1271.7586153913803,1232.0360622414871,1233.0825422871724,12227666,1204.4828247070313,1136.6423413085938,1200.6488178620875,64.98503475392266,29.574046251067102,25.486591548103046,4.087454702964056,1266.6480773251737,1204.4828247070313,1142.317572088889,0.23762087003009738
2022-04-27,1264.1827392578125,1286.7740721528176,1253.5808548135026,1253.9449263825297,19338945,1208.0410217285157,1140.2578662109374,1206.6996675188234,65.15502379497762,31.00511073468533,26.590295385419505,4.414815349265826,1275.126092724277,1208.0410217285157,1140.9559507327544,0.0814639075674525
2022-04-28,1283.0655517578125,1297.2391870846068,1267.7088344271938,1278.5609339308398,25614076,1212.5297058105468,1144.2933642578125,1213.9726088749176,67.74663464231712,33.27930173199684,27.928096654734976,5.351205077261863,1286.7054574948124,1212.5297058105468,1138.3539541262812,0.03521736655389257
2022-04-29,1269.597412109375,1299.5827089210004,1263.7049887259216,1299.5827089210004,18214862,1215.1983520507813,1148.4039453125,1219.2702091829613,64.08550553074917,33.60744249318304,29.063965822424592,4.5434766707584515,1293.4426475954901,1215.1983520507813,1136.9540565060724,-0.22672112529463462
2022-05-02,1265.1383056640625,1276.5363340584336,1254.9459860935513,1256.7433563845793,9467006,1218.5131225585938,1151.702783203125,1223.6385993240185,62.874005691561656,33.1258298404332,29.876338626026318,3.2494912144068806,1299.2814243411833,1218.5131225585938,1137.7448207760042,0.06670005463219854
2022-05-04,1225.64306640625,1269.4835388914837,1217.7486714056079,1267.2084828840266,19247660,1219.373095703125,1154.257216796875,1223.829500950898,53.26858670455045,29.22037827893223,29.7451465566075,-0.5247682776752711,1300.060446227907,1219.373095703125,1138.685745178343,-0.3167294899628287
2022-05-05,1201.6412353515625,1242.18280014838,1197.591676403661,1239.2252151754037,17210669,1218.8543762207032,1156.0536059570313,1221.7163327985804,48.426702590234875,23.912879811525954,28.578693207591193,-4.665813396065239,1299.8570277475467,1218.8543762207032,1137.8517246938598,-0.29431696877782576
2022-05-06,1192.42724609375,1209.8769247815503,1180.0963532492094,1188.582409796725,19649948,1218.7315246582032,1157.8395263671875,1218.926895969549,46.67284042720154,18.747052754541073,26.612365116981174,-7.8653123624401005,1299.886528802549,1218.7315246582032,1137.5765205138573,0.03233680516762862
2022-05-09,1145.8568115234375,1181.711782557566,1140.715158224648,1171.6331985147315,18083752,1216.4393981933595,1158.9169946289062,1211.9678403080145,38.98720271305221,10.771090305373946,23.44411015465973,-12.673019849285783,1302.9328447256328,1216.4393981933595,1129.9459516610862,-0.21652177611155507
2022-05-10,1125.9954833984375,1149.633416525882,1118.4195452683007,1135.2550569441219,19511677,1214.2052917480469,1159.6964306640625,1203.7799967928165,36.24589854506291,2.814989957104899,19.318286115148762,-16.503296158043863,1307.3629189276683,1214.2052917480469,1121.0476645684255,-0.08138342478295658
2022-05-11,1114.4609375,1130.6821606199796,1102.0163098457965,1125.0854480941018,16643899,1210.4207275390625,1160.3812255859375,1195.2734197173102,34.71910414178704,-4.370636369842941,14.580501618150423,-18.951137987993363,1312.8664644033113,1210.4207275390625,1107.9749906748136,-0.09415321503095749
2022-05-12,1091.755859375,1107.8859741719987,1078.378486557952,1104.5416911448524,20490321,1205.6248962402344,1161.6884765625,1185.414604446614,31.87299382338213,-11.761824067652697,9.3120364809898,-21.073860548642497,1320.149577829079,1205.6248962402344,1091.10021465139,-0.11524261800019443
2022-05-13,1104.1322021484375,1127.5197990708434,1099.0132956252583,1103.8592387327842,19308778,1202.5660766601563,1162.9866235351562,1177.6734232753593,35.00083717161493,-16.431316155888908,4.163365953614059,-20.594682109502966,1324.2770035551468,1202.5660766601563,1080.8551497651658,0.0024728049528919844
2022-05-16,1104.4053955078125,1128.8849688761652,1099.6049458265497,1107.7041851912536,13437911,1199.7347778320313,1163.6022607421876,1170.6955158689261,35.07170060829998,-19.880705459532464,-0.6454483290152462,-19.23525713051722,1327.654917924225,1199.7347778320313,1071.8146377398377,-0.029771620170285257
2022-05-17,1150.793701171875,1155.6851383517537,1106.5892723531913,1107.999824091496,16551828,1199.4003479003907,1164.7907543945312,1168.8001049453974,45.86420059428901,-18.656166080814728,-4.247591879375142,-14.408574201439585,1327.7946868905913,1199.4003479003907,1071.00600891019,0.3681024795502215
2022-05-18,1154.979736328125,1169.3808421611643,1141.2839062872033,1155.5712773721964,17276788,1197.0695495605469,1166.2472485351564,1167.4838793628,46.72478268399684,-17.15023452000105,-6.828120407500324,-10.322114112500724,1326.9042522817563,1197.0695495605469,1067.2348468393375,-0.0051189908289636975
2022-05-19,1128.361572265625,1143.2177387581737,1122.0824507846328,1130.2499303127915,14699118,1191.641259765625,1167.651416015625,1163.7579453535452,42.13768174086239,-17.898315649477354,-9.04215945589573,-8.856156193581624,1323.419910534025,1191.641259765625,1059.862608997225,-0.016705883465928092
2022-05-20,1194.15625,1203.2337272058603,1138.4400638194588,1143.2176453948912,21793091,1188.054620361328,1171.1540966796874,1166.653021986541,54.12592785494712,-13.031871408581765,-9.840101846432937,-3.191769562148828,1315.38441022823,1188.054620361328,1060.724830494426,0.41825259243940344
2022-05-23,1186.1708984375,1207.3971730449673,1179.8461630484092,1197.364082975496,15252755,1184.5987976074218,1174.53392578125,1168.5118673628228,52.69884599395051,-9.707626940973114,-9.813606865340972,0.1059799243678583,1308.137318499092,1184.5987976074218,1061.0602767157516,-0.09321051998164065
2022-05-24,1190.2431640625,1200.3216273375488,1181.984697463416,1186.2163522132455,13527818,1182.7980834960938,1176.9159130859375,1170.581514667554,53.3739932310049,-6.667680576710154,-9.184421607614809,2.5167410309046545,1304.896728170793,1182.7980834960938,1060.6994388213946,0.033933655961035175
2022-05-25,1188.491455078125,1208.8304783808387,1183.713752995507,1198.956737262974,12714544,1179.074951171875,1178.915693359375,1172.2872232780846,53.02339892020426,-4.34970872224676,-8.217479030541199,3.867770308294439,1295.5829664486178,1179.074951171875,1062.5669358951322,-0.08706556685902686
2022-05-26,1177.16162109375,1198.9111951609145,1159.3706180239299,1194.1334932703796,17882023,1174.723895263672,1180.626083984375,1172.7514516414813,50.70354946206787,-3.387868997734131,-7.251557023979785,3.8636880262456543,1284.4984639099746,1174.723895263672,1064.9493266173693,-0.1411777682808352
2022-05-27,1171.701416015625,1185.3744993862058,1155.7760235250337,1179.8688949887019,16521973,1169.1556884765625,1182.0479956054687,1172.6514482485425,49.577780142975094,-3.0312545873512136,-6.4074965366540715,3.376241949302858,1267.0366385330872,1169.1556884765625,1071.274738420038,-0.06911325510055068
2022-05-30,1212.5159912109375,1216.7020315446362,1180.392124401247,1189.8562993151577,13853398,1166.3016174316406,1184.7903515625,1176.4480713878183,57.22333453813068,0.5385519273879709,-5.018286843845663,5.556838771233634,1255.2196285386558,1166.3016174316406,1077.3836063246254,0.18817121694826583
2022-05-31,1197.8875732421875,1218.8863816776454,1190.1751523030696,1201.8688919585936,70620653,1162.9390808105468,1186.877041015625,1178.489928707282,54.059417095989225,2.1623322143359474,-3.582163032209342,5.74449524654529,1241.0862651607013,1162.9390808105468,1084.7918964603923,-0.03311395361224357
2022-06-01,1198.274169921875,1208.1479107227306,1190.4024014083636,1198.638121118035,9776989,1161.5706359863282,1188.25845703125,1180.3741421562909,54.13159612765491,3.4407224054600647,-2.177585944675461,5.618308350135526,1236.1551357131023,1161.5706359863282,1086.986136259554,-0.003036363279810745
2022-06-02,1239.5892333984375,1243.2975879303071,1198.5016232049925,1198.5016232049925,22126569,1163.468035888672,1190.59630859375,1186.013674655543,61.15550704578274,7.698888189736408,-0.20229111779308728,7.901179307529495,1243.7469049369356,1163.468035888672,1083.1891668404082,0.32999693861459284
2022-06-03,1264.7059326171875,1281.9281427980586,1247.642951094485,1248.5530698496407,23939791,1167.0819702148438,1192.8563525390625,1193.5081754137948,64.69499521927104,12.950932679884772,2.4283536417424845,10.522579038142288,1258.0465232345507,1167.0819702148438,1076.1174171951368,0.12865567414054452
2022-06-06,1259.2685546875,1280.4038420032741,1252.102061607887,1264.9335082984549,11093152,1172.7525573730468,1194.93439453125,1199.7710686779574,63.34924611848977,16.484442429286446,5.239571399251277,11.244871030035169,1271.5224893880672,1172.7525573730468,1073.9826253580263,-0.04475467908862073
2022-06-07,1261.6346435546875,1269.9840987331656,1252.2159612910536,1260.3378265980741,12358255,1179.5345153808594,1196.700751953125,1205.6628377138366,63.70307192032678,19.253752684698156,8.042407656340654,11.211345028357503,1283.0443212353755,1179.5345153808594,1076.0247095263433,0.010289076193755098
2022-06-08,1239.4754638671875,1265.388330609935,1235.9490850298985,1261.6344822845072,12479250,1185.7852416992187,1197.86740234375,1208.8830878236795,58.05081114730374,19.43634037201855,10.321194199476233,9.115146172542316,1287.910962962064,1185.7852416992187,1083.6595204363732,-0.17385334851355572
2022-06-09,1273.4649658203125,1275.3986973973456,1233.082627965682,1233.082627965682,17278305,1194.8706970214844,1199.4763256835938,1215.033742870978,63.41324030384861,22.06930990823662,12.670817341228311,9.398492567008308,1294.21214258244,1194.8706970214844,1095.5292514605287,0.3162644687510179
2022-06-10,1235.0164794921875,1269.4381532361936,1229.215044054509,1261.24792684013,18093057,1201.4149108886718,1200.3108178710938,1216.9368606444264,54.86881750572638,20.81355995279364,14.299365863541377,6.514194089252262,1292.9193246907075,1201.4149108886718,1109.910497086636,-0.20503231913608885
2022-06-13,1211.6514892578125,1216.156107684235,1190.4479609930536,1205.7819334162448,17620803,1206.7772155761718,1200.2193579101563,1216.4334919409391,50.42252137694866,17.728644841339246,14.98522165910095,2.7434231822382955,1286.7573930669948,1206.7772155761718,1126.7970380853487,0.04864000633218238
2022-06-14,1195.8170166015625,1215.7238471836963,1189.151077141205,1205.804612494347,14714312,1209.0283813476562,1200.1588403320313,1214.4700180990935,47.60695438062379,13.846503902905397,14.757478107861841,-0.9109742049564442,1285.0135918655074,1209.0283813476562,1133.0431708298051,-0.08264040197077564
2022-06-15,1181.3475341796875,1200.0030396756413,1175.9329182849908,1191.016551311612,11195535,1210.3467712402344,1199.6169189453126,1211.3154958210548,45.12717237387276,9.492884867311432,13.70455945975176,-4.211674592440328,1283.393292472286,1210.3467712402344,1137.3002500081827,-0.08100501398260823
2022-06-16,1164.830810546875,1209.8997420887063,1162.1006949883244,1193.4965424947006,17111475,1212.170233154297,1198.67322265625,1206.8883829377996,42.41147089209106,4.656175363105149,11.89488264042244,-7.238707277317291,1278.4463236853708,1212.170233154297,1145.8941426232232,-0.2356683870151029
2022-06-17,1178.4810791015625,1194.3382305909047,1163.0562400137392,1164.830742811065,24457187,1211.386474609375,1198.3451586914061,1204.1829254295867,45.33914226928511,1.9025790794075874,9.89642192821947,-7.993842848811882,1278.8561282960306,1211.386474609375,1143.9168209227194,0.11665378563232363
2022-06-20,1157.1182861328125,1190.81193373047,1147.1306905067754,1185.3062092078612,12066797,1209.9338439941407,1197.6535375976562,1199.7005788298939,41.76099130973515,-1.9806331640663757,7.521010909762301,-9.501644073828675,1280.683796824864,1209.9338439941407,1139.1838911634175,-0.23342738434982793
2022-06-21,1175.796630859375,1180.0281654943678,1150.4069416324683,1164.830795221328,11720049,1209.2115173339844,1197.75591796875,1197.4240123565112,45.78940938858716,-3.5104541952784984,5.314717888754141,-8.82517208403264,1281.037655272908,1209.2115173339844,1137.3853793950607,0.09386389073019212
2022-06-22,1140.0782470703125,1164.0573868656688,1137.9851663317936,1163.9663990536787,10617206,1206.7908569335937,1196.7544384765624,1191.9625109006827,40.08005538869773,-7.518356511221555,2.748103008759002,-10.266459519980558,1284.2864911307397,1206.7908569335937,1129.2952227364476,-0.20239691943626167
2022-06-23,1121.581787109375,1148.905326422505,1112.5043100555831,1144.3779613702993,19446323,1204.011865234375,1195.4326245117188,1185.2595848253202,37.47428140263829,-12.048272721322974,-0.21117213725739337,-11.837100584065581,1289.165966327227,1204.011865234375,1118.857764141523,-0.19660775295433783
2022-06-24,1137.5528564453125,1142.5351607614082,1122.9696539988313,1128.429884986889,14240234,1202.3044372558593,1194.877509765625,1180.716086884367,41.038830353750605,-14.186004702765558,-3.0061386503590266,-11.179866052406531,1291.2658144699392,1202.3044372558593,1113.3430600417794,0.08067091249361867
2022-06-27,1134.1856689453125,1157.9828298757552,1129.1350035879693,1157.9828298757552,15474529,1198.387921142578,1194.340595703125,1176.284618509219,40.51441731955237,-15.96780962038838,-5.598472844364897,-10.369336776023482,1291.9825171102789,1198.387921142578,1104.7933251748773,-0.20266035437081034
2022-06-28,1150.1337890625,1152.9776391694047,1129.3853215361614,1129.3853215361614,13572847,1196.0002319335938,1194.1936254882812,1173.7940633238172,44.154360877649594,-15.909626573617743,-7.660703590215467,-8.248922983402275,1291.9313860925965,1196.0002319335938,1100.069077774591,0.18167536144703567
2022-06-29,1173.999267578125,1181.6663139665932,1137.985067118919,1140.8061704616555,19205146,1194.7864868164063,1193.6416967773437,1173.8136065861322,49.16707945979822,-13.778936423777623,-8.884350156927898,-4.894586266849725,1291.1849720594826,1194.7864868164063,1098.38800157333,0.28301977610956686
2022-06-30,1181.052001953125,1190.2659611777156,1167.5608938992502,1173.9310028878358,23112959,1191.8596252441407,1192.524189453125,1174.502977573465,50.57886534131622,-11.389956083603465,-9.385471342263012,-2.0044847413404536,1286.1711933423328,1191.8596252441407,1097.5480571459486,0.06058514358477492
2022-07-01,1095.9874267578125,1179.3911062938287,1076.103462886294,1171.610445710058,81997149,1183.4236999511718,1189.1261572265626,1167.0253060672121,37.16999552242193,-16.174225848807055,-10.743222243571822,-5.431003605235233,1280.3101867482912,1183.4236999511718,1086.5372131540523,-0.568607186442018
2022-07-04,1098.262451171875,1111.139270756361,1076.6038647303487,1082.45079365179,41857728,1175.3733947753906,1185.9856591796874,1160.4764627438467,37.64610702364728,-19.55678026032274,-12.505933846922005,-7.050846413400734,1272.4700524466537,1175.3733947753906,1078.2767371041275,0.14504262103881826
2022-07-05,1107.1580810546875,1121.5591886498996,1099.8096118894064,1102.4942336887211,17647327,1167.6495666503906,1183.603671875,1155.3985216305935,39.57424881124944,-21.27443754068372,-14.259634585674348,-7.0148029550093725,1260.5559498773912,1167.6495666503906,1074.74318342339,0.04227747593568739
2022-07-06,1097.420654296875,1111.11648393539,1086.568674692882,1101.1745026432604,23943726,1160.546826171875,1180.2930029296874,1149.8768199797632,38.182403907699175,-23.154511475599293,-16.03860996365934,-7.115901511939953,1252.113351053917,1160.546826171875,1068.9803012898328,-0.03407629676427791
2022-07-07,1086.6142578125,1107.1580039571165,1080.6535938667357,1103.813720771296,23301033,1151.2042907714845,1176.7416333007814,1143.8518140590716,36.642190264491305,-25.225683520504845,-17.87602467502844,-7.349658845476405,1232.3116288405724,1151.2042907714845,1070.0969527023965,-0.15456959549094476
2022-07-08,1088.1158447265625,1100.2191487523794,1084.0889121323955,1100.2191487523794,19010108,1143.8592590332032,1172.8426391601563,1138.5436265035946,37.02234329450648,-26.44113977313532,-19.589047694649818,-6.8520920784855015,1219.7126448043705,1143.8592590332032,1068.005873262036,-0.10956649284655365
2022-07-11,1102.9036865234375,1105.1331283386687,1078.3785026593284,1081.336087585235,13847467,1138.4218688964843,1169.5087646484376,1135.1493465054843,40.79017162689434,-25.91243988729002,-20.853726133177858,-5.058713754112162,1209.4978126124083,1138.4218688964843,1067.3459251805602,0.19684980653438253
2022-07-12,1101.333740234375,1110.0927598985188,1093.8487904297283,1093.8487904297283,10778989,1133.697705078125,1166.2326733398438,1131.9288125749024,40.51305392134328,-25.328155750358746,-21.748612056614036,-3.5795436937447107,1201.3644187672962,1133.697705078125,1066.0309913889537,0.06832104530462646
2022-07-13,1081.8138427734375,1107.4993634434227,1079.7436294761944,1104.4507905221294,14224132,1128.7210205078125,1163.3560888671875,1127.1559583080962,37.13497851624956,-26.1388861442299,-22.62666687413721,-3.5122192700926895,1196.2784063001257,1128.7210205078125,1061.1636347154993,-0.20213847224956713
2022-07-14,1090.7320556640625,1107.4765795757364,1081.540843303509,1086.5687619025882,16970315,1125.0160827636719,1161.1379052734376,1123.6870151991407,39.61243953413144,-25.76477034024174,-23.25428756735812,-2.51048277288362,1192.372916292175,1125.0160827636719,1057.6592492351688,0.03829723167979526
2022-07-15,1092.8480224609375,1098.8541810628644,1084.3393378929586,1098.8541810628644,9603210,1120.7344299316405,1159.1463208007813,1120.7499682716928,40.21445774763378,-25.00924897907271,-23.605279849701038,-1.4039691293716707,1184.7568359559086,1120.7344299316405,1056.7120239073724,-0.05460401056826649
2022-07-18,1102.15283203125,1103.4040345430283,1088.525123257814,1101.584037969047,15160908,1117.9861572265625,1158.2722412109374,1118.9788124392696,42.9097591938026,-23.39004659102011,-23.562233197964854,0.17218660694474508,1180.2192241555124,1117.9861572265625,1055.7530902976125,0.005163373721821527
2022-07-19,1108.909912109375,1113.4145306244031,1092.1653876854057,1092.1653876854057,16439888,1114.6418212890626,1157.9305297851563,1118.019869550708,44.85404927171423,-21.315861162911688,-23.112958790954224,1.7970976280425361,1171.0003322761988,1114.6418212890626,1058.2833103019263,0.15212485745806228
2022-07-20,1138.8951416015625,1156.8681226053911,1131.273708960185,1155.730654624441,23924246,1114.582666015625,1158.4192138671874,1120.0079906984085,52.57299335250538,-17.055887193787157,-21.90154447152081,4.845657277733654,1170.836644730315,1114.582666015625,1058.328687300935,-0.14464818018918824
2022-07-21,1131.2962646484375,1137.5300117770723,1122.651100250388,1134.7998965175696,16523230,1115.0683898925781,1159.2100219726562,1121.0830644079351,50.63856617593768,-14.130109884394415,-20.347257554095535,6.21714766970112,1171.7220547972336,1115.0683898925781,1058.4147249879227,-0.030864640072978563
2022-07-22,1138.9405517578125,1144.9467089844488,1135.254944336538,1137.5300002449842,10969995,1115.1377746582032,1159.9061889648438,1122.7837774888758,52.53079602986764,-11.067006640283125,-18.491207371333054,7.424200731049929,1171.904703986272,1115.1377746582032,1058.3708453301344,0.012399490299481154
2022-07-25,1101.3111572265625,1122.7195298133436,1093.3940142099802,1122.7195298133436,23110452,1113.4940490722656,1159.8443041992186,1120.7387660353222,43.658604694418635,-11.542794754765055,-17.101524848019455,5.5587300932544,1169.8620146617393,1113.4940490722656,1057.126083482792,-0.18840521635767646
2022-07-26,1101.8115234375,1112.003841391494,1097.1931707363617,1101.6295478483066,11303288,1111.0779357910155,1158.8646606445313,1118.9361715021962,43.79454268019762,-11.744106146666127,-16.03004110774879,4.285934961082663,1165.048291569681,1111.0779357910155,1057.1075800123501,0.0016518749340947824
2022-07-27,1100.76513671875,1104.3141424256505,1092.938861823789,1101.1063409773997,8655086,1107.4162292480469,1157.7803686523437,1117.2055967609156,43.55785879886208,-11.85146522447576,-15.194325931094186,3.342860706618426,1153.1176393993399,1107.4162292480469,1061.714819096754,-0.00309873037556142
2022-07-28,1118.0101318359375,1122.9469424061926,1101.5841851617515,1108.4093537574902,12496073,1104.2641357421876,1157.57333984375,1117.282219149013,48.4978854070983,-10.424849903160975,-14.240430725507544,3.8155808223465684,1135.6787321262175,1104.2641357421876,1072.8495393581577,0.08640164916477686
2022-07-29,1141.8299560546875,1145.3108414909532,1121.1497270683567,1126.018296934473,15130683,1106.5562622070313,1156.5268139648438,1119.6200988543153,54.43067036375342,-7.288172720541979,-12.849979124514432,5.561806403972453,1141.6902753549195,1106.5562622070313,1071.422249059143,0.13950525775337808
2022-08-01,1171.5877685546875,1177.4574449449278,1140.9881839019702,1146.2435722402156,15700044,1110.2225280761718,1156.2351513671874,1124.5694007305412,60.54541299019265,-2.3737634154069838,-10.754735982692942,8.380972567285959,1155.0855948622798,1110.2225280761718,1065.3594612900638,0.21757248447928954
2022-08-02,1176.046875,1186.5803984650074,1165.5360984864087,1170.5185233262116,13917913,1113.6669677734376,1155.9512255859374,1129.4720173276326,61.38165262369572,1.8593208952554505,-8.231924607103263,10.091245502358714,1166.864043488392,1113.6669677734376,1060.469892058483,0.04719485075173076
2022-08-03,1185.9205322265625,1187.5813002703721,1168.220637135406,1183.0311881851292,14250977,1118.0919616699218,1155.8998071289063,1134.8480663656258,63.23957945347831,5.94229327187918,-5.397081031306775,11.339374303185956,1179.2714807560308,1118.0919616699218,1056.912442583813,0.024418373033035932
2022-08-04,1170.245361328125,1191.107684300821,1153.455464512121,1187.5813052958538,14467127,1122.2735168457032,1155.7614819335938,1138.219237314435,58.43324643505807,7.823043828368327,-2.7530560593717546,10.576099887740082,1185.6676663550209,1122.2735168457032,1058.8793673363855,-0.14494877802792117
2022-08-05,1153.0003662109375,1173.384882192994,1149.7925649671015,1172.1109326876474,13942438,1125.5177429199218,1155.3874609375,1139.6269638760068,53.606262138831276,7.831745721359312,-0.6360957032255412,8.467841424584853,1188.2249731425222,1125.5177429199218,1062.8105126973214,-0.1616144555013379
2022-08-08,1168.0841064453125,1175.546309977684,1151.6354129424305,1151.6354129424305,10165178,1128.7767639160156,1154.4988232421874,1142.3371679302263,56.95563021256383,8.95257410953468,1.2816382593265032,7.670935850208177,1193.1957968348104,1128.7767639160156,1064.3577309972209,0.1418656179580697
2022-08-10,1175.068603515625,1178.4356336498447,1163.4884798945134,1172.5204636099309,10724688,1132.4635070800782,1154.0424438476562,1145.4544475097882,58.45141970802099,10.285860229987065,3.082482653458616,7.20337757652845,1198.5952428391427,1132.4635070800782,1066.3317713210138,0.021728736595289965
2022-08-11,1178.981689453125,1187.5358669102814,1174.0220116644236,1184.4418001629217,8198226,1137.3218994140625,1153.6565942382813,1148.6475181710584,59.30465303501718,11.525394840968602,4.771065090960613,6.754329750007988,1202.1192846206154,1137.3218994140625,1072.5245142075096,-0.04606597190717767
2022-08-12,1198.046630859375,1201.845973401522,1174.9321182963517,1178.6176057306407,12650587,1142.6876281738282,1152.8257421875,1153.3521955699457,63.26301829397176,13.886046687210865,6.594061410210664,7.291985277000201,1208.9214023589382,1142.6876281738282,1076.4538539887183,0.16336874660191958
2022-08-16,1206.373291015625,1209.1034064115306,1195.4530701404663,1204.052741070798,6607378,1148.3638916015625,1151.6590893554687,1158.4018237076293,64.87020656776731,16.241549693885645,8.52355906694566,7.717990626939985,1215.9834778735633,1148.3638916015625,1080.7443053295617,0.019270440504131858
2022-08-17,1212.67529296875,1218.0216687174445,1208.3071564277768,1212.6070521185068,6595965,1153.8900146484375,1150.7272241210937,1163.5707255420218,66.07973181316187,18.40466417464745,10.49978008848602,7.904884086161431,1223.534505943298,1153.8900146484375,1084.245523353577,0.0005627613901802595
2022-08-18,1214.87451171875,1218.3894546289891,1205.24240897424,1214.2810405952932,7410035,1159.1882446289062,1149.792021484375,1168.456800415996,66.51303285856335,20.0651084780975,12.412845766408315,7.652262711689184,1230.443069417934,1159.1882446289062,1087.9334198398783,0.00488738914844085
2022-08-19,1193.2137451171875,1215.0571053038057,1189.1508525921777,1209.7161065799955,9460724,1161.9041748046875,1148.866787109375,1170.8146046732522,58.57628858504231,19.409439773517988,13.812164567830251,5.597275205687737,1233.9939097149793,1161.9041748046875,1089.8144398943957,-0.1355752227259572
2022-08-22,1189.904052734375,1201.1795211355932,1180.500282384016,1194.6517009933089,9471680,1164.8345642089844,1147.1955688476562,1172.6326473457402,57.44828317758719,18.410527979865265,14.731837250237255,3.678690729628009,1236.472619397423,1164.8345642089844,1093.1965090205458,-0.03971994896992969
2022-08-23,1208.2552490234375,1211.1768414672938,1182.9424687305054,1184.1522321085429,9678484,1168.3002990722657,1146.6603442382811,1176.0252760769497,61.83659862729989,18.88201128732885,15.561872057655576,3.3201392296732752,1241.2861667207253,1168.3002990722657,1095.3144314238061,0.20078136354803705
2022-08-24,1205.0369873046875,1218.846089361482,1203.0284828486285,1205.1968562417935,10369622,1173.486590576172,1146.5280541992188,1178.7882961938772,60.6552160336123,18.779499994674097,16.205397645059282,2.574102349614815,1241.2490744854638,1173.486590576172,1105.72410666688,-0.0013264956883186816
2022-08-25,1201.52197265625,1215.6048071686444,1197.2080472965745,1209.2367351350583,7871946,1178.4721130371095,1146.6421533203124,1180.9534082379128,59.32214802446581,18.204773454460337,16.605272806939496,1.5995006475208413,1238.6557151936072,1178.4721130371095,1118.2885108806117,-0.06371219324841368
2022-08-26,1195.108154296875,1209.716117387308,1190.0867726380989,1201.9555917154182,10742038,1183.1892639160155,1146.9173657226563,1182.3014792911472,56.86623583359789,17.035383692525556,16.69129498405671,0.34408870846884554,1231.9820570203776,1183.1892639160155,1134.3964708116534,-0.05690758729513104
2022-08-29,1185.8184814453125,1211.9985882371661,1176.8711343003506,1180.0437597555986,19838975,1186.5796813964844,1147.337119140625,1182.6364318772582,53.41684319431948,15.184003182138213,16.389836623673013,-1.2058334415348,1225.1345207993202,1186.5796813964844,1148.0248419936486,0.04889747792201083
2022-08-30,1204.2152099609375,1207.5477042577893,1176.2091689010513,1193.282179919688,23139054,1189.6989440917969,1147.8518017578126,1184.6915535995136,58.75274756789898,15.027999607644006,16.11746922046721,-1.0894696128232049,1223.0043675577324,1189.6989440917969,1156.3935206258614,0.09136598337076854
2022-09-01,1168.8138427734375,1189.1507627907063,1164.3858118822848,1178.9709525719995,19909939,1189.5602478027345,1148.085712890625,1183.179390663697,47.48159057034861,11.910474642781992,15.276070304930167,-3.3655956621481753,1223.1877490651138,1189.5602478027345,1155.932746540355,-0.08593981649802745
2022-09-02,1155.1646728515625,1175.638520959865,1152.9734784565321,1168.8139049237643,12999345,1188.5161376953124,1147.6730737304688,1180.5113223006365,43.978498103611635,8.243414751839964,13.869539194312127,-5.626124442472163,1224.9377939430565,1188.5161376953124,1152.0944814475683,-0.11625052346864818
2022-09-05,1173.1051025390625,1178.446101569222,1155.3929766209455,1155.3929766209455,11327815,1187.8753662109375,1148.3336108398437,1179.8059680376296,49.27577909967445,6.707565470454028,12.437144449540508,-5.7295789790864795,1224.9030215352439,1187.8753662109375,1150.8477108866311,0.15210987766984385
2022-09-06,1185.453125,1189.6301230359006,1174.1091938151708,1174.5657379013658,10899618,1188.6357543945312,1149.6110375976561,1180.3437925102364,52.59811206847434,6.412852691659964,11.232286097964401,-4.819433406304437,1224.7985050382506,1188.6357543945312,1152.4730037508118,0.09242830927708875
2022-09-07,1178.56005859375,1184.5629915454858,1173.196239070829,1175.4787180326446,7488501,1189.9137390136718,1150.431181640625,1180.1739130896187,50.60548909860142,5.558997180805363,10.097628314532594,-4.538631133727231,1222.5869590317186,1189.9137390136718,1157.240518995625,0.02620749256854897
2022-09-08,1180.226318359375,1185.978218827882,1173.6528558204227,1181.527366464761,7057077,1190.520849609375,1151.3519946289061,1180.1789040676908,51.08786601394569,4.959592677184901,9.070021187063055,-4.110428509878155,1221.9776076339838,1190.520849609375,1159.0640915847664,-0.011011133205451077
2022-09-09,1172.8768310546875,1191.4561604892992,1170.4573041604863,1191.4561604892992,8314850,1190.4112609863282,1151.80685546875,1179.483468542643,48.823055852943526,3.8471703018699372,8.025451010024431,-4.178280708154494,1222.0970225052952,1190.4112609863282,1158.7254994673613,-0.1546862135017208
2022-09-12,1186.0009765625,1192.3691689901582,1173.447281793324,1173.447281793324,7435419,1190.762225341797,1152.0468896484374,1180.1041835921533,52.84333152769786,3.978712295601099,7.216103267139765,-3.237390971538666,1222.0872613317986,1190.762225341797,1159.4371893517953,0.10657505317581577
2022-09-13,1195.9071044921875,1200.4492419384865,1187.3478372720913,1195.1082427715635,8888657,1190.6552490234376,1152.3439916992188,1181.609223677871,55.673807614527064,4.826663238977062,6.738215261507225,-1.911552022530163,1221.894543951295,1190.6552490234376,1159.4159540955802,0.0066843302899784315
2022-09-14,1181.572998046875,1191.4561336808906,1174.451706778856,1175.4787801044877,8678219,1189.415234375,1154.055703125,1181.605773617776,50.91183893074425,4.292546076594363,6.249081424524653,-1.9565353479302905,1220.0228982849248,1189.415234375,1158.807570465075,0.05179815899685444
2022-09-15,1169.864013671875,1188.5118075681453,1167.147811442509,1179.1308576947656,10365600,1187.2746704101562,1155.487734375,1180.4875107657854,47.349125754684714,2.8911102747092627,5.577487194561575,-2.6863769198523126,1217.0529345421044,1187.2746704101562,1157.496406278208,-0.07842905826872293
2022-09-16,1140.8763427734375,1165.4359048168926,1137.133067391258,1161.213264147553,20217708,1183.5747619628905,1156.162099609375,1176.715018576038,39.90421311302213,-0.5522346591183123,4.351542823825598,-4.9037774829439105,1216.8944023883876,1183.5747619628905,1150.2551215373935,-0.17336621088659265
2022-09-19,1142.35986328125,1151.6038847358493,1132.7277612467549,1140.8762459554318,7580254,1181.0320678710937,1157.0608837890625,1173.4430990241533,40.42052158803643,-3.125375240164658,2.856159211027547,-5.981534451192205,1218.5219177044069,1181.0320678710937,1143.5422180377805,0.013003458575992903
2022-09-20,1142.54248046875,1158.4514907194557,1138.8220264150539,1151.4898271317024,8411448,1178.6639892578125,1158.1794482421874,1170.5001829712576,40.48830139895024,-5.091184008190567,1.2666905671839241,-6.357874575374491,1219.4513022343658,1178.6639892578125,1137.8766762812593,-0.07754634766291668
2022-09-21,1145.6925048828125,1156.3060391967588,1138.9591731329301,1139.7580348153278,9207309,1175.5358520507812,1159.3309814453125,1168.1375469628342,41.71993252301271,-6.322044383064167,-0.25105642286569396,-6.070987960198473,1216.3618138371014,1175.5358520507812,1134.709890264461,0.05202080442662915
2022-09-22,1134.896240234375,1142.6110027498532,1128.5053470017444,1134.8505978968233,10308170,1172.0288146972657,1159.9708325195313,1164.9717082267905,38.75921124407847,-8.075588074558027,-1.8159627532041607,-6.259625321353866,1214.145487467631,1172.0288146972657,1129.9121419269004,0.0004021880516726253
2022-09-23,1113.62353515625,1139.3927402184245,1112.0714541784876,1134.394179751921,9528051,1167.6338928222656,1160.2166284179686,1160.081406029596,33.68646388742208,-11.054385524842928,-3.6636473075319147,-7.390738217311013,1214.589391269952,1167.6338928222656,1120.678394374579,-0.18107993061381614
2022-09-26,1085.252197265625,1103.7175409409906,1084.2479451217905,1092.8756748841324,12479523,1162.141094970703,1160.2853955078126,1152.9548147187418,28.356102848511654,-15.525465917055271,-6.036011029436587,-9.489454887618685,1219.5041254464415,1162.141094970703,1104.7780644949646,-0.0696432059205487
2022-09-27,1093.8800048828125,1107.4607728213189,1077.3776445528867,1092.8528108642224,16154822,1157.544171142578,1160.3483544921876,1147.328642353415,31.885852054885717,-18.163262586311475,-8.461461340811566,-9.70180124549991,1220.9932214788753,1157.544171142578,1094.0951208062809,0.00939892143133014
2022-09-28,1064.755615234375,1085.5490819988559,1062.3133878058827,1077.4918807802046,16997059,1150.57119140625,1159.7865063476563,1139.464544532554,27.042438416737454,-22.34623678533262,-11.238416429715777,-11.107820355616845,1222.1085819904329,1150.57119140625,1079.033800822067,-0.11765544321951958
2022-09-29,1061.49169921875,1080.7557852500533,1055.8767254588533,1077.3321267840065,14671827,1145.2050842285157,1158.9732836914063,1132.0385592645728,26.555609206440877,-25.629207172873976,-14.116574578347416,-11.51263259452656,1225.9694956144585,1145.2050842285157,1064.440672842573,-0.1459833472914999
2022-09-30,1085.434814453125,1096.5047707006538,1054.9636064469146,1054.9636064469146,18613024,1141.7185913085937,1158.5037817382813,1127.6001073777682,35.70024587887505,-25.999272133899012,-16.493114089457734,-9.506158044441278,1226.3881015451109,1141.7185913085937,1057.0490810720764,0.28106364980383475
2022-10-03,1081.6688232421875,1103.3294933419215,1078.7015883112226,1091.7117072217247,11852723,1137.14677734375,1157.3592553710937,1123.2256993648557,34.96285453467645,-26.293342018949033,-18.453159675355995,-7.840182343593039,1224.3791815493942,1137.14677734375,1049.914373138106,-0.09173346801532592
2022-10-04,1101.6175537109375,1103.808747936222,1091.0953054950355,1094.58754770497,8948850,1132.9549987792968,1156.7656811523439,1121.1677807311492,41.81827455571735,-24.632747708943498,-19.689077282073495,-4.943670426870003,1218.5410538056622,1132.9549987792968,1047.3689437529315,0.0641369983254508
2022-10-06,1105.6802978515625,1118.4165611455717,1103.8771842481965,1108.8302224863316,13352162,1129.3110107421876,1156.1004760742187,1119.6927823616647,43.13296076683732,-22.726903657590356,-20.296642557176867,-2.430261100413489,1213.0049518951835,1129.3110107421876,1045.6170695891917,-0.028399997773143844
2022-10-07,1110.359619140625,1115.6321543527151,1102.2795971833257,1102.2795971833257,7714340,1125.81767578125,1156.2814453125,1118.8039096739467,44.68334553791387,-20.60144575204572,-20.35760319615064,-0.2438425558950783,1206.4974103364684,1125.81767578125,1045.1379412260317,0.07317182385660127
2022-10-10,1098.2396240234375,1103.6262649687026,1090.1139598954956,1097.8743645838504,6329527,1122.0858154296875,1156.2100073242189,1116.84540627866,41.525451844900026,-19.668263861015475,-20.219735329123612,0.5514714681081365,1200.5887415529069,1122.0858154296875,1043.5828893064681,0.0033269571066032073
2022-10-11,1076.373291015625,1101.982746487589,1073.2691292307711,1101.982746487589,9215177,1116.6044311523438,1155.7221704101562,1112.990919110752,36.511910729719084,-20.457321549737344,-20.26725257324636,-0.1900689764909842,1191.727160926085,1116.6044311523438,1041.4817013786026,-0.22829913644788496
2022-10-12,1084.2935791015625,1087.2379927529598,1069.6171531804475,1073.6800455545388,7417103,1111.0237548828125,1155.0478393554688,1110.2578391098768,39.36743502171535,-20.210579418094085,-20.255917942215905,0.04533852412182071,1177.880797671419,1111.0237548828125,1044.1667120942059,0.09853119112111745
2022-10-13,1087.7401123046875,1092.8527780894253,1077.3776122421918,1082.5360411069073,7328492,1106.3321105957032,1153.9660424804688,1108.1132936998588,40.61903917139117,-19.512005818203306,-20.107135517413386,0.5951296992100801,1165.448982350789,1106.3321105957032,1047.2152388406173,0.048035962006763855
2022-10-14,1082.216552734375,1103.0556611703817,1081.48615457156,1102.4393688537991,9106089,1101.9497375488281,1152.1786181640625,1105.6469374174317,39.22167858754765,-19.182957113718885,-19.922299836674487,0.7393427229556018,1154.1707604851508,1101.9497375488281,1049.7287146125054,-0.18140681427854213
2022-10-17,1099.586181640625,1101.9827665257233,1069.845490552908,1075.0495620947684,16729355,1099.8852294921876,1150.649404296875,1105.0697225815454,45.56364661979902,-17.320934801573003,-19.40202682965419,2.081092028081187,1148.9570913164137,1099.8852294921876,1050.8133676679615,0.22435485258138307
2022-10-18,1118.9873046875,1124.3511243615108,1104.7902440911478,1105.634748048647,12415820,1098.7166015625,1149.3107397460938,1106.3952065916365,51.63428015146992,-14.117027905963823,-18.34502704491612,4.2279991389522955,1144.702945298377,1098.7166015625,1052.730257826623,0.1201845149702576
2022-10-19,1138.4569091796875,1153.9550179585947,1114.6277458530562,1120.4709308445554,19247142,1098.5123229980468,1148.674970703125,1109.4487020762128,56.836370497515674,-9.892835787167087,-16.654588793366315,6.761753006199228,1143.7483016962835,1098.5123229980468,1053.27634429981,0.15915693104427506
2022-10-20,1141.5155029296875,1149.9150215278255,1134.3942113183082,1134.3942113183082,8717053,1098.3034729003907,1148.4452734375,1112.5026831098771,57.60776388329822,-6.22655430335567,-14.568981895364187,8.342427592008518,1142.6969417854066,1098.3034729003907,1053.9100040153749,0.06269382921376798
2022-10-21,1128.2769775390625,1148.9106943491454,1126.177188586748,1144.7565172867282,8243452,1097.972509765625,1147.649130859375,1114.0049968650376,53.1778881816128,-4.339218365110355,-12.523029189313421,8.183810824203066,1141.3570462399455,1097.972509765625,1054.5879732913047,-0.14297046732969823
2022-10-24,1132.0430908203125,1142.382770547029,1120.836206695688,1122.9816380159375,3370033,1098.893487548828,1146.7886206054689,1115.722910575064,54.255561846546996,-2.5106558911706998,-10.520554529684878,8.009898638514178,1144.3026846823188,1098.893487548828,1053.4842904153372,0.08051634229677747
2022-10-25,1114.559326171875,1140.785075413764,1112.9387816840604,1140.785075413764,12233241,1100.3588439941407,1145.5001733398437,1115.6120930128554,48.656637244387255,-2.444126279370721,-8.905268879622046,6.461142600251325,1145.8041170827196,1100.3588439941407,1054.9135709055618,-0.2259259753945086
2022-10-27,1118.9415283203125,1126.8389796677511,1110.5648325053564,1122.068510929358,12513059,1101.6119201660156,1143.9180712890625,1115.929182089756,50.0480467559786,-2.0145712693456517,-7.527129357566767,5.512558088221115,1147.6516878308569,1101.6119201660156,1055.5721525011743,-0.027860806455617053
2022-10-28,1153.178955078125,1157.218905475806,1122.730566891981,1125.2640787350124,17609592,1106.0330871582032,1142.8541845703126,1119.4767795172197,59.32302151071915,1.076123494337935,-5.806478787185827,6.882602281523762,1154.0083694567354,1106.0330871582032,1058.057804859671,0.24310734359626357
2022-10-31,1163.8837890625,1169.065039404331,1155.9406944170403,1159.957944449031,12419943,1111.1526916503906,1141.8783544921876,1123.706018521532,61.716530456150615,4.339291350742997,-3.777324759600062,8.11661611034306,1160.8451458587265,1111.1526916503906,1061.4602374420547,0.033831798355681515
2022-11-01,1154.8680419921875,1186.8912136799254,1144.8936213637878,1186.8912136799254,13963166,1114.6243530273437,1140.6782250976562,1126.673830280642,58.58963317794029,6.127248835471391,-1.7964100405857717,7.923658876057163,1166.306601468923,1114.6243530273437,1062.9421045857644,-0.2634453642743888
2022-11-02,1162.08056640625,1164.1576549471247,1148.0890168960855,1155.986348539346,8981896,1118.6449401855468,1140.0555615234375,1130.045900387843,60.32158836222801,8.03360210200185,0.16959238793175269,7.864009714070098,1171.9328315733571,1118.6449401855468,1065.3570487977365,0.052669984563346636
2022-11-03,1166.417236328125,1168.4258612328554,1152.6767205686606,1154.8679148064807,6693449,1121.8849243164063,1139.5858251953125,1133.5098371440604,61.36782632016764,9.7815778789261,2.0919894861306223,7.6895883927954785,1178.418643967619,1121.8849243164063,1065.3512046651938,0.09967350167962787
2022-11-04,1183.5816650390625,1186.8912175642852,1164.568612402097,1165.8467186255812,12575815,1125.7799926757812,1139.092353515625,1138.2785826578702,65.27106676997204,12.40884577364045,4.155360743632588,8.253485030007862,1187.7812411058876,1125.7799926757812,1063.7787442456747,0.15095810483205147
2022-11-07,1189.904052734375,1191.5931814379082,1175.0223567357784,1182.7827614663586,11789748,1129.7572143554687,1138.7896948242187,1143.1952940937279,66.60931874975341,14.83018521358531,6.290325637623132,8.539859575962177,1197.25316289626,1129.7572143554687,1062.2612658146775,0.060135293432748295
2022-11-09,1188.7171630859375,1196.9112902936065,1182.3489707407007,1191.5931131291466,11254205,1134.2810913085937,1138.5335986328125,1147.530710188224,66.09441610409017,16.463560412942115,8.32497259268693,8.138587820255186,1204.7823298045623,1134.2810913085937,1063.779852812625,-0.024130650925414263
2022-11-10,1174.3375244140625,1185.3161961635597,1170.0007782161263,1182.3261403082447,5966242,1139.1793029785156,1138.1181860351562,1150.0837401144943,60.03897587699736,16.408557721656734,9.941689618480892,6.466868103175843,1206.4451607288224,1139.1793029785156,1071.9134452282087,-0.06746430612258943
2022-11-11,1201.407958984375,1203.3251787933696,1181.4133535308406,1186.8912796597394,12310132,1145.0350219726563,1138.4299755859374,1154.9717609592449,66.29875286897504,18.337937200228453,11.620939134830405,6.716998065398048,1212.5593170647996,1145.0350219726563,1077.510726880513,0.12170215940232483
2022-11-14,1195.58740234375,1206.0640083384951,1189.2420312652064,1200.9284005914947,9043112,1150.4273864746094,1138.2574194335937,1158.8399172815787,63.97811349209463,19.176262048857552,13.132003717635836,6.044258331221716,1215.9848982140566,1150.4273864746094,1084.8698747351623,-0.04444461183191679
2022-11-15,1190.2237548828125,1198.9427700567662,1182.3263018305277,1197.0711926191022,7086433,1155.8277465820313,1138.6856176757813,1161.8288541959819,61.83035986619948,19.18666705247938,14.342936384604545,4.8437306678748335,1215.554946483727,1155.8277465820313,1096.1005466803356,-0.057139284761631236
2022-11-16,1183.3990478515625,1194.1723297469184,1178.3775455967132,1191.4561277313167,9716161,1160.0183898925782,1139.2503051757812,1163.8831583536562,59.11122073194081,18.431746570744508,15.160698421832539,3.2710481489119694,1214.9411087619092,1160.0183898925782,1105.0956710232472,-0.0675209140883022
2022-11-17,1186.45751953125,1192.825591205946,1177.7612057960014,1180.020863607493,6661451,1163.3919006347655,1139.517353515625,1166.033097513427,59.961022764199754,17.87421690769952,15.703402119005936,2.1708147886935834,1216.0614200333491,1163.3919006347655,1110.722381236182,0.05449293225368213
2022-11-18,1185.8184814453125,1190.9997319984882,1173.6985088451027,1189.9725379072304,5303197,1165.7599792480469,1139.5246606445312,1167.9174197926543,59.681920491766576,17.18273374139062,15.999268443482874,1.1834652979077465,1217.9891534134545,1165.7599792480469,1113.5308050826393,-0.0348946697187967
2022-11-21,1164.4771728515625,1181.4131345958851,1160.9164671915146,1181.4131345958851,6390268,1166.9080627441406,1139.2430029296875,1167.589777226836,51.12349518173457,14.742718224793862,15.747958399745073,-1.0052401749512114,1217.951029382105,1166.9080627441406,1115.8650961061762,-0.1423794481992582
2022-11-22,1170.9366455078125,1172.5115476255721,1157.9037056180239,1161.783907991267,6611488,1169.0410461425781,1139.0572094726563,1167.9085265869292,53.30608471410238,13.178302539356991,15.234027227667458,-2.055724688310466,1216.9154622485178,1169.0410461425781,1121.1666300366385,0.07861917056714138
2022-11-23,1167.28466796875,1176.80266503484,1165.0934735308952,1175.4787957552544,6413408,1170.803125,1138.9453662109374,1167.8491114804358,51.895126291180866,11.511114805037323,14.489444743141432,-2.9783299381041086,1215.5958393979663,1170.803125,1126.0104106020335,-0.06959615879883672
2022-11-24,1177.3504638671875,1184.1522586948402,1163.2446877659072,1171.3703518394527,9389439,1173.9426818847655,1138.7723559570313,1168.754002183936,55.39928642251102,10.876702266570419,13.76689624782723,-2.890193981256811,1210.5877435074688,1173.9426818847655,1137.2976202620623,0.051007967188778126
2022-11-25,1194.925537109375,1198.2579106358316,1178.7198513447252,1181.8697762735126,7349922,1177.7418823242188,1138.752724609375,1171.2465293196922,60.77233786139969,11.657704527643318,13.34505790379045,-1.687353376147131,1205.4575008344816,1177.7418823242188,1150.026263813956,0.11001984096575633
2022-11-28,1235.9874267578125,1242.1501079495758,1142.1545139312134,1190.9540185279361,31527484,1181.882305908203,1139.8410131835938,1177.4123290757036,69.89697820785466,15.41234188901285,13.75851470083493,1.653827188177921,1217.342484840083,1181.882305908203,1146.4221269763232,0.3610813846904281
2022-11-29,1238.1099853515625,1246.9888680905747,1229.8017525224489,1234.3438891412923,11058913,1185.5936157226563,1141.2059326171875,1183.193058244833,70.28179266294741,18.347691027034443,14.676349966074833,3.6713410609596107,1227.6632018046887,1185.5936157226563,1143.524029640624,0.030501451327246736
2022-11-30,1246.8519287109375,1253.28858432772,1231.7190805205594,1238.2470208025131,26164986,1190.1928100585938,1143.3254443359374,1189.2558078130335,71.87637019615575,21.135738499713398,15.968227672802545,5.167510826910853,1237.594748044033,1190.1928100585938,1142.7908720731546,0.06938101022324306
2022-12-01,1243.1771240234375,1257.648037723801,1239.8447507387561,1251.6222838141432,9485801,1194.2476379394532,1145.3417895507812,1194.3911712616432,70.17187006202519,22.786096248254353,17.33180138789291,5.454294860361443,1245.086452489294,1194.2476379394532,1143.4088233896123,-0.06737149936503001
2022-12-02,1242.6522216796875,1254.4526976676975,1232.8147284105949,1246.235748845341,11589592,1198.0593872070312,1147.343984375,1198.9874617776475,69.91682229942099,23.777568414153848,18.6209547931451,5.1566136210087485,1251.3525559021004,1198.0593872070312,1144.766218511962,-0.02874688700559816
2022-12-05,1224.5294189453125,1240.1872774344642,1222.4980932976318,1238.0189040182454,14828536,1200.1067749023437,1148.92072265625,1201.420029126949,61.59302431789355,22.837699740088738,19.464303782533825,3.373395957554912,1254.1586599043671,1200.1067749023437,1146.0548899003202,-0.10853108488318107
2022-12-06,1228.067138671875,1231.1713003979203,1214.737403586102,1216.6091015367565,8594245,1202.0149291992188,1150.784140625,1203.9578490836086,62.53079588632164,22.12328796805309,19.99610061963768,2.1271873484154113,1257.174509885504,1202.0149291992188,1146.8553485129337,0.09390263233912412
2022-12-07,1209.9442138671875,1230.2583124986502,1206.1324752746186,1225.6933546542932,8462111,1203.0762817382813,1152.7105541992187,1204.527979062997,55.10764404395132,19.86574300020925,19.970029095751993,-0.1042860955427436,1257.9878657528272,1203.0762817382813,1148.1646977237353,-0.12778918930853844
2022-12-08,1209.3736572265625,1216.5635327967686,1205.1967796428094,1214.281053698547,7757008,1204.8280883789062,1155.1929833984375,1204.989472221432,54.886733253107366,17.825106464325017,19.5410445694666,-1.715938105141582,1258.1737058752103,1204.8280883789062,1151.482470882602,-0.040392020151562236
2022-12-09,1191.04541015625,1214.2811038799705,1187.7357368415526,1207.8900896926802,12655763,1204.3099609375,1157.1362915039062,1203.6614663104622,48.20209581224702,14.561099651805762,18.545055585934435,-3.983955934128673,1257.9787048082355,1204.3099609375,1150.6412170667643,-0.13855834348789864
2022-12-12,1192.871337890625,1197.3906539089487,1180.0437880026634,1180.272120443367,9479842,1204.1741577148437,1159.6986059570313,1202.6338350323824,48.87018134039455,11.983548952411411,17.232754259229832,-5.249205306818421,1257.9441503906746,1204.1741577148437,1150.4041650390127,0.1063447776040284
2022-12-13,1198.3037109375,1201.9555809304147,1189.9497141999723,1192.8713067918438,8333348,1204.5781555175781,1162.4348461914062,1202.2214422614413,50.89925871849332,10.260887434375263,15.838380894258918,-5.577493459883655,1258.0433679149717,1204.5781555175781,1151.1129431201846,0.04550911508661748
2022-12-14,1193.967041015625,1204.6718603186412,1191.9127734525748,1204.07838914528,7268947,1205.1065551757813,1164.6054907226562,1201.4353088094588,49.220000674511034,8.448345482780269,14.36037381196319,-5.91202832918292,1257.92909148172,1205.1065551757813,1152.2840188698426,-0.08377898705002855
2022-12-15,1177.0079345703125,1193.738505954403,1173.6527401257097,1188.0323691325584,8688551,1204.6340759277343,1166.5122729492186,1199.1088922152544,43.21550114509545,5.579122123553589,12.60412347428127,-7.025001350727681,1258.2780558800523,1204.6340759277343,1150.9900959754164,-0.09253030034754603
2022-12-16,1171.1876220703125,1195.4733287956508,1167.7867851451592,1173.6527911334736,15837349,1203.9025329589845,1167.9036743164063,1196.449723630022,41.35105511788073,2.8032769318683677,10.64395416579869,-7.840677233930322,1258.9340121381426,1203.9025329589845,1148.8710537798263,-0.02100115655479926
2022-12-19,1186.5716552734375,1188.7172073020977,1171.6898388274747,1178.2177795852808,7729933,1205.007257080078,1169.5215014648438,1195.5089552151092,47.765726458988574,1.8237395935393579,8.879911251346824,-7.056171657807466,1257.6644702560666,1205.007257080078,1152.3500439040895,0.07078406979614497
2022-12-20,1196.8428955078125,1198.76011514875,1171.3703661582176,1179.5416726679264,7467588,1206.3025695800782,1171.2511669921876,1195.6359971477477,51.57401650943045,1.854870648091719,7.474903130695804,-5.620032482604085,1256.7727667955219,1206.3025695800782,1155.8323723646345,0.1456345906263928
2022-12-21,1179.8155517578125,1201.9555872542346,1175.9809916475376,1196.477661489117,8527550,1206.9291137695313,1172.882685546875,1194.129288062992,45.634193085239076,0.4998163244722491,6.079885769451094,-5.580069444978845,1255.7297661204332,1206.9291137695313,1158.1284614186295,-0.13836637685926373
2022-12-22,1176.757080078125,1189.0139802290078,1171.7127563166528,1185.9782816535776,7451122,1206.8994445800781,1174.890361328125,1192.4747920644331,44.639690317892665,-0.8115124827199907,4.701606119016877,-5.513118601736868,1255.7726598031056,1206.8994445800781,1158.0262293570506,-0.07759555752295326
2022-12-23,1142.2459716796875,1182.5546798699038,1137.7038341837574,1170.137910188138,10257115,1204.2654663085937,1176.0494091796875,1187.6910948849336,35.29324721956722,-4.58268173401143,2.8447485484112156,-7.427430282422646,1260.5520474775603,1204.2654663085937,1147.978885139627,-0.23395039579077853
2022-12-26,1152.22021484375,1160.414342154975,1137.7721216907048,1147.9748739735228,5990242,1200.0771057128907,1177.3390112304687,1184.3129158333925,39.252038710164285,-6.689411103172006,0.9379166180945713,-7.627327721266577,1258.7157861792134,1200.0771057128907,1141.438425246568,0.036964281270148155
2022-12-27,1161.6468505859375,1163.518427683626,1148.2030104259682,1154.9363410889032,5763271,1196.2539489746093,1178.9276171875,1182.1542429526826,42.81303505228492,-7.511767602673899,-0.7520202260591229,-6.759747376614776,1254.444202902155,1196.2539489746093,1138.0636950470637,0.05803755595031025
2022-12-28,1161.5328369140625,1163.9750640999512,1151.0562304776126,1158.5884232916014,7459393,1191.9879943847657,1180.1665502929689,1180.190299520433,42.78037106051625,-8.07955492394126,-2.21752716563555,-5.862027758305709,1247.1458786060302,1191.9879943847657,1136.830110163501,0.025408331662254972
2022-12-29,1161.0079345703125,1163.5642678265237,1152.8822699122077,1153.567025752554,6930648,1187.8795349121094,1181.006962890625,1178.3634076204216,42.61915646665348,-8.474200391969134,-3.468861810902267,-5.005338581066868,1239.2873344896157,1187.8795349121094,1136.4717353346032,0.06441416930325272
2022-12-30,1162.7880859375,1176.3916749175478,1160.0035413220228,1161.829476176333,7289476,1183.886328125,1181.4935864257814,1176.8800436506197,43.39818482783596,-8.544817098118983,-4.484052868345611,-4.060764229773373,1229.7653622779094,1183.886328125,1138.0072939720908,0.00825067730160267
2023-01-02,1175.8896484375,1177.3048023328713,1163.244668797144,1164.066351583663,5316175,1181.4543395996093,1182.1810693359375,1176.7857202969892,48.897165283313655,-7.457627855379997,-5.078767865752488,-2.378859989627508,1223.450109779147,1181.4543395996093,1139.4585694200716,0.10122109073852754
2023-01-03,1167.28466796875,1174.565828259546,1163.0621480210023,1170.9366586985077,7658932,1178.415216064453,1182.9612231445312,1175.8808581704902,45.7531523865694,-7.2072913880017495,-5.50447257020234,-1.7028188177994092,1214.9159686166918,1178.415216064453,1141.9144635122143,-0.031178518743548208
2023-01-04,1149.7095947265625,1169.1107276232437,1147.6325061253483,1167.2618507099899,9264891,1175.4034851074218,1183.3145532226563,1173.388356890116,40.08416585934933,-8.331024597974192,-6.069782975756711,-2.261241622217481,1210.9282629707595,1175.4034851074218,1139.8787072440841,-0.14924798074987017
2023-01-05,1147.6552734375,1157.858025867488,1143.0674942432397,1151.969198619059,13637099,1172.3175659179688,1183.9764721679687,1170.937587037486,39.46857556768961,-9.280379385564629,-6.711902257718295,-2.568477127846334,1206.186672559259,1172.3175659179688,1138.4484592766785,-0.03743077280326012
2023-01-06,1158.0863037109375,1163.1306272948216,1149.5955006159752,1153.4072395784428,6349597,1170.669610595703,1184.7593676757813,1169.7136552921006,44.158038415470784,-9.086311583253746,-7.186784122825386,-1.8995274604283603,1203.9353992161573,1170.669610595703,1137.4038219752488,0.04054508130566754
2023-01-09,1185.430419921875,1187.804304506264,1161.0307261466326,1161.920872492315,10722753,1170.2975646972657,1185.4043969726563,1171.2104900187458,54.179354817538744,-6.6494194297642935,-7.079311184213168,0.4298917544488745,1202.717496519459,1170.2975646972657,1137.8776328750723,0.19961684238262717
2023-01-10,1167.90087890625,1189.6301316742909,1162.2403842296717,1189.6301316742909,8047142,1168.7774230957032,1185.4847387695313,1170.895288960413,48.20675588675553,-6.0627645252311595,-6.876001852416767,0.8132373271856075,1198.5446640244616,1168.7774230957032,1139.0101821669448,-0.18065096685318183
2023-01-11,1153.178955078125,1167.7183330231771,1150.873534164056,1165.207642347734,11509553,1166.738018798828,1185.45095703125,1169.2080190668619,43.836159279859615,-6.708441762667007,-6.842489834466816,0.1340480717998087,1194.8664923385538,1166.738018798828,1138.6095452591023,-0.10286698092299905
2023-01-12,1128.2769775390625,1156.077627831873,1125.2641003718309,1152.5855061360771,17688773,1164.3014709472657,1184.7748852539062,1165.3098246356428,37.62265978439954,-9.12434730209111,-7.298861327991675,-1.8254859740994345,1196.5849042669984,1164.3014709472657,1132.018037627533,-0.20783194040662667
2023-01-13,1126.4510498046875,1128.870455871767,1111.3866638722207,1122.2512303793665,20618583,1162.0646423339845,1183.9755615234376,1161.6089889374566,37.20621854018278,-11.058827674443819,-8.050854597282104,-3.007973077161715,1198.109801767743,1162.0646423339845,1126.019482900226,0.03740570562969107
2023-01-16,1115.723388671875,1131.951774613395,1107.917221092014,1128.7791493112115,13623855,1158.5222290039062,1182.6183959960938,1157.238931769306,34.771054372162126,-13.304187513241459,-9.101521180473975,-4.202666332767484,1197.9993409974763,1158.5222290039062,1119.045117010336,-0.11514963899631328
2023-01-17,1131.56396484375,1133.4811846812154,1118.690771838856,1122.0687880986452,10751000,1155.258282470703,1181.4515942382814,1154.793696824015,40.92004048479517,-13.648122193594418,-10.010841383098064,-3.637280810496353,1192.2377888020683,1155.258282470703,1118.2787761393379,0.08442064275879173
2023-01-18,1129.692138671875,1137.178689301756,1123.1414974309203,1129.1444306357287,13448286,1152.7521118164063,1180.27109375,1152.4030722380967,40.4349759007547,-13.911371997398192,-10.79094750595809,-3.120424491440101,1189.5281090142823,1152.7521118164063,1115.9761146185303,0.004850608351724989
2023-01-19,1128.482421875,1132.6364779441453,1121.4522950704254,1128.8703817084495,11940054,1150.33837890625,1179.3539916992188,1150.124915060659,40.104107534482345,-14.05558931468886,-11.443875867704245,-2.6117134469846146,1186.8311920805324,1150.33837890625,1113.8455657319676,-0.003436694879674859
2023-01-20,1115.0614013671875,1129.8289903822717,1112.5963531280504,1129.8289903822717,14930286,1148.979150390625,1177.627060546875,1146.785532804138,36.532498251267626,-15.079025152908116,-12.170905724745019,-2.908119428163097,1188.4776443195904,1148.979150390625,1109.4806564616595,-0.1299671240110793
2023-01-23,1109.4237060546875,1125.811961602633,1107.004299933337,1117.960272105855,10954118,1146.8393249511719,1175.9037866210938,1143.2272635899046,35.11767688486587,-16.15875228581035,-12.968475036958086,-3.190277248852265,1189.8816453646443,1146.8393249511719,1103.7970045376994,-0.0762103426250497
2023-01-24,1102.873046875,1115.51790607312,1089.8171651533376,1113.851719292168,16488755,1143.900634765625,1174.1567724609374,1139.384004855152,33.49450722135623,-17.34310672864808,-13.843401375296086,-3.4997053533519953,1190.3855990555858,1143.900634765625,1097.4156704756642,-0.0982469845251502
2023-01-25,1087.6259765625,1102.302402806859,1086.461976225218,1101.2753294802073,12385018,1140.2052917480469,1172.2413110351563,1134.4546688272803,30.016831610228678,-19.289668021000807,-14.93265470443703,-4.357013316563776,1191.949066113894,1140.2052917480469,1088.4615173821996,-0.12331056597788671
2023-01-27,1066.992431640625,1089.817223588686,1055.260418546103,1088.4706538388855,25830975,1135.5045166015625,1169.8520092773438,1128.0296938571228,26.07173582629936,-22.2409071695065,-16.394305197450926,-5.8466019720555735,1195.2916692771676,1135.5045166015625,1075.7173639259574,-0.19480295756861724
2023-01-30,1077.218017578125,1082.764407064242,1050.3987961919847,1064.4132886312711,21772103,1131.2260131835938,1167.68,1123.1904865924564,30.91747406495442,-23.483957684922643,-17.812235694945272,-5.671721989977371,1194.7229880848115,1131.2260131835938,1067.729038282376,0.1197215004400069
2023-01-31,1074.5245361328125,1089.9541811505658,1068.6585300710096,1087.3749062182637,22691594,1126.1577575683593,1165.880947265625,1118.5556341677284,30.353105212431487,-24.405098828707196,-19.130808321697657,-5.274290507009539,1190.7577606551217,1126.1577575683593,1061.557754481597,-0.11763081423827232
2023-02-01,1068.156494140625,1086.43914786492,1052.2246622437708,1086.43914786492,19347800,1121.201348876953,1163.8253442382813,1113.755716069909,29.00504530116764,-25.35666177744588,-20.375979012847303,-4.980682764598576,1187.6049723501571,1121.201348876953,1054.797725403749,-0.16670982793762437
2023-02-02,1062.244873046875,1071.8540341073915,1054.9637127057106,1058.1591593362568,13662663,1116.8281127929688,1161.7245483398438,1108.849921496287,27.771946864710827,-26.28480580712767,-21.557744371703375,-4.727061435424293,1186.5817480183975,1116.8281127929688,1047.07447756754,0.03859234680901128
2023-02-03,1063.1805419921875,1072.3104574781503,1046.7466458186898,1072.3104574781503,24699575,1112.6043762207032,1159.4411499023438,1104.5004567816109,28.29157741573924,-26.637801973695332,-22.57375589210177,-4.064046081593563,1184.57492178289,1112.6043762207032,1040.6338306585164,-0.08493731978628902
2023-02-06,1055.1690673828125,1059.528634971871,1052.5899131464937,1056.7896118119152,14837879,1107.458514404297,1156.6460205078124,1099.8022292198204,26.531523828251423,-27.249893218634952,-23.508983357408404,-3.740909861226548,1180.3960331981248,1107.458514404297,1034.520995610469,-0.015333396537145702
2023-02-07,1052.6356201171875,1062.4502927137798,1046.7467924098464,1055.4202857843334,15135435,1100.8187744140625,1152.978984375,1095.3101712100458,25.981083706923286,-27.621010150034863,-24.331388715933695,-3.289621434101168,1168.1145647492908,1100.8187744140625,1033.5229840788343,-0.026378303640126655
2023-02-08,1073.6572265625,1077.2863960062462,1053.137736379797,1055.8766387784026,21160332,1096.106591796875,1149.6899291992188,1093.2479860055178,37.557336975812284,-25.920064665892824,-24.64912390592552,-1.2709407599673028,1156.8309931894823,1096.106591796875,1035.3821904042675,0.16682254074573885
2023-02-09,1075.5289306640625,1082.2850839057578,1065.4632246870067,1074.3421090421186,13172763,1092.2240905761719,1146.2634692382812,1091.5604569253792,38.47990473020192,-24.142719988837598,-24.547843122507935,0.4051231336703367,1147.5449253404215,1092.2240905761719,1036.9032558119222,0.0110465124306515
2023-02-10,1066.6728515625,1075.0039060071294,1059.6655455942528,1075.0039060071294,10790445,1089.1438842773437,1142.7333837890626,1089.1902087955812,35.78578794838873,-23.181550611909188,-24.27458462038819,1.0930340084790018,1142.9310119845843,1089.1438842773437,1035.356756570103,-0.07734312227174718
2023-02-13,1060.6014404296875,1072.7670546240697,1056.127767130611,1068.293381324993,10352493,1085.8514038085937,1139.0923681640625,1086.4674689512103,34.02690200390728,-22.648649559532487,-23.94939760821705,1.3007480486845644,1138.1415816307144,1085.8514038085937,1033.561225986473,-0.07187796978748726
2023-02-14,1085.5947265625,1087.329376978281,1060.738487756277,1063.6144381671827,14321920,1084.344970703125,1136.3136743164061,1086.3843506284759,45.83018563944015,-19.979263806368863,-23.155370847847415,3.176107041478552,1134.810121199,1084.344970703125,1033.87982020725,0.20376405701621506
2023-02-15,1110.1768798828125,1112.5735854842064,1083.2664969637603,1084.6358877756606,33503591,1083.275616455078,1133.955869140625,1088.6503057955556,54.46014672437219,-15.699211298351202,-21.664138937948174,5.964927639596972,1130.4951904195168,1083.275616455078,1036.0560424906394,0.23122178042701916
2023-02-16,1109.3095703125,1124.7163944448255,1107.0270912647763,1118.1656324865594,17264487,1082.2564880371094,1131.9431762695312,1090.6178547971692,54.13246802056727,-12.236172503680109,-19.778545651094564,7.542373147414455,1126.1903965612032,1082.2564880371094,1038.3225795130156,-0.07903650858469406
2023-02-17,1113.9429931640625,1117.2754874405753,1100.4306882070916,1104.7217922905263,11809520,1081.5295166015626,1130.0345629882813,1092.8392965463972,55.667112938153615,-9.013904132190191,-17.625617347313693,8.611713215123501,1122.7789274813088,1081.5295166015626,1040.2801057218164,0.08327747857494475
2023-02-20,1102.16552734375,1118.3026298698114,1100.2025445254703,1116.13425652598,8836937,1080.8847229003907,1128.2569653320313,1093.727509003288,50.99646428389617,-7.326125283985675,-15.565718934648089,8.239593650662414,1120.383360736918,1080.8847229003907,1041.3860850638634,-0.1245034046991705
2023-02-21,1111.158447265625,1116.9558691842672,1101.22954869757,1106.547846833629,13311592,1080.9714599609374,1126.6227075195313,1095.387598361606,54.159209150765065,-5.202918895938183,-13.493158926906109,8.290240030967926,1120.7271798407564,1080.9714599609374,1041.2157400811184,0.04164243004274462
2023-02-22,1085.959716796875,1109.2866925279875,1084.2022454513722,1107.4379365148654,11024335,1080.1257934570312,1124.3758276367187,1094.4897048792507,45.33062487201288,-5.490300721659423,-11.892587285856774,6.40228656419735,1118.6835072793099,1080.1257934570312,1041.5680796347526,-0.19154944096312745
2023-02-23,1080.755615234375,1093.1952035465454,1077.948249542989,1085.5489053785018,9851910,1079.782275390625,1122.1115991210938,1093.1816963416436,43.74465287961123,-6.0680318981171695,-10.727676208308853,4.659644310191684,1118.1887079550286,1079.782275390625,1041.3758428262215,-0.04412677662447227
2023-02-24,1088.1510009765625,1093.8344379808216,1080.9840672539892,1082.8100022510873,9434053,1080.8402038574218,1120.3344604492188,1092.7025824973502,46.603658825615916,-5.861573622197511,-9.754455691086585,3.892882068889074,1118.943593532322,1080.8402038574218,1042.7368141825216,0.04928539071890803
2023-02-27,1080.91552734375,1090.8672478016565,1073.543202799622,1087.3750050988056,11199715,1081.025079345703,1118.5290185546876,1091.5800058160548,44.23497107411034,-6.21020878274453,-9.045606309418174,2.8353975266736438,1119.092239431133,1081.025079345703,1042.957919260273,-0.0593345461096553
2023-02-28,1060.2362060546875,1080.5274845520237,1056.1734344203933,1075.5516247048565,21994038,1080.3106628417968,1116.0023095703125,1088.594882029258,38.25105829906,-8.062216845745297,-8.848928416683599,0.7867115709383015,1119.362566141572,1080.3106628417968,1041.2587595420216,-0.14144124879175576
2023-03-01,1069.982421875,1070.712820002187,1060.5557097259696,1070.0280642112666,11551145,1080.4019592285156,1113.4651000976562,1086.8222667764717,42.218347769269236,-8.643867292963023,-8.807916191939483,0.16404889897646058,1119.348172910264,1080.4019592285156,1041.455745546767,-0.0004265526767476766
2023-03-02,1061.833984375,1073.5203549354069,1059.802538079039,1066.8326656493814,9333535,1080.381414794922,1111.10546875,1084.442430357284,39.90965902216365,-9.651088528897617,-8.97655065933111,-0.6745378695665067,1119.3663330859747,1080.381414794922,1041.3964965038692,-0.04682108610731024
2023-03-03,1088.927001953125,1092.6018137297042,1068.909698230002,1072.3789987479975,14643807,1081.6687377929688,1109.3488671875,1084.8695324140308,49.7492003394063,-8.16897170148718,-8.815034867762325,0.6460631662751446,1119.991400266959,1081.6687377929688,1043.3460753189786,0.15309788515653444
2023-03-06,1099.5633544921875,1106.8216933590497,1095.5918675399987,1095.5918675399987,10171916,1083.8884521484374,1108.49521484375,1086.2689440405218,53.002786572577726,-6.066191401095239,-8.265266174428909,2.1990747733336704,1120.9359201700026,1083.8884521484374,1046.8409841268722,0.03623382410040497
2023-03-08,1103.5120849609375,1104.265304210858,1088.7443751303776,1099.5632986303585,15782657,1086.432275390625,1107.5210522460939,1087.9111479377043,54.188669190302505,-4.03458512947941,-7.4191299654390095,3.3845448359595993,1121.4793898369837,1086.432275390625,1051.385160944266,0.03589688410816732
2023-03-09,1076.98974609375,1103.3067824873158,1075.0953474005576,1102.8960014079455,16235128,1086.5989013671874,1105.82791015625,1086.8710144287563,45.82476818641107,-4.51263476785266,-6.83783092592174,2.3251961580690796,1121.432521212736,1086.5989013671874,1051.7652815216388,-0.23066621072479673
2023-03-10,1060.3046875,1070.0280749321848,1056.8124450060086,1068.8868957671646,13334091,1085.8376892089843,1103.8033471679687,1084.340888054589,41.48657777848576,-6.166750870719397,-6.703614914881271,0.5368640441618737,1122.2359251834114,1085.8376892089843,1049.4394532345573,-0.08011898684416838
2023-03-13,1042.8665771484375,1070.0281154160118,1038.5298305140532,1063.1806779260546,12771592,1084.6473754882813,1101.4405200195313,1080.3909536825745,37.49173043805509,-8.783508747212863,-7.11959368134759,-1.6639150658652735,1124.8345536546578,1084.6473754882813,1044.4601973219048,-0.1887774436591664
2023-03-14,1038.9635009765625,1052.2018311560978,1035.8136967949142,1040.812257084253,16027522,1083.565478515625,1098.9640283203125,1076.4454819962878,36.641267574455995,-11.044934712624126,-7.904661887602897,-3.1402728250212295,1127.2929202913613,1083.565478515625,1039.8380367398888,-0.017760760265583594
2023-03-15,1021.2056884765625,1049.1660857467195,1016.8004787547293,1042.6839083296516,21728555,1080.3460266113282,1095.8703491210938,1071.1845492801233,32.976157367964504,-14.107416626121676,-9.145212835306653,-4.962203790815023,1131.800421906678,1080.3460266113282,1028.8916313159784,-0.20312486225059176
2023-03-16,1016.1157836914062,1028.9433330363881,1005.2968594074098,1023.921951504309,18363159,1075.6429718017578,1092.846971435547,1065.9399049383408,31.988480163035817,-16.752061052593945,-10.666582478764111,-6.085478573829834,1132.26636587852,1075.6429718017578,1019.0195777249957,-0.07609055707643007
2023-03-17,1014.837646484375,1028.0075129528561,1010.0900587449327,1024.720781814394,34014213,1070.9193756103516,1090.1495324707032,1061.0730231808202,31.731465667106136,-18.73512890121583,-12.280291763254455,-6.454837137961375,1131.1666067433114,1070.9193756103516,1010.6721444773918,-0.09614916224864414
2023-03-20,1004.8632202148438,1013.4225471579439,995.1626537042278,1011.1400680229121,19524589,1065.4653869628905,1087.29369140625,1055.7197086126318,29.72435386115899,-20.870989523190246,-13.998431315241614,-6.872558207948632,1128.8153805711559,1065.4653869628905,1002.1153933546252,-0.061997320722881076
2023-03-21,1036.1102294921875,1038.0732119172073,1012.0528577510236,1012.9430039303461,21400360,1062.1626220703124,1084.854169921875,1053.8521391725897,42.083511482083104,-19.813899646223263,-15.161524981437944,-4.652374664785318,1124.3924674795344,1062.1626220703124,999.9327766610904,0.22480583252570746
2023-03-22,1039.26025390625,1046.0392280531037,1036.2473765076484,1043.0948141638403,10920094,1058.5677124023437,1081.9307666015625,1052.4624358138906,43.1685935206827,-18.508611901651875,-15.830942365480732,-2.677669536171143,1117.2673348352246,1058.5677124023437,999.8680899694627,-0.03674482701470632
2023-03-23,1026.1131591796875,1036.2016854580306,1023.9447859117854,1035.3343603002547,16249370,1055.5753845214845,1079.0950122070312,1049.9529808963473,39.815732031815536,-18.323797300455453,-16.32951335247568,-1.994283947979774,1114.4856959550777,1055.5753845214845,996.6650730878912,-0.0888301981902484
2023-03-24,1005.7989501953125,1027.117362031003,1003.3795441878093,1024.9489888672188,12375945,1051.8275512695313,1076.147412109375,1045.7478351152963,35.25882325636857,-19.59068803273931,-16.981748288528404,-2.608939744210904,1113.3334018527062,1051.8275512695313,990.3217006863565,-0.18469477198243356
2023-03-27,1021.4340209960938,1028.943393312628,1004.383950761555,1012.2813433372775,14054323,1048.4917022705079,1074.0105529785155,1043.4322337706103,40.86827950072757,-19.11276842255461,-17.407952315333645,-1.7048161072209638,1108.984121948971,1048.4917022705079,987.9992825920447,0.09017075748762422
2023-03-28,1026.2044677734375,1030.0846702786253,1021.1829653124684,1024.8349561252708,12576424,1045.7561492919922,1072.0056213378907,1041.791494151832,42.505145182715175,-18.139972193903304,-17.554356291047576,-0.5856159028557286,1105.0729522738766,1045.7561492919922,986.4393463101078,0.013362445582789186
2023-03-29,1020.133056640625,1024.7436572444662,1009.3597140789179,1022.0959186617868,18804065,1043.750991821289,1070.0938146972655,1039.7287858174313,40.951411176199244,-17.6554156698694,-17.574568166811943,-0.08084750305745558,1103.6824080960307,1043.750991821289,983.8195755465474,-0.01920192338889969
2023-03-31,1064.116455078125,1069.7770709600845,1029.2629756900762,1029.3999027039445,28171201,1043.4576934814454,1068.744864501953,1042.0514209851165,54.054225046394336,-13.565928880585034,-16.77284030956656,3.2069114289815275,1102.9283870643549,1043.4576934814454,983.9869998985359,0.32502045525035067
2023-04-03,1064.299072265625,1072.3106311531849,1056.7896998650788,1070.4846960590223,10293043,1043.5809478759766,1067.437003173828,1044.1702449165934,54.099766563453294,-10.192749781366956,-15.45682220392664,5.264072422559684,1103.213469449137,1043.5809478759766,983.9484263028162,-0.05771916742931593
2023-04-05,1061.74267578125,1071.8540232011114,1053.8453439607506,1071.8540232011114,16262928,1042.221731567383,1066.102208251953,1045.8438097608464,53.30326439140659,-7.637718015418386,-13.89300136622499,6.255283350806604,1098.8200045207757,1042.221731567383,985.6234586139901,-0.09405627608469413
2023-04-06,1068.8638916015625,1074.592970502133,1058.2275373074351,1058.2275373074351,18435046,1040.6867584228517,1065.1782580566405,1048.0361985075813,55.27849846910783,-4.980798782750753,-12.110560849530144,7.12976206677939,1092.438942197223,1040.6867584228517,988.9345746484804,0.10017392537516481
2023-04-10,1061.2861328125,1072.9496819536614,1059.779694186431,1072.7671126043012,12961408,1038.5754608154298,1064.2155065917968,1049.2980970128117,52.722843699143176,-3.446899244229826,-10.377828528470081,6.930929284240255,1082.801253393895,1038.5754608154298,994.3496682369645,-0.10661537065319766
2023-04-11,1066.535888671875,1068.6586196822263,1060.9210357303307,1065.4631729553812,10542367,1038.052767944336,1063.4887634277343,1050.939791456532,54.299194308938326,-1.7870612552478633,-8.659675073825637,6.872613818577774,1080.6679476381696,1038.052767944336,995.4375882505024,0.010067729223775605
2023-04-12,1071.2379150390625,1080.8927189104256,1063.660079131172,1066.5359087914262,18179087,1038.599429321289,1063.1610021972656,1052.8729460834397,55.7231892322099,-0.0911625935034408,-6.945972577761198,6.8548099842577574,1082.6003315671624,1038.599429321289,994.5985270754159,0.04405817227857449
2023-04-13,1075.2777099609375,1079.9795947799273,1069.115028980157,1074.1364101327636,12378208,1040.219985961914,1063.326707763672,1055.0067331193918,56.96391633633155,1.5608346719275232,-5.244611127823455,6.805445799750978,1087.0280208188638,1040.219985961914,993.4119511049644,0.010624878458148808
2023-04-17,1080.73291015625,1106.9814803229494,1072.333391852291,1106.9814803229494,17929479,1042.3084564208984,1063.3970056152343,1057.4568452181402,58.649002028428114,3.272519899205463,-3.5411849224176715,6.813704821623134,1092.323343666485,1042.3084564208984,992.2935691753119,-0.23277213799206214
2023-04-18,1068.3619384765625,1085.0925121063174,1061.8111761257844,1085.0925121063174,10405576,1044.6662689208983,1063.2737536621094,1058.495425528466,53.53022599465859,3.5894320099555443,-2.1150615359430285,5.704493545898573,1094.9250318335544,1044.6662689208983,994.4075060082423,-0.15297536628129113
2023-04-19,1073.68017578125,1076.373436165099,1064.6415432193398,1067.7685265934954,12273475,1047.5444885253905,1063.3842272949219,1059.9415922192075,55.334994389360645,4.221066616644293,-0.8478359054255642,5.068902522069857,1097.5259048122084,1047.5444885253905,997.5630722385727,0.055308020877568094
2023-04-20,1070.9637451171875,1076.875393044396,1064.5956738732273,1074.638556551585,7007330,1050.3507934570312,1063.558604736328,1060.991321066634,54.17758720968048,4.451138388094705,0.21195895327848968,4.239179434816215,1098.9551697740058,1050.3507934570312,1001.7464171400566,-0.03418246720172427
2023-04-21,1072.310546875,1077.7884724738815,1066.5586465106753,1073.0637661728558,7647317,1053.723159790039,1063.7412048339843,1062.0693425721927,54.68368059909534,4.6881060029529635,1.1071883632133845,3.580917639739579,1098.4391107311628,1053.723159790039,1009.0072088489153,-0.0070192187194130845
2023-04-24,1076.4190673828125,1086.8727319946267,1071.8539885727766,1084.1794719407253,12936186,1055.7386016845703,1064.1662048339845,1063.435983030347,56.27038079283074,5.148083906921329,1.9153674719549736,3.2327164349663553,1100.730223415784,1055.7386016845703,1010.7469799533567,-0.07145660287560292
2023-04-25,1084.6588134765625,1086.7359021827194,1072.995384428631,1080.0710338352167,9236126,1058.008529663086,1064.806668701172,1065.4572049776057,59.344841570273125,6.107099515436175,2.7537138806512145,3.353385634784961,1104.015097398705,1058.008529663086,1012.0019619274669,0.04245111938598545
2023-04-26,1078.290771484375,1089.2467445727555,1074.6159592843226,1086.005534613959,8617834,1060.6174102783202,1064.8993395996094,1066.6794494068217,56.064222266976785,6.280876491215395,3.4591464027640506,2.821730088451344,1104.9816997188007,1060.6174102783202,1016.2531208378398,-0.07091871802144871
2023-04-27,1085.1153564453125,1088.2879820525134,1079.158065119624,1084.1795677314856,9167125,1064.5832305908202,1065.0910681152343,1068.4352500771543,58.69925352850989,6.889860939308392,4.1452893100729185,2.744571629235473,1102.3230824010789,1064.5832305908202,1026.8433787805616,0.008631093075203265
2023-04-28,1104.9500732421875,1106.5022750107378,1087.2608896802224,1087.374995527852,15565210,1068.759033203125,1065.856612548828,1071.912852283348,65.22675674683765,8.870725183698369,5.090376484798009,3.78034869890036,1104.9263201380152,1068.759033203125,1032.5917462682348,0.16023559352931888
2023-05-02,1114.3310546875,1116.4994278601828,1108.4194062766874,1112.1170391794083,12981805,1073.1653625488282,1066.9312048339843,1075.9526810837435,67.81745335895772,11.069933864442419,6.2862879607268916,4.783645903715527,1108.9926330515057,1073.1653625488282,1037.3380920461507,0.01990548638857895
2023-05-03,1104.7674560546875,1116.1342091904096,1101.549188303151,1116.1342091904096,7061872,1077.3970825195313,1067.314659423828,1078.6969453666907,62.68971997351594,11.903899363098162,7.409810241201146,4.494089121897016,1106.538408241478,1077.3970825195313,1048.2557567975846,-0.10148975604274303
2023-05-04,1117.503662109375,1119.717677582049,1102.2567073883076,1105.2467632974385,8635233,1080.0664428710938,1067.4611950683593,1082.3928231517082,66.33981276443271,13.437627808138359,8.615373754588589,4.82225405354977,1113.340268294667,1080.0664428710938,1046.7926174475206,0.1104450074360894
2023-05-05,1114.650634765625,1123.5979821409157,1112.0258380416835,1114.3083172243437,8746585,1082.5840209960938,1067.5680163574218,1085.4649956863668,64.81024197908206,14.258539618761006,9.744006927423072,4.514532691337934,1118.2391178336293,1082.5840209960938,1046.9289241585584,0.003072008519934989
2023-05-08,1128.4139404296875,1133.7777597410543,1115.7461404298203,1118.4165791288924,9153782,1085.9175842285156,1067.8574353027343,1089.555371376207,68.57449732849594,15.837141180128128,10.962633777964083,4.8745074021640455,1125.4149173559672,1085.9175842285156,1046.420251101064,0.08915120699166453
2023-05-09,1131.9061279296875,1135.2158009724574,1124.4652198090143,1129.8290394334551,6464721,1089.0696960449218,1068.4522473144532,1093.5887767622528,69.46696452045667,17.172036093676525,12.204514241106573,4.967521852569952,1132.4876604430415,1089.0696960449218,1045.651731646802,0.018382024660991765
2023-05-10,1139.6895751953125,1141.173192717246,1132.659447469911,1136.6766978121202,10872255,1092.9898681640625,1069.0228698730468,1097.9793289939728,71.41546398616237,18.64310298908572,13.492231990702404,5.150870998383315,1139.6989442688591,1092.9898681640625,1046.2807920592659,0.02649981302901631
2023-05-11,1132.2486572265625,1145.578272899187,1130.536707274967,1140.7622816578707,10557860,1096.2755065917968,1069.9486486816406,1101.2430745399338,67.01268827561252,18.98961376161037,14.591708344884,4.397905416726372,1144.3051225447546,1096.2755065917968,1048.245890638839,-0.07449276104886844
2023-05-12,1134.0972900390625,1135.4896227195354,1121.3838473257679,1127.455243721531,6955341,1099.418475341797,1071.0154821777344,1104.3720474446127,67.54797312411793,19.192159989951733,15.511798673897546,3.680361316054187,1148.6937456181615,1099.418475341797,1050.1432050654323,0.058843781461426006
2023-05-15,1136.3341064453125,1143.3184701435996,1128.984483334697,1136.6309023578756,6833343,1102.4712951660156,1071.9791442871094,1107.4160530637268,68.2199539994807,19.310571477726853,16.271553234663408,3.0390182430634454,1152.9368366632752,1102.4712951660156,1052.005753668756,-0.0026111839595433263
2023-05-16,1120.1514892578125,1141.0589403639667,1118.485181669263,1138.5026071786638,8717229,1104.4422241210937,1072.7638635253907,1108.6289517488779,58.74289589656878,17.892359489058208,16.59571448554237,1.2966450035158381,1154.4346136507604,1104.4422241210937,1054.449834591427,-0.1598048616307826
2023-05-17,1113.5322265625,1125.2641183192468,1108.830341392445,1124.3511508366894,8798967,1106.7007385253905,1073.8297839355469,1109.095930302556,55.355481760384045,16.04929085569961,16.486429759573817,-0.4371389038742066,1153.9765641455426,1106.7007385253905,1059.4249129052384,-0.09592783049396893
2023-05-18,1111.1357421875,1121.6123498838558,1107.9858169299096,1118.21139175125,10525531,1108.5735168457031,1074.652850341797,1109.290198101122,54.13826768351526,14.231220769954916,16.035387961650038,-1.8041671916951216,1153.3712492908564,1108.5735168457031,1063.7757844005498,-0.06319217710958043
2023-05-19,1114.7418212890625,1116.5678769225615,1104.1967514891073,1111.1355938507186,8050447,1110.7624206542969,1075.7110070800782,1109.8094003094973,55.71622867033087,12.93229216079294,15.414768801478619,-2.482476640685679,1152.143361227723,1110.7624206542969,1069.3814800808707,0.032443941016194966
2023-05-22,1120.69921875,1125.7207212869755,1110.3596592183865,1111.5693019532657,7434906,1113.1818542480469,1076.3464514160157,1110.8465258752594,58.27065501491641,12.242470487697574,14.78030913872241,-2.5378386510248365,1150.771830025298,1113.1818542480469,1075.5918784707958,0.0819511767778603
2023-05-23,1120.49365234375,1126.6335119735163,1119.0784985578177,1123.2783175836105,6092034,1115.3855834960937,1076.7650573730468,1111.7652998246394,58.14601743430608,11.546098118959662,14.133466934769862,-2.5873688158101995,1149.0600926565592,1115.3855834960937,1081.7110743356282,-0.02478544167903979
2023-05-24,1113.9658203125,1124.8076864197674,1110.861658447196,1116.545095308795,8112254,1116.8509338378906,1076.974132080078,1111.9748732044357,54.18267953953221,10.348189028492925,13.376411353514476,-3.0282223250215505,1147.4607333640934,1116.8509338378906,1086.2411343116878,-0.023096391803039608
2023-05-25,1113.8289794921875,1117.9603357408223,1102.9187697829475,1111.0672556833676,11487863,1118.6278442382813,1077.7109167480469,1112.15145475565,54.0994331854689,9.28081210837604,12.55729150448679,-3.2764793961107497,1143.7033183557903,1118.6278442382813,1093.5523701207724,0.024851377470424697
2023-05-26,1144.2088623046875,1145.3500415058625,1118.7591533794464,1122.0687058844728,12626260,1121.58251953125,1079.3890002441406,1115.2045411888917,66.4305845894068,10.762250334257487,12.198283270440928,-1.436032936183441,1143.9458669398634,1121.58251953125,1099.2191721226366,0.19479405295346497
2023-05-29,1150.6453857421875,1154.9364899661489,1144.5283465169668,1150.8279550929283,10010304,1123.86728515625,1081.5445764160156,1118.579859717777,68.36942731153859,12.313729442606018,12.221372504873946,0.0923569377320721,1148.2156131489662,1123.86728515625,1099.518957163534,-0.001586416082215621
2023-05-30,1150.3486328125,1158.451475420254,1147.7921790871794,1150.645307987406,11342504,1125.6681640625,1083.7722790527343,1121.6054571553695,68.17392789619292,13.365275753130618,12.450153154525282,0.9151225986053362,1152.1621791060638,1125.6681640625,1099.174149018936,-0.002578331614735853
2023-05-31,1127.5009765625,1145.7381091276332,1123.4382047768395,1141.2416143873527,27107927,1126.8048400878906,1085.898184814453,1122.166935194144,55.10826173347749,12.214220930856527,12.402966709791531,-0.18874577893500444,1151.5044073891263,1126.8048400878906,1102.105272786655,-0.1198223413482307
2023-06-01,1124.4652099609375,1134.3484659204855,1122.068625138698,1132.1800927726736,14592692,1127.1529174804687,1088.0651733398438,1122.3858185052673,53.63733237289092,10.931034535720983,12.108580274977422,-1.1775457392564395,1151.5122357150162,1127.1529174804687,1102.793599245921,-0.06803656180063584
2023-06-02,1120.7904052734375,1133.412563645759,1118.8731857024297,1128.003101699598,15800644,1127.4599060058595,1090.184228515625,1122.23387438795,51.833740695696804,9.507972062629506,11.58845863250784,-2.0804865698783335,1151.3311086302272,1127.4599060058595,1103.5887033814918,-0.06385516599505696
2023-06-05,1130.856201171875,1133.8234358683376,1122.2739934203582,1126.2684221252366,10908682,1127.5820190429688,1092.7040881347657,1123.0550483673715,56.180239765011656,9.08765359198992,11.088297624404255,-2.0006440324143355,1151.496441390014,1127.5820190429688,1103.6675966959235,0.040711815770229684
2023-06-06,1131.81494140625,1135.626680467698,1123.8947880782737,1133.6866395560062,7493309,1127.577459716797,1094.618182373047,1123.8893238948838,56.58212564309628,8.731261947456233,10.61689048901465,-1.8856285415584182,1151.4886172767503,1127.577459716797,1103.6663021568436,-0.016508336993657276
2023-06-07,1140.3970947265625,1141.241598708449,1128.7335456658939,1135.3071289198083,10312545,1127.6128356933593,1096.6409191894531,1125.4614925455198,60.10898271127342,9.037152383160219,10.300942867843766,-1.2637904846835468,1151.5975472843247,1127.6128356933593,1103.628124102394,0.044803367170865194
2023-06-08,1141.081787109375,1148.9335976883083,1137.133121023714,1143.9805586437908,12071109,1128.0544921875,1098.9402917480468,1126.9491396468395,60.38545896835749,9.228441975766373,10.086442689428287,-0.8580007136619141,1152.681114173846,1128.0544921875,1103.427870201154,-0.02533392071397239
2023-06-09,1133.0018310546875,1145.1446246797914,1131.1985964976163,1144.4370477074842,5877018,1127.9997192382812,1101.4843493652343,1127.5255864475869,55.49722294496996,8.628590410331526,9.794872233608935,-1.1662818232774086,1152.5771613621657,1127.9997192382812,1103.4222771143966,-0.09958880315611322
2023-06-12,1134.006103515625,1136.311403822295,1125.2641468372988,1130.0574375493186,6391969,1127.883319091797,1103.735791015625,1128.1427785493047,55.97426172034278,8.14040262335243,9.463978311557634,-1.3235756882052048,1152.3234376220041,1127.883319091797,1103.4432005615897,0.03492795650410256
2023-06-13,1150.759521484375,1151.946463788879,1134.9647365494955,1138.9591656822827,11248016,1129.413720703125,1106.2268920898437,1130.2967540669304,63.08350783576891,9.001606188059895,9.371503886858086,-0.3698976987981908,1155.5031585289512,1129.413720703125,1103.3242828772986,0.10323735736905078
2023-06-14,1164.910888671875,1166.3488637759137,1149.0019986007082,1150.827933567815,13277380,1131.9826538085938,1109.1224487304687,1133.5933383150204,67.81169509184267,10.702639911115057,9.637731091709481,1.0649088194055754,1161.2371664929433,1131.9826538085938,1102.7281411242443,0.12176517294510858
2023-06-15,1165.2303466796875,1169.7953042210922,1157.4470010964749,1164.8879084532837,11813494,1134.6873840332032,1111.1447265625,1136.606386730703,67.91160815084025,11.938875063292926,10.097959886026171,1.840915177266755,1165.6829856803674,1134.6873840332032,1103.691782386039,0.0029396582925523954
2023-06-16,1176.574462890625,1178.856942021871,1168.72265257123,1168.72265257123,24171579,1137.7790161132812,1113.390234375,1140.412870174505,71.31646174998286,13.676323554751662,10.813632619771269,2.8626909349803924,1172.330932792402,1137.7790161132812,1103.2270994341602,0.06708194159151958
2023-06-19,1164.8880615234375,1179.5873088461865,1160.7111839901809,1179.5873088461865,6798554,1139.988458251953,1115.4531420898438,1142.7438407791653,63.805378208791424,13.9494682916486,11.440799754146736,2.5086685375018636,1175.5263898316075,1139.988458251953,1104.4505266722986,-0.12397243526445001
2023-06-20,1167.3074951171875,1170.457299404325,1157.2189687814275,1162.9480481347903,6921096,1142.329150390625,1117.4220141601563,1145.0832364304056,64.63579158745648,14.197505528415377,11.992140909000465,2.2053646194149117,1178.5822286844357,1142.329150390625,1106.0760720968144,0.037468622545790406
2023-06-21,1170.5943603515625,1173.1278723617306,1163.1534517577868,1167.2618659292657,6961603,1145.160577392578,1119.6081787109374,1147.5128672800395,65.78428571755917,14.492241837702295,12.492161094740831,2.0000807429614635,1180.953125367131,1145.160577392578,1109.3680294180251,0.028541918432273224
2023-06-22,1157.4471435546875,1174.702723824018,1155.8494202932393,1166.8053921892115,7619166,1147.341485595703,1121.4264038085937,1148.458988830006,57.71084139253386,13.509226018302115,12.695574079453088,0.8136519388490271,1180.4464577956865,1147.341485595703,1114.2365133957196,-0.0800324884687327
2023-06-23,1147.974853515625,1156.4884770186727,1146.7194478373872,1154.434209748897,6628570,1147.52978515625,1122.961142578125,1148.4128807048269,52.69322645799074,11.829481358752446,12.522355535312961,-0.6928741765605153,1180.6041698475997,1147.52978515625,1114.4554004649003,-0.05589425418588719
2023-06-26,1139.210205078125,1148.2716583591261,1136.0832218598148,1144.437098137329,12641159,1146.958026123047,1124.2397924804689,1147.5364354070457,48.4920166989258,9.679458956868757,11.953776219624121,-2.274317262755364,1180.192179915136,1146.958026123047,1113.7238723309579,-0.04564044416296112
2023-06-27,1139.62109375,1145.578264166708,1135.1474200849475,1139.666736088607,9689466,1146.421649169922,1125.4175561523436,1146.78259334447,48.69851849425957,7.917438690392828,11.146508713777862,-3.2290700233850345,1179.7656898656396,1146.421649169922,1113.0776084742042,-0.00040048844738074265
2023-06-28,1154.708251953125,1158.519990797568,1140.2600374666351,1147.1760589375283,11354006,1147.7820129394531,1127.144482421875,1147.5374179738656,55.71855024396329,7.650245247786188,10.447256020579529,-2.7970107727933406,1180.1325597405464,1147.7820129394531,1115.4314661383598,0.06556437183880479
2023-06-30,1164.1805419921875,1167.1021346662303,1156.511421596289,1162.423070452648,11151555,1149.7677795410157,1128.9544897460937,1149.1224774041818,59.468568155709214,8.1093476505946,9.979674346582543,-1.8703266959879432,1181.0060972475937,1149.7677795410157,1118.5294618344376,0.015117883374603477
2023-07-03,1194.0582275390625,1196.9341777415286,1166.5086096788432,1167.741194264735,12154387,1153.431170654297,1131.4163793945313,1153.4020726551228,68.52332850790094,10.760034161940666,10.135746309654168,0.6242878522864981,1187.2917948101883,1153.431170654297,1119.5705464984055,0.2216274721491941
2023-07-04,1181.7557373046875,1198.3037415268395,1174.6799673322103,1198.3037415268395,8061643,1155.9761474609375,1133.605283203125,1156.102421669367,62.34698772997263,11.732766148863675,10.45515027749607,1.2776158713676047,1190.315113755822,1155.9761474609375,1121.6371811660529,-0.13722404550892467
2023-07-05,1179.8155517578125,1190.9997357239995,1175.8440646341217,1190.9997357239995,10248062,1158.3761779785157,1135.673212890625,1158.3608150111236,61.40695008321872,12.206398731472746,10.805399968291406,1.4009987631813399,1192.33254239084,1158.3761779785157,1124.4198135661914,-0.0936307875387246
2023-07-06,1204.5804443359375,1207.1824197013011,1175.958111582341,1175.958111582341,19117987,1161.5853454589844,1138.0716455078125,1162.7626844706297,68.0324289998094,14.413921117453128,11.527104198123752,2.8868169193293767,1199.9800979577462,1161.5853454589844,1123.1905929602226,0.23870069903384064
2023-07-07,1202.2294921875,1216.5406584496827,1199.6730384312104,1202.8686056265724,13375267,1164.6427307128906,1140.550419921875,1166.5214280627126,66.85899134598307,15.791659896708325,12.380015337840668,3.411644558867657,1205.6680491484206,1164.6427307128906,1123.6174122773607,-0.005313193992873937
2023-07-10,1248.541015625,1258.1046546175523,1221.1284462814795,1227.4736968882496,33240016,1170.4196899414062,1143.8189331054687,1174.3328173543591,75.73704397685333,20.38548947208824,13.981110164690183,6.404379307398056,1222.928154564051,1170.4196899414062,1117.9112253187614,0.1699658806536695
2023-07-11,1262.076171875,1264.4955779542368,1249.705166712445,1256.6895309307056,20069348,1176.823193359375,1146.961455078125,1182.689327308706,77.62372577010483,24.832057991578495,16.151299730067844,8.68075826151065,1240.1328428114364,1176.823193359375,1113.5135439073135,0.04283750501693274
2023-07-12,1263.468505859375,1279.103541836806,1260.683840337917,1262.806571231475,18733835,1182.458642578125,1149.9442041015625,1190.3825824087696,77.81483534092052,28.143919707977602,18.549823725649798,9.594095982327804,1254.8927339956163,1182.458642578125,1110.0245511606336,0.0052417256970745075
2023-07-13,1252.170166015625,1277.7339788902639,1249.545369524751,1270.8408996155135,14682934,1186.8216064453125,1152.8922583007814,1196.2671141808512,72.41038638029741,29.516662663968418,20.743191513313523,8.773471150654895,1264.8017984892958,1186.8216064453125,1108.841414401329,-0.14586838550539666
2023-07-14,1251.1202392578125,1260.3414396091937,1243.9988277461352,1255.365580017741,15124144,1191.1161010742187,1155.56458984375,1201.4912213310379,71.91056963795225,30.172046461754462,22.628962503001713,7.543083958752749,1273.2182688373402,1191.1161010742187,1109.0139333110972,-0.03380467972293812
2023-07-17,1276.6842041015625,1285.060901535764,1245.3228457945552,1253.9963391795925,22220040,1196.1215881347657,1158.8052612304687,1208.6524577853734,76.21543051384876,32.38097345368942,24.579364693139254,7.801608760550167,1285.9137623565634,1196.1215881347657,1106.329413912968,0.17897589319128623
2023-07-18,1287.5257568359375,1295.2861607810748,1274.9948839462775,1285.9508548808042,25867313,1202.2534729003905,1161.9874975585938,1216.164200552094,77.77131690161809,34.607453526424024,26.58498245979621,8.022471066627816,1299.145538017388,1202.2534729003905,1105.3614077833931,0.012246371739305924
2023-07-19,1297.2950439453125,1303.754521961654,1276.8211937050912,1291.885581272737,39122156,1208.7528503417968,1165.2952758789063,1223.8909475419243,79.09817035819894,36.736776161634225,28.61534120016381,8.121434961470413,1312.5865656120577,1208.7528503417968,1104.919135071536,0.04184815952562899
2023-07-20,1295.7237548828125,1301.2135132047797,1276.0147195399904,1276.0147195399904,38717624,1215.0093200683593,1168.4159594726561,1230.7321672886758,78.2887272014112,37.86105116529916,30.464483193190883,7.396567972108276,1323.8506741059566,1215.0093200683593,1106.167966030762,0.15324104289277252
2023-07-21,1255.613525390625,1293.2757006107088,1248.1206953399467,1290.357730278342,30249238,1219.9176391601563,1170.8832568359376,1233.1018204412424,61.09996441919592,35.11075200736559,31.393736956025826,3.7170150513397644,1326.7686261863994,1219.9176391601563,1113.0666521339133,-0.2629363652846979
2023-07-24,1230.2166748046875,1243.8423605772516,1221.2648606691866,1227.0514151401742,23727866,1224.0297302246095,1172.80564453125,1232.8270446663325,53.14374197422877,30.529877098911356,31.220964984602933,-0.6910878856915765,1325.6936736980722,1224.0297302246095,1122.3657867511467,0.025789936272664543
2023-07-25,1229.425537109375,1239.0203294862108,1226.5569523456327,1233.4810641733905,12026020,1228.5404968261719,1174.6674731445312,1232.5030915656698,52.91259833570005,26.52984301432639,30.282740590547625,-3.752897576221237,1322.4613247527445,1228.5404968261719,1134.6196688995992,-0.03286687131680606
2023-07-26,1249.4063720703125,1259.6936470475673,1229.029726310642,1229.029726310642,12911012,1234.0297607421876,1177.2525708007813,1234.1129278042072,57.893676691594166,24.68749154306738,29.163690781051578,-4.476199237984197,1318.919917688152,1234.0297607421876,1149.1396037962231,0.16429197960438507
2023-07-27,1237.7838134765625,1255.06933898356,1231.6758304667376,1253.2889256301971,17226898,1238.1835388183595,1179.7376025390624,1234.4625359634792,54.29571139529194,22.03555917442486,27.738064459726235,-5.702505285301374,1314.8761818042285,1238.1835388183595,1161.4908958324904,-0.12308804993252351
2023-07-28,1250.2225341796875,1257.6412248805652,1236.7204929547063,1242.4081558253793,20827852,1242.4856384277343,1182.5193383789062,1235.9634881745467,57.350613399542375,20.69897952090082,26.330247471961155,-5.631267951060334,1311.3436664126627,1242.4856384277343,1173.627610442806,0.06281422045346323
2023-07-31,1260.8065185546875,1263.1062644351005,1245.3261593927457,1250.222567835286,8551174,1245.8230529785155,1185.4406323242188,1238.3294910678935,59.812080367678156,20.26022236904123,25.11624245137717,-4.856020082335938,1311.3590185171975,1245.8230529785155,1180.2870874398336,0.0844548735787559
2023-08-01,1242.9769287109375,1265.6286894674379,1239.0697997346808,1263.6503718598296,9536632,1248.8841125488282,1187.8861865234376,1238.7721041767547,54.14314450250375,18.26327757741001,23.74564947658374,-5.482371899173732,1307.5200941084015,1248.8841125488282,1190.2481309892548,-0.16215682459053973
2023-08-02,1229.697509765625,1242.383422770223,1218.4458286875906,1240.9985763343113,12748214,1251.3782104492188,1190.070263671875,1237.9078570899806,50.317913533752105,15.431264305395871,22.082772442346165,-6.651508136950294,1301.7054214133818,1251.3782104492188,1201.0509994850559,-0.09081340824173306
2023-08-03,1224.5291748046875,1236.8936606795558,1215.7010043381908,1224.23249959185,10168350,1252.3756469726563,1192.2815307617188,1236.6336968723335,48.87074402784504,12.62430679561885,20.191079313000706,-7.566772517381857,1299.6516092085305,1252.3756469726563,1205.0996847367821,0.0024233520363199815
2023-08-04,1241.1717529296875,1244.3617658987635,1222.4024889169664,1235.8550243989196,22885610,1254.3227600097657,1194.8283862304688,1237.0658926873195,53.507694878560436,11.608869887154242,18.474637427831414,-6.865767540677172,1296.0603891830733,1254.3227600097657,1212.5851308364581,0.04299412817303127
2023-08-07,1248.2442626953125,1250.4945023600335,1238.92139273861,1246.8346631113916,5982870,1254.3079223632812,1196.9090942382813,1238.1304993547474,55.3604599945853,11.24519365940796,17.028748674146723,-5.783555014738763,1296.0539727235216,1254.3079223632812,1212.561872003041,0.01130494342043954
2023-08-08,1240.7264404296875,1253.486611833248,1236.2258407843067,1250.2965991690858,9844072,1253.2404357910157,1198.7107153320312,1238.3777318380749,52.94517248773756,10.232399469364509,15.669478833190281,-5.437079363825772,1295.2284912420496,1253.2404357910157,1211.2523803399818,-0.07639397251716915
2023-08-09,1248.9119873046875,1250.7914133404697,1227.1011062817865,1238.8473680717575,11486586,1252.5126098632813,1200.681982421875,1239.3809942634666,55.235227202142035,9.975269305149368,14.5306369275821,-4.5553676224327315,1294.2702712924115,1252.5126098632813,1210.7549484341512,0.08106353421934989
2023-08-10,1254.475830078125,1261.177404750792,1240.6276075945868,1248.788167272386,15470598,1252.6278930664062,1203.2214794921874,1240.8185976743864,56.775109091486655,10.10397507516791,13.645304557099262,-3.5413294819313528,1294.3938663021254,1252.6278930664062,1210.861919830687,0.045513990342461036
2023-08-11,1259.767822265625,1265.5544976220099,1242.5565564009414,1252.4975295128647,22179330,1253.0602722167969,1205.9275317382812,1242.6232857306948,58.24631959931012,10.511821137003608,13.018607873080132,-2.506786736076524,1294.933770126581,1253.0602722167969,1211.1867743070127,0.05798125833460544
2023-08-14,1274.6546630859375,1277.1523130180672,1248.8128913733601,1255.737002454242,9575812,1252.9587951660155,1209.0048168945314,1245.6738930978609,62.14918994582227,11.899120069840137,12.794710312432134,-0.8955902425919966,1294.6120561271455,1252.9587951660155,1211.3055342048856,0.1495204288728901
2023-08-16,1273.6160888671875,1277.3996937112483,1261.672044700447,1261.672044700447,10203112,1252.2633117675782,1211.8600146484375,1248.3350545997016,61.71577367045414,12.767583454813348,12.789284940908377,-0.02170148609502931,1292.0053442880635,1252.2633117675782,1212.521279247093,0.09438657551357951
2023-08-17,1255.2425537109375,1275.0752365265755,1252.695518025622,1269.6348629683328,13673744,1250.1606872558593,1214.3285668945311,1248.9929116579144,54.47762087558714,11.836808847045404,12.598789722135784,-0.76198087509038,1284.18933438495,1250.1606872558593,1216.1320401267687,-0.11287479433212333
2023-08-18,1264.5406494140625,1274.827925208279,1240.6771930744892,1251.9041214413387,18639978,1248.6015319824219,1216.8114379882813,1250.4736485870712,57.21247819186858,11.714405505629884,12.421912878834606,-0.7075073732047219,1276.4292699571122,1248.6015319824219,1220.7737940077316,0.10059704952589554
2023-08-21,1250.74267578125,1268.3374245054665,1248.5836072167706,1260.6443643964944,9221746,1248.3579895019532,1219.0046557617188,1250.4992702246122,52.200698013593005,10.384314899844867,12.014393283036659,-1.6300783831917922,1276.0207630084358,1248.3579895019532,1220.6952159954706,-0.07838353918798606
2023-08-22,1250.44482421875,1259.6517042081298,1240.319812990251,1249.204008079304,7713044,1249.3693969726562,1221.353515625,1250.4940848907206,52.094610735476195,9.200121110841337,11.451538848597595,-2.251417737756258,1275.7547484734755,1249.3693969726562,1222.984045471837,0.009932527642125273
2023-08-23,1251.8345947265625,1262.0838090060652,1249.2288807667073,1252.8272476636503,9517952,1250.4898498535156,1223.7100854492187,1250.6217524941342,52.57887976742802,8.278354153004784,10.816901909479034,-2.53854775647425,1275.2452340341906,1250.4898498535156,1225.7344656728405,-0.00792313678494484
2023-08-24,1230.7904052734375,1260.6195534341234,1226.4227081001463,1260.6195534341234,14140020,1249.5590515136719,1225.310703125,1248.7330527588297,45.13808612876004,5.783093085470455,9.81014014467732,-4.027047059206865,1275.7648207690547,1249.5590515136719,1223.353282258289,-0.23230343120004449
2023-08-25,1225.1075439453125,1243.2978613921046,1212.3271367872899,1218.9778633049934,22222400,1248.9252380371095,1226.5146362304688,1246.4830043003997,43.353838904724824,3.30887860370035,8.509887836481926,-5.201009232781576,1276.799589374514,1248.9252380371095,1221.050886699705,0.05024307245328066
2023-08-28,1212.8978271484375,1232.8749678308823,1206.6193456890517,1226.9190501118926,12580826,1247.0590026855468,1227.4679858398438,1243.2844160002128,39.72092996604271,0.35868895351768515,6.879648059889078,-6.520959106371393,1279.0325291808101,1247.0590026855468,1215.0854761902835,-0.11378502552422926
2023-08-29,1201.2838134765625,1217.7121468384466,1195.2285336373561,1217.0173382536789,16876644,1244.0828674316406,1227.9621728515624,1239.284358617008,36.580840259481555,-2.883274842570245,4.927063479397214,-7.810338321967459,1281.071401104312,1244.0828674316406,1207.0943337589692,-0.12856394095647714
2023-08-30,1200.1422119140625,1212.5255327642963,1198.628391987628,1207.0659417448908,12168946,1241.9411315917969,1228.667255859375,1235.5565351214893,36.2772596519256,-5.481485065658035,2.845353770386164,-8.3268388360442,1283.6030460340758,1241.9411315917969,1200.279217149518,-0.0572971712444498
2023-08-31,1194.65771484375,1203.5915905675504,1191.133748727762,1202.5989377093504,21638600,1240.189141845703,1229.2142602539063,1231.6614093807523,34.7837643305333,-7.892162527353776,0.6978505108381761,-8.590013038191952,1286.4557635886347,1240.189141845703,1193.9225201027714,-0.06593802996262041
2023-09-01,1197.4619140625,1203.9141576589248,1192.0023233270636,1194.4343955405523,18112842,1238.8357788085937,1229.751611328125,1228.4043145885378,36.22936022307256,-9.467233962487398,-1.335166383826939,-8.13206757866046,1288.3266891530707,1238.8357788085937,1189.3448684641166,0.025341453178830266
2023-09-04,1196.494140625,1202.921543874001,1193.8140262826475,1197.4619529612135,9347626,1236.6018981933594,1230.5325512695313,1225.3652504015342,35.933328574282584,-10.670576882891737,-3.202248483639899,-7.468328399251838,1289.3926248989824,1236.6018981933594,1183.8111714877364,-0.008082020988263862
2023-09-05,1202.8968505859375,1208.033756715794,1197.3627378820318,1201.1100268699734,8675876,1234.3345275878905,1231.6309912109375,1223.2254028000489,39.457926525797205,-10.981007414724445,-4.758000269856808,-6.223007144867637,1288.7991405477019,1234.3345275878905,1179.8699146280792,0.014875339266590496
2023-09-06,1205.4281005859375,1209.125708635972,1199.745186611218,1201.6560920331103,8200370,1232.5696105957031,1232.9553491210938,1221.5304216368002,40.843519418519655,-10.897159456305872,-5.985832107146621,-4.911327349159251,1288.362794152059,1232.5696105957031,1176.7764270393473,0.03137977800472256
2023-09-07,1207.06591796875,1210.1679582595825,1196.6430625915527,1201.9537313347682,13652572,1230.4773071289062,1234.3042456054689,1220.1528498588907,41.77211053386428,-10.576630359129013,-6.9039917575431,-3.6726386015859127,1286.7981861027547,1230.4773071289062,1174.1564281550577,0.04250667963283192
2023-09-08,1215.1064453125,1218.9778160313297,1202.5742018862823,1211.0365924741222,23109288,1228.508837890625,1235.5122094726562,1219.6722399020916,46.23414093892865,-9.563562584812644,-7.435905922997009,-2.127656661815635,1284.0840912113758,1228.508837890625,1172.9335845698743,0.033593711444110004
2023-09-11,1228.20947265625,1229.326207160582,1216.9924464989115,1216.9924464989115,13271074,1226.9309204101562,1236.7927880859374,1220.485309688202,52.60768765013287,-7.615606305891561,-7.47184599957592,-0.14376030631564074,1280.6267544240009,1226.9309204101562,1173.2350863963115,0.0919099349020026
2023-09-12,1210.4659423828125,1232.3787090583842,1209.0265228175713,1232.3787090583842,16255666,1223.721484375,1237.1209423828125,1219.531084230546,44.85368750686045,-7.418080510248728,-7.461092901710482,0.04301239146175373,1273.1254179135217,1223.721484375,1174.3175508364784,-0.17595824377917202
2023-09-13,1216.52099609375,1222.2783103355039,1204.2120756300537,1211.0365644667,12803338,1220.8667297363281,1237.8162475585937,1219.2444091698987,47.68733664282277,-6.695763075066225,-7.308026936381631,0.6122638613154061,1264.6916683866207,1220.8667297363281,1177.0417910860356,0.04525615067419648
2023-09-14,1217.6376953125,1223.8417758931353,1213.5181615722684,1220.9630582690309,9209636,1218.9864868164063,1238.5726904296876,1219.0913888025275,48.215817929780236,-5.9644584451505125,-7.039313238135407,1.0748547929848948,1259.8793941699516,1218.9864868164063,1178.093579462861,-0.027228841630855923
2023-09-15,1219.8961181640625,1224.9337835939812,1215.7517434819517,1224.9337835939812,25468592,1216.7542602539063,1238.87900390625,1219.1680296941024,49.33068112727111,-5.143368852982121,-6.66012436110475,1.5167555081226292,1251.9313503831836,1216.7542602539063,1181.577170124629,-0.04110285197591154
2023-09-18,1209.274658203125,1216.4962329024152,1207.0908701058952,1211.061482045193,7516300,1214.680859375,1239.0199072265625,1218.2258038378188,44.4805019982341,-5.288747102691559,-6.385848909422113,1.0971018067305538,1246.3096139584552,1214.680859375,1183.0521047915447,-0.014753125453632637
2023-09-20,1182.323974609375,1204.8821081322808,1168.8487603007638,1202.623798606989,57081884,1211.2748168945313,1237.69556640625,1214.8065820065385,35.060875623266796,-7.492288900082713,-6.607136907554233,-0.8851519925284794,1241.4004700337348,1211.2748168945313,1181.149163755328,-0.1672110691215895
2023-09-21,1173.712890625,1186.2699748730859,1171.3304992731428,1178.750555955457,12226182,1207.3687316894532,1235.92830078125,1210.8928971130588,32.67958065113109,-9.820252405053225,-7.249760007054032,-2.5704923979991925,1235.6474430463213,1207.3687316894532,1179.090020332585,-0.04271133090860237
2023-09-22,1168.8240966796875,1182.47307577697,1166.3673046768697,1179.2717940052096,19176786,1204.2704162597656,1234.0354125976562,1206.886344690833,31.37663761223868,-11.922232988288215,-8.184254603300868,-3.737978384987347,1235.071554240528,1204.2704162597656,1173.4692782790032,-0.08836341485942763
2023-09-25,1161.6273193359375,1171.6779308453931,1158.9720452955405,1166.5657437194718,14254884,1201.0964050292969,1232.2245556640626,1202.5759613237,29.511296502660713,-14.007319865956106,-9.348867655831917,-4.658452210124189,1235.524043297985,1201.0964050292969,1166.6687667606088,-0.04230774390014148
2023-09-26,1162.6446533203125,1166.4663425671888,1159.2200494490667,1160.684188171601,10087782,1198.5837463378907,1230.4550439453126,1198.7729796090916,30.143517250796407,-15.400152516475828,-10.5591246279607,-4.8410278885151286,1236.3707969115023,1198.5837463378907,1160.796695764279,0.016888993188064947
2023-09-27,1175.7476806640625,1177.1871000752483,1160.6594050312615,1163.1410372849095,11722778,1197.3069396972655,1228.4363134765624,1196.5800939952794,37.87255602952838,-15.270647112492952,-11.50142912486715,-3.7692179876258027,1236.3476794039325,1197.3069396972655,1158.2661999905986,0.10796205793401467
2023-09-28,1158.4755859375,1182.7459002555731,1153.9589668880435,1182.7459002555731,14518346,1195.2236083984376,1225.8553100585937,1192.951093227872,32.73159832167555,-16.372989214482686,-12.475741142790259,-3.8972480716924274,1237.7299059659224,1195.2236083984376,1152.7173108309528,-0.20237056251924374
2023-09-29,1163.8856201171875,1175.847137006539,1158.475709840611,1162.2973995824232,12342014,1193.6850036621095,1223.1871215820313,1190.1829529316162,35.67687585922958,-16.618491106670945,-13.304291135566396,-3.3141999711045482,1238.33549044061,1193.6850036621095,1149.0345168836088,0.013663643166768531
2023-10-03,1150.55908203125,1159.220075299941,1149.492028660551,1156.415758225436,8859056,1191.339862060547,1220.283828125,1186.4092509411053,31.964246407164964,-17.684537039238876,-14.180340316300892,-3.5041967229379836,1239.7215034744058,1191.339862060547,1142.958220646688,-0.05060181838314708
2023-10-04,1148.5738525390625,1150.981084388904,1139.1189302205564,1146.0178196869251,10286386,1188.94384765625,1218.1430346679688,1182.8058796647201,31.4393823291565,-18.476590911262974,-15.03959043529331,-3.437000475969665,1240.6960715927262,1188.94384765625,1137.1916237197738,0.02229990720070832
2023-10-05,1148.549072265625,1156.14276991832,1146.017758932428,1151.105104982258,10953682,1186.2264587402344,1216.5096826171875,1179.543326579092,31.4324442285441,-18.888563272567353,-15.809385002748119,-3.0791782698192343,1240.412861000472,1186.2264587402344,1132.0400564799968,-0.022201384503698792
2023-10-06,1150.4847412109375,1153.8597853939605,1147.5316229908371,1150.0132553057874,5431026,1183.4792907714843,1214.9308666992188,1176.7758422583156,32.68214638802637,-18.841667021284366,-16.41584140645537,-2.4258256148289945,1239.046654637236,1183.4792907714843,1127.9119269057326,0.004099807209340628
2023-10-09,1140.6822509765625,1147.4818990309532,1139.0691900320726,1145.5711149238573,7576878,1180.160107421875,1212.7563842773438,1173.3383573743392,29.727309725273614,-19.372170124915556,-17.00710715014741,-2.365062974768147,1237.594553019344,1180.160107421875,1122.725661824406,-0.042650325948077716
2023-10-10,1145.719970703125,1150.435072150941,1143.4121010954177,1144.8018394410437,10236032,1176.6907836914063,1210.915107421875,1170.7080348342236,33.076088741304844,-19.16517160826379,-17.438720041770686,-1.726451566493104,1233.6429215753308,1176.6907836914063,1119.7386458074818,0.00801982968660574
2023-10-11,1163.910400390625,1166.2182699823193,1148.0031129607796,1148.7227620999727,9814118,1173.475830078125,1209.1888647460937,1170.0606410776904,43.53878806898681,-17.333498361077545,-17.41767570563206,0.08417734455451509,1225.4761654572267,1173.475830078125,1121.4754946990233,0.13144823234409936
2023-10-12,1166.0693359375,1171.0078811502246,1160.485663265934,1163.3148210249558,12554450,1171.2559997558594,1207.29412109375,1169.6805167786247,44.64490598185677,-15.528671205143155,-17.03987480553428,1.5112036003911236,1220.466180027108,1171.2559997558594,1122.0458194846108,0.023673731311847683
2023-10-13,1166.0198974609375,1170.0897506197043,1156.0188455521982,1161.4040366702475,10150316,1168.7309448242188,1205.75498046875,1169.3318863674165,44.62334723766203,-13.941611731186185,-16.42022219066466,2.4786104594784746,1213.3609527499666,1168.7309448242188,1124.100936898471,0.0397228855932352
2023-10-16,1163.4140625,1168.6254903286665,1159.4186102633319,1163.885548402189,5929036,1166.0197631835938,1204.4293115234375,1168.7682840943291,43.43282867382819,-12.74718317461452,-15.685614387454633,2.938431212840113,1204.61659443648,1166.0197631835938,1127.4229319307076,-0.004050942326554901
2023-10-17,1168.972900390625,1171.18152891328,1162.0491704758838,1169.3451452373686,7928180,1163.4736022949219,1203.3181860351563,1168.787771360643,46.699653491679534,-11.222670221073031,-14.793025554178314,3.570355333105283,1193.2224765653239,1163.4736022949219,1133.72472802452,-0.0031833508767500083
2023-10-18,1153.4627685546875,1174.8048077319042,1151.9737890772074,1168.9729714451066,8918320,1160.6830078125,1201.5640063476562,1167.3282472838853,39.79413060946884,-11.137633036737043,-14.06194705069006,2.9243140139530173,1181.9983042933968,1160.6830078125,1139.367711331603,-0.131909143465058
2023-10-19,1144.603271484375,1152.37085365543,1142.0472385636656,1147.5068298823098,12032556,1158.79697265625,1199.4911865234376,1165.163963874408,36.47617575116124,-11.650824376137052,-13.579722515779459,1.9288981396424063,1178.7508856790585,1158.79697265625,1138.8430596334417,-0.025297791802500684
2023-10-20,1141.104248046875,1148.846868358942,1139.7145096810816,1141.5508934053469,8913312,1157.1665405273438,1197.4987426757812,1162.8725623670239,35.22692768478633,-12.199248812263704,-13.30362777507631,1.1043789628126053,1177.3069225561055,1157.1665405273438,1137.0261584985822,-0.003912598920436577
2023-10-23,1123.2861328125,1144.6530132953733,1119.3403612940447,1136.5877075106362,7853962,1154.8896423339843,1194.9862255859375,1159.1024262189742,29.65682030846476,-13.911291408412353,-13.42516050174352,-0.4861309066688335,1179.1238043584606,1154.8896423339843,1130.655480309508,-0.11649939941205312
2023-10-25,1120.6802978515625,1132.219887961399,1113.2602415640138,1116.7593673158804,11620688,1152.8422912597657,1192.3103149414062,1155.4431758982682,28.936210318903846,-15.301974961727183,-13.800523393740253,-1.5014515679869298,1181.0469826257604,1152.8422912597657,1124.637599893771,0.03509547649895553
2023-10-26,1105.0709228515625,1120.7052071856403,1101.9937228681183,1117.2309217780673,15222534,1149.963604736328,1189.216376953125,1150.6458184652486,25.015161146916455,-17.46235267487441,-14.532889249967084,-2.9294634249073255,1184.5982801090724,1149.963604736328,1115.3289293635837,-0.10841275787522371
2023-10-27,1124.5765380859375,1128.3982276638756,1109.761144511754,1111.7712909465938,11771084,1147.405047607422,1186.214814453125,1148.1630298576952,36.58013762347029,-17.399951631721933,-15.106301726318055,-2.2936499054038784,1181.600263591251,1147.405047607422,1113.209831623593,0.11467215119642192
2023-10-30,1147.7548828125,1153.958963260135,1126.6361687340607,1128.6463150337838,16813304,1146.8690124511718,1183.6975903320313,1148.1241587105337,47.0339826523296,-15.303787113951103,-15.145798803844666,-0.1579883101064361,1180.687300027221,1146.8690124511718,1113.0507248751226,0.16770585548254688
2023-10-31,1135.5452880859375,1155.4480281047179,1133.0636557231696,1155.4480281047179,12808438,1145.4519958496094,1181.3036450195314,1146.9261710320009,43.01196848861565,-14.461075608255896,-15.008854164726914,0.5477785564710178,1178.6691177867683,1145.4519958496094,1112.2348739124504,-0.17056766323377925
2023-11-01,1140.2603759765625,1150.236586425296,1129.2419526519689,1136.1656826268284,10309190,1144.937060546875,1178.8180395507814,1146.2913334076734,44.969063769384356,-13.259900601313575,-14.659063452044247,1.3991628507306721,1178.1408355408719,1144.937060546875,1111.7332855528782,0.0360239842975764
2023-11-02,1151.57666015625,1153.6116471680004,1145.4966608528325,1148.4746196953226,10562104,1145.0872009277343,1176.8347192382812,1146.7946978599189,49.45549483365313,-11.26497556898994,-13.980245875433386,2.715270306443447,1178.3824274731687,1145.0872009277343,1111.7919743823,0.027003525096661637
2023-11-03,1151.3284912109375,1158.897469898072,1149.3680258840427,1155.0509397455937,8850156,1145.226171875,1174.852392578125,1147.226487702873,49.36045590474755,-9.593421279256972,-13.102880956198105,3.509459676941132,1178.6011428751804,1145.226171875,1111.8512008748198,-0.032216417561277265
2023-11-06,1160.9075927734375,1161.4039192346488,1154.256866662586,1157.5822297180116,10647304,1145.747314453125,1173.0338525390625,1148.529450090546,53.106410309616074,-7.41032738027252,-11.96437024101299,4.55404286074047,1179.7539786956313,1145.747314453125,1111.7406502106187,0.02871889826354534
2023-11-07,1153.3634033203125,1160.9572220726066,1151.2540159543112,1158.4507493206686,6960204,1146.3813720703124,1171.4853125,1148.9898265886193,49.971211606184795,-6.217293684961078,-10.814954929802607,4.597661244841529,1180.4594454456833,1146.3813720703124,1112.3032986949415,-0.04388687348312151
2023-11-08,1159.368896484375,1161.900209827792,1152.3459257444151,1157.4332718147846,7884494,1147.063818359375,1170.1705395507813,1149.978309435834,52.38121264698183,-4.7326576463733545,-9.598495473116756,4.865837826743402,1181.605095419652,1147.063818359375,1112.5225412990983,0.016721864574454084
2023-11-09,1146.787109375,1159.3689122452765,1143.6353879313751,1159.344192861405,14513610,1146.2076538085937,1168.8483251953126,1149.6743856205164,47.24618986564987,-4.519223167357495,-8.582641011964904,4.063417844607409,1179.873981175089,1146.2076538085937,1112.5413264420984,-0.10789037899731975
2023-11-10,1148.946044921875,1149.6658152095554,1140.5830169850344,1144.3054653415224,7734954,1145.3514892578125,1167.8015698242189,1149.6050198396933,48.18484414229289,-4.128278524305415,-7.691768514433006,3.563489990127591,1177.8028682913125,1145.3514892578125,1112.9001102243126,0.04053146145177037
2023-11-13,1148.7972412109375,1153.7605056745233,1147.3578218124285,1152.9166537769547,3854810,1144.4903564453125,1166.7746704101562,1149.5280885417164,48.121289415612054,-3.786807336184893,-6.910776278783383,3.1239689425984905,1175.5880062611284,1144.4903564453125,1113.3927066294966,-0.035715161365155124
2023-11-15,1169.5684814453125,1172.2982770196893,1154.9516911953863,1161.4039352802765,12220648,1144.798077392578,1166.2728857421876,1151.4366973896779,56.70555133794532,-1.8191533970384626,-5.8924517024344,4.073298305395937,1176.7487612017842,1144.798077392578,1112.847393583372,0.07018336070715447
2023-11-16,1171.6778564453125,1178.3534231349859,1164.8533675821152,1166.9131951067154,13134910,1144.9333251953126,1165.7572045898437,1153.3644268235478,57.475094865105845,-0.08854386184361829,-4.731670134316244,4.643126272472625,1177.3122244815866,1144.9333251953126,1112.5544259090386,0.04080865009069005
2023-11-17,1169.121826171875,1177.9067803474445,1167.3846835483773,1167.8064883385834,7758634,1145.7162780761719,1165.2097583007812,1154.8651315233885,56.172170916241356,1.0644559956201647,-3.572444908328962,4.636900903949127,1179.6044396260488,1145.7162780761719,1111.828116526295,0.01126284386113471
2023-11-20,1166.044677734375,1170.5363354915235,1159.617152805321,1165.647592311094,4490186,1146.788348388672,1164.47271484375,1155.929850210149,54.568380652021155,1.710202379010525,-2.5159154508610646,4.22611782987159,1181.8056464570386,1146.788348388672,1111.7710503203052,0.0034065517733685843
2023-11-21,1180.7109375,1185.227556641674,1171.4296571663483,1174.3083747965666,8214450,1148.7686828613282,1163.9783715820313,1158.2899537615635,60.375325269649856,3.3665975908447763,-1.3394128425198966,4.706010433364673,1186.6396595661686,1148.7686828613282,1110.8977061564879,0.05446802721183511
2023-11-22,1185.326904296875,1188.4289448727575,1177.3856804226161,1178.7754188353035,8534814,1151.8707214355468,1163.5435913085937,1160.8649014315931,62.020698499248596,4.994202614216647,-0.07268975117258791,5.066892365389235,1191.0261673252658,1151.8707214355468,1112.7152755458278,0.05552158488461832
2023-11-23,1188.9500732421875,1191.1835423841578,1185.3268657327444,1185.3268657327444,8531542,1155.2842102050781,1163.0204638671876,1163.5396796992688,63.30857405247735,6.501505467319475,1.2421492925258248,5.25935617479365,1194.8689103039083,1155.2842102050781,1115.699510106248,0.030557642674641877
2023-11-24,1188.1558837890625,1192.474021001291,1186.7414260587238,1187.0144298509326,6749486,1159.438458251953,1162.2193920898437,1165.884080088773,62.805829819170185,7.54499537628385,2.50271850927743,5.042276867006421,1194.2199463461611,1159.438458251953,1124.656970157745,0.009615879360802618
2023-11-28,1188.404052734375,1191.034607263244,1178.899449291774,1188.1558894990753,13792174,1162.629833984375,1161.778154296875,1168.0288393883543,62.904960572409465,8.296358549870547,3.6614465173960538,4.634912032474493,1195.701617047846,1162.629833984375,1129.558050920904,0.0020886390130202075
2023-11-29,1191.5308837890625,1197.1145563492605,1190.2156671664848,1195.1540911072586,12531306,1164.8186340332031,1161.2783520507812,1170.2671293312787,64.19964098957466,9.039921820719655,4.737141578060775,4.302780242658881,1199.4218239710076,1164.8186340332031,1130.2154440953987,-0.030306533567073995
2023-11-30,1179.9913330078125,1191.530923348677,1176.2440439527552,1188.5529645510346,28439984,1167.0409362792968,1160.5254248046874,1171.193243967139,56.37914342974879,8.59893261936827,5.509499786322274,3.089432833045996,1199.479842657672,1167.0409362792968,1134.6020299009217,-0.07190974203908192
2023-12-01,1188.3544921875,1189.3967050711567,1180.0658643673892,1180.2643464861462,14342842,1169.4456420898437,1159.8945922851562,1172.8276485595543,60.16634234060543,8.822581326439604,6.17211609434574,2.6504652320938638,1200.69569901697,1169.4456420898437,1138.1955851627174,0.06843805055611814
2023-12-04,1201.209228515625,1215.9997806950958,1190.4886500919326,1215.9997806950958,15590990,1171.9272705078124,1159.7332836914063,1175.5306561744183,65.17168569784053,9.922711486913613,6.922235172859315,3.000476314054298,1204.9402546350639,1171.9272705078124,1138.914286380561,-0.12103654647236838
2023-12-05,1209.9197998046875,1211.4584602643838,1201.9288955146308,1210.540207865299,12693624,1174.8568359375,1160.2852001953124,1178.8058127106344,68.09706680534393,11.366417880863764,7.811071714460205,3.5553461664035595,1210.3441889147143,1174.8568359375,1139.3694829602855,-0.005125006379194114
2023-12-06,1221.5091552734375,1227.3905513904704,1208.5549856031337,1214.560584514323,16422442,1177.8869140625,1161.2411254882813,1182.8727977166157,71.5241455922963,13.292502040230602,8.907357779614284,4.385144260616318,1218.1236911509975,1177.8869140625,1137.6501369740024,0.05714823742697393
2023-12-07,1219.4990234375,1221.4346482742724,1212.0292855470004,1220.9631623446442,8142096,1181.1936950683594,1162.2546240234376,1186.3610096900334,70.11722960662279,14.48970843413008,10.023827910517443,4.465880523612636,1223.635326063051,1181.1936950683594,1138.7520640736677,-0.011991096661928205
2023-12-08,1218.853759765625,1229.251775342433,1213.5182500771466,1222.874052744466,10204894,1184.1679382324219,1163.3991528320312,1189.4555573162802,69.64364851166324,15.211091744025907,11.061280677219138,4.14981106680677,1228.3753955201673,1184.1679382324219,1139.9604809446764,-0.03286393391152838
2023-12-11,1220.6405029296875,1224.7351961410227,1217.1909371644088,1218.9777608532804,7066138,1187.8606079101562,1164.5590698242188,1192.4255521366047,70.24298209335161,15.745464541287902,11.998117450032892,3.74734709125501,1231.2926279455874,1187.8606079101562,1144.428587874725,0.013639616841091112
2023-12-12,1203.1202392578125,1223.41994400905,1201.1844932637518,1220.9631521449135,9197124,1190.569317626953,1165.1065209960936,1193.4440937671957,58.12465616904081,14.587069322682282,12.51590782456277,2.071161498119512,1230.5779986636746,1190.569317626953,1150.5606365902315,-0.1451065003911428
2023-12-13,1208.03369140625,1210.2176004047437,1194.3103140708777,1202.102614795848,10031182,1193.5311401367187,1166.0976831054688,1194.8335792566295,60.19847210925628,13.905216609716263,12.79376958159347,1.111447028122793,1229.2750149219212,1193.5311401367187,1157.7872653515162,0.049299189906515044
2023-12-14,1223.0228271484375,1228.3831772791464,1212.3518080035872,1217.9851619285064,16972354,1196.203857421875,1167.2804272460937,1197.5182695320398,65.7680028436893,14.40825204640214,13.116666074555205,1.291585971846935,1232.3723662681357,1196.203857421875,1160.0353485756143,0.04133707611570915
2023-12-15,1238.6324462890625,1240.8162343922088,1225.951280138882,1229.8970515295573,15932152,1199.5515869140625,1169.04189453125,1201.433905413661,70.41147249272126,15.883383308055727,13.67000952125531,2.2133737868004175,1238.3209555834426,1199.5515869140625,1160.7822182446823,0.07090622294840518
2023-12-18,1251.239013671875,1258.1379030406688,1236.3243792186838,1238.6323699765335,14165188,1203.6574462890626,1171.0951977539062,1206.1772490573003,73.53388189516986,17.863757810737752,14.508759179151799,3.3549986315859535,1245.9038138417498,1203.6574462890626,1161.4110787363754,0.10142874714518771
2023-12-19,1269.6527099609375,1277.4945707453207,1253.3234974409622,1268.1140495332209,16820604,1208.8378479003907,1173.5172705078126,1212.2225310481228,77.30169037197088,20.68065653748522,15.743138650818484,4.937517886666736,1256.4355392491582,1208.8378479003907,1161.2401565516232,0.012132859226371131
2023-12-20,1254.2913818359375,1289.8780864366483,1250.7426960684581,1276.080186427869,17736722,1212.5168701171874,1175.5934033203125,1216.22908826601,68.5359342526714,21.42654638422482,16.879820197499754,4.546726186725067,1262.1795274721608,1212.5168701171874,1162.854212762214,-0.16910767541152757
2023-12-21,1271.8614501953125,1277.2962009364337,1249.8741628164655,1254.2170195322976,13765454,1216.8435974121094,1178.2169873046876,1221.527408449753,72.39215797942771,23.16835674427898,18.1375275068556,5.030829237423379,1271.139032283624,1216.8435974121094,1162.5481625405948,0.13976005471321196
2023-12-22,1273.1021728515625,1280.968874306117,1264.4660199985942,1270.3972179591544,16541784,1221.051202392578,1180.7646313476562,1226.439290773735,72.64709725522599,24.367971150013318,19.383616235487146,4.984354914526172,1278.9698886101708,1221.051202392578,1163.1325161749853,0.021288980781670307
2023-12-26,1279.554443359375,1286.453332624264,1271.935783794956,1274.5663382448713,7465664,1225.6211303710938,1183.0775122070313,1231.497876734272,73.99212632565941,25.54485334715173,20.615863657820064,4.928989689331665,1286.7696601144587,1225.6211303710938,1164.472600627729,0.03911573626736368
2023-12-27,1283.922119140625,1290.3990823415181,1277.0976304877347,1281.514887400953,9204156,1230.3970336914062,1185.4345678710938,1236.4906617253532,74.89216270638732,26.524221189600667,21.797535164176185,4.726686025424481,1294.0420222169203,1230.3970336914062,1166.7520451658922,0.0187820576552092
2023-12-28,1293.203369140625,1296.4046504171113,1283.9220890250845,1285.3862277761266,12302636,1235.4806579589845,1187.9782373046876,1241.891871955379,76.7346541992019,27.729646465711767,22.983957424483304,4.745689041228463,1302.069870707769,1235.4806579589845,1168.8914452102,0.06074064069186261
2023-12-29,1282.9791259765625,1297.397434632089,1280.174929799553,1295.9581362918193,10864584,1240.6300476074218,1190.3695385742187,1245.8049437669204,70.58933223327385,27.54245146991093,23.89565623356883,3.6467952363421006,1305.1549750044612,1240.6300476074218,1176.1051202103824,-0.09981642274675466
2024-01-01,1285.6097412109375,1293.8488097378856,1277.1225094292433,1280.7953983035607,4030540,1245.4928100585937,1192.702275390625,1249.5958768568266,71.22779718016346,27.29176428141409,24.574877843137884,2.7168864382762052,1308.1583368608804,1245.4928100585937,1182.827283256307,0.03757100301321442
2024-01-02,1296.255859375,1297.8937610136477,1277.0480485996618,1283.0039664322292,7448800,1250.2451416015624,1195.5581372070312,1254.0396847157003,73.71472579770636,27.633602670677647,25.186622808645836,2.44697986203181,1313.172082933208,1250.2451416015624,1187.3182002699168,0.10292226655423545
2024-01-03,1282.16015625,1307.3238832997818,1279.132516403198,1295.412048372221,9037536,1253.857159423828,1198.3092749023438,1256.7178248618243,65.62656087542433,26.462068365449113,25.441711920006494,1.0203564454426193,1315.388454292033,1253.857159423828,1192.3258645556232,-0.10194329857731432
2024-01-04,1288.7860107421875,1295.337616733607,1280.0755785995668,1284.4928354763001,9612778,1257.2210021972655,1201.26291015625,1259.7719378028112,67.43532653801333,25.77119576824566,25.50760868965433,0.2635870785913319,1318.6666265469428,1257.2210021972655,1195.7753778475883,0.03341067555489181
2024-01-05,1294.2705078125,1300.3009471094986,1289.456165302221,1291.8881165287519,8086406,1260.9595764160156,1204.68259765625,1263.057515898972,68.89440109410114,25.373734716008357,25.480833894925137,-0.10709917891677989,1321.8660673666645,1260.9595764160156,1200.0530854653666,0.018439067788140622
2024-01-08,1284.17041015625,1306.3064992127524,1275.0379299096924,1295.412156841061,7734652,1264.225408935547,1207.9523999023438,1265.0682677329985,63.272072025205944,23.967468440782795,25.17816080409667,-1.2106923633138749,1322.7070863496149,1264.225408935547,1205.743731521479,-0.08656403995887965
2024-01-09,1280.7703857421875,1293.8237954235035,1279.132484246134,1290.4487513775189,5403074,1267.2319030761719,1211.4663891601563,1266.5637075433974,61.45394897379024,22.321332306754584,24.606795104628254,-2.28546279787367,1322.5380420689746,1267.2319030761719,1211.9257640833691,-0.07485969068749898
2024-01-10,1315.3148193359375,1319.7320764251056,1278.0654937339266,1279.0333061103788,11102740,1272.8416320800782,1215.2811547851563,1271.2066705712584,70.67418487409074,23.53293166441881,24.392022416586368,-0.8590907521675568,1323.5685978083698,1272.8416320800782,1222.1146663517866,0.2762923808439838
2024-01-11,1349.9088134765625,1352.489686993197,1318.7394856296971,1319.7321386109766,23725852,1279.9353881835937,1219.3242333984374,1278.702112752716,76.687988075674,26.97364372321522,24.90834667791214,2.0652970453030797,1332.0870497503922,1279.9353881835937,1227.783726616795,0.22475412301280592
2024-01-12,1360.6541748046875,1363.2350482099334,1335.8626919019084,1349.9087552154863,15012164,1286.8169555664062,1223.8264111328126,1286.50707104338,78.18446488021863,30.219146168980615,25.970506576125835,4.248639592854779,1343.2586822196674,1286.8169555664062,1230.375228913145,0.07943337953465464
2024-01-15,1383.8822021484375,1386.190071634762,1355.9638397810568,1364.8977157386187,8610594,1294.079443359375,1228.69884765625,1295.7808930533854,81.02072375740123,34.27048905654328,27.63050307220933,6.639985984333954,1360.3718005642284,1294.079443359375,1227.7870861545218,0.13820083238960468
2024-01-16,1364.5255126953125,1386.0413130880693,1360.4308194226976,1379.7627106993223,9069024,1299.7437683105468,1232.9578247070312,1302.3279996859499,72.55523236548794,35.50994784049226,29.206392025865917,6.303555814626343,1369.6852264664994,1299.7437683105468,1229.8023101545941,-0.10998671410694903
2024-01-17,1351.5714111328125,1376.0900120502974,1345.0696069219948,1349.5117047016763,12197382,1303.8397033691406,1236.9626831054688,1307.017848395175,67.47417023936165,35.042986388851205,30.373710898462978,4.669275490388227,1375.8176679593303,1303.8397033691406,1231.861738778951,0.015261420146541091
2024-01-18,1357.8995361328125,1360.92717605878,1341.3222805612156,1341.4712027363942,10279438,1309.0201110839844,1240.9025219726564,1311.863723417807,68.62989437672498,34.782590819743746,31.255486882719133,3.527103937024613,1380.9017273743425,1309.0201110839844,1237.1384947936263,0.12185646686597332
2024-01-19,1357.4031982421875,1365.890429247957,1349.015329468004,1365.890429247957,10422704,1313.2971984863282,1244.9833178710937,1316.2008162582242,68.4245302001823,34.14260049005452,31.832909604186213,2.3096908858683065,1386.0008728275122,1313.2971984863282,1240.593524145144,-0.0620571356835987
2024-01-23,1318.8138427734375,1361.6716823004633,1312.8332056966303,1361.6716823004633,20055420,1315.582781982422,1248.172216796875,1316.4496759263398,54.715758113546514,30.17374095800369,31.50107587494971,-1.3273349169460182,1385.9240028327933,1315.582781982422,1245.2415611320505,-0.3047469860411858
2024-01-24,1334.00146484375,1339.5851376107455,1314.1980872328543,1325.4149927095905,21919128,1318.3051330566407,1251.91650390625,1318.1212748708551,58.26017123054079,27.931923530148424,30.787245405989452,-2.855321875841028,1387.0545614769367,1318.3051330566407,1249.5557046363447,0.06469279586360564
2024-01-25,1343.1337890625,1354.1274927557365,1325.390118278632,1333.0831783387705,11808872,1321.2657165527344,1255.8002587890626,1320.5034190795832,60.273672357589156,26.585705841670233,29.94693749312561,-3.361231651455377,1388.9286886437512,1321.2657165527344,1253.6027444617175,0.07525119821635406
2024-01-29,1437.4111328125,1441.8283899094502,1350.1817560391485,1354.474931519067,23893438,1328.4761047363281,1261.5725366210938,1331.6374870541467,74.14164148251268,32.74870566304298,30.507291127109085,2.241414535933899,1411.6071547497413,1328.4761047363281,1245.345054722915,0.5457529206411147
2024-01-30,1397.2830810546875,1449.2484377227322,1394.1066401470152,1449.2235971647833,14093978,1334.1913024902344,1266.1268286132813,1337.8894483875315,63.91439853249976,34.00296400779098,31.206425703245465,2.796538304545514,1419.7073975696367,1334.1913024902344,1248.6752074108322,-0.343806016147629
2024-01-31,1416.1434326171875,1423.7124109217216,1392.1956815880876,1393.6846609266845,15130226,1340.7179870605469,1271.0161401367188,1345.342208790356,66.26947933894733,36.10267635116588,32.18567583282955,3.91700051833633,1430.23786629924,1340.7179870605469,1251.1981078218537,0.1597661618369416
2024-02-01,1416.1683349609375,1432.745590517861,1407.631543948549,1424.4569627393994,13349362,1346.7136108398438,1275.9570703125,1352.087554139935,66.2726092336879,37.33831012509313,33.21620269128227,4.122107433810861,1439.5209036615377,1346.7136108398438,1253.90631801815,-0.058122400236666344
2024-02-02,1446.990234375,1464.0639387350582,1422.6455164089482,1422.6455164089482,19652588,1354.9551147460938,1281.5759814453124,1361.1259046385126,69.9849635588634,40.33961847530236,34.640885848086285,5.698732627216074,1452.5212697383372,1354.9551147460938,1257.3889597538505,0.16947187056184157
2024-02-05,1428.452392578125,1459.6961190035063,1421.007495677393,1450.0177530325548,8814432,1361.9384338378907,1286.530810546875,1367.5379511089518,65.3275229694286,40.75255793995666,35.86322026646036,4.8893376734963,1459.5539424552558,1361.9384338378907,1264.3229252205256,-0.14763786741012533
2024-02-06,1417.3099365234375,1431.256637826339,1409.3934322746634,1431.256637826339,9047984,1368.0904052734375,1291.1704711914062,1372.2781401960458,62.629605258659296,39.72281250260335,36.63513871368896,3.087673788914387,1463.3522104834342,1368.0904052734375,1272.8286000634407,-0.09713649754407823
2024-02-07,1431.554443359375,1438.8504181404362,1418.7491963623445,1425.3752031215413,9296568,1375.4596069335937,1296.02255859375,1377.9235024020772,64.64006393244308,39.59966420096134,37.228043811143436,2.371620389817906,1466.3145171441936,1375.4596069335937,1284.6046967229938,0.043324537361060775
2024-02-08,1439.4708251953125,1448.752105824393,1417.0368932886952,1439.3467435794867,14694634,1383.39462890625,1301.048857421875,1383.7851521919092,65.74307492812284,39.683408507658896,37.71911675044653,1.964291757212365,1467.233962785122,1383.39462890625,1299.5552950273782,0.0008620687519649288
2024-02-09,1450.0177001953125,1461.1602045826953,1440.2896534634558,1443.31729322881,12556798,1390.1297729492187,1306.2811303710937,1390.093013906519,67.21059372344041,40.13813372222057,38.20292014480134,1.9352135774192334,1472.642437889253,1390.1297729492187,1307.6171080091844,0.046390337519620746
2024-02-12,1441.679443359375,1450.2659153474917,1431.7529141646626,1450.017752117624,6674430,1394.7183044433593,1311.2841015625,1395.0060071877433,64.84548457949879,39.371825197175895,38.43670115527625,0.9351240418996412,1477.9772377665438,1394.7183044433593,1311.4593711201749,-0.05744157144370768
2024-02-13,1454.335693359375,1468.1335924657844,1443.3172707540573,1444.806250056761,7715594,1399.4023803710938,1316.7709887695312,1400.6564534898034,66.75762573958133,39.33237464111903,38.61583585244481,0.7165387886742209,1484.9772676660943,1399.4023803710938,1313.8274930760933,0.06586107145638348
2024-02-14,1470.4912109375,1472.749520552248,1446.7916226083244,1446.7916226083244,7117888,1403.7328308105468,1322.4137231445313,1407.3073827705366,69.07030292148991,40.14199313316249,38.92106730858835,1.2209258245741381,1494.3451881982955,1403.7328308105468,1313.120473422798,0.16235829333272972
2024-02-15,1459.79541015625,1473.8166331337911,1455.7503978374216,1472.4517353218182,10006782,1408.4963256835938,1327.5854467773438,1412.306242521557,65.80617807382919,39.4656247311807,39.02997879310682,0.4356459380738755,1500.3712165927197,1408.4963256835938,1316.6214347744678,-0.08574303620575265
2024-02-16,1449.843994140625,1466.1483668657747,1447.8339689108675,1465.6271998466532,9767498,1413.4099548339843,1332.3839306640625,1415.8812664852776,62.83104795578713,37.692110606089045,38.76240515570326,-1.0702945496142178,1503.066283845925,1413.4099548339843,1323.7536258220437,-0.10727472247034327
2024-02-19,1463.17041015625,1468.6300012389227,1442.8458657695369,1451.3082561823699,6729828,1418.6734985351563,1337.2171557617187,1420.3849944539418,65.10615232693797,36.93614143689524,38.39715241194166,-1.4610109750464204,1507.0272026375922,1418.6734985351563,1330.3197944327205,0.08155269117545501
2024-02-20,1460.21728515625,1464.659382736365,1451.0600862084646,1464.1878968342883,7117496,1423.8142028808593,1342.0315209960938,1424.1785459493997,64.16881018726505,35.68735628796094,37.85519318714552,-2.1678368991845787,1509.2251914344804,1423.8142028808593,1338.4032143272382,-0.027111538409748347
2024-02-21,1456.916748046875,1477.5888193115914,1446.8414171157522,1463.170510366537,12720292,1430.7193481445313,1346.7927807617189,1427.296469958683,63.075794698889325,34.03897913647597,37.091950377011614,-3.0529712405356406,1502.2627155241369,1430.7193481445313,1359.1759807649257,-0.042715164879069095
2024-02-22,1470.863525390625,1474.0399663973683,1447.2880175600008,1457.36346935178,18493728,1437.562451171875,1351.7972412109375,1431.4457133331537,65.73201918187272,33.472170396933734,36.36799438099604,-2.8958239840623037,1495.7224235167648,1437.562451171875,1379.402478826985,0.09236936403441107
2024-02-23,1482.6512451171875,1486.5474563697878,1472.4517119404402,1478.556551746289,14438584,1444.5383239746093,1357.387861328125,1436.3224306459188,67.83792204754619,33.58697115870564,35.81178973653796,-2.2248185778323233,1487.096244507149,1444.5383239746093,1401.9804034420695,0.027686779238383998
2024-02-26,1476.3974609375,1483.5446346905887,1471.607959051116,1482.5768223248915,7513106,1446.4876403808594,1362.75513671875,1440.139100197498,65.53683495780032,32.79527989893677,35.20848776901772,-2.413207870080953,1491.0838152513468,1446.4876403808594,1401.891465510372,-0.0416557543095742
2024-02-27,1474.73486328125,1488.9297276070065,1467.1907251784094,1472.1291493159843,10826044,1450.3602294921875,1367.7893774414063,1443.433934776903,64.90649098039353,31.668644712591686,34.50051915773251,-2.8318744451408264,1490.4126253755642,1450.3602294921875,1410.3078336088108,0.01769845992377033
2024-02-28,1444.930419921875,1480.3185210789975,1439.5205099276588,1472.1042938560004,8647950,1451.799578857422,1371.9153369140624,1443.5764571716622,54.74188740316507,28.047494658011374,33.209914257788284,-5.162419599776911,1488.781280256018,1451.799578857422,1414.817877458826,-0.1825236204362402
2024-02-29,1450.0675048828125,1468.1088998815815,1443.8385832706604,1454.2365988812116,23628976,1453.4945373535156,1375.8919067382812,1444.1946521917716,56.02031130754524,25.300577664463162,31.62804693912326,-6.327469274660096,1486.7035362672073,1453.4945373535156,1420.285538439824,-0.02866075712375217
2024-03-01,1481.1622314453125,1488.979373154373,1451.7548888255137,1452.7475417409498,12132926,1455.2031372070312,1380.1220971679688,1447.715374025442,62.85918457076089,25.340600057244956,30.3705575627476,-5.029957505502644,1490.3570761447381,1455.2031372070312,1420.0491982693243,0.19313611019018062
2024-03-04,1496.3250732421875,1501.337897909408,1476.2982516112518,1479.5243736818861,10024420,1458.5967712402344,1384.9627709960937,1452.3448691889416,65.66314251548903,26.292746291143658,29.554995308426815,-3.262249017283157,1495.8098693650413,1458.5967712402344,1421.3836731154274,0.11306915377528085
2024-03-05,1489.177978515625,1496.3251528023525,1475.1320355384912,1494.712091681268,7107668,1462.1901733398438,1389.3091015625,1455.8527843629115,63.23964218690754,26.168958760698615,28.877787998881175,-2.7088292381825596,1496.53090747507,1462.1901733398438,1427.8494392046175,-0.037007700823567656
2024-03-06,1491.957275390625,1497.9131926576536,1467.6372798835923,1482.4773919378927,7805676,1465.2103149414063,1393.6862036132814,1459.2913073179318,63.799180597227185,25.995462768062907,28.30132295271752,-2.3058601846546125,1498.8600917963195,1465.2103149414063,1431.5605380864931,0.06385920719217097
2024-03-07,1468.059326171875,1492.056638756749,1464.7091224345347,1491.9325571368477,8315726,1466.6397399902344,1397.4563012695312,1460.126356732593,55.917667522059006,23.656899157886073,27.372438193751233,-3.7155390358651594,1498.1556655680279,1466.6397399902344,1435.1238144124409,-0.15866359816195405
2024-03-11,1455.8248291015625,1478.060279979328,1452.747629113329,1478.060279979328,11277130,1466.9300964355468,1400.89435546875,1459.7166874343995,52.35202227175059,20.57912563253285,26.01377568150756,-5.43465004897471,1497.9309086133087,1466.9300964355468,1435.929284257785,-0.14931202419494288
2024-03-12,1464.5849609375,1477.0675227494196,1454.261346490045,1455.8247263461558,9432678,1468.075372314453,1404.3219873046876,1460.180332529933,54.58506477000129,18.632058593797865,24.53743226396562,-5.905373670167755,1496.8744098725358,1468.075372314453,1439.2763347563703,0.06010116803266556
2024-03-13,1421.6527099609375,1472.2034859914554,1417.2850129833478,1468.9029635812572,13522134,1466.4412231445312,1407.095458984375,1456.5110351424096,43.76085870433797,13.469452618381638,22.323836334848824,-8.854383716467186,1501.254435444944,1466.4412231445312,1431.6280108441185,-0.3110164825514732
2024-03-14,1420.957763671875,1437.8825438227764,1415.0266869213976,1429.1223094125826,18571102,1463.96455078125,1409.8024194335937,1453.125009288073,43.6101072051182,9.21574051067023,19.702217170013103,-10.486476659342873,1503.9382003968271,1463.96455078125,1423.9909011656728,-0.05706771737771872
2024-03-15,1407.80517578125,1422.694969713975,1402.5193474045138,1415.4733954219128,19223818,1461.3650390625,1412.0334057617188,1448.8088346683755,40.74897978065642,4.728828110097993,16.707539358030083,-11.97871124793209,1508.2495946459023,1461.3650390625,1414.4804834790978,-0.054121305100144186
2024-03-18,1428.899169921875,1431.1326391984185,1406.1178317705178,1409.56727675182,9169392,1460.3177978515625,1414.9681860351564,1446.9126761210898,46.77958119839153,2.8422629059380142,13.93448406761167,-11.092221161673656,1509.0828912302331,1460.3177978515625,1411.552704472892,0.1362942430457971
2024-03-19,1414.778564453125,1427.0378036957165,1406.8373411480031,1418.252849649116,8275764,1457.8982055664062,1417.488037109375,1443.8522845336645,43.58179730604874,0.20536422818076971,11.188660099725492,-10.983295871544723,1510.5076486468665,1457.8982055664062,1405.2887624859459,-0.024492038854863743
2024-03-20,1433.1427001953125,1434.3835163859578,1413.562644941621,1417.4587350761735,8488806,1456.5444763183593,1420.2654809570313,1442.832324120488,48.51133582489717,-0.3979770610349078,8.871332667573414,-9.269309728608322,1510.2279426085959,1456.5444763183593,1402.8610100281228,0.11019911856027317
2024-03-21,1440.3145751953125,1447.1887452733042,1434.060934378195,1441.8532357214951,13006936,1455.7143676757812,1423.3883642578126,1442.5925385085666,50.336375580267514,-0.29402961456821686,7.038260211145088,-7.332289825713305,1509.8605813231436,1455.7143676757812,1401.5681540284188,-0.010671003703441128
2024-03-22,1444.3348388671875,1449.2732629085037,1436.716179238339,1439.321893152815,19527608,1454.3879333496093,1426.6596533203126,1442.7584718760543,51.376800502829575,0.11146625166861668,5.652901419249794,-5.541435167581177,1508.2838894089139,1454.3879333496093,1400.4919772903047,0.034814448224422104
2024-03-26,1430.983642578125,1441.7291835759677,1428.4276096750873,1434.3835274360674,11415906,1451.8045532226563,1428.9730297851563,1441.6370595619658,47.79573851103298,-0.6371605229337547,4.394889030813085,-5.032049553746839,1504.9822541405608,1451.8045532226563,1398.6268523047518,-0.02369832215207245
2024-03-27,1481.8818359375,1488.979328303771,1436.368725370371,1437.3613782559069,16326644,1452.0787719726563,1431.612490234375,1445.4698954072549,59.41081314506198,2.843824357802987,4.084676096211066,-1.2408517384080788,1505.8145464283227,1452.0787719726563,1398.34299751699,0.3001981816374555
2024-03-28,1474.933349609375,1494.8856495085238,1467.786296896486,1481.90676076149,21854364,1452.0886962890625,1433.8980737304687,1448.2759386645998,57.529004619961334,4.984388254053783,4.26461852777961,0.7197697262741736,1505.8412749387974,1452.0886962890625,1398.3361176393275,-0.047022313891949566
2024-04-01,1473.8662109375,1482.9985690062601,1471.60790139039,1481.5095896793896,5013880,1453.5354858398437,1435.69775390625,1450.713107452495,57.229196824754894,6.519538213142596,4.715602464852207,1.8039357482903888,1507.9925400773043,1453.5354858398437,1399.078431602383,-0.05154610206100335
2024-04-02,1476.025146484375,1483.0233977342266,1464.1629930776332,1473.0968689675985,8910166,1454.8333679199218,1437.9277465820312,1453.1237778364834,57.70937636576919,7.820217076987092,5.336525387279185,2.483691689707907,1510.1287958814103,1454.8333679199218,1399.5379399584333,0.019875759269975958
2024-04-03,1460.7880859375,1473.5436523631188,1458.1079713887636,1471.186101560143,7008292,1453.8146606445312,1440.112080078125,1453.8537119413422,53.172186384691756,7.5346561765220486,5.776151545127758,1.758504631394291,1507.8691074349522,1453.8146606445312,1399.7602138541101,-0.07056032025445433
2024-04-04,1452.1767578125,1468.8780939901114,1439.3466709144527,1468.8780939901114,14490272,1451.607244873047,1441.9976245117186,1453.6940020243096,50.74401659434221,6.538117544516126,5.928544745005432,0.6095727995106941,1502.0205565035922,1451.607244873047,1401.1939332425018,-0.11321385301760112
2024-04-05,1449.3724365234375,1459.9938949751336,1445.3025839763254,1450.1417667351745,7442298,1449.6169677734374,1443.8370092773437,1453.2824243575599,49.94414290376063,5.459138655418201,5.834663527087986,-0.37552487166978477,1496.9914761741493,1449.6169677734374,1402.2424593727255,-0.005305157135734629
2024-04-08,1475.057373046875,1480.0206375610207,1450.2658910334067,1452.226356281804,8357118,1448.77197265625,1446.9618798828126,1455.3562289946376,56.67956465895098,6.600513223887219,5.9878334664478325,0.6126797574393867,1493.6316482401032,1448.77197265625,1403.9122970723968,0.15593133362058426
2024-04-09,1452.896484375,1478.8543827139295,1451.7549092714805,1478.060211901015,7071414,1448.0138305664063,1449.3397802734376,1455.121967602291,50.38063331936142,5.651712855286178,5.920609344215502,-0.2688964889293244,1492.0489676052673,1448.0138305664063,1403.9786935275454,-0.1686223201803206
2024-04-10,1468.7044677734375,1476.0749645358123,1455.5766564963697,1455.5766564963697,9138330,1448.6578125,1451.8511938476563,1456.4155390471622,54.28352987918958,6.104979471724164,5.957483369717235,0.14749610200692853,1493.5003436182526,1448.6578125,1403.8152813817476,0.08994601510269204
2024-04-12,1456.370849609375,1475.5538200544618,1452.3257159957793,1465.0317226594827,15551012,1448.2471069335938,1452.2303881835937,1456.41128291023,50.918345828404796,5.406652101467216,5.847317116067232,-0.4406650146000155,1492.6468958707321,1448.2471069335938,1403.8473179964556,-0.05904853457772123
2024-04-15,1454.062744140625,1471.2356878788278,1435.6986653849476,1450.2658952456557,12902062,1449.867608642578,1453.3659814453124,1456.1876125512201,50.29003790199835,4.613792875394438,5.600612267932673,-0.9868193925382354,1492.6010743534712,1449.867608642578,1407.134142931685,0.02617438414063685
2024-04-16,1454.98095703125,1460.3661473678603,1440.2649265731254,1442.6720371000315,9366184,1451.5687683105468,1454.1427319335937,1456.0726929778896,50.551449131522816,4.013275787832981,5.283144971912735,-1.269869184079754,1492.2215265675602,1451.5687683105468,1410.9160100535335,0.08511386178721393
2024-04-18,1453.5665283203125,1475.0823301585979,1448.628103973215,1452.7476380801534,19005692,1453.8568359375,1454.8906958007813,1455.8340106295489,50.114264856086045,3.3842179355908684,4.903359564648362,-1.5191416290574935,1489.2044460807388,1453.8568359375,1418.509225794261,0.0056367778248750805
2024-04-19,1459.323974609375,1463.1705049395248,1432.4231028577299,1446.0720814485837,15741778,1455.378076171875,1455.1373706054687,1456.166388151437,51.93640060820487,3.3120832204481303,4.585104295808316,-1.2730210753601856,1488.8683398002447,1455.378076171875,1421.887812543505,0.0913849388838637
2024-04-22,1468.9774169921875,1471.9305352298081,1457.0160218672338,1461.6317610616636,10350362,1458.0880187988282,1455.94787109375,1457.3864861362704,54.910251330071056,3.9878980556977695,4.465663047786206,-0.4777649920884368,1486.3642799647153,1458.0880187988282,1429.8117576329412,0.05021427428369064
2024-04-23,1448.603271484375,1482.5272357774581,1444.8561033979943,1468.1337674689391,14605554,1458.8610473632812,1456.5737377929688,1456.5499895027565,48.14019070545276,2.846648520803683,4.141860142389701,-1.2952116215860183,1485.1421233525407,1458.8610473632812,1432.5799713740216,-0.13225018667105076
2024-04-24,1439.5205078125,1457.7605053579202,1438.8504186169605,1452.7475596039474,10462776,1458.8213439941405,1456.7330590820313,1454.9281341036844,45.44992256814236,1.195515760143735,3.5525912659405083,-2.3570755057967734,1485.2165257091956,1458.8213439941405,1432.4261622790855,-0.09079776096058884
2024-04-25,1449.2484130859375,1457.189636393573,1430.9091747445573,1431.9018276580116,15943926,1459.0670227050782,1456.9286108398437,1454.3872082924704,48.75316759834602,0.6642843511244791,2.9749298829773028,-2.3106455318528236,1485.0058087354757,1459.0670227050782,1433.1282366746807,0.12055451017481364
2024-04-26,1441.8780517578125,1454.236532179651,1439.3467383348082,1453.194198141131,9413848,1459.6117431640625,1456.7658178710938,1453.1958600510745,46.457770073571865,-0.3474418371158663,2.310455538958669,-2.6578973760745352,1483.5489659727177,1459.6117431640625,1435.6745203554074,-0.07771382883739378
2024-04-29,1454.2613525390625,1457.1152296530197,1439.3467183436048,1439.3467183436048,7247974,1458.2307189941407,1457.0174560546875,1453.2973355261208,50.66095176960453,-0.14830369621154205,1.8187036919246267,-1.9670073881361687,1479.9538783937323,1458.2307189941407,1436.507559594549,0.10325157518581235
2024-04-30,1456.221923828125,1472.178772035999,1452.1272302795285,1457.214576809603,11474262,1457.295147705078,1457.0551806640624,1453.5758677453593,51.31262364998789,0.16580513463532043,1.4881239804667656,-1.3223188458314452,1477.6275346151876,1457.295147705078,1436.9627607949685,-0.006811883736752447
2024-05-02,1455.775146484375,1466.4708844514234,1453.3679147531318,1461.1850562736174,14512646,1456.3905944824219,1456.760859375,1453.7853228633608,51.14683676171393,0.37437192187007895,1.2653735687474283,-0.8910016468773494,1475.2499461346795,1456.3905944824219,1437.5312428301643,-0.03700721669809759
2024-05-03,1423.46435546875,1464.1134460205978,1405.7455242326487,1460.1925152681529,17226958,1453.7625549316406,1456.03423828125,1450.8976116829217,40.864094108393545,-2.043986396179889,0.603501575761965,-2.647487971941854,1475.3906175789332,1453.7625549316406,1432.134492284348,-0.24635594297686808
2024-05-06,1409.095703125,1429.4202480421582,1407.5818831415143,1424.9533097670264,7394208,1451.1779357910157,1455.2192724609374,1446.916477534548,37.27517998468052,-5.061635562857646,-0.5295258519619572,-4.532109710895688,1479.9912310268485,1451.1779357910157,1422.3646405551829,-0.1108279620769284
2024-05-07,1391.17822265625,1410.311631866643,1381.772860502106,1405.571689953147,14517472,1448.1280090332032,1453.7794287109375,1441.6080723080433,33.342691730240304,-8.79752283268681,-2.1831252481069274,-6.614397584579882,1487.022627627552,1448.1280090332032,1409.2333904388543,-0.10204648997330346
2024-05-08,1408.1278076171875,1422.42191231512,1387.2324157830615,1387.2324157830615,9439002,1446.0657775878906,1452.7376391601563,1438.419475670819,39.81155027157725,-10.272139724327872,-3.800928143351116,-6.471211580976755,1488.6741531045936,1446.0657775878906,1403.4574020711875,0.14949755712665289
2024-05-09,1383.8822021484375,1413.2895438420787,1379.7875090012217,1402.6185253372132,11009612,1441.5070190429688,1451.2769482421875,1433.2254496210685,34.633825143723016,-13.24452730104872,-5.6896479748906374,-7.554879326158082,1489.8557670694076,1441.5070190429688,1393.1582710165299,-0.13279212844074587
2024-05-10,1397.0845947265625,1399.6406275450738,1377.8766636438304,1386.4879762578594,10505096,1438.7164245605468,1449.8013696289063,1429.7834634406393,39.26581303797795,-14.369203888531501,-7.425559157618811,-6.94364473091269,1490.4385488187615,1438.7164245605468,1386.994300302332,0.07627930718582099
2024-05-13,1392.394287109375,1396.6379028351905,1373.8317248456565,1389.6149314683873,8456620,1434.9009155273438,1447.99623046875,1426.2225895043282,38.22937135960948,-15.460764741195135,-9.032600274334076,-6.428164466861059,1488.438166460818,1434.9009155273438,1381.3636645938698,0.01999823852676925
2024-05-14,1409.6416015625,1416.5901722719507,1389.7389824487905,1390.681954289976,7188300,1432.564453125,1446.66111328125,1424.6434477955827,44.07512043639062,-14.763931039856516,-10.178866427438564,-4.585064612417952,1486.2283701063482,1432.564453125,1378.9005361436518,0.13549501787730453
2024-05-15,1405.86962890625,1419.468926315315,1402.6435067088078,1410.063563528233,5046534,1430.1547973632812,1445.28380859375,1422.8554650442177,43.11415067640885,-14.350626887000544,-11.01321851935096,-3.3374083676495836,1484.06841017968,1430.1547973632812,1376.2411845468823,-0.02973410888893123
2024-05-16,1414.8778076171875,1417.0120356183081,1387.75361519461,1408.1278405018506,14711774,1428.149639892578,1444.6827563476563,1422.0956881464053,46.13465064557625,-13.14467203375375,-11.439509222231518,-1.7051628115222321,1481.1968326868798,1428.149639892578,1375.1024470982763,0.047899072525729475
2024-05-17,1425.15185546875,1426.6408349602225,1402.8668442157614,1412.5948920294334,10916476,1426.72890625,1444.184443359375,1422.3867517009144,49.432532314265295,-11.230456613179058,-11.397698700421026,0.1672420872419682,1478.4833691091965,1426.72890625,1374.9744433908033,0.08865947985359703
2024-05-21,1425.57373046875,1431.231803864575,1415.1260338425998,1415.1260338425998,11176128,1425.0413940429687,1443.0726733398437,1422.6902734883274,49.56906903330549,-9.56907892910317,-11.031974746157456,1.4628958170542852,1474.588470909269,1425.0413940429687,1375.4943171766683,0.07369488875322602
2024-05-22,1449.91845703125,1457.9837617014118,1425.722543020764,1425.722543020764,10281604,1424.088446044922,1442.144541015625,1425.2834338257485,56.81532550989383,-6.2163509445238105,-10.068849985830727,3.852499041306917,1470.8749741968684,1424.088446044922,1377.3019178929756,0.16809909566608394
2024-05-23,1475.1319580078125,1481.2615172416956,1444.3100355832012,1447.8340020088174,14608260,1425.4148803710937,1441.8636206054687,1430.0309123192785,62.78022813601794,-1.5073947425830738,-8.356558937181196,6.8491641945981225,1476.2364721787305,1425.4148803710937,1374.5932885634568,0.18634057537050766
2024-05-24,1469.37451171875,1477.5638984586112,1465.2549777906743,1472.724715385057,7094776,1426.9075805664063,1441.4119653320313,1433.777921785895,60.717835199695415,1.7398532300956049,-6.337276503725836,8.07712973382144,1480.9503198651405,1426.9075805664063,1372.864841267672,-0.022744412825624873
2024-05-27,1455.4774169921875,1473.990419113941,1450.8119965034373,1469.3497180106694,6629010,1427.2190307617188,1441.1603271484375,1435.8445403769704,55.9408247222324,3.1555658432650944,-4.438708034327651,7.594273877592745,1481.841866802704,1427.2190307617188,1372.5961947207336,-0.09413164550728326
2024-05-28,1445.501220703125,1467.637430621861,1442.0766163922278,1457.2145743340495,7820162,1427.4001892089843,1440.9538549804688,1436.7642242175566,52.73343573468293,3.432959601540915,-2.864374507153938,6.297334108694853,1482.2398943333396,1427.4001892089843,1372.560484084629,-0.08020912837885355
2024-05-29,1430.1895751953125,1447.287997987601,1427.8815843874524,1435.8724890871501,7383556,1426.196600341797,1440.265947265625,1436.1380671678191,48.16856925375698,2.389727040005255,-1.8135541977220997,4.203281237727355,1479.6648195867697,1426.196600341797,1372.7283810968243,-0.03955747116458176
2024-05-30,1414.3814697265625,1429.817270893488,1409.6663684202383,1424.9532474164846,13206858,1424.1045776367187,1440.1205224609375,1434.066010268652,43.939544703838884,0.28410078442902886,-1.394023201291874,1.678123985720903,1475.9597575653765,1424.1045776367187,1372.2493977080608,-0.07405452704404109
2024-05-31,1419.8907470703125,1431.653659822201,1411.800601617005,1420.7841589242364,31069832,1422.3103576660155,1440.0991821289062,1432.7159852021437,45.727895117629004,-0.9293574998905569,-1.3010900610116107,0.3717325611210538,1472.1002067479524,1422.3103576660155,1372.5205085840787,-0.00628807741868754
2024-06-03,1499.228515625,1503.3728901534053,1448.2806515244756,1472.1043222829317,21527942,1426.098565673828,1441.9276489257813,1439.0505119090824,63.69096984472982,4.459457090829574,-0.14898063064337386,4.6084377214729475,1486.1372303369862,1426.098565673828,1366.0599010106698,0.18219735990755018
2024-06-04,1387.0091552734375,1487.0437791255476,1349.3131842665355,1487.0437791255476,36709098,1424.99423828125,1441.0898486328124,1434.0941922294971,42.342949484159014,-0.32132896546363554,-0.1834502976074262,-0.13787866785620934,1487.0227803622497,1424.99423828125,1362.9656962002505,-0.5867583760601676
2024-06-05,1410.3116455078125,1420.6352601794422,1373.9308915121778,1411.5524616660985,17464890,1425.950909423828,1441.0005102539062,1431.8291877798129,46.36327508213733,-2.204409088131115,-0.587642055712164,-1.616767032418951,1486.4347112021078,1425.950909423828,1365.4671076455484,-0.008790209595121683
2024-06-06,1421.0819091796875,1433.0929853880773,1410.9072166555904,1424.4569533735907,17855722,1426.598614501953,1440.7592944335938,1430.8056374369437,48.16240423211275,-2.7954689586968016,-1.0292074363090915,-1.76626152238771,1486.5804536797812,1426.598614501953,1366.616775324125,-0.023689117190121425
2024-06-07,1459.1500244140625,1461.1850112482903,1416.0193060772324,1418.004611799037,18558696,1430.3620056152345,1441.1360034179688,1433.505102863336,54.03160723210002,-0.18992013250954187,-0.8613499755491816,0.6714298430396397,1488.5698148941524,1430.3620056152345,1372.1541963363165,0.28228590442662393
2024-06-10,1460.5894775390625,1482.3781598703026,1457.2888339961758,1459.150058153404,9251760,1433.5372497558594,1441.4610961914063,1436.0845671181671,54.24257528225359,1.9684567769818386,-0.2953886250429775,2.263845402024816,1491.0618806223943,1433.5372497558594,1376.0126188893246,0.009864459707933645
2024-06-11,1445.9727783203125,1462.847878399236,1443.9874724286744,1458.20717740815,11774902,1436.2161743164063,1441.76087890625,1437.0263015183714,51.65038203807537,2.4710557652360876,0.2579002530128355,2.2131555122232522,1490.739164038139,1436.2161743164063,1381.6931845946735,-0.08370396779794251
2024-06-12,1452.57373046875,1465.155654220818,1444.4837064170613,1446.7915758989445,10081742,1438.3627807617188,1441.174716796875,1438.507009037455,52.74858806312751,3.3632414030287237,0.8789684830160132,2.4842729200127103,1491.903392231115,1438.3627807617188,1384.8221692923225,0.03994409529855536
2024-06-13,1454.4847412109375,1461.433311890669,1449.3725542618724,1461.1851486521073,9181160,1440.7935363769532,1440.7657446289063,1440.028697815882,53.080851174277456,4.176365008618859,1.5384477881365823,2.6379172204822767,1492.598799848126,1440.7935363769532,1388.9882729057804,-0.04582386373591178
2024-06-14,1466.6944580078125,1468.8038455887872,1446.518713499826,1459.199879544848,8157998,1443.3843688964844,1440.6223095703126,1442.5682940246375,55.24618350018943,5.739828261653884,2.3787238828400428,3.361104378813841,1494.9283522463986,1443.3843688964844,1391.8403855465701,0.051315761688185246
2024-06-18,1470.1439208984375,1476.4720837189377,1460.5399547367645,1476.4224025999808,7196766,1445.6339721679688,1440.5046850585939,1445.1945442030947,55.865880609083774,7.174523539362099,3.337883814144454,3.836639725217645,1497.7230226061415,1445.6339721679688,1393.544921729796,-0.042499353937156197
2024-06-19,1447.9332275390625,1476.571240472528,1445.3026730272272,1476.571240472528,8725874,1446.7519470214843,1440.247587890625,1445.4553711874726,50.971763316005145,6.44501839164036,3.959310729643635,2.485707661996725,1498.02420423827,1446.7519470214843,1395.4796898046986,-0.1915535671407725
2024-06-20,1462.87255859375,1471.9553570393568,1439.4459739347105,1448.2806091505108,16113776,1447.3996520996093,1440.46150390625,1447.1141509404515,53.897314286090364,6.991762780076897,4.565801139730288,2.4259616403466087,1499.1406971122074,1447.3996520996093,1395.6586070870112,0.10041405872693501
2024-06-21,1443.515869140625,1463.8652545834836,1429.9909727182371,1462.7982011333013,31170360,1445.81884765625,1440.3443725585937,1446.7714574357062,49.75465048582094,5.796322184670316,4.811905348718294,0.9844168359520227,1495.9819871519035,1445.81884765625,1395.6557081605965,-0.1310599056937598
2024-06-24,1430.88427734375,1438.8503408924523,1426.9385064042085,1434.9045699529108,8878386,1443.8943359375,1439.4609106445312,1445.2583926650436,47.20482398465933,3.7860201254452477,4.606728304063685,-0.8207081786184371,1493.2416762795758,1443.8943359375,1394.5469955954243,-0.028010510579329774
2024-06-25,1443.46630859375,1445.2282918111714,1430.4128980926341,1432.3982039886682,7045386,1443.2937805175782,1439.2723071289063,1445.087717991587,49.95592764348081,3.171546416645697,4.319691926580088,-1.1481455099343911,1492.354155768126,1443.2937805175782,1394.2334052670303,0.07711633024164621
2024-06-26,1502.9013671875,1507.8149506909176,1434.5075565031482,1435.425808927042,22014882,1446.1637878417969,1439.9562451171876,1450.5937798197692,60.4422062693966,7.395236402510363,4.934800821766143,2.46043558074422,1501.6940586033213,1446.1637878417969,1390.6335170802724,0.438258670626233
2024-06-27,1519.3050537109375,1526.2039433921725,1494.935374795845,1502.6284353235128,28383030,1450.619561767578,1441.2149291992187,1457.1377106665473,62.76144281018136,11.928675214929171,6.3335757003987485,5.595099514530423,1514.0473880458812,1450.619561767578,1387.1917354892748,0.11052954806135527
2024-06-28,1553.89892578125,1569.3842873036351,1519.7764812043604,1519.7764812043604,28957336,1457.5954345703126,1443.2116528320312,1466.3530644869952,67.1372598339859,18.10420054405813,8.687700669130626,9.416499874927505,1533.0879738322162,1457.5954345703126,1382.102895308409,0.2208245699518714
2024-07-01,1548.6875,1567.7960689891884,1544.2454023527885,1551.0450507194453,7724306,1464.0352722167968,1445.0857836914063,1474.1944392977578,65.88131480595362,22.32053314080804,11.41426716346611,10.906265977341928,1547.1524282888893,1464.0352722167968,1380.9181161447043,-0.015198586128137424
2024-07-02,1553.675537109375,1561.939323957406,1545.5605512562322,1557.968712393485,7749246,1466.7576232910155,1447.0879638671875,1481.764067660769,66.52676466766505,25.76746866959843,14.284907464692576,11.482561204905853,1557.52204029301,1466.7576232910155,1375.9932062890211,-0.02754926277572746
2024-07-03,1541.019287109375,1563.4283787351976,1531.440162014497,1554.8170660210362,9049620,1474.4581298828125,1448.7218701171876,1487.4074218939695,63.25683983410171,27.16479743238756,16.860885458231575,10.303911974155984,1562.956624214721,1474.4581298828125,1385.959635550904,-0.08850991546154942
2024-07-04,1542.6075439453125,1555.983518377374,1539.4062623766438,1545.5606622734106,6837176,1481.0729248046875,1450.19447265625,1492.6645763750498,63.49930140495711,28.076698889492036,19.10404814448367,8.972650745008366,1569.180107755109,1481.0729248046875,1392.965741854266,-0.01910477586907506
2024-07-05,1576.9532470703125,1586.755694667964,1536.6267221432645,1542.4088769403465,12269710,1488.8664916992188,1452.7614721679688,1500.6920688222176,68.36136377396294,31.21101738705829,21.525441992998594,9.685575394059697,1581.8113129433805,1488.8664916992188,1395.9216704550572,0.22029274687031086
2024-07-08,1589.1380615234375,1596.9800437158895,1570.8980643748457,1577.325467706802,9500806,1495.3658935546875,1455.7538232421875,1509.1154966985243,69.89354508447579,34.28300690834067,24.07695497606701,10.206051932273656,1596.874685073523,1495.3658935546875,1393.857102035852,0.07475032758982017
2024-07-09,1578.5911865234375,1588.7410386525216,1568.887979750272,1585.8623208770043,6960002,1501.2659790039063,1458.3406787109375,1515.7322290628017,66.8746801342582,35.45780061409346,26.3531241036723,9.104676510421157,1607.6060033510478,1501.2659790039063,1394.9259546567648,-0.04581761871828009
2024-07-10,1572.5855712890625,1585.7630632323035,1551.6654591589945,1583.2814308954767,7134578,1507.5966186523438,1460.9548291015626,1521.1468330843504,65.14910660549603,35.4950651156978,28.1815123060774,7.313552809620397,1615.0848599864273,1507.5966186523438,1400.1083773182602,-0.06745243277405541
2024-07-11,1569.036865234375,1592.4634499565013,1558.9614138424095,1575.8365135146928,11940946,1513.419775390625,1463.2503393554687,1525.70778852721,64.0966497807209,34.83667112124522,29.512544069110966,5.324127052134251,1620.9723789978793,1513.419775390625,1405.8671717833708,-0.04312269280637063
2024-07-12,1584.9937744140625,1593.3569240772113,1562.9320865975437,1572.8586162043875,12924784,1519.9452270507813,1465.8257763671875,1531.3540728973862,66.70150649364683,35.19675210150672,30.649385675590118,4.5473664259166,1628.2371301724475,1519.9452270507813,1411.6533239291152,0.07700079608306895
2024-07-15,1585.4901123046875,1594.0517441522056,1573.8512804915936,1592.6620057625546,5329688,1525.885009765625,1468.4200756835937,1536.509886174272,66.78223605610904,35.1173581473854,31.542980169949175,3.574377977436228,1634.8717508067725,1525.885009765625,1416.8982687244775,-0.045000443856368214
2024-07-16,1564.669189453125,1588.24469666931,1557.5965372882695,1581.792452589091,9386838,1530.6112731933595,1471.2441723632812,1539.1917245817817,60.18990650673335,32.99402877468856,31.833189890897053,1.1608388837915058,1637.7009000486405,1530.6112731933595,1423.5216463380784,-0.10783139418916433
2024-07-18,1575.0177001953125,1582.1895936713806,1546.3795650620239,1564.4210812674708,12298374,1536.9654968261718,1474.5626123046875,1542.6037222592608,62.18780056922734,31.77997352736884,31.822546618191414,-0.04257309082257521,1638.6214747776596,1536.9654968261718,1435.309518874684,0.0676316807060273
2024-07-19,1543.7242431640625,1578.293333314245,1541.3915329908289,1574.3475621142547,13140390,1541.0080810546874,1477.6135327148438,1542.7104385359085,53.451984802956844,27.970281550168238,31.05209360458678,-3.081812054418542,1636.8190999174683,1541.0080810546874,1445.1970621919065,-0.19209771152265906
2024-07-22,1489.6495361328125,1526.203933085127,1488.2597977476694,1525.9557698439748,19674376,1543.314764404297,1479.2439672851563,1537.6570192594231,42.37476269034911,20.353078653285593,28.912290614326544,-8.559211961040951,1631.5477623911152,1543.314764404297,1455.0817664174788,-0.23353444286590258
2024-07-23,1476.96826171875,1494.6870915999891,1452.2511804820083,1489.9719903646578,18052044,1545.618963623047,1481.1056884765626,1531.8771375888828,40.267239813345604,13.141629095309554,25.758158310523147,-12.616529215213593,1623.8242920679133,1545.618963623047,1467.4136351781806,-0.0870540713393241
2024-07-24,1484.7109375,1498.4095963901725,1465.552808673545,1474.0895996286229,11913362,1547.6811950683593,1482.8582153320312,1527.3851185327987,42.15877893456974,7.959520198017117,22.198430688021944,-14.238910490004827,1616.6303556605487,1547.6811950683593,1478.73203447617,0.07192910787700581
2024-07-25,1481.435302734375,1489.4509269223795,1466.2228234080762,1470.1190347480779,12519876,1546.607891845703,1484.6390356445313,1523.0089455996156,41.5591827993284,3.5474523889431566,18.468235028206188,-14.920782639263031,1618.8992182988382,1546.607891845703,1474.316565392568,0.07682351062363837
2024-07-26,1497.9381103515625,1501.3131545447015,1479.4002684339398,1481.4352554076795,9859940,1545.5395446777343,1486.4049658203126,1520.621247004563,45.745692252162875,1.3667405833307384,15.047936139231098,-13.68119555590036,1620.011894914338,1545.5395446777343,1471.0671944411306,0.1109392274074006
2024-07-29,1508.931640625,1516.2772962786503,1500.6678537480493,1500.8414953005092,7538550,1543.2911804199218,1488.4662060546875,1519.5079511588904,48.39766567433503,0.5196070755800974,12.142270326500899,-11.622663250920802,1619.3172434493868,1543.2911804199218,1467.265117390457,0.05385191402012778
2024-07-30,1502.0328369140625,1513.7957501477324,1498.9059558839842,1505.8793670988641,8228208,1540.958447265625,1490.209306640625,1517.8436545641448,46.85003904809148,-0.7003548812290319,9.573745284954914,-10.274100166183946,1619.0149768621357,1540.958447265625,1462.9019176691143,-0.025537861201277597
2024-07-31,1494.364501953125,1499.3524857083617,1490.1208866802617,1492.9499231376883,10057346,1537.9928955078126,1491.5935595703124,1515.607544791667,45.12281018401717,-2.259903307165814,7.207015566530768,-9.466918873696581,1618.3638983438848,1537.9928955078126,1457.6218926717404,0.009474775161203553
2024-08-01,1504.1671142578125,1506.8472288436842,1493.2479314401046,1500.8913109431162,10764222,1536.1502868652344,1493.1654272460937,1514.5179799789187,47.773484765963694,-2.674043077458464,5.230803837732922,-7.904846915191386,1617.838242872509,1536.1502868652344,1454.4623308579598,0.0218222547748122
2024-08-02,1488.309326171875,1498.2358556077295,1482.303848567256,1493.9426800961044,10268248,1533.4353759765625,1493.9332446289063,1512.0219177115812,44.065415121661324,-4.233046869273039,3.3380336963317303,-7.5710805656047695,1617.6544442587856,1533.4353759765625,1449.2163076943393,-0.037690103592924504
2024-08-05,1436.69140625,1472.997761203301,1422.7198642160924,1469.126390399314,17046704,1526.4222839355468,1493.16443359375,1504.8475832866689,34.640325334540336,-9.523917561820781,0.7656434447012279,-10.289561006522009,1618.0150551416143,1526.4222839355468,1434.8295127294793,-0.21725885105814366
2024-08-06,1445.352294921875,1466.6446510309138,1440.6619130584993,1444.4588830824964,10236186,1519.2329956054687,1492.6839892578125,1499.1813653471647,37.07239210156109,-12.869754847834656,-1.9614362138059493,-10.908318634028706,1612.5620218646104,1519.2329956054687,1425.903969346327,0.00618501819193115
2024-08-07,1454.062744140625,1461.6814036613468,1450.7622216985117,1458.2071184913539,8174568,1513.006573486328,1492.6556958007814,1494.8843538036847,39.51025968230848,-14.649622814038594,-4.499073533852478,-10.150549280186116,1606.2802953068065,1513.006573486328,1419.7328516658497,-0.028413376805274036
2024-08-08,1438.4781494140625,1454.2365143735713,1435.3017085687702,1446.8164580997684,12387192,1506.301202392578,1492.515234375,1489.5123343380064,36.76582530003268,-17.12037452855043,-7.023333732792068,-10.09704079575836,1600.7528036459594,1506.301202392578,1411.8496011391967,-0.05756838817335621
2024-08-09,1463.46826171875,1465.6520496932055,1445.3026646483625,1449.2732763644294,6249776,1501.022772216797,1493.1808081054687,1487.0319464695058,43.53839613803422,-16.86753144833756,-8.992173275901166,-7.875358172436393,1592.6166429820337,1501.022772216797,1409.4289014515603,0.09763352922979238
2024-08-12,1449.8936767578125,1462.1777566892652,1447.0397996020206,1459.199797918004,8184584,1494.2677673339845,1493.8910522460938,1483.4949684017256,40.971398187178934,-17.560085311740295,-10.705755683068993,-6.854329628671302,1579.8220064830743,1494.2677673339845,1408.7135281848946,-0.06368918560044788
2024-08-13,1452.8717041015625,1459.2742672925806,1447.28803114191,1450.0178268110735,6265064,1487.6368469238282,1494.5506713867187,1480.5784670398052,41.78234911918544,-17.66500612531263,-12.09760577151772,-5.567400353794909,1563.9393696886361,1487.6368469238282,1411.3343241590203,0.019679129417781712
2024-08-14,1451.109619140625,1461.1850703208015,1443.0194737625147,1452.7972017764512,6267466,1481.9588684082032,1493.5882934570313,1477.7719100970262,41.41975359516039,-17.686463612883472,-13.215377339790871,-4.471086273092601,1551.046989926836,1481.9588684082032,1412.8707468895705,-0.011615569839979087
2024-08-16,1467.339599609375,1469.5235088888628,1447.3377388233519,1457.8598362701878,9416902,1476.5749633789062,1495.19490234375,1476.7783567172498,46.062709384488734,-16.207020597229302,-13.813705991278558,-2.393314605950744,1531.054116922638,1476.5749633789062,1422.0958098351744,0.06493371063810373
2024-08-19,1482.4791259765625,1492.3397678065596,1474.6105280885965,1476.6025720306277,13797742,1473.5127075195312,1496.638251953125,1477.3212871228986,50.04048721902159,-13.655505924935824,-13.782065978010014,0.12656005307418994,1518.6307216503774,1473.5127075195312,1428.394693388685,0.03977680565600363
2024-08-20,1489.9990234375,1497.9423959482733,1484.0976661921165,1491.268975771349,8411808,1473.5301818847656,1498.0165942382812,1478.5286905814323,51.93654133808372,-10.900959806740275,-13.205844743756067,2.3048849370157924,1518.6734455313829,1473.5301818847656,1428.3869182381484,-0.008515711491567084
2024-08-21,1492.7132568359375,1501.8766102174725,1484.072717714687,1487.30978907883,7769996,1474.317431640625,1498.6878588867187,1479.87960165329,52.63526841013152,-8.402092123301372,-12.245094219665129,3.8430020963637563,1520.2158978272319,1474.317431640625,1428.4189654540182,0.03631450353405074
2024-08-22,1492.1654052734375,1500.5070892244864,1484.720165407205,1497.0210123494212,10445782,1474.6901550292969,1499.3193774414062,1481.0496781885422,52.46946266862321,-6.392242728176598,-11.074523921367422,4.682281193190825,1521.0390336256016,1474.6901550292969,1428.3412764329921,-0.03242376019917384
2024-08-23,1494.008056640625,1505.3128818837536,1492.4642955105633,1497.768063961028,9249654,1475.3187927246095,1500.2800830078124,1482.2838094696929,53.00567047648003,-4.597736195830748,-9.779166376260088,5.18143018042934,1522.3525536495818,1475.3187927246095,1428.2850317996372,-0.025098796935267873
2024-08-26,1506.5828857421875,1516.941539085057,1497.021098650585,1500.9802618699923,8816114,1475.7510314941405,1501.3602661132813,1484.5980072099305,56.60363872712255,-2.1362676601552266,-8.250586633039116,6.11431897288389,1523.7571700786223,1475.7510314941405,1427.7448929096588,0.03730910717708081
2024-08-27,1494.481201171875,1507.4544123852302,1493.485179145279,1504.4912711730515,6251156,1475.0285095214845,1502.1601953125,1485.5392637777347,52.44239807594028,-1.148798286985084,-6.83022896382831,5.681430676843226,1521.4232772928717,1475.0285095214845,1428.6337417500972,-0.06643657741850768
2024-08-28,1492.33984375,1501.4782728482842,1487.0608784010915,1499.0131426615155,9610286,1474.5438598632813,1502.6731030273438,1486.1869380608077,51.71788330919677,-0.53286876289053,-5.5707569236407535,5.0378881607502235,1519.9930034675929,1474.5438598632813,1429.0947162589698,-0.04448856201689663
2024-08-29,1514.874755859375,1530.885760314005,1488.0568158159556,1497.1205913811584,38335358,1475.5693725585938,1503.5677197265625,1488.9191111844807,58.25414521179079,1.7534264885057382,-4.1059202412114555,5.859346729717194,1523.6127135436998,1475.5693725585938,1427.526031573488,0.11803593373118915
2024-08-30,1503.6197509765625,1533.599989641746,1497.3447635789732,1527.89778785993,41620730,1475.5420043945312,1504.6814501953124,1490.31917211706,54.30029819511259,2.6268662362583655,-2.7593629457174917,5.386229181975857,1523.520730896646,1475.5420043945312,1427.5632778924164,-0.15757435101651418
2024-09-02,1510.2183837890625,1520.7264647058682,1500.6316718721823,1504.8647654458696,11240852,1476.6374572753907,1505.6283666992188,1492.2143351334412,56.17821375927481,3.8076359924891676,-1.4459631580761598,5.253599150565328,1526.687906676145,1476.6374572753907,1426.5870078746364,0.03556041099532901
2024-09-03,1503.1217041015625,1516.941509382377,1501.5031683479538,1515.1984708784905,10923800,1479.9589721679688,1506.8204833984375,1493.2531321780243,53.62596085549254,4.123231741046084,-0.33212417825171103,4.455355919297794,1527.7299184426276,1479.9589721679688,1432.18802589331,-0.0795358379429822
2024-09-04,1508.525146484375,1511.4633627071519,1493.534966971581,1494.7301447200666,11983304,1483.1176147460938,1508.37330078125,1494.70760973101,55.29146687285238,4.754548808304435,0.6852104190595182,4.069338389244916,1529.6561585269535,1483.1176147460938,1436.579070965234,0.09202977518089954
2024-09-05,1487.035888671875,1519.7054581926027,1481.1345314015284,1513.0072347057646,16264168,1484.7662719726563,1509.2446923828124,1493.97696963014,47.92044501521401,3.480744761332744,1.2443172875141633,2.2364274738185808,1529.3666895443744,1484.7662719726563,1440.1658544009383,-0.16998752046977578
2024-09-06,1458.997802734375,1491.0448575756723,1455.8105811316245,1486.5627588054047,19394228,1485.792254638672,1508.36662109375,1490.6456204019719,40.36021970540085,0.20642710260722197,1.036739250532775,-0.8303121479255531,1526.8930019460477,1485.792254638672,1444.6915073312962,-0.18333108490266892
2024-09-09,1456.63232421875,1464.07768593117,1449.809597840599,1460.666261949736,9010298,1485.450457763672,1507.1131665039063,1487.4062588607126,39.789869322218635,-2.549973076872675,0.319396785051685,-2.86936986192436,1527.3931842517163,1485.450457763672,1443.5077312756275,-0.027610088499782224
2024-09-10,1455.7110595703125,1466.1942153054945,1451.7766997689328,1454.6901127162012,10768260,1485.7413269042968,1505.1494091796876,1484.387668452103,39.55542251347343,-4.753977541846325,-0.695278080327917,-4.058699461518408,1526.7642876909579,1485.7413269042968,1444.7183661176357,0.007018196402748909
2024-09-11,1445.7259521484375,1462.9073318760024,1441.7917138302157,1457.2300550346945,9760202,1485.3840393066407,1503.0901782226563,1480.7056002327065,37.010087547222035,-7.223118070372948,-2.0008460783369233,-5.222271992036024,1527.6514773260635,1485.3840393066407,1443.116601287218,-0.07878140598041031
2024-09-12,1473.913330078125,1480.088617533546,1440.1232367942907,1451.2039809867947,22349376,1486.5242248535155,1501.4949340820312,1480.0587173608415,47.31635385651639,-6.826749383854349,-2.9660267394404087,-3.86072264441394,1526.1815631769364,1486.5242248535155,1446.8668865300947,0.1552213114540504
2024-09-13,1466.766845703125,1477.2500011980833,1463.6542770635715,1470.5268529366479,8711328,1486.495587158203,1500.0098852539063,1478.7928248220114,45.29294623849893,-7.0084963245155905,-3.7745206564554454,-3.233975668060145,1526.209086619403,1486.495587158203,1446.7820876970031,-0.025563545709870173
2024-09-16,1465.4969482421875,1475.0090069946318,1458.9232273463058,1471.6723576050656,5481774,1485.6464782714843,1498.4676733398437,1477.5265508620282,44.925305156829324,-7.172324108817747,-4.454081346927906,-2.718242761889841,1526.3802513723033,1485.6464782714843,1444.9127051706653,-0.04193723783015745
2024-09-17,1466.4432373046875,1471.5975781970765,1460.790763828237,1468.1364260685732,5935328,1484.4686889648438,1496.2574731445313,1476.4709971899006,45.28172812722633,-7.143455876617736,-4.991956252865872,-2.1514996237518638,1525.9856190448363,1484.4686889648438,1442.9517588848512,-0.01153240031764534
2024-09-18,1457.6282958984375,1476.10455198121,1454.7399294679985,1464.1522884024148,8574714,1482.7144409179687,1493.6272778320313,1474.6764542097612,42.521156938365564,-7.74261762024571,-5.54208852634184,-2.20052909390387,1525.6310192827768,1482.7144409179687,1439.7978625531605,-0.04452868967298743
2024-09-19,1463.82861328125,1470.6264144806405,1449.7598031867433,1460.4171894563083,16955902,1481.2976013183593,1491.3320263671876,1473.6433265022838,45.05836851411282,-7.629199165254249,-5.959510654124323,-1.6696885111299267,1524.740364955054,1481.2976013183593,1437.8548376816645,0.023354994032377265
2024-09-20,1480.0140380859375,1489.0528890965668,1465.5218693608433,1468.136427109257,30897320,1480.597900390625,1489.480595703125,1474.2500609388221,51.123542361315025,-6.162251113075172,-6.000058745914492,-0.16219236716067975,1523.648263441999,1480.597900390625,1437.547537339251,0.08072658983262376
2024-09-23,1487.434326171875,1495.5270047691104,1483.026880271187,1485.0687739665293,8832314,1479.6404724121094,1487.848544921875,1475.5057052467318,53.64978357490896,-4.350775941542679,-5.6702021850401305,1.3194262434974515,1521.1611965901295,1479.6404724121094,1438.1197482340892,0.01592755969647866
2024-09-24,1483.4501953125,1494.530939532627,1481.9561623839436,1482.5786761041754,17137444,1479.0889221191405,1485.8176733398439,1476.2623233482336,52.09291739379527,-3.199769924804741,-5.176115732993053,1.976345808188312,1520.0963245857183,1479.0889221191405,1438.0815196525627,0.005878333365286235
2024-09-25,1488.0069580078125,1490.5468626388433,1474.3116560624171,1477.9970102640052,7069002,1478.8722778320312,1483.8680102539063,1477.3808599824793,53.746167410569825,-1.8980175322949435,-4.520496092853431,2.6224785605584877,1519.6424655440867,1478.8722778320312,1438.1020901199756,0.06762307990950811
2024-09-26,1491.9910888671875,1498.017070530802,1482.1305684499498,1484.7202013028073,18818998,1477.728094482422,1482.4144482421875,1478.7723103524515,55.201830745491556,-0.5386738225176941,-3.724131638786284,3.18545781626859,1515.5719386277976,1477.728094482422,1439.8842503370463,0.04893232258683425
2024-09-27,1520.1038818359375,1527.3747692811157,1486.0647823070499,1493.0369361114394,20597478,1478.5523010253905,1481.316171875,1482.7086504937358,63.84762884125509,2.7750937518521823,-2.424286560658591,5.199380312510773,1519.2279100504754,1478.5523010253905,1437.8766920003056,0.17932759090963765
2024-09-30,1470.701171875,1518.9086621673466,1468.5348969230117,1513.3558880158446,27008814,1476.5764404296874,1479.8557104492188,1481.5650811014752,46.7666560070664,1.3987684784565317,-1.6596755528355667,3.0584440312920984,1514.6640887615943,1476.5764404296874,1438.4887920977806,-0.2746211998839526
2024-10-01,1458.997802734375,1482.0308103038055,1457.0057588364782,1474.7599230273088,16431642,1474.3702453613282,1479.24267578125,1479.4158164950848,43.77869159298738,-0.6290915216436588,-1.453558746597185,0.8244672249535263,1511.1407670424128,1474.3702453613282,1437.5997236802436,-0.10647411305633611
2024-10-03,1401.3780517578125,1443.634334423912,1396.4975195620746,1430.8602791168494,37757294,1469.012890625,1477.7308715820313,1471.9836484248683,32.70107575542404,-6.807148961201392,-2.5242767895180265,-4.2828721716833655,1514.5049435230744,1469.012890625,1423.5208377269255,-0.2031782783707158
2024-10-04,1381.0093994140625,1411.711728297617,1376.2782950115372,1398.34020617394,37072876,1463.7115661621094,1475.6568408203125,1463.319434233363,29.82778166388239,-13.194782766496246,-4.65837798491367,-8.536404781582576,1522.372182541252,1463.7115661621094,1405.0509497829669,-0.12330769433642802
2024-10-07,1365.272216796875,1390.9447078848398,1355.9594355150189,1387.9566419173104,22181340,1459.0252868652344,1473.3335791015625,1453.9816040013163,27.795683121731898,-19.30435905900731,-7.5875741997323995,-11.716784859274911,1531.7359480295177,1459.0252868652344,1386.3146257009512,-0.16199770642102349
2024-10-08,1391.791259765625,1395.4267642320656,1359.669551595401,1367.513224520688,17020808,1455.7832336425781,1471.2106420898438,1448.0587140741077,35.740382864425584,-21.75559222447623,-10.421177804681166,-11.334414419795065,1534.1907220382263,1455.7832336425781,1377.37574524693,0.17569221166785967
2024-10-09,1369.1318359375,1395.4019165531051,1367.0402140253339,1391.9656892391695,14310610,1451.4542724609375,1468.4146459960937,1440.5418685372879,32.45441158333003,-25.23573643756322,-13.384089531257578,-11.85164690630564,1538.4856835714925,1451.4542724609375,1364.4228613503826,-0.16258461279355177
2024-10-10,1365.595947265625,1380.4864268287754,1363.9774115920343,1374.5352199766685,22358646,1447.447772216797,1465.685908203125,1433.4041617495104,31.960608266792235,-27.956823604688907,-16.298636345943844,-11.658187258745063,1542.2002181663208,1447.447772216797,1352.695326267273,-0.06494334141239018
2024-10-11,1366.6417236328125,1377.7723178051706,1363.3797273571677,1364.5501018082973,7980122,1442.0841918945312,1463.1314526367187,1427.0458343098248,32.28875342165158,-29.686709468676327,-18.97625097049034,-10.710458498185986,1542.2280503427305,1442.0841918945312,1341.9403334463318,0.015327088567851309
2024-10-14,1367.0650634765625,1374.5849563155427,1362.8070452852592,1373.962442591221,12221432,1437.099102783203,1460.3894116210938,1421.3333799447523,32.430819120872826,-30.669952372086073,-21.314991250809488,-9.354961121276585,1541.6606405349632,1437.099102783203,1332.537565031443,-0.0501585101457173
2024-10-15,1338.678466796875,1366.243302159234,1335.3666207605413,1353.1207855156183,33762794,1430.7581787109375,1457.3967944335936,1413.4614834544782,28.163766279788547,-33.35524210422432,-23.723041421492454,-9.632200682731863,1542.7774748027266,1430.7581787109375,1318.7388826191484,-0.10632993920327657
2024-10-16,1348.6884765625,1358.5740438069333,1332.3039628645522,1334.6695151768993,20034438,1424.8704406738282,1455.6367358398438,1407.292625655242,31.582334204827205,-34.28046556429149,-25.834526250052264,-8.445939314239226,1541.0688200984316,1424.8704406738282,1308.6720612492247,0.10465236366352859
2024-10-17,1351.0291748046875,1363.0062419523483,1346.6715786036464,1360.2671814831224,15543660,1419.5404846191407,1453.7502734375,1401.9342017647132,32.39253178656395,-34.42797279642855,-27.553215559327523,-6.874757237101026,1538.9738164322177,1419.5404846191407,1300.1071528060636,-0.0678089602289011
2024-10-18,1353.8927001953125,1362.9814005892638,1335.9891081789099,1346.796043723323,12082452,1414.0436889648438,1451.7468725585939,1397.3588206628656,33.43109843706543,-33.92277019447556,-28.827126486357134,-5.095643708118427,1534.9283461798323,1414.0436889648438,1293.1590317498553,0.05264416792529492
2024-10-21,1363.7532958984375,1368.5342502099143,1352.3239675798945,1361.686598848784,14067408,1408.2306518554688,1450.2523754882814,1394.158294494825,37.01896506552559,-32.3537716873459,-29.53245552655489,-2.8213161607910067,1527.030239744351,1408.2306518554688,1289.4310639665864,0.015176314242049656
2024-10-22,1338.006103515625,1370.5262455038624,1334.8935348257999,1363.7532474009167,15831960,1400.7592407226562,1447.7431323242188,1388.8104667825203,32.14687731676483,-32.809702486516244,-30.18790491854716,-2.6217975679690824,1517.471310270622,1400.7592407226562,1284.0471711746902,-0.18658458186714824
2024-10-23,1333.2003173828125,1352.0748848775756,1329.689315659354,1332.1793705575924,17214742,1393.2467468261718,1445.4092651367187,1383.5142620777863,31.318346068723542,-33.17638103792501,-30.78560014242273,-2.3907808955022816,1507.0063167548692,1393.2467468261718,1279.4871768974745,0.007663583902877224
2024-10-24,1334.4703369140625,1338.3547254831988,1317.8616212723593,1329.9633130042932,22155934,1385.5699157714844,1443.0412377929688,1378.8434120621937,31.818458395909445,-32.98427428752848,-31.225334971443882,-1.7589393160845965,1493.2757120778422,1385.5699157714844,1277.8641194651266,0.033875365887738915
2024-10-25,1322.5677490234375,1339.002111534351,1316.7410448137834,1338.1555171764887,18597496,1377.0987487792968,1440.470400390625,1373.4838251061217,29.64013352093326,-33.407368325785455,-31.6617416423122,-1.7456266834732546,1476.306899974272,1377.0987487792968,1277.8905975843215,-0.11596293519071114
2024-10-28,1329.0418701171875,1347.6177038778262,1316.8406011796387,1331.6813526124565,10824350,1367.5456481933593,1437.7044458007813,1369.2512579643185,32.35292638968248,-32.84168740439691,-31.897730794729146,-0.9439566096677616,1444.0244651399116,1367.5456481933593,1291.066831246807,-0.019818081075223162
2024-10-29,1334.66943359375,1337.856655249044,1315.0478495098762,1322.8167478889227,12008361,1360.7440612792968,1434.748251953125,1365.9577508814073,34.70942081714722,-31.575303414814925,-31.833245318746304,0.2579419039313784,1421.9969778418508,1360.7440612792968,1299.4911447167428,0.08936285025062657
2024-10-30,1338.553955078125,1344.62966480214,1320.0776988278842,1329.6893351932274,11984423,1354.7218688964845,1431.7193505859375,1363.347865566809,36.357456978463134,-29.913413351120425,-31.44927892522113,1.5358655741007041,1396.847552317603,1354.7218688964845,1312.596185475366,0.06656825856874926
2024-10-31,1326.7510986328125,1337.6574904459744,1320.8745447599274,1334.6694245700712,9331650,1350.9905212402343,1428.400107421875,1359.8624591921428,33.58363728693706,-29.21200753786752,-31.00182464775041,1.7898171098828897,1388.9377780628263,1350.9905212402343,1313.0432644176424,-0.059258483910883494
2024-11-01,1333.3248291015625,1336.6116286385318,1327.6972806767253,1327.7471304089104,2127335,1348.6062927246094,1425.2232958984375,1357.335065850183,36.489913479589816,-27.805172546639824,-30.362494227528295,2.557321680888471,1384.6541060325687,1348.6062927246094,1312.55847941665,0.0419840482205598
2024-11-04,1296.9700927734375,1334.6695017714562,1279.9878687625326,1332.5280301195805,19796890,1345.1911865234374,1421.2825366210936,1351.5860207952549,28.94617300580343,-29.286176262917024,-30.147230634606043,0.8610543716890184,1386.7904878020322,1345.1911865234374,1303.5918852448426,-0.2606873191767839
2024-11-05,1300.1075439453125,1304.3406373759979,1281.0336986406933,1287.8564249120313,16267479,1340.607000732422,1417.1530297851561,1346.683308714308,30.28565450523979,-29.86248020625635,-30.090280548936107,0.2278003426797568,1380.8392816743228,1340.607000732422,1300.374719790521,0.09484207441523039
2024-11-06,1320.0777587890625,1323.0160966964434,1295.0277806900112,1304.7888451117578,21625209,1338.154296875,1413.6649609375,1344.1494468166654,38.26343612921236,-28.380621653459457,-29.748348769840778,1.367727116381321,1377.0918123992035,1338.154296875,1299.2167813507965,0.11664203965315406
2024-11-07,1300.4561767578125,1318.7331565363688,1297.4182609581876,1318.7331565363688,9611974,1334.8973083496094,1409.8272875976563,1339.9881830015368,34.13067050393097,-28.46144988206902,-29.490968992286426,1.0295191102174073,1374.9886919004568,1334.8973083496094,1294.805924798762,-0.1377143437118107
2024-11-08,1278.6431884765625,1296.4720058402277,1269.9279963447846,1292.4879180085577,19814406,1330.497381591797,1405.10265625,1334.145802570587,30.22266318099659,-29.940497275842063,-29.580874648997554,-0.35962262684450863,1374.783330078065,1330.497381591797,1286.2114331055288,-0.10670908123287358
2024-11-11,1267.6370849609375,1280.884225507143,1261.9598084895413,1273.8622221377802,9056552,1325.5259826660156,1400.3830029296876,1327.8116389887155,28.452420230567853,-31.636072610946485,-29.99191424138734,-1.6441583695591433,1374.364802379745,1325.5259826660156,1276.6871629522861,-0.04882935042918589
2024-11-12,1269.1810302734375,1284.1712099692156,1262.4578817905294,1270.4759075040322,10671091,1322.0511108398437,1395.562255859375,1322.2277714920222,29.079975560605234,-32.48082605242803,-30.489696603595483,-1.9911294488325453,1376.247831575131,1322.0511108398437,1267.8543901045564,-0.010191711533561576
2024-11-13,1247.0693359375,1270.3761523895544,1244.5294313213271,1265.196886863478,14633633,1316.9701538085938,1390.4412084960939,1315.0698252487343,25.614816910697087,-34.536413897453485,-31.299040062367084,-3.2373738350864016,1378.7484955151956,1316.9701538085938,1255.191812101992,-0.1423060404912391
2024-11-14,1262.5574951171875,1267.537605244334,1246.1231316976048,1248.613186761178,12612633,1312.5465698242188,1385.52185546875,1310.068650950492,31.74956811584265,-34.51781715888069,-31.94279548166981,-2.5750216772108807,1376.5655921994578,1312.5465698242188,1248.5275474489797,0.11121638672597849
2024-11-18,1255.7347412109375,1267.8364328732807,1238.951794764919,1262.55746761959,13620611,1307.638671875,1380.8958325195313,1304.8939928800582,30.554135488276074,-34.6541468957239,-32.48506576448063,-2.169081131243267,1373.2565174012423,1307.638671875,1242.0208263487577,-0.05398639724976635
2024-11-19,1236.710693359375,1276.4021442257297,1230.236550606767,1255.734688515481,14183746,1301.2865417480468,1376.4500903320313,1298.4003453066598,27.45053377425745,-35.88362675296821,-33.16477796217815,-2.7188487907900623,1368.5226097793573,1301.2865417480468,1234.0504737167364,-0.15034845535485136
2024-11-21,1218.1348876953125,1239.0014996478671,1212.407761281373,1236.7107220331202,19433843,1295.2929809570312,1371.6801416015626,1290.756016010341,24.801412660588838,-37.91979487924755,-34.11578134559203,-3.804013533655514,1369.3886760516118,1295.2929809570312,1221.1972858624506,-0.14908406760625853
2024-11-22,1260.3662109375,1263.8024380613526,1217.586994857739,1224.509420421979,20471957,1291.6512756347656,1367.7732446289062,1287.8617488605466,39.173385273086495,-35.714068396138146,-34.435438755701256,-1.2786296404368898,1365.0931341539515,1291.6512756347656,1218.2094171155798,0.2847335658879655
2024-11-25,1281.8802490234375,1299.260783408558,1277.3483005192684,1284.868314871977,28923341,1289.0217712402343,1364.4963305664062,1287.2920822093934,44.94593902198716,-31.86271761879948,-33.9208945283209,2.0581769095214213,1359.8627876060973,1289.0217712402343,1218.1807548743714,-0.02325162235730092
2024-11-26,1290.545654296875,1292.687125909721,1279.0914013187908,1289.7986377983043,9247557,1287.4206665039062,1360.8289770507813,1287.601946217725,47.12262536438232,-27.790912257262107,-32.69489807410915,4.90398581684704,1356.5841928242835,1287.4206665039062,1218.257140183529,0.005791664870142472
2024-11-27,1288.0555419921875,1298.6632001168684,1280.8842325588682,1288.3543972122054,9572746,1285.3713500976562,1357.2547509765625,1287.6451458152928,46.55302645191985,-24.482687246092382,-31.0524559085058,6.569768662413416,1351.8575161585088,1285.3713500976562,1218.8851840368036,-0.002319662079268649
2024-11-28,1265.7447509765625,1291.442044503892,1264.0017125526565,1284.818474176107,15027412,1281.925115966797,1353.25970703125,1285.55939392589,41.69054495033908,-23.391546281367027,-29.520273983078045,6.128727701711018,1344.8845047032428,1281.925115966797,1218.9657272303511,-0.14737355827797144
2024-11-29,1287.0595703125,1294.3305794929802,1270.177046170391,1274.9081506356404,13202307,1279.3503967285155,1349.6720336914063,1285.7022678674718,47.34864903387054,-20.569765962759902,-27.73017237901442,7.160406416254517,1336.8071226525467,1279.3503967285155,1221.8936708044844,0.09502454565464759
2024-12-02,1303.9422607421875,1306.133460567327,1271.9699779978703,1282.876370557777,11024152,1278.2099548339843,1346.5983129882814,1287.4394100460163,51.373498645954264,-16.777788801793122,-25.53969566357016,8.761906861777039,1332.6861842370863,1278.2099548339843,1223.7337254308823,0.16274808789381082
2024-12-03,1318.035888671875,1321.5219654799555,1301.8006823317874,1311.7609017834461,16869482,1277.4455078125,1343.6824584960937,1290.353360391336,54.500395721665164,-12.491388640812374,-22.930034259018605,10.43864561820623,1329.1660374026983,1277.4455078125,1225.7249782223016,0.04779990674774289
2024-12-04,1303.742919921875,1323.1156203515295,1298.8625094957517,1320.7251432865569,19608540,1277.7841491699219,1340.1570361328124,1291.6285565371018,50.92398590961492,-10.130925752399435,-20.37021255769477,10.239286805295336,1330.0968948669836,1277.7841491699219,1225.4714034728602,-0.12787858669386104
2024-12-05,1316.7908935546875,1324.6593698468237,1300.9541199209712,1309.1214514378748,16858723,1278.6183166503906,1336.7441674804688,1294.0249695863956,53.898190911194035,-7.125244102707484,-17.721218866697317,10.595974763989833,1332.82605089066,1278.6183166503906,1224.4105824101212,0.05851771723564585
2024-12-06,1306.3326416015625,1318.6334884089777,1304.7887589399247,1318.6334884089777,9037514,1277.9310607910156,1333.20181640625,1295.1971288259354,51.218825504379566,-5.523442463423407,-15.281663586042535,9.758221122619128,1330.3374426734595,1277.9310607910156,1225.5246789085718,-0.09301515392092914
2024-12-09,1289.9979248046875,1309.7689372979064,1287.9560310594236,1297.8166732313093,14650002,1277.4081481933595,1329.2416357421876,1294.7019665381974,47.26653619870788,-5.508578787228998,-13.327046626279827,7.818467839050829,1329.1090261668596,1277.4081481933595,1225.7072702198593,-0.060172618343777635
2024-12-10,1279.73876953125,1289.7488386952925,1275.107243177966,1284.121290398709,16043729,1277.4629272460938,1324.9965893554688,1293.2769001565835,44.92196957547126,-6.252551783108856,-11.912147657645633,5.659595874536777,1329.171244512431,1277.4629272460938,1225.7546099797567,-0.0341153142341655
2024-12-11,1273.115234375,1284.8683422637005,1270.9738844056644,1279.8882324099652,11724373,1277.736834716797,1320.05681640625,1291.3567415107184,43.42433818195009,-7.292555632423728,-10.988229252601252,3.6956736201775247,1329.291863808476,1277.736834716797,1226.181805625118,-0.052869325638107034
2024-12-12,1257.876220703125,1273.1152845047754,1255.5853214463157,1264.9479526569407,20906813,1277.1715942382812,1315.8003173828124,1288.168120481424,40.1110312444361,-9.23991523027098,-10.6385664481352,1.3986512178642183,1329.3337594283407,1277.1715942382812,1225.0094290482216,-0.055847150043985896
2024-12-13,1267.78662109375,1270.1272485556606,1234.6688884780408,1254.9877622795104,28630222,1278.2074584960938,1311.97609375,1286.2270253016454,43.14901522222954,-9.869752887107097,-10.48480373592958,0.6150508488224826,1328.7345380821528,1278.2074584960938,1227.6803789100347,0.10163182913641246
2024-12-16,1263.2547607421875,1275.904191603511,1261.511722229068,1269.9280595585296,9486781,1278.2423217773437,1309.2136279296874,1284.039190581697,42.09738333188372,-10.61225554786256,-10.510294098316177,-0.10196144954638342,1328.7271043655073,1278.2423217773437,1227.75753918918,-0.052500321453718954
2024-12-17,1240.34619140625,1258.8721754853295,1237.8561365143116,1256.033537225462,17462791,1277.4728942871093,1306.4003637695312,1279.8779525649877,37.16624007572489,-12.900515237100763,-10.988338326073094,-1.912176911027668,1329.7438259906207,1277.4728942871093,1225.2019625835978,-0.12425052520862692
2024-12-18,1248.2645263671875,1254.9378248920182,1235.714673937889,1235.714673937889,12670179,1278.0505859375,1304.0602099609375,1276.867150069959,39.791491896345015,-13.914634823100187,-11.573597625478513,-2.3410371976216737,1328.7381557845142,1278.0505859375,1227.3630160904859,0.10121172965652628
2024-12-19,1225.55517578125,1239.947766097918,1224.1109925687356,1234.0712121990753,14244653,1278.4216003417969,1300.73548828125,1271.9802953757962,35.24356679855315,-16.362173749777412,-12.531312850338294,-3.8308608994391182,1327.4303196534456,1278.4216003417969,1229.4128810301481,-0.068898326803536
2024-12-20,1200.50537109375,1234.5692750261348,1196.7204388413884,1219.1309339507777,20312896,1275.4285583496094,1297.362958984375,1265.173159729887,31.030518602581935,-20.091572727233597,-14.043364825717354,-6.048207901516243,1334.7160756347735,1275.4285583496094,1216.1410410644453,-0.15159971747726267
2024-12-23,1217.437744140625,1222.3181546925216,1208.3738466363206,1210.1667348774333,10052824,1272.2064331054687,1294.399794921875,1260.6269296737669,36.55173174885957,-21.433772107800678,-15.521446282134018,-5.9123258256666595,1336.5317266181835,1272.2064331054687,1207.881139592754,0.06001051249489454
2024-12-24,1217.8858642578125,1228.6429501715868,1216.1428258096823,1217.4377030050357,6734917,1268.5734436035157,1291.424677734375,1256.5563520151045,36.69616555834176,-22.205345834135187,-16.858226192534254,-5.3471196416009334,1336.4544303952289,1268.5734436035157,1200.6924568118025,0.003681167646768388
2024-12-26,1211.7105712890625,1222.8161189414398,1209.4196721335327,1219.3798917928577,10016178,1264.7561950683594,1288.317587890625,1252.285325279291,35.49697487720306,-23.04941875302552,-18.096464704632506,-4.952954048393014,1336.3125339933272,1264.7561950683594,1193.1998561433916,-0.06281244863145577
2024-12-27,1216.1927490234375,1223.0154756156849,1212.1588111658666,1213.4536884394554,7000397,1262.2785949707031,1285.8678735351561,1248.847937064448,37.103581906772284,-23.090505365903937,-19.095272836886792,-3.9952325290171444,1336.8925470250213,1262.2785949707031,1187.664642916385,0.022568603214906603
2024-12-30,1205.8837890625,1218.3340640862093,1203.294156174512,1211.5611874241417,8818766,1258.2198059082032,1283.0117797851562,1244.7561134452149,34.94754254905473,-23.68192324620054,-20.012602918749543,-3.669320327450997,1335.773672642591,1258.2198059082032,1180.6659391738153,-0.046825917207858184
2024-12-31,1210.6148681640625,1214.2503727116298,1201.3519366916562,1203.1945530395503,6405475,1253.5534362792969,1280.2034936523437,1241.5045662755813,36.7636343134174,-23.497997346636566,-20.709681804326948,-2.7883155423096184,1330.7715667132588,1253.5534362792969,1176.335305845335,0.061593712332123546
2025-01-01,1216.391845703125,1221.4218053468785,1206.7802092584152,1210.0172807004092,5892590,1248.4712341308593,1277.4534765625,1239.112878602014,39.00291391208216,-22.625270899740826,-21.092799623409725,-1.5324712763311013,1321.2992780598565,1248.4712341308593,1175.6431902018621,0.052632920410387446
2025-01-02,1236.860107421875,1239.4994683243335,1215.1467802555553,1216.3918076943417,15486276,1245.1270935058594,1274.9156127929687,1238.8983289658102,46.26356015127192,-20.05087721136374,-20.88441514100053,0.8335379296367904,1313.5022547787885,1245.1270935058594,1176.7519322329304,0.16670020469297672
2025-01-03,1246.1729736328125,1257.0296379589822,1230.5852047154665,1238.9518139936486,15521102,1241.5961975097657,1273.0789501953125,1239.5911522674294,49.22500187128595,-17.062495367901192,-20.120031186380665,3.0575358184794723,1301.5826334642247,1241.5961975097657,1181.6097615553067,0.058218517577686806
2025-01-06,1213.15478515625,1256.9797527645217,1210.1667191829588,1248.961727102304,14816766,1236.9373046875,1270.6780395507812,1237.0734030187457,40.667673621225084,-17.160655735194496,-19.52815609614343,2.3675003609489345,1290.1836446349873,1236.9373046875,1183.6909647400128,-0.27908883512195165
2025-01-07,1235.913818359375,1239.5493228115217,1216.3918123612464,1217.1388288273843,10070505,1234.2330993652345,1268.7069091796875,1236.9629663845199,47.449055848423505,-15.226463565329595,-18.667817589980665,3.441354024651069,1281.5938999867626,1234.2330993652345,1186.8722987437063,0.15304317142947352
2025-01-08,1260.4658203125,1265.9937909556584,1240.395953024955,1244.0314575822304,19346579,1233.2694519042968,1267.4648706054688,1239.20133342528,53.60901991038628,-11.578985628971395,-17.250051197778813,5.671065568807418,1277.5730510357896,1233.2694519042968,1188.965852772804,0.13134251270604627
2025-01-09,1249.758544921875,1264.6988742096441,1243.0852464738894,1261.9598138402198,12794704,1232.1016174316405,1265.8792041015624,1240.2067821392413,50.81172447885955,-9.44346236949309,-15.68873343212167,6.245271062628579,1273.2622091201702,1232.1016174316405,1190.941025743111,-0.09638493425190924
2025-01-10,1236.959716796875,1251.750618829338,1231.0831628192257,1248.8621307808614,8120332,1231.0557922363282,1263.925009765625,1239.8975378209207,47.61351690575078,-8.683702944038714,-14.28772733450508,5.604024390466366,1270.5738070893196,1231.0557922363282,1191.5377773833368,-0.09501855029558742
2025-01-13,1234.9178466796875,1240.2963897717905,1221.5213994754447,1225.1070543419412,13764861,1229.412353515625,1261.8522875976562,1239.4232815217556,47.10413404668492,-8.152374481090419,-13.060656763822148,4.908282282731729,1265.2456099933784,1229.412353515625,1193.5790970378716,0.07991035406566344
2025-01-14,1233.822265625,1248.3641626627486,1222.3680125031533,1239.1509590647415,13095266,1227.9407287597655,1259.9937109375,1238.8898514363502,46.81473458781178,-7.730583724099233,-11.994642155877566,4.2640584317783325,1260.3473224051486,1227.9407287597655,1195.5341351143825,-0.042976290764009814
2025-01-15,1247.2186279296875,1251.9995818882041,1236.90982514039,1239.9974688456068,9578856,1228.2843505859375,1258.2715869140625,1239.6830682452394,50.79553377233614,-6.243367377659979,-10.84438720023405,4.60101982257407,1261.3488842503607,1228.2843505859375,1195.2198169215144,0.05816952995229966
2025-01-16,1261.4119873046875,1269.9280238633037,1246.3223515830243,1253.8920943102864,14117603,1228.9417236328125,1257.5604248046875,1241.752489108044,54.6670075733779,-3.8747861033539266,-9.450466980858025,5.575680877504098,1264.0299183315813,1228.9417236328125,1193.8535289340437,0.059900611908869986
2025-01-17,1297.169189453125,1320.7251333812799,1279.888232575373,1316.9900509904955,29366277,1232.5224243164062,1257.5016577148438,1247.0302700932898,62.64182071106683,0.8775234550616915,-7.384868893674082,8.262392348735773,1278.4419127157666,1232.5224243164062,1186.6029359170457,-0.1493751110241744
2025-01-20,1300.2568359375,1310.764916385877,1295.0775703121099,1310.764916385877,14040244,1237.5099975585938,1257.1052392578124,1252.0994668403575,63.24312381751885,4.8371506240259805,-4.940464990134069,9.77761561416005,1289.6796020385304,1237.5099975585938,1185.3403930786571,-0.07999624344474451
2025-01-21,1268.6331787109375,1307.776892128252,1265.1471016946018,1305.2868371165837,14562976,1240.0697692871095,1256.468779296875,1253.674106066127,53.708193991454245,5.3616134919045635,-2.8800492937263433,8.241662785630908,1293.0660834602472,1240.0697692871095,1187.0734551139717,-0.2736538704738543
2025-01-22,1272.0196533203125,1277.7966294698952,1263.6530443254642,1273.2149526536994,10273590,1242.7764587402344,1256.33630859375,1255.421301042716,54.499314316743344,5.981562562449881,-1.1077269224910984,7.089289484940979,1296.4890134572888,1242.7764587402344,1189.06390402318,-0.009387764541338738
2025-01-23,1258.6231689453125,1272.2686211078578,1256.581275301743,1264.9478840486133,8720682,1245.122088623047,1256.1560302734374,1255.7262408429633,50.800725643722544,5.330446270855191,0.17990771617815948,5.1505385546770315,1297.2779740846418,1245.122088623047,1192.966203161452,-0.04995818320095786
2025-01-24,1241.34228515625,1267.9360243063209,1238.5533748820974,1260.9638702056575,14235970,1246.3795654296875,1255.5992553710937,1254.3563403013716,46.42401821488307,3.3810345575625433,0.8201330844550363,2.5609014731075073,1296.8710245244856,1246.3795654296875,1195.8881063348895,-0.15436392354221237
2025-01-27,1224.4595947265625,1235.515414368934,1215.1468135462453,1234.1708090151494,9536019,1247.3083557128907,1255.147060546875,1251.5090311990089,42.56570221795607,0.4684200521010098,0.749790477984231,-0.28137042588322125,1295.4129529814463,1247.3083557128907,1199.203758444335,-0.07852415056815916
2025-01-28,1229.4896240234375,1239.7984277662488,1213.6528493538253,1233.0752790316255,10568025,1248.2520935058594,1254.485703125,1249.4119448013355,44.05750173947119,-1.4176251014541776,0.31630736209654936,-1.733932463550727,1294.129198344628,1248.2520935058594,1202.3749886670907,-0.029070769245706837
2025-01-29,1230.585205078125,1237.8063647194172,1223.1648896668228,1231.0832160878692,5928156,1248.9617614746094,1253.9827124023439,1247.6189219705534,44.39626925728647,-2.7917437547037025,-0.30530286126350104,-2.4864408934402014,1293.2573926950488,1248.9617614746094,1204.66613025417,-0.0040452853770152316
2025-01-30,1248.0654296875,1251.9996679975989,1227.497550840604,1230.635044492625,9269259,1249.5220275878905,1254.2098071289063,1247.6614465150244,49.636637449244894,-2.4420838275307233,-0.7326590545169455,-1.7094247730137777,1293.473341888131,1249.5220275878905,1205.57071328765,0.14069772597731786
2025-01-31,1260.0673828125,1261.9598488917904,1244.0314532484974,1250.8541794958078,6584612,1250.216748046875,1255.04845703125,1248.8429642576411,52.91763383310632,-1.1828829649020918,-0.8227038365939747,-0.36017912830811705,1294.3731196543547,1250.216748046875,1206.0603764393952,0.07352238722731676
2025-02-01,1259.5693359375,1265.495739501575,1236.0632421918099,1260.0673469134033,7118453,1252.5374755859375,1255.03251953125,1249.8645234652467,52.76401944981996,-0.22257966979509547,-0.702679003234199,0.4800993334391035,1293.415567636384,1252.5374755859375,1211.659383535491,-0.003952236236474299
2025-02-03,1240.94384765625,1251.003645649064,1232.6270881824535,1246.0235355947286,9252345,1252.7889770507813,1254.2137915039064,1249.0149352929614,47.24104434610476,-0.9534627097993962,-0.7528357445472385,-0.20062696525215773,1293.315248080012,1252.7889770507813,1212.2627060215507,-0.04074462140590634
2025-02-04,1280.08740234375,1283.6731787459128,1241.6409781641657,1243.0852829885687,16691069,1253.7700561523438,1254.0046264648438,1251.974217869227,57.345959461651105,1.607336566804861,-0.28080128227681855,1.8881378490816796,1295.9100917351805,1253.7700561523438,1211.6300205695072,0.2891729995352343
2025-02-05,1273.115234375,1285.366353249074,1271.6212014188793,1277.5476050956522,10112028,1254.937890625,1253.7058203125,1253.9876480126338,55.313779899728765,3.039159221146747,0.3831908184078946,2.655968402738852,1297.8559053638423,1254.937890625,1212.0198758861575,-0.03468045452977806
2025-02-06,1276.4520263671875,1282.8763195509282,1265.2965071593937,1268.6331564996678,9956001,1256.9125061035156,1253.9199658203124,1256.1271126178294,56.11530715647755,4.392506140920659,1.1850538829104476,3.2074522580102114,1299.97395318184,1256.9125061035156,1213.8510590251913,0.061554317490763254
2025-02-07,1261.6610107421875,1278.5933846345008,1256.979756005846,1271.073491533156,8764283,1258.2496643066406,1253.4119946289063,1256.654150534435,51.689424298546854,4.2228535508183995,1.792613816492038,2.4302397343263618,1300.141106235336,1258.2496643066406,1216.3582223779451,-0.07391636835886868
2025-02-10,1248.6629638671875,1261.461821832557,1240.5952102474196,1259.469777897567,6970972,1258.99169921875,1252.3064086914062,1255.8930851375542,48.09920286010694,3.004929935486871,2.0350770402910046,0.9698528951958663,1299.633203219155,1258.99169921875,1218.350195218345,-0.08559451526561686
2025-02-11,1229.937744140625,1259.5196705337273,1225.2066396338644,1259.5196705337273,8859714,1258.1276550292969,1250.5444458007812,1253.4211478997515,43.420282116658655,0.5227223391852931,1.7326061000698623,-1.2098837608845692,1300.4342854504316,1258.1276550292969,1215.8210246081621,-0.23064133416822796
2025-02-12,1211.7105712890625,1222.0193743195214,1188.6027887286011,1214.5989377224967,21131654,1255.6425842285157,1248.703798828125,1249.4487120320669,39.40231295813852,-2.8820036385452568,0.8096841523468384,-3.6916877908920953,1302.4816751136025,1255.6425842285157,1208.803493343429,-0.023775931314134375
2025-02-13,1211.2623291015625,1223.1150152108587,1207.1786632211406,1212.2086229517822,8511216,1251.3472412109375,1246.5932275390626,1245.8119136577332,39.305985356772965,-5.552437856698361,-0.4627402494622015,-5.08969760723616,1297.9211627670757,1251.3472412109375,1204.7733196547993,-0.0078062027494053094
2025-02-14,1212.40771484375,1219.1308629852126,1200.6546072366423,1214.1507532507958,10298145,1246.95478515625,1244.7147290039063,1242.6305613897346,39.711574850452685,-7.490012950100208,-1.868194789589803,-5.621818160510405,1290.7358671417912,1246.95478515625,1203.1737031707087,-0.014355043375603541
2025-02-17,1220.02734375,1222.6169765728448,1199.7084711054922,1206.2821918357026,8166683,1244.5244934082032,1243.3153173828125,1240.4778739954743,42.46600700138002,-8.314866196567664,-3.157529070985375,-5.157337125582289,1288.6174037069936,1244.5244934082032,1200.4315831094127,0.11345580096782319
2025-02-18,1220.525390625,1225.0074896525716,1211.2623373341316,1219.9775298877432,6673250,1241.9497802734375,1242.1310498046876,1238.5776374840004,42.65044452298424,-8.826632195121192,-4.291349695812539,-4.535282499308654,1285.3279172882178,1241.9497802734375,1198.571643258657,0.004490714304168021
2025-02-19,1222.567138671875,1227.8461038341088,1212.706618273488,1214.6488125132394,6217338,1240.1469787597657,1241.120087890625,1237.052828073322,43.450772594617405,-8.964125572640341,-5.225904871178099,-3.738220701462242,1283.6003949524252,1240.1469787597657,1196.6935625671063,0.0650980603907861
2025-02-20,1228.0950927734375,1234.4198079853766,1217.1388510698625,1219.0810452834291,7795582,1239.484619140625,1240.5244653320312,1236.1997104257139,45.66178082057482,-8.528716631567704,-5.8864672232560205,-2.6422494083116836,1283.2477124664103,1239.484619140625,1195.7215258148397,0.0738068712450118
2025-02-21,1223.264404296875,1235.0672403005465,1217.2882724889691,1223.8121434284387,6904025,1239.4248596191405,1239.6340209960938,1234.9677765086817,44.041266877347184,-8.47574498490826,-6.404322775586469,-2.071422209321791,1283.2730392258998,1239.4248596191405,1195.5766800123813,-0.004475649936556425
2025-02-24,1209.718505859375,1218.3838481751116,1205.68456833515,1211.7105497558396,7172498,1238.4363037109374,1238.5632958984374,1232.5630840658905,39.77814347625723,-9.418237786842838,-7.007105777837744,-2.411132009005094,1283.9940208745934,1238.4363037109374,1192.8785865472814,-0.016438451015602217
2025-02-25,1199.21044921875,1216.1428226711741,1196.7203942992758,1206.1826029932777,11552182,1236.8675659179687,1237.7405810546875,1229.386642651877,36.80209553842353,-10.887577260694798,-7.783200074409155,-3.1043771862856424,1285.4583821520198,1236.8675659179687,1188.2767496839176,-0.05773917569534594
2025-02-27,1202.298095703125,1210.166693583284,1195.8738026303336,1207.975493883109,11509215,1234.57919921875,1236.8212524414062,1226.8067810377104,38.263686846624715,-11.668386219965669,-8.56023730352046,-3.1081489164452094,1285.116830319522,1234.57919921875,1184.0415681179782,-0.04696470722380877
2025-02-28,1195.325927734375,1212.5073065135477,1188.5530513693543,1197.218393771922,23007298,1231.3421264648437,1236.2166674804687,1223.8086045326309,36.226305733856826,-12.7033424081269,-9.388858324441747,-3.3144840836851532,1283.2109221042722,1231.3421264648437,1179.4733308254151,-0.01580587502955886
2025-03-03,1166.5906982421875,1201.6506219268736,1151.4013636439433,1199.2104168056296,17944938,1226.6931945800782,1235.5383740234374,1218.359280124017,29.30150988983513,-15.661707102979108,-10.64342808014922,-5.018279022829887,1283.9916772027452,1226.6931945800782,1169.3947119574111,-0.2654941204615173
2025-03-04,1157.2779541015625,1169.3297956512124,1154.9373267832577,1157.576687742468,11377373,1222.5098999023437,1234.3351782226562,1212.5420109790214,27.46889266936188,-18.543930175941796,-12.223528499307736,-6.320401676634059,1286.8231582005787,1222.5098999023437,1158.1966416041087,-0.002580675482586222
2025-03-05,1170.9234619140625,1178.2940491759787,1152.3974766666165,1156.3815647449799,8664095,1217.0517028808595,1233.3959301757814,1208.5783396395016,33.984083418387414,-19.502224778821983,-13.679267755210585,-5.822957023611398,1279.3913042063393,1217.0517028808595,1154.7121015553796,0.12509473138147165
2025-03-06,1204.7882080078125,1209.1208794668382,1180.4355183146993,1192.2383549047067,14468014,1213.6353515625,1233.2574829101563,1208.2173747221977,46.7645465023793,-17.329316590935377,-14.409277522355545,-2.9200390685798325,1270.565087348636,1213.6353515625,1156.705615776364,0.10487588803135521
2025-03-07,1244.828369140625,1249.8084792402678,1207.178688153437,1211.1627762331514,16474965,1212.0541687011719,1233.8301953125,1211.7041360953815,57.292321092864086,-12.235323628681044,-13.974486743620645,1.7391631149396005,1263.400134483672,1212.0541687011719,1160.7082029186718,0.2710168246279894
2025-03-10,1233.4736328125,1252.9956391209716,1230.4855669004469,1240.0473535020744,11931051,1210.6447998046874,1234.3819921875,1213.7774214970118,54.02922205893167,-9.010660546210602,-12.981721504138637,3.971060957928035,1257.8470651369673,1210.6447998046874,1163.4425344724075,-0.052962248887582955
2025-03-11,1242.3382568359375,1244.5294565449083,1224.858022557904,1235.0672477916657,10089838,1210.328564453125,1235.0164599609375,1216.4975010531,56.12995048492494,-5.6743800262090645,-11.520253208552722,5.845873182343658,1256.5829990220434,1210.328564453125,1164.0741298842065,0.058803442821916796
2025-03-12,1252.0494384765625,1257.9757204337955,1239.0513034201438,1252.995610693361,11977555,1211.434149169922,1235.7296118164063,1219.8833998553346,58.374082092205214,-2.221138575944906,-9.66043028203116,7.439291706086253,1260.4831626898583,1211.434149169922,1162.3851356499856,-0.007551137649416786
2025-03-13,1242.9359130859375,1259.1212710412995,1238.901975238559,1255.0376050433522,9505270,1212.9954162597655,1235.8511279296874,1222.0788773058682,55.50457065886052,-0.21730027911030447,-7.771804281446989,7.554504002336684,1263.931773134812,1212.9954162597655,1162.0590593847191,-0.09612719677771461
2025-03-17,1233.9217529296875,1252.3980085038181,1228.1946267891797,1237.208673957254,16640917,1214.1283874511719,1235.606103515625,1223.2067702224224,52.742878489216984,0.6360565538552692,-6.090232114386537,6.726288668241806,1265.8619312297,1214.1283874511719,1162.3948436726437,-0.026560983547184468
2025-03-18,1233.9217529296875,1233.9217529296875,1233.9217529296875,1233.9217529296875,0,1215.2040893554688,1236.0214428710938,1224.2272447659714,52.742878489216984,1.297392459411185,-4.6127071996269935,5.9100996590381785,1267.6397102070055,1215.2040893554688,1162.7684685039321,0.0
2025-03-19,1242.1888427734375,1248.2645525643281,1233.8720835165427,1236.113132982547,16162399,1216.3121643066406,1236.146943359375,1225.9378731476347,55.11815397488587,2.4602309774033984,-3.198119564220915,5.658350541624314,1270.029625532124,1216.3121643066406,1162.5947030811571,0.04911218559671092
2025-03-20,1264.101318359375,1267.9359786597456,1245.0773228865291,1246.8700894970418,15971477,1218.4909606933593,1236.2196533203125,1229.5724869773244,60.74953597656712,5.091253726533296,-1.5402449060700731,6.631498632603369,1276.1085571335573,1218.4909606933593,1160.8733642531613,0.137322773264464
2025-03-21,1271.2725830078125,1275.9041093610767,1265.0474458622177,1269.927977701306,21780769,1220.9262329101562,1236.6499340820312,1233.5439246945136,62.411744244991695,7.66664304636447,0.3011326844168356,7.365510361947635,1282.973973416258,1220.9262329101562,1158.8784924040542,0.01058764816556619
2025-03-24,1296.920166015625,1300.8046759652354,1279.141198398433,1285.86434660882,20299319,1224.3674865722655,1237.8491430664062,1239.5797572012862,67.68292664420088,11.6429900976093,2.5695041670553285,9.073485930553971,1294.7044630374544,1224.3674865722655,1154.0305101070767,0.08576842773719662
2025-03-25,1280.33642578125,1302.497915186312,1277.4977874103538,1302.497915186312,13713899,1227.2210876464844,1238.7575146484376,1243.4613446850922,61.66161011545632,13.302758622222655,4.716155058088794,8.58660356413386,1301.6588413406682,1227.2210876464844,1152.7833339523006,-0.16852296545548365
2025-03-26,1267.98583984375,1288.6532960847499,1263.7028966635362,1285.8643858858131,12074747,1230.134454345703,1239.4407861328125,1245.7970108906786,57.554985235529074,13.466316751937256,6.466187396858487,7.000129355078769,1306.1483562547457,1230.134454345703,1154.1205524366603,-0.13815003800490924
2025-03-27,1273.115234375,1279.8882324099652,1266.242780044616,1273.0655062272906,15028056,1233.8296936035156,1239.9587182617188,1248.398746460614,58.78274243956627,13.850180756321151,7.94298606875102,5.907194687570131,1310.6522474696474,1233.8296936035156,1157.0071397373838,0.00039061733223426506
2025-03-28,1270.027587890625,1290.5954658598978,1263.9518781988888,1274.9081198538831,18147129,1237.2161682128906,1240.1310302734375,1250.458636120615,57.70077645122287,13.746784108508564,9.10374567670253,4.643038431806033,1314.1514729716864,1237.2161682128906,1160.2808634540947,-0.03826275160566321
2025-04-01,1247.6170654296875,1272.8164693011493,1244.330265958221,1259.5693287834792,12099648,1239.8307250976563,1239.1399877929687,1250.1880103405265,50.44343565188568,11.721382845007838,9.627273110363593,2.0941097346442454,1314.4120550041914,1239.8307250976563,1165.2493951911213,-0.09460787421678411
2025-04-02,1246.1729736328125,1250.5554948342144,1238.9518139936486,1242.5873186806543,10142590,1243.8098388671874,1238.058310546875,1249.8056258921727,50.00696618217126,9.885754784736491,9.678969445238174,0.20678533949831746,1310.4001227050146,1243.8098388671874,1177.2195550293602,0.028848355232266115
2025-04-03,1243.732666015625,1246.8204315907722,1228.145018441354,1228.145018441354,7434366,1248.1325744628907,1237.5603002929688,1249.2272487610728,49.231739254966286,8.140258063953752,9.37122716898129,-1.2309691050275386,1301.629952944388,1248.1325744628907,1194.6351959813935,0.12624310637903804
2025-04-04,1199.9075927734375,1240.4954871764826,1188.4036122186155,1236.1628160172713,17908652,1249.5817810058593,1236.1180590820313,1244.5301386670124,37.87580293595106,3.1839199407277192,8.133765723330576,-4.949845782602857,1295.6952179375166,1249.5817810058593,1203.468344074202,-0.28515865290428716
2025-04-07,1161.062744140625,1166.590714623955,1110.415052053189,1127.6960086529814,22156106,1247.3955078125,1234.1668505859375,1236.5808629978326,31.041220002118337,-3.834269305337557,5.74015871759695,-9.574428022934507,1304.607054242127,1247.3955078125,1190.183961382873,0.2875415294241435
2025-04-08,1177.4971923828125,1191.8399338970503,1158.6724733291408,1167.3378163352843,19555040,1244.0289489746094,1232.8899487304689,1230.953846748783,36.280024007593845,-7.978145130594839,2.9964979479585923,-10.97464307855343,1308.8646106973288,1244.0289489746094,1179.19328725189,0.08681123336456094
2025-04-09,1180.6346435546875,1185.0670143686195,1163.3536863154889,1164.8477193030515,10223104,1241.3869995117188,1232.0134497070312,1226.1615416826787,37.259951545153434,-10.88357145142345,0.2204840680821838,-11.104055519505634,1311.7945850067733,1241.3869995117188,1170.9794140166644,0.13470406446069846
2025-04-11,1214.1009521484375,1217.786306450343,1190.3957018139643,1190.3957018139643,11224242,1239.9751342773438,1231.7056762695313,1225.012914107989,46.67946325571776,-10.366196271358376,-1.8968519998059283,-8.469344271552448,1311.3752697080704,1239.9751342773438,1168.5749988466173,0.19654634374764576
2025-04-15,1235.1668701171875,1246.0235343416643,1232.1788040875913,1246.0235343416643,13378535,1239.131005859375,1231.7973095703126,1225.9799575374366,51.60487371993743,-8.162239967289224,-3.1499295933025877,-5.012310373986637,1310.3391180717465,1239.131005859375,1167.9228936470033,-0.08691066826074804
2025-04-16,1234.3701171875,1235.9637280756608,1224.1110419207541,1229.1907298200806,8248464,1238.7027160644532,1231.5234033203126,1226.7790203612522,51.41143846273269,-6.406035233793773,-3.801150721400825,-2.604884512392948,1309.9171757243048,1238.7027160644532,1167.4882564046015,0.0421116438678385
2025-04-17,1269.4300537109375,1275.1073305428426,1222.7165970526498,1235.266450081142,15398401,1240.4781311035156,1231.7106567382812,1230.8410235374129,58.74039464339012,-2.160284050595237,-3.472977387239708,1.3126933366444709,1312.8877520421033,1240.4781311035156,1168.0685101649278,0.2697263700247871
2025-04-21,1290.346435546875,1295.7249783909904,1261.9598099867933,1264.947875835223,10429964,1243.299365234375,1232.3261987304688,1236.508205633552,62.38560261142086,2.859321086123373,-2.2065176925670924,5.065838778690465,1318.798293008516,1243.299365234375,1167.800437460234,0.19813192923941905
2025-04-22,1286.0635986328125,1298.713151385602,1281.1831879455033,1294.8286411452223,13051707,1245.4931030273438,1233.22859375,1241.2277668715767,61.19345004101109,6.417824489711393,-0.4816492561113954,6.899473745822788,1323.2513658206428,1245.4931030273438,1167.7348402340447,-0.06758947641237043
2025-04-23,1294.82861328125,1300.8047453425481,1280.286716249035,1291.840547250601,10480888,1247.0294677734375,1233.52341796875,1246.3326093867836,62.76179639818687,9.831891578555087,1.581058910821901,8.250832667733185,1327.3690666331136,1247.0294677734375,1166.6898689137615,0.023126176589510872
2025-04-24,1296.4222412109375,1299.3107293954529,1285.1672652984741,1287.2588872304611,10468940,1248.2869506835937,1233.9895581054689,1251.1030505128936,63.0541587687697,12.521813131686258,3.7692097549947725,8.752603376691486,1330.8612177295236,1248.2869506835937,1165.7126836376638,0.07106501683458855
2025-04-25,1295.22705078125,1319.928323767296,1282.9759313802824,1298.3146947064158,14431012,1248.202294921875,1234.36505859375,1255.305336252737,62.656842711422755,14.391259976566971,5.893619799309213,8.497640177257757,1330.5801899211392,1248.202294921875,1165.8243999226106,-0.023777455231896918
2025-04-28,1363.35498046875,1369.1318351951852,1314.9482133535364,1334.669497851195,31104496,1252.35322265625,1236.3989379882812,1265.595778559024,73.07257785869008,21.1266299870681,8.94022183686099,12.186408150207109,1348.0752394799665,1252.35322265625,1156.6312058325334,0.21167640297336138
2025-04-29,1394.1319580078125,1405.2874774645995,1364.5501529607263,1365.5461749701867,32538970,1258.6605285644532,1239.3083178710938,1277.8373194589085,76.289920818403,28.618013474342433,12.87578016435728,15.742233309985153,1372.5681327402626,1258.6605285644532,1144.7529243886438,0.2063307542388347
2025-04-30,1399.410888671875,1406.7814756764847,1363.5540972183608,1396.4228227174156,25480745,1264.9753112792969,1242.6977807617188,1289.415754622048,76.80190849745313,34.5823110917122,17.217086349828264,17.365224741883935,1394.342159568146,1264.9753112792969,1135.6084629904478,0.021394737584293277
2025-05-02,1414.152099609375,1421.024554216323,1403.4945911426703,1408.3751233126775,13007841,1272.1815368652344,1246.746611328125,1301.295406525603,78.21648472803025,40.03703048390571,21.781075176643753,18.255955307261956,1417.0045337369759,1272.1815368652344,1127.358539993493,0.0409957431734358
2025-05-05,1425.6063232421875,1433.773654928142,1421.2238021682567,1425.3074680112338,12685649,1281.0809997558595,1251.0334912109374,1313.134541450992,79.27404662845731,44.76813581905185,26.378487305125375,18.389648513926474,1439.9647592390972,1281.0809997558595,1122.1972402726217,0.002096774202703097
2025-05-06,1415.2476806640625,1426.3035005201455,1404.9886054552057,1425.3074785225756,14084117,1289.534735107422,1255.0902905273438,1322.8596023284272,75.69500360105908,47.138333630166926,30.530456570133687,16.60787706003324,1457.804197748668,1289.534735107422,1121.265272466176,-0.07046287826154594
2025-05-07,1400.4068603515625,1418.733688530858,1397.1199392858432,1415.2476117092147,13440169,1297.3684448242188,1258.697880859375,1330.2450554734876,70.76556340099414,47.274254128132725,33.879216081733496,13.395038046399229,1470.8853136020937,1297.3684448242188,1123.851576046344,-0.10448059843574331
2025-05-08,1401.4029541015625,1415.1481063364454,1392.438756100913,1398.51446598441,16106175,1307.443212890625,1262.3154321289062,1337.021998199971,70.9025293525072,46.921467078070236,36.48766628100085,10.433800797069388,1480.553039970816,1307.443212890625,1134.3333858104343,0.020651037420986344
2025-05-09,1371.721435546875,1389.251519832932,1369.032224808638,1379.9884666950659,13668904,1317.9761474609375,1265.2985180664064,1340.3267065187238,61.63589212771188,43.742592928182376,37.938651610437155,5.80394131774522,1479.4200418774162,1317.9761474609375,1156.5322530444587,-0.05983496219692025
2025-05-12,1430.7855224609375,1433.275577320772,1394.430721507353,1394.430721507353,10674081,1330.6405639648438,1269.3523266601562,1348.9418318465537,70.02991984568219,45.46519597850079,39.44396048404988,6.021235494450906,1485.6273534548886,1330.6405639648438,1175.6537744747989,0.2549635067408281
2025-05-13,1410.0682373046875,1441.9409399606418,1406.7814377941193,1427.7974767909468,11407896,1342.1122436523438,1273.0884033203124,1354.763394271138,64.68384362098088,44.64403093732858,40.48397457470562,4.16005636262296,1484.4354778898987,1342.1122436523438,1199.7890094147888,-0.12353767129030853
2025-05-14,1418.7337646484375,1424.2118856620737,1409.8691445094285,1414.3512435205853,5570160,1352.3438842773437,1277.2687084960937,1360.8558104975473,65.85789903683778,44.18317126654051,41.223813913072604,2.959357353467908,1485.5127637866829,1352.3438842773437,1219.1750047680046,0.030976174260811194
2025-05-15,1448.4151611328125,1455.5865925696291,1407.0802476372012,1419.3313670179805,20177211,1363.006298828125,1282.252802734375,1369.1947962723345,69.58733886617647,45.686333679730296,42.116317866404145,3.570015813326151,1490.9869600679872,1363.006298828125,1235.0256375882627,0.20209129377694482
2025-05-16,1450.6064453125,1455.1881221330052,1441.542669553187,1447.4191020051853,9036695,1373.818115234375,1287.2189697265626,1376.9482866571122,69.84918817326655,46.51818634622464,42.99669156236825,3.52149478385639,1492.7162726750332,1373.818115234375,1254.9199577937168,0.02201731483187598
2025-05-19,1435.0684814453125,1448.81351147394,1432.4787270944578,1446.3234565863577,6195791,1382.1000366210938,1292.0138208007813,1382.4835433036073,65.54011105809914,45.40030529101023,43.47741430809665,1.9228909829135787,1493.6050093794024,1382.1000366210938,1270.595063862785,-0.07766113028484381
2025-05-20,1418.932861328125,1439.2517336495314,1416.1440727881434,1432.4787356808251,11270560,1388.5293579101562,1297.0606640625,1385.95490692499,61.31019419142409,42.719918183804566,43.325915083238236,-0.60599689943367,1492.7195733530746,1388.5293579101562,1284.339142467238,-0.09428162452598231
2025-05-21,1423.5145263671875,1430.486680037078,1412.458707007589,1418.235682967954,6136364,1395.401904296875,1302.3853955078125,1389.5320135385325,62.05897731894168,40.49855206949405,42.7604424804894,-2.261890410995349,1489.2721309730066,1395.401904296875,1301.5316776207435,0.037204020542662405
2025-05-22,1403.79345703125,1418.1361984129633,1391.3431818014155,1415.5464438973825,12134466,1400.850146484375,1307.0427954101563,1390.8902462521246,56.94988058189122,36.723452835535,41.55304455149852,-4.829591715963524,1482.605711082816,1400.850146484375,1319.094581885934,-0.08283765077293122
2025-05-23,1421.124267578125,1428.0964217220903,1401.0045498118507,1401.0045498118507,6474883,1407.0852478027343,1311.3695166015625,1393.769676854601,60.06161888949918,34.72976791995529,40.18838922518988,-5.458621305234587,1473.640765277053,1407.0852478027343,1340.5297303284156,0.14263005498636763
2025-05-26,1429.0924072265625,1435.2676949623963,1419.430920923106,1426.3034970063507,4842944,1413.778515625,1315.0547973632813,1397.1337464138353,61.44159175995678,33.40761830939141,38.832235042030185,-5.424616732638775,1456.7302249590173,1413.778515625,1370.8268062909826,0.019550921994070193
2025-05-27,1416.44287109375,1431.2836233071982,1408.275539274527,1420.4269591196573,12640414,1416.43291015625,1318.7141821289063,1398.9727106690655,58.01455022798114,30.981952702948774,37.262178574213905,-6.280225871265131,1452.6210196935815,1416.43291015625,1380.2448006189186,-0.028041171298083777
2025-05-28,1407.279541015625,1416.9409060075968,1405.0882196135674,1414.4508509493858,5944611,1417.0902893066407,1322.0130078125,1399.7638373687378,55.5954195150312,27.997453857447,35.40923363086053,-7.411779773413528,1452.092303855463,1417.0902893066407,1382.0882747578185,-0.050656914457576974
2025-05-29,1412.1600341796875,1414.3512339364067,1402.996558868143,1406.4826358531975,13771917,1417.7277465820312,1325.2152197265625,1400.9444275412093,56.63266184800665,25.72943907297713,33.47327471928385,-7.743835646306721,1451.8725098280495,1417.7277465820312,1383.5829833360128,0.040344022669796586
2025-05-30,1415.2476806640625,1424.9090454066043,1404.0921613404494,1412.3591925541664,13788484,1417.7825256347655,1328.661455078125,1402.3066421243382,57.312032041763494,23.90559941355059,31.5597396581372,-7.6541402445866105,1451.9076769060061,1417.7825256347655,1383.657374363525,0.020448661185411957
2025-06-02,1408.0762939453125,1411.8612262898896,1390.0483195350275,1406.4826830156508,8098668,1416.906024169922,1332.1445458984374,1402.8561327739549,55.15101837165348,21.632160290697357,29.57422378464923,-7.942063493951874,1451.0828109547417,1416.906024169922,1382.7292373851021,0.011329984767865018
2025-06-03,1399.908935546875,1420.8253977642241,1397.8173136420837,1416.6421539546416,11252626,1416.1390869140625,1335.4642895507814,1402.5754473237569,52.713238107212185,18.952928281855066,27.4499646840904,-8.497036402235334,1451.1095053789961,1416.1390869140625,1381.168668449129,-0.11757259388395941
2025-06-04,1417.8372802734375,1420.0284799827916,1400.506473605418,1409.0722382665938,8126827,1417.0106079101563,1338.9772583007812,1404.0289552237264,57.18687949737725,18.068008443635108,25.573573435999343,-7.505564992364235,1451.2300198548473,1417.0106079101563,1382.7911959654652,0.06212424135388113
2025-06-05,1436.662109375,1448.913106617055,1417.9368477633755,1422.3193687346825,13716817,1418.7735656738282,1342.4284741210938,1407.136874666705,61.324348576797696,18.670487718730783,24.19295629254563,-5.522468573814848,1453.227195439316,1418.7735656738282,1384.3199359083405,0.10050008247182785
2025-06-06,1437.7576904296875,1445.7258660607492,1431.28354772945,1435.2676355449807,8182161,1422.0753784179688,1345.7581762695313,1410.053142834608,61.55719581556531,19.01714332929396,23.157793699895297,-4.140650370601339,1449.8736435271503,1422.0753784179688,1394.2771133087872,0.017347322728668475
2025-06-09,1443.0367431640625,1451.70208605586,1439.5506661134996,1451.204075048637,7885125,1422.687939453125,1348.6805078125,1413.1944381040798,62.721816155531485,19.493141039123657,22.42486316774097,-2.931722128617313,1451.7386719662147,1422.687939453125,1393.6372069400352,-0.056220347342666246
2025-06-10,1432.777587890625,1448.1163503747662,1430.2875329933524,1444.2318404180787,7913181,1423.8234069824218,1351.7293310546875,1415.0594999885127,58.98217135632357,18.825535507472523,21.70499763568728,-2.879462128214758,1452.5861735072572,1423.8234069824218,1395.0606404575865,-0.07914447134727873
2025-06-11,1443.13623046875,1462.7578142878924,1437.3592545136698,1440.0485867347081,8195700,1425.0435302734375,1355.2323388671875,1417.733474319964,61.47952092262059,18.914277185402852,21.146853545630396,-2.2325763602275437,1454.8891006845777,1425.0435302734375,1395.1979598622972,0.021437961827613705
2025-06-12,1435.865234375,1451.2039968882907,1428.6939248911115,1447.7179200254843,8828114,1424.416033935547,1358.4873388671874,1419.4603086109198,58.7744956431484,18.188234342280793,20.555129704960475,-2.3668953626796814,1452.7596098686756,1424.416033935547,1396.0724580024182,-0.08168907538896475
2025-06-13,1422.2198486328125,1429.7895915718395,1408.6739736495979,1418.335338487147,9757276,1422.9967041015625,1361.5311840820314,1419.723121946338,53.97485292091884,16.32360323114449,19.70882441019728,-3.3852211790527917,1448.6692073749955,1422.9967041015625,1397.3242008281295,0.027380966155412072
2025-06-16,1432.0804443359375,1436.6621211041454,1418.7337255535563,1421.223780491138,8458093,1422.8473022460937,1365.2204516601562,1420.9000097929668,56.72501889723303,15.463286169037474,18.85971676196532,-3.396430592927846,1448.270627094517,1422.8473022460937,1397.4239773976703,0.07624130446745343
2025-06-17,1425.506591796875,1442.2398094911548,1420.12817043809,1442.2398094911548,10366599,1423.1759887695312,1368.8071240234376,1421.338731888577,54.391577680091586,14.088618910207288,17.905497191613716,-3.816878281406428,1448.5583271501578,1423.1759887695312,1397.7936503889046,-0.11550462400007107
2025-06-18,1424.4110107421875,1437.0605628519918,1420.028489708749,1424.3114328610282,6681735,1423.2208129882813,1372.4206909179688,1421.6313298746352,53.99294903509963,12.7636495616307,16.877127665617113,-4.113478103986413,1448.6085501686578,1423.2208129882813,1397.8330758079048,0.0006991298576839047
2025-06-19,1427.598388671875,1434.1721095891817,1420.0285241646616,1424.4110453044384,10007230,1424.4110595703125,1376.9745068359375,1422.199621188658,55.02565207040257,11.834377233785062,15.868577579250703,-4.03420034546564,1448.2274122153467,1424.4110595703125,1400.5947069252784,0.022372836164726927
2025-06-20,1460.367431640625,1465.148385952672,1422.4190171371765,1425.3075053013417,29010635,1426.3732177734375,1382.9606005859375,1425.834650755512,63.97794728079229,13.585504880600865,15.411963039520737,-1.8264581589198716,1454.8026027866256,1426.3732177734375,1397.9438327602495,0.2411375019282625
2025-06-23,1451.0048828125,1457.9770367383994,1436.2637087352834,1447.2199506188397,5989078,1427.4688415527344,1388.4307543945313,1428.2318157133204,60.28563535346125,14.055780425228932,15.140726516662376,-1.0849460914334443,1457.8545841407968,1427.4688415527344,1397.083098964672,0.026147162229003745
2025-06-24,1445.0286865234375,1469.1323689599471,1437.359244595668,1459.1721495093714,16402744,1428.8981323242188,1393.7186352539063,1429.8315176952365,57.98524764197914,13.787316484995472,14.870044510328997,-1.082728025333525,1459.760359890562,1428.8981323242188,1398.0359047578754,-0.09662558342610592
2025-06-25,1461.463134765625,1466.5428226679085,1454.690136506102,1458.1762135192969,7525851,1431.6073120117187,1398.66587890625,1432.844052654321,62.251105603726025,14.730871189488653,14.842209846160928,-0.1113386566722756,1463.8833348585367,1431.6073120117187,1399.3312891649007,0.022537500077564165
2025-06-26,1489.3516845703125,1492.8377614283193,1459.2717484446844,1463.2558362824063,14657893,1435.46689453125,1403.7495751953124,1438.2257318844156,68.1591611590408,17.52697789464196,15.379163455857135,2.147814438784824,1475.1329925411378,1435.46689453125,1395.8007965213624,0.17647398903385142
2025-06-27,1509.3717041015625,1515.9454247275912,1490.9452978220222,1493.4353527246628,11117052,1440.173095703125,1409.2496069335937,1445.0015387622393,71.59588647722586,21.114960741404502,16.52632291296661,4.588637828437893,1490.1273434413595,1440.173095703125,1390.2188479648905,0.10630615598275305
2025-06-30,1494.630615234375,1518.734421010171,1490.0489382705405,1507.7781788170053,8409527,1444.5008117675782,1413.7536181640626,1449.7281174738712,65.95128440944589,22.509504763093446,17.72295928299198,4.786545480101466,1497.4875432372407,1444.5008117675782,1391.5140802979156,-0.08697792648008747
2025-07-01,1522.320068359375,1525.3081343971446,1494.132596769193,1494.630607775488,10368523,1450.6213684082031,1418.3930908203124,1456.641636605824,70.63457446024391,25.55442292381167,19.28925201115592,6.265170912655751,1509.5385060830542,1450.6213684082031,1391.704230733352,0.1831688184485999
2025-07-02,1512.75830078125,1523.9136988316197,1502.6983810571346,1522.3200879079554,6361002,1455.3674194335938,1422.9269848632812,1461.9860808130074,67.1973269392923,26.88606198453772,20.808614005832283,6.077447978705436,1518.123849354646,1455.3674194335938,1392.6109895125417,-0.06272815230339394
2025-07-03,1511.76220703125,1525.8060926058627,1506.9812529023668,1514.7502729656235,11283291,1459.1224243164063,1427.2656567382812,1466.7266642623638,66.83246574583481,27.54351460209159,22.155594125084146,5.3879204770074445,1525.816246657876,1459.1224243164063,1392.4286019749366,-0.019723900782894495
2025-07-04,1521.2244873046875,1523.913698138102,1511.1645675851503,1517.9375659885409,6603501,1463.2957641601563,1431.7617016601562,1471.9169331235373,68.57785303322831,28.49955237723475,23.424385775514267,5.075166601720483,1534.4184873320087,1463.2957641601563,1392.173040988304,0.021650479910887633
2025-07-07,1535.367919921875,1538.65484117058,1518.933556847784,1520.5271677380254,7251074,1467.9123229980469,1436.5645190429686,1477.9598842471887,71.03168884387941,30.052054633464422,24.749919547104298,5.302135086360124,1544.91871773413,1467.9123229980469,1390.9059282619637,0.09729392311057888
2025-07-08,1531.4833984375,1538.7544076502807,1524.1128113419518,1529.8897875590692,7171261,1472.8476135253907,1439.9270874023437,1483.057361789123,69.42803040128274,30.6160526402075,25.92314616572494,4.692906474482559,1552.8096224057608,1472.8476135253907,1392.8856046450205,0.010416130994320866
2025-07-09,1512.9573974609375,1544.8301010282516,1504.0927774643353,1530.586937987722,8870660,1476.338671875,1442.3035961914063,1485.9049842340578,62.21401891386974,29.231172907870587,26.58475151415407,2.6464213937165155,1556.9015579170637,1476.338671875,1395.7757858329364,-0.11467489440083213
2025-07-10,1511.16455078125,1518.6347158851345,1501.5031858807802,1513.654605815878,10047129,1480.1036376953125,1444.5386694335937,1488.3106572385523,61.54752114066222,27.670015286630132,26.801804268649285,0.8682110179808475,1559.7819112497727,1480.1036376953125,1400.4253641408523,-0.016449131971844295
2025-07-11,1489.2520751953125,1508.9733598189127,1484.3716645666439,1505.9852937598653,7234991,1483.4552490234375,1446.0406689453125,1488.400316091577,53.9413631739444,24.383554536220117,26.318154322163455,-1.9345997859433375,1558.6239011141333,1483.4552490234375,1408.2865969327418,-0.1106564295077658
2025-07-14,1477.7977294921875,1494.0329360309418,1473.2160528053016,1486.263916129696,10311846,1485.74111328125,1447.0844970703124,1487.3905459392543,50.43278429668752,20.617079880393476,25.177939433809463,-4.5608595534159875,1557.2110576608636,1485.74111328125,1414.2711689016362,-0.05690134487223853
2025-07-15,1479.4910888671875,1490.5469086437597,1476.503022895967,1480.2878335086834,8132454,1488.4403381347656,1448.369365234375,1486.6382166942954,50.940818739168286,17.566268520354015,23.655605251118374,-6.089336730764359,1554.4780753441123,1488.4403381347656,1422.402600925419,-0.005382310991802456
2025-07-16,1479.690185546875,1485.068728397248,1465.6463003598592,1467.1403332858122,10409983,1491.204296875,1449.9550317382811,1485.97649944216,51.004403822235865,14.99172865978153,21.922829932851005,-6.931101273069476,1550.5826342115488,1491.204296875,1431.8259595384511,0.08533152657147886
2025-07-17,1470.52685546875,1483.674296790977,1468.0368005528198,1481.4830970988435,11854613,1493.3507202148437,1451.337509765625,1484.5051047780257,47.92563673433836,12.07281521680693,19.95282698964219,-7.88001177283526,1546.1117609285243,1493.3507202148437,1440.5896795011631,-0.07382001872393645
2025-07-18,1470.12841796875,1478.8934598804974,1463.2558421043927,1478.8934598804974,10296318,1493.83876953125,1453.3056494140626,1483.1358965104757,47.790553087907945,9.616551092347436,17.88557181018324,-8.269020717835804,1545.540319294651,1493.83876953125,1442.1372197678488,-0.0591982703472503
2025-07-21,1422.9169921875,1470.128458883213,1417.4388712363768,1459.1722169809668,22442744,1492.434375,1453.1482788085937,1477.4007627654305,35.14859284924371,3.816383683598815,15.071734184866356,-11.255350501267541,1549.9164790148334,1492.434375,1434.9522709851667,-0.24347456823495675
2025-07-22,1407.179931640625,1426.2039275426996,1405.0881881707605,1421.721828538219,20396320,1490.5419372558595,1453.0905126953126,1470.713064563068,32.10039006209254,-2.026776622534271,11.652032023386232,-13.678808645920503,1556.0710999395556,1490.5419372558595,1425.0127745721634,-0.10192849055577466
2025-07-23,1418.932861328125,1420.3273163904719,1408.7734859597779,1420.3273163904719,8354596,1488.4154235839844,1453.0944946289062,1465.7816166359305,36.527580196301955,-5.644098407282172,8.192805937252551,-13.836904344534723,1560.0564699235736,1488.4154235839844,1416.7743772443953,-0.009817527580596688
2025-07-24,1397.3192138671875,1417.3392306864348,1390.4466381154343,1413.554298653669,14740507,1483.8138000488282,1452.0725756835936,1459.261387800812,32.350195997483894,-10.138027826321604,4.5266391845377205,-14.664667010859326,1565.711714137163,1483.8138000488282,1401.9158859604934,-0.1143505612084495
2025-07-25,1386.1636962890625,1395.4267490386208,1378.593953801798,1393.3351272649268,11854722,1477.6533996582032,1450.783720703125,1452.299702894931,30.416705531631095,-14.433278456287098,0.7346556563727566,-15.167934112659855,1568.9328248375598,1477.6533996582032,1386.3739744788465,-0.05142413261035633
2025-07-28,1382.080078125,1402.199795115413,1379.490445288333,1386.7614543919697,7748361,1472.0258728027343,1449.7239526367186,1445.612119583509,29.71653571806931,-17.959780216996933,-3.0042315183011814,-14.95554869869575,1571.898111263036,1472.0258728027343,1372.1536343424325,-0.03374480015915384
2025-07-29,1411.4627685546875,1414.550412474214,1377.4984422704579,1377.4984422704579,10750072,1466.4830078125,1449.57455078125,1442.3598004379069,40.35536231826385,-18.17412076200003,-6.038209367040951,-12.135911394959079,1566.8784624096354,1466.4830078125,1366.0875532153648,0.24168725101324712
2025-07-30,1404.4906005859375,1417.6381639620695,1395.7256799199,1412.458776601272,7209849,1461.0696228027343,1449.194072265625,1438.7532099758146,38.85249563698421,-18.691123240497973,-8.568792141732356,-10.122331098765617,1562.5701622968156,1461.0696228027343,1359.569083308653,-0.056353743052010456
2025-07-31,1384.669677734375,1397.0203743336986,1376.7015020683227,1382.5780559389787,17065827,1454.7149963378906,1448.8115966796875,1433.6023973813917,34.876114430632455,-20.464334147816317,-10.94790054294915,-9.516433604867167,1558.610506874657,1454.7149963378906,1350.8194858011243,0.015127263389433447
2025-08-01,1388.15576171875,1400.3073026227253,1378.7932525308158,1381.3828853186424,10321171,1448.0615600585938,1448.1522265625,1429.274146365902,36.114539625414075,-21.342297997841342,-13.026780033927588,-8.315517963913754,1551.10780267466,1448.0615600585938,1345.0153174425277,0.048990432396597824
2025-08-04,1405.885009765625,1410.466686507784,1386.1637261382157,1389.5502251510159,6312820,1441.5874145507812,1447.6880786132813,1427.046609546828,42.14068891530247,-20.372645352408426,-14.495953097623758,-5.876692254784668,1537.9313923671007,1441.5874145507812,1345.2434367344617,0.11701595355636776
2025-08-05,1386.1636962890625,1405.38696851784,1382.5780415934858,1405.38696851784,9315972,1434.3214294433594,1447.0824951171876,1423.1529987603742,37.862346085904,-20.95398927958786,-15.787560334016579,-5.16642894557128,1524.1495098444502,1434.3214294433594,1344.4933490422686,-0.13593605899010314
2025-08-06,1387.259521484375,1390.3471654369864,1377.797312271222,1386.3630773472378,5834312,1428.0365356445313,1446.6820947265626,1419.7345723531362,38.23756823510575,-21.08325001288472,-16.846698269790206,-4.2365517430945125,1512.4007816924286,1428.0365356445313,1343.672289596634,0.006466066921399056
2025-08-07,1383.8729248046875,1388.1557462486337,1360.5659868045632,1382.1796145349972,9976705,1421.6719543457032,1446.1163525390625,1416.3191773485219,37.484231566813285,-21.214413570253555,-17.720241329882878,-3.494172240370677,1498.8945284750405,1421.6719543457032,1344.4493802163659,0.012250401772297387
2025-08-08,1362.35888671875,1391.6418351007062,1359.569976594415,1379.4904158119157,8793606,1415.327294921875,1445.0585766601562,1411.1801020504483,33.03200807986788,-22.79163690473115,-18.734520444852535,-4.057116459878614,1490.110318354989,1415.327294921875,1340.5442714887608,-0.12355286036720606
2025-08-11,1380.6856689453125,1382.4785572067015,1355.7851185633474,1364.5501609316866,9997486,1410.4716918945312,1444.5107641601562,1408.2758703261497,39.61203551881331,-22.305653904784094,-19.448747136838847,-2.8569067679452473,1480.8825609542175,1410.4716918945312,1340.0608228348449,0.11769974872099136
2025-08-12,1374.9088134765625,1396.3232867936674,1369.7294260490362,1376.4028464986861,12244664,1405.242578125,1444.01076171875,1405.0980553880938,38.3334542155131,-22.131534282335224,-19.985304565938122,-2.1462297163971016,1469.6516162412595,1405.242578125,1340.8335400087403,-0.01085419397124509
2025-08-13,1377.0999755859375,1386.2634508216695,1372.0202877666845,1382.4785186353236,7457021,1400.1130676269531,1443.196015625,1402.4315715974124,39.135926233398905,-21.568110999243345,-20.301865852599168,-1.2662451466441773,1455.729509841728,1400.1130676269531,1344.4966254121782,-0.03888545793594132
2025-08-14,1373.800048828125,1380.699951171875,1370.0999755859375,1377.300048828125,7126128,1395.2767272949218,1441.9387744140624,1399.7047599050993,38.3270170426285,-21.14413408292262,-20.470319498663862,-0.6738145842587571,1441.6068749464882,1395.2767272949218,1348.9465796433553,-0.025406568432921616
2025-08-18,1381.699951171875,1394.9000244140625,1377.0,1390.0,11785109,1390.8553039550782,1440.8176196289062,1397.9900162162207,41.44715815972157,-19.940808003307666,-20.364417199592626,0.42360919628496063,1422.2335973224424,1390.8553039550782,1359.477010587714,-0.05964171232977246
2025-08-19,1420.0999755859375,1421.0,1389.0999755859375,1390.0,14384719,1390.714453125,1440.3588842773438,1400.0957266323842,53.70709377504556,-15.70753567424481,-19.433040894523064,3.7255052202782544,1421.5361619050109,1390.714453125,1359.8927443449893,0.2132240948002181
2025-08-20,1413.0,1424.9000244140625,1410.0,1413.0,8725641,1391.0054565429687,1439.9633325195311,1401.3247050483474,51.557567926112554,-12.77824588284011,-18.102081892186472,5.323836009346362,1422.5450463233794,1391.0054565429687,1359.4658667625579,0.0
2025-08-21,1424.800048828125,1431.9000244140625,1420.300048828125,1425.0,11021323,1391.2988159179688,1439.5966088867187,1403.560452074993,54.79575456474982,-9.396282796358264,-16.36092207302083,6.964639276662567,1423.9611549426343,1391.2988159179688,1358.6364768933033,-0.0014031651975354748
2025-08-22,1409.199951171875,1423.4000244140625,1407.9000244140625,1420.0,5818868,1391.8928527832031,1439.0633032226563,1404.097547227077,50.0339764634275,-7.883968706349833,-14.665531399686632,6.781562693336799,1425.392971615164,1391.8928527832031,1358.3927339512422,-0.07591036745601469
2025-08-25,1412.5999755859375,1419.5,1405.699951171875,1414.699951171875,5979407,1393.214666748047,1438.8709057617189,1404.907302308873,51.032750747068974,-6.338034423810086,-13.000032004511324,6.661997580701238,1427.775649564679,1393.214666748047,1358.653683931415,-0.014842874344391343
2025-08-26,1384.9000244140625,1410.0,1381.5999755859375,1408.0,12145259,1393.3556640625,1437.9272973632812,1403.001847271272,43.418173980943116,-7.264286752638782,-11.852882954136815,4.588596201498033,1427.7564322944497,1393.3556640625,1358.9548958305502,-0.16260601247799772
2025-08-28,1385.9000244140625,1392.199951171875,1366.5,1389.9000244140625,13161813,1392.0775268554687,1437.135166015625,1401.3731022372522,43.74451177180966,-7.827427047275023,-11.047791772764459,3.2203647254894356,1425.5800966369584,1392.0775268554687,1358.574957073979,-0.028771105719751517
2025-08-29,1357.199951171875,1403.5,1350.0,1381.0999755859375,18758842,1389.7129943847656,1435.7909448242187,1397.166135469121,37.12631152841484,-10.468896915130244,-10.932012801237617,0.46311588610737253,1425.9418544823295,1389.7129943847656,1353.4841342872016,-0.17134366923870953
2025-09-01,1353.9000244140625,1363.199951171875,1340.5999755859375,1356.0,11232238,1388.17451171875,1434.3169775390625,1393.0455534638772,36.4435902116282,-12.682362941393421,-11.282082829268779,-1.4002801121246424,1427.6015245826684,1388.17451171875,1348.7474988548315,-0.01548530767571125
2025-09-02,1366.5,1384.5,1354.5,1354.800048828125,11517006,1387.0917236328125,1432.43962890625,1390.5174055149366,40.91159865356768,-13.266905360340843,-11.679047335483194,-1.587858024857649,1427.6349899609233,1387.0917236328125,1346.5484573047017,0.08614519850281736
2025-09-03,1372.5999755859375,1376.5,1360.5,1369.699951171875,7847563,1385.427471923828,1430.8715307617188,1388.8109836169367,43.000735815076936,-13.087082646275121,-11.96065439764158,-1.126428248633541,1425.4779668159706,1385.427471923828,1345.3769770316856,0.021169535307589936
2025-09-04,1359.300048828125,1374.0,1357.0999755859375,1371.800048828125,13223177,1384.0842895507812,1429.1569580078126,1386.0004183989545,39.7045560115909,-13.858018179795181,-12.340127154072302,-1.5178910257228786,1425.7165562176065,1384.0842895507812,1342.452022883956,-0.09086979130992702
2025-09-05,1375.0,1381.0,1359.300048828125,1363.0,5777575,1383.4713134765625,1427.4276953125,1384.952759503816,45.05844868095978,-13.051683610525288,-12.482438445362899,-0.5692451651623891,1425.2592437065875,1383.4713134765625,1341.6833832465375,0.08781431327025768
2025-09-08,1378.5,1386.0,1372.4000244140625,1380.0,6986720,1383.2026672363281,1425.2106616210938,1384.338210979643,46.20522750349,-11.992000587758184,-12.384350873841957,0.3923502860837722,1425.0458621777345,1383.2026672363281,1341.3594722949217,-0.010869137167156687
2025-09-09,1376.199951171875,1381.199951171875,1368.699951171875,1376.5999755859375,9754452,1383.8947204589845,1422.5472265625,1383.5631386169985,45.532630112280415,-11.208583304497779,-12.149197359973122,0.9406140554753435,1424.7830095092183,1383.8947204589845,1343.0064314087506,-0.002905878942331494
2025-09-10,1377.0,1388.5,1374.0999755859375,1383.9000244140625,7790815,1383.7104370117188,1420.1946142578124,1382.938077796332,45.82802491949327,-10.403240132696965,-11.800005914517891,1.3967657818209265,1424.6880427448232,1383.7104370117188,1342.7328312786144,-0.04981799461329356
2025-09-11,1383.300048828125,1385.5,1375.0,1376.0,9766072,1384.1299987792968,1417.4142138671875,1382.9725512279315,48.209933169869416,-9.15114981941042,-11.270234695496399,2.119084876085978,1424.9098959301214,1384.1299987792968,1343.3501016284722,0.05300296261710472
2025-09-12,1395.0,1396.300048828125,1380.5,1383.300048828125,7403368,1385.025,1415.0590478515626,1384.1180225395572,52.39611043666937,-7.132551334384971,-10.442698023274113,3.3101466888891427,1425.9339604240854,1385.025,1344.1160395759148,0.08437888206402694
2025-09-15,1399.300048828125,1400.800048828125,1388.5999755859375,1393.0,5396697,1386.3,1412.8098046875,1385.563929805135,53.871854878066785,-5.126721830376255,-9.379502784694541,4.252780954318286,1427.3194592970979,1386.3,1345.280540702902,0.04519567045002296
2025-09-16,1405.300048828125,1408.0,1398.199951171875,1404.699951171875,8686961,1387.4800048828124,1410.4913159179687,1387.443560188277,55.92501778433657,-3.0181463291685304,-8.107231493589339,5.089085164420808,1429.2531383082865,1387.4800048828124,1345.7068714573384,0.004272044040903241
2025-09-17,1413.800048828125,1416.199951171875,1406.9000244140625,1407.0,7519417,1387.1650085449219,1408.0599584960937,1389.9537019635006,58.727667311566634,-0.6536709783172228,-6.616519390534917,5.962848412217694,1428.0347312052604,1387.1650085449219,1346.2952858845833,0.0482925319801857
2025-09-18,1415.0,1422.0,1410.699951171875,1420.4000244140625,9332642,1387.2650085449218,1405.7302905273436,1392.3390636812626,59.1228397944392,1.3020100422236283,-5.032813503983208,6.334823546206836,1428.3960457734802,1387.2650085449218,1346.1339713163634,-0.037999325543848134
2025-09-19,1407.4000244140625,1417.0,1403.5999755859375,1414.9000244140625,13461373,1386.3950073242188,1403.6191430664062,1393.7734408939102,55.49839562084467,2.213135182034648,-3.5836237667796365,5.7967589488142846,1424.9701617373735,1386.3950073242188,1347.8198529110641,-0.052957688370592094
2025-09-22,1390.5999755859375,1410.699951171875,1388.0,1403.9000244140625,7757970,1385.4650085449218,1401.2078515625,1393.4712061026746,48.43052862241122,1.561583915745132,-2.554582230274683,4.116166146019815,1422.6685864093988,1385.4650085449218,1348.2614306804448,-0.09445403264610276
2025-09-23,1389.800048828125,1395.0,1376.800048828125,1391.0,14014702,1384.3250122070312,1399.2188110351562,1393.121572076527,48.116315249004735,0.9695016276784827,-1.8497654586840497,2.819267086362532,1419.4733417107868,1384.3250122070312,1349.1766827032757,-0.008626322121654687
2025-09-24,1383.0,1396.0,1380.4000244140625,1385.300048828125,5922759,1384.2300109863281,1397.3228564453125,1392.1576128311435,45.4186610814331,-0.04788299601545987,-1.489388966150332,1.441505970134872,1419.3818810594685,1384.2300109863281,1349.0781409131878,-0.016601728292665596
2025-09-25,1372.4000244140625,1384.5,1369.0,1381.300048828125,11411143,1383.5550109863282,1395.18103515625,1390.2759377438026,41.5116764596395,-1.6900156340152535,-1.5295142997233164,-0.16050133429193703,1419.0692813171286,1383.5550109863282,1348.0407406555278,-0.06434321530875298
2025-09-26,1377.5999755859375,1382.699951171875,1366.0,1372.0,9879109,1384.5750122070312,1393.1392309570313,1389.0687032525773,44.05413820220894,-2.542516432025195,-1.7321147261836924,-0.8104017058415027,1418.1201525544427,1384.5750122070312,1351.0298718596198,0.040793497683388545
2025-09-29,1372.800048828125,1389.0,1368.0,1381.5999755859375,14231999,1385.5200134277343,1391.1846948242187,1387.5193075931056,42.22932094412983,-3.564355756650002,-2.0985629322769546,-1.4657928243730476,1416.5239375179874,1385.5200134277343,1354.5160893374812,-0.06360774517951506
2025-09-30,1364.0,1377.0999755859375,1362.800048828125,1377.0999755859375,14604684,1385.3950134277343,1389.0621264648437,1385.2793735366195,39.03674374110556,-5.026320880389903,-2.6841145218995446,-2.3422063584903587,1416.723128953918,1385.3950134277343,1354.0668979015506,-0.09484135918963349
2025-10-01,1368.699951171875,1378.5999755859375,1362.699951171875,1367.0,12045916,1385.2000122070312,1387.9777856445312,1383.7003809304533,41.57714900635922,-5.7395302612856085,-3.2951976697767575,-2.444332591508851,1416.8907228741718,1385.2000122070312,1353.5093015398907,0.012434993033278371
2025-10-03,1363.4000244140625,1371.5999755859375,1356.9000244140625,1363.199951171875,12842347,1385.405010986328,1387.1021875,1381.767013643178,39.57447081034006,-6.655690967610553,-3.967296329343517,-2.6883946382670363,1416.469771045587,1385.405010986328,1354.340250927069,0.0014676724302893182
2025-10-06,1375.0,1377.4000244140625,1359.0,1360.0,12396580,1385.405010986328,1386.2235302734375,1381.1225361533516,45.735383985841345,-6.372278186876883,-4.448292700850191,-1.9239854860266927,1416.469771045587,1385.405010986328,1354.340250927069,0.10984904817849984
2025-10-07,1384.800048828125,1395.9000244140625,1375.9000244140625,1376.0,11244040,1385.7200134277343,1385.9731469726562,1381.472775455711,50.341880461386694,-5.295842304721191,-4.617802621624391,-0.6780396830967996,1416.6256726487456,1385.7200134277343,1354.814354206723,0.06386679323044038
2025-10-08,1367.4000244140625,1389.0,1364.5,1384.800048828125,8525081,1385.2800170898438,1385.5978735351562,1380.1325134517444,43.311712987458776,-5.780165514926466,-4.850275200284806,-0.9298903146416597,1416.9562458299729,1385.2800170898438,1353.6037883497147,-0.12499298245749432
2025-10-09,1377.800048828125,1380.0,1369.0999755859375,1374.0,8826633,1385.32001953125,1385.5122729492186,1379.9103739637806,47.987089372233314,-5.264118612228458,-4.9330438826735366,-0.33107472955492145,1416.9563169576768,1385.32001953125,1353.6837221048231,0.027649783392888788
2025-10-10,1381.699951171875,1388.0,1375.0999755859375,1377.800048828125,6373084,1385.2400146484374,1384.9170166015624,1380.0808098883608,49.6636117419087,-4.488715084263049,-4.84417812299144,0.3554630387283906,1416.9044210756115,1385.2400146484374,1353.5756082212633,0.02829772840328351
2025-10-13,1375.0,1377.699951171875,1367.800048828125,1376.9000244140625,7600682,1384.2400146484374,1384.3272045898439,1379.5969232323264,46.868605294327566,-4.364520788778464,-4.748246656148845,0.38372586737038095,1415.8715614265,1384.2400146484374,1352.6084678703749,-0.013798415196479433
2025-10-14,1375.9000244140625,1388.0,1370.0999755859375,1380.0,9768174,1383.0700134277345,1384.1518115234376,1379.244837630587,47.29768849709771,-4.145682617818011,-4.627733848482678,0.48205123066466715,1414.1123925516063,1383.0700134277345,1352.0276343038627,-0.029701229612682553
2025-10-15,1374.300048828125,1384.0,1372.699951171875,1383.0,10882743,1381.5200134277343,1383.874697265625,1378.7739053636858,46.57755872163379,-4.0546173440882285,-4.513110547603788,0.4584932035155598,1411.0253834932892,1381.5200134277343,1352.0146433621794,-0.06282352464662472
2025-10-16,1398.300048828125,1400.5,1375.0,1375.0999755859375,12315932,1380.7450134277344,1383.722998046875,1380.6335380745847,57.12325441344163,-2.0225335274155896,-4.014995143566149,1.9924616161505595,1407.5046498830923,1380.7450134277344,1353.9853769723766,0.1671327320342319
2025-10-17,1416.800048828125,1423.300048828125,1399.0999755859375,1401.0,19335561,1380.8350158691405,1384.3357250976562,1384.07796767016,63.16016031448813,1.0683872238510048,-2.9983186700827185,4.066705893933723,1408.062906643061,1380.8350158691405,1353.60712509522,0.11230123365596091
2025-10-20,1466.800048828125,1473.800048828125,1433.300048828125,1440.0,24721978,1383.8050170898437,1385.9265356445312,1391.9562611137758,73.86881048155388,7.46647741673678,-0.9053594527188189,8.3718368694556,1429.003820719167,1383.8050170898437,1338.6062134605204,0.18399200027239318
2025-10-21,1465.199951171875,1474.0,1460.0,1468.0,2066169,1387.5350158691406,1387.553076171875,1398.9318506431187,73.13613748074053,12.26649496375012,1.7290114305749689,10.53748353317515,1445.007383600067,1387.5350158691406,1330.0626481382142,-0.01907158931961744
2025-10-23,1448.4000244140625,1482.9000244140625,1444.5999755859375,1475.0,18707090,1390.4650146484375,1389.2738989257812,1403.6431052879705,65.76110759835692,14.547238258208381,4.292656796101651,10.25458146210673,1453.778656617493,1390.4650146484375,1327.1513726793821,-0.17840892099172914
2025-10-24,1451.5999755859375,1459.800048828125,1441.0,1450.0,9700837,1393.8950134277343,1390.6921850585939,1408.2104262687292,66.45498133304423,16.42363166491964,6.71885176986525,9.70477989505439,1462.4363082353718,1393.8950134277343,1325.3537186200967,0.011033866575912219
2025-10-27,1484.0999755859375,1485.0,1458.0,1463.0,14113867,1399.4800109863281,1392.8760083007812,1415.4380023941776,72.54142296389213,20.299169158327004,9.434915247557601,10.864253910769403,1477.6344761949294,1399.4800109863281,1321.3255457777268,0.14323229986681876
2025-10-28,1486.9000244140625,1492.0,1477.5999755859375,1484.0999755859375,17631577,1404.9450134277345,1395.0720092773438,1422.2439092532143,72.99602363236274,23.32759508778895,12.213451215603872,11.114143872185078,1491.0923290273558,1404.9450134277345,1318.797697828113,0.01886474417846769
2025-10-29,1504.199951171875,1508.300048828125,1488.0999755859375,1490.0,11884745,1411.5150085449218,1397.6800073242186,1430.0492465788009,75.67555211118126,26.814503063485972,15.133661585180292,11.68084147830568,1506.4484032232851,1411.5150085449218,1316.5816138665584,0.09501420703620538
2025-10-30,1488.5,1503.0999755859375,1484.0,1500.0,9318663,1417.740008544922,1399.8160083007813,1435.6159849998676,68.98553237800675,27.98841488186258,17.704612244516753,10.28380263734583,1515.6744228211137,1417.740008544922,1319.8055942687301,-0.07651680911202627
2025-10-31,1486.4000244140625,1497.5,1482.300048828125,1490.4000244140625,8758053,1423.6250122070312,1401.1420092773437,1440.452560182172,68.11810133107791,28.421670648586087,19.848023925330622,8.573646723255465,1523.1964465524718,1423.6250122070312,1324.0535778615906,-0.026831990131504772
2025-11-03,1484.699951171875,1495.0,1479.300048828125,1486.0,8452085,1429.690008544922,1402.5760083007813,1444.6665974192865,67.37944497213819,28.301603988966235,21.538739938057745,6.76286405090849,1528.624095786242,1429.690008544922,1330.755921303602,-0.008748423022050627
2025-11-04,1473.0999755859375,1492.800048828125,1470.0999755859375,1483.9000244140625,10007806,1434.5950073242188,1403.5420068359374,1447.3745381970627,62.40681597171062,26.959655089372063,22.62292296832061,4.336732121051455,1531.911003989439,1434.5950073242188,1337.2790106589987,-0.07265327279125164
2025-11-06,1496.0999755859375,1501.5999755859375,1476.199951171875,1484.0,16772678,1440.1600036621094,1405.2800073242188,1452.0150560436223,67.52446387417133,27.4357959220049,23.58549755905747,3.8502983629474308,1538.17628351312,1440.1600036621094,1342.1437238110987,0.08135601432854253
2025-11-07,1478.0,1498.4000244140625,1475.9000244140625,1494.5999755859375,7821765,1445.6900024414062,1406.5880078125,1454.4898126108965,60.539921131447635,26.052309394596705,24.078859926165315,1.9734494684313901,1539.0304423287919,1445.6900024414062,1352.3495625540206,-0.11061189190538287
2025-11-10,1489.300048828125,1501.0,1475.5,1477.9000244140625,7068438,1451.2650024414063,1408.6760083007812,1457.8050732030135,63.10572154245283,25.572917185399547,24.37767137801216,1.195245807387387,1540.9682537047706,1451.2650024414063,1361.561751178042,0.0769840153458219
2025-11-11,1493.4000244140625,1498.800048828125,1480.199951171875,1497.0,7127506,1456.8500061035156,1410.8260083007813,1461.1950685564468,64.01986292357914,25.23295932253768,24.548728966917267,0.6842303556204143,1542.3433799245079,1456.8500061035156,1371.3566322825234,-0.024043298513224013
2025-11-12,1511.5,1524.699951171875,1500.0,1505.0,12384459,1463.6750061035157,1413.9120092773437,1465.9860144082138,67.81157597319974,26.12292817390221,24.86356880831426,1.259359365587951,1543.5513739105456,1463.6750061035157,1383.7986382964857,0.043162534771744275
2025-11-13,1510.9000244140625,1522.0999755859375,1506.800048828125,1515.0,7196443,1470.4250061035157,1417.0520092773438,1470.2635391706756,67.55742836207679,26.474638729524713,25.185782792556353,1.2888559369683605,1541.8612372667947,1470.4250061035157,1398.9887749402367,-0.027055940355479594
2025-11-14,1518.9000244140625,1520.9000244140625,1505.5,1505.5,7682823,1477.6550048828126,1420.100009765625,1474.8955853843315,69.21424010451139,27.086666786157366,25.565959591276556,1.52070719488081,1536.9509372156574,1477.6550048828126,1418.3590725499678,0.08877283285179054
2025-11-17,1518.300048828125,1523.699951171875,1511.5,1520.9000244140625,5871416,1483.6550048828126,1423.0140112304687,1479.02934380755,68.92992888580466,27.20963468365926,25.8946946097531,1.3149400739061612,1533.0814117985117,1483.6550048828126,1434.2285979671135,-0.01709331516175056
2025-11-18,1519.4000244140625,1527.800048828125,1510.5,1521.699951171875,11045042,1488.7850036621094,1426.2160107421876,1482.8741705319799,69.17988681724036,27.083643086749134,26.13248430515231,0.9511587815968241,1530.0078905714095,1488.7850036621094,1447.5621167528093,-0.015113042759650372
2025-11-19,1518.9000244140625,1522.300048828125,1512.0,1517.4000244140625,5692366,1491.3900024414063,1429.0940112304688,1486.3052042350355,68.90851222142294,26.6364001765005,26.233267479421947,0.40313269707855426,1533.305364514804,1491.3900024414063,1449.4746403680085,0.009885008026240417
2025-11-20,1549.0999755859375,1550.9000244140625,1526.699951171875,1530.0,18171724,1495.5850036621093,1432.5060107421875,1492.2856586494072,75.2290371700696,28.3915603810251,26.66492605974258,1.7266343212825213,1542.6531444767365,1495.5850036621093,1448.5168628474821,0.12419196944678712
2025-11-21,1546.5999755859375,1557.800048828125,1540.0999755859375,1541.0,9615271,1500.4950012207032,1435.9140112304688,1497.4584507386005,73.88992994953053,29.243705152307484,27.180681878255562,2.063023274051922,1547.3372748033769,1500.4950012207032,1453.6527276380295,0.036323892294336975
2025-11-24,1535.9000244140625,1550.0,1531.800048828125,1550.0,18433951,1504.7100036621093,1439.09201171875,1501.1195529934064,68.28724847261985,28.72452098900567,27.489449700405586,1.235071288600082,1548.249549355299,1504.7100036621093,1461.1704579689197,-0.09071749021919391
2025-11-25,1539.699951171875,1559.5999755859375,1525.0999755859375,1535.9000244140625,15033482,1507.4900024414062,1442.220009765625,1504.793876629451,69.18098107491146,28.293535861810824,27.650266932686634,0.64326892912419,1552.486481194803,1507.4900024414062,1462.4935236880094,0.024735670106091658
2025-11-26,1569.9000244140625,1571.5999755859375,1540.5,1542.300048828125,14054299,1511.6400024414063,1445.7180102539062,1510.9944621327472,75.17013514596115,30.042558646299085,28.128725275409124,1.9138333708899609,1563.1182097693336,1511.6400024414063,1460.161795113479,0.17706721887437668
2025-11-27,1563.4000244140625,1575.5,1556.0,1575.0,9794643,1514.6000061035156,1449.000009765625,1515.9854680643011,71.930116686385,30.55199178347584,28.61337857702247,1.9386132064533719,1570.6331074394363,1514.6000061035156,1458.566904767595,-0.07351775637533349
2025-11-28,1567.5,1581.300048828125,1563.0,1568.0,8959508,1518.5500061035157,1452.2440087890625,1520.8916139629391,72.7285934611742,30.930013042723886,29.076705470162757,1.8533075725611283,1577.7170429775256,1518.5500061035157,1459.3829692295058,-0.003188764702117456
2025-12-01,1566.0999755859375,1577.5,1563.5999755859375,1575.0,8920233,1522.5350036621094,1455.2900073242188,1525.1971722127485,71.97567756764907,30.762021904628682,29.413768757055944,1.3482531475727377,1583.2202002533033,1522.5350036621094,1461.8498070709154,-0.05644802169963226
2025-12-02,1546.300048828125,1567.5,1542.0,1561.0999755859375,11389150,1525.615008544922,1457.9160083007812,1527.2069699856413,62.17278474619085,28.70035922709735,29.27108685106423,-0.5707276239668779,1584.533635480383,1525.615008544922,1466.6963816094608,-0.09452146427065553
2025-12-03,1538.800048828125,1552.4000244140625,1533.0,1545.199951171875,6090883,1528.9000122070313,1460.5440087890624,1528.3110727325443,58.90036616417724,26.159736226443556,28.648816726140097,-2.4890804996965414,1582.8578005590111,1528.9000122070313,1474.9422238550515,-0.04139428870480796
2025-12-04,1535.5999755859375,1560.5,1517.5999755859375,1536.0,11867930,1530.8750122070312,1463.4440087890625,1529.0052539566768,57.50948086880637,23.615826480384158,27.64221867698891,-4.026392196604753,1582.7368463938758,1530.8750122070312,1479.0131780201866,-0.0026043197244455594
2025-12-05,1540.5999755859375,1545.800048828125,1520.5999755859375,1530.4000244140625,10183266,1534.0050109863282,1466.4600073242189,1530.1095131594636,59.133300022549214,21.752468970162454,26.464268735623623,-4.711799765461169,1579.9421841161106,1534.0050109863282,1488.0678378565458,0.06655041035756148
2025-12-08,1543.0,1551.0,1535.0,1539.199951171875,11301491,1536.690008544922,1469.6600073242187,1531.337178572848,59.924980085425595,20.23613703968431,25.21864239643576,-4.982505356751453,1577.8951327985255,1536.690008544922,1495.4848842913184,0.024683452882657487
2025-12-09,1529.4000244140625,1542.5,1520.0999755859375,1540.300048828125,11503971,1538.490008544922,1472.8000073242188,1531.1526877005829,53.58966351155928,17.732618106788095,23.72143753850623,-5.9888194317181345,1574.8318094533872,1538.490008544922,1502.1482076364566,-0.07064770179306802
2025-12-10,1536.9000244140625,1547.5,1531.4000244140625,1534.0,7991629,1539.760009765625,1475.9860083007814,1531.7000531018666,56.33147008179385,16.167381129655496,22.210626256736084,-6.0432451270805885,1573.951944173091,1539.760009765625,1505.568075358159,0.018902731260948845
2025-12-11,1545.0,1550.0,1524.0,1536.9000244140625,4706197,1541.4650085449218,1479.4300073242186,1532.9667147112127,59.1390836188822,15.402964101667294,20.849093825722328,-5.446129724055034,1573.0303700002835,1541.4650085449218,1509.8996470895602,0.052654591523210816
2025-12-12,1556.5,1559.800048828125,1546.0999755859375,1550.800048828125,5106655,1543.3450073242188,1483.2800073242188,1535.2079799768114,62.79632336295704,15.545908434706007,19.788456747519064,-4.2425483128130566,1573.7688294708962,1543.3450073242188,1512.9211851775415,0.036738365015666984
2025-12-15,1556.199951171875,1558.5999755859375,1546.5,1551.199951171875,5774543,1545.2400024414062,1487.0300073242188,1537.2072153287222,62.63879183734801,15.456804989290958,18.922126395873445,-3.465321406582486,1573.855467754538,1545.2400024414062,1516.6245371282744,0.03222195238706622
2025-12-16,1542.300048828125,1551.699951171875,1538.800048828125,1545.0,11731856,1546.3850036621093,1490.6080078125,1537.6922470905702,55.67140475106304,14.102024553190404,17.95810602733684,-3.8560814741464355,1572.4960840010062,1546.3850036621093,1520.2739233232123,-0.017473633394108328
2025-12-17,1544.4000244140625,1550.0,1539.300048828125,1550.0,7116649,1547.6600036621094,1493.9960083007813,1538.331083026141,56.45937247864347,13.047399477024783,16.97596471727443,-3.9285652402496467,1570.572647074301,1547.6600036621094,1524.7473602499178,-0.0361131633308502
2025-12-18,1544.4000244140625,1551.5,1535.199951171875,1535.199951171875,6580829,1547.4250061035157,1497.1880078125,1538.9090774440383,56.45937247864349,12.072437956074054,15.995259365034356,-3.922821408960301,1570.3701389607322,1547.4250061035157,1524.4798732462991,0.05985588783090883
2025-12-19,1565.0999755859375,1574.199951171875,1551.0,1554.4000244140625,13937275,1548.3500061035156,1501.1420068359375,1541.4034486956477,63.812997975579094,12.822279730224182,15.36066343807232,-2.538383707848139,1572.5450757666772,1548.3500061035156,1524.154936440354,0.0687280141209748
2025-12-22,1575.4000244140625,1577.5,1565.300048828125,1573.5,10184852,1550.3250061035155,1505.0940063476562,1544.6412178116873,66.8162192747987,14.085296072554456,15.105589964968749,-1.0202938924142924,1576.5001696237664,1550.3250061035155,1524.1498425832647,0.012074560358738188
2025-12-23,1570.699951171875,1580.9000244140625,1568.0999755859375,1580.9000244140625,7506564,1551.8750061035157,1508.8740063476562,1547.1230019412292,64.19799861617358,14.539387978735022,14.992349567722004,-0.452961588986982,1579.003929859528,1551.8750061035157,1524.7460823475035,-0.06443128973422507
2025-12-24,1558.199951171875,1575.699951171875,1553.5999755859375,1572.699951171875,8815745,1551.2900024414062,1512.5380053710937,1548.177949487005,57.72000148090079,13.732315962451821,14.740342846667968,-1.0080268842161466,1577.3213357922978,1551.2900024414062,1525.2586690905146,-0.09193777541656176
2025-12-26,1559.199951171875,1561.0,1554.300048828125,1554.699951171875,2311495,1551.0799987792968,1516.20400390625,1549.227663933183,58.084394191229734,13.023273032743646,14.396928883883104,-1.3736558511394588,1576.7828554536227,1551.0799987792968,1525.377142104971,0.028936411441873894
2025-12-29,1545.5999755859375,1558.0999755859375,1543.5999755859375,1554.9000244140625,5972105,1549.9849975585937,1519.6300024414063,1548.882169804874,51.57425209749989,11.23444336263833,13.76443177963415,-2.5299884169958187,1574.641103766792,1549.9849975585937,1525.3288913503955,-0.05974001274046538
2025-12-30,1539.800048828125,1553.5999755859375,1537.800048828125,1547.0,8815884,1548.6700012207032,1522.4600024414062,1548.0172059023264,49.04941203120181,9.242238570762765,12.859993137859874,-3.6177545670971085,1572.5407960260588,1548.6700012207032,1524.7992064153475,-0.04650780263601463
2025-12-31,1570.4000244140625,1577.0,1541.0,1541.0,5771830,1549.875,1525.532001953125,1550.1489029034442,60.137341360461974,10.017093397991857,12.291413189886272,-2.274319791894415,1575.5132956363157,1549.875,1524.2367043636843,0.18850377388228223
2026-01-01,1575.5999755859375,1592.5,1571.0999755859375,1573.699951171875,6408128,1551.7149963378906,1527.7080004882812,1552.5728145874912,61.66409795577077,10.924829400010822,12.018096431911182,-1.0932670319003606,1579.130390227617,1551.7149963378906,1524.2996024481643,0.012073026338313537
2026-01-02,1592.300048828125,1594.5999755859375,1578.199951171875,1580.0,6602230,1554.55,1530.2500024414062,1556.356360705647,66.14832415132099,12.843718669915006,12.183220879511948,0.660497790403058,1586.1244415220915,1554.55,1522.9755584779084,0.0776915270825502
2026-01-05,1578.0999755859375,1611.800048828125,1575.300048828125,1593.0,8704973,1556.425,1532.8440014648438,1558.4271811704364,59.748530848839884,13.067985404281671,12.360173784465893,0.7078116198157787,1588.9039545894111,1556.425,1523.9460454105888,-0.09326254927649452
2026-01-06,1507.5999755859375,1569.0,1496.300048828125,1569.0,27417125,1554.6549987792969,1533.9640014648437,1553.5864949242937,39.37856801131476,7.470838425175543,11.382306712607823,-3.91146828743228,1593.1657940287155,1554.6549987792969,1516.1442035298783,-0.37250814996384785
2026-01-07,1504.199951171875,1520.0,1498.0,1510.0,11199340,1553.3949951171876,1534.3660009765624,1548.8830145669203,38.69343034938587,2.7292445318744285,9.651694276461145,-6.922449744586716,1596.503121191099,1553.3949951171876,1510.2868690432763,-0.03839204005941807
2026-01-08,1470.5999755859375,1503.9000244140625,1468.800048828125,1500.0,16518684,1550.0799926757813,1534.04,1541.427487044922,32.64813046896961,-3.6971218931728345,6.981931042534349,-10.679052935707183,1606.0347941587172,1550.0799926757813,1494.1251911928455,-0.19352828811541625
2026-01-09,1475.300048828125,1479.9000244140625,1465.0,1465.0,8335311,1546.5949951171874,1533.462001953125,1535.1296357861793,34.19686697184717,-8.314957302101675,3.9225533736071445,-12.237510675708819,1611.3684905633627,1546.5949951171874,1481.8214996710121,0.07019188242011971
2026-01-12,1483.199951171875,1485.300048828125,1451.0,1475.300048828125,8883745,1542.9299926757812,1533.3560009765624,1530.1839515371978,36.826322434423275,-11.20797052894477,0.8964485930967618,-12.104419122041532,1613.1157550193902,1542.9299926757812,1472.7442303321723,0.05349664544481246
2026-01-13,1452.800048828125,1485.800048828125,1444.699951171875,1485.0,13499760,1537.7599975585938,1532.6840014648437,1522.8140560410955,31.594366802460286,-15.771913608406749,-2.4372238472039403,-13.334689761202808,1617.8136597709206,1537.7599975585938,1457.706335346267,-0.21349908060149259
2026-01-14,1458.800048828125,1467.0,1440.199951171875,1444.0,8321764,1533.5849975585938,1532.1660034179688,1516.7174839255745,33.59948910363521,-18.689283102476338,-5.68763569825842,-13.001647404217918,1620.6578327094203,1533.5849975585938,1446.5121624077674,0.10213602027092557
2026-01-15,1458.800048828125,1458.800048828125,1458.800048828125,1458.800048828125,0,1529.304998779297,1531.8800048828125,1511.2015377258174,33.59948910363521,-20.761988169311508,-8.702506192469038,-12.05948197684247,1622.060428879894,1529.304998779297,1436.5495686786999,0.0
2026-01-16,1457.9000244140625,1480.0,1455.0999755859375,1458.800048828125,17167161,1524.979998779297,1531.116005859375,1506.125203124698,33.42902024441659,-22.22109536103858,-11.406224026182947,-10.814871334855631,1622.4628661262511,1524.979998779297,1427.4971314323427,-0.00616954321725428
2026-01-19,1413.5999755859375,1450.5999755859375,1403.300048828125,1450.5999755859375,20392765,1517.4049987792969,1529.8280053710937,1497.313276692435,26.344159400125292,-26.64494568430996,-14.45396835780835,-12.19097732650161,1624.3281783602536,1517.4049987792969,1410.4818191983402,-0.2496756544229884
2026-01-20,1394.0,1416.0,1390.0,1410.699951171875,13189498,1508.3349975585938,1527.9220043945313,1487.4739170074413,23.927876180463144,-31.370809993622515,-17.837336684971184,-13.533473308651331,1624.4236739581272,1508.3349975585938,1392.2463211590605,-0.11783069200244128
2026-01-21,1404.5999755859375,1412.9000244140625,1373.0,1389.5,17352720,1500.0299987792969,1526.1460034179688,1479.581160681584,27.78551723772776,-33.87032602974864,-21.043934553926675,-12.826391475821964,1620.7569727254504,1500.0299987792969,1379.3030248331434,0.10824622855833461
2026-01-22,1402.5,1419.5,1395.0,1410.0999755859375,15721693,1492.2450012207032,1523.9660034179688,1472.2400977595285,27.48812105290874,-35.61016911300203,-23.957181465741748,-11.652987647260282,1616.9777112463937,1492.2450012207032,1367.5122911950127,-0.053844587713900965
2026-01-23,1386.0999755859375,1407.0,1381.0,1401.800048828125,9837802,1483.5900024414063,1521.4700024414062,1464.0362766001388,25.218031345918263,-37.8757441985756,-26.740894012308523,-11.13485018626708,1612.4906353478539,1483.5900024414063,1354.6893695349588,-0.11153341352865513
2026-01-27,1380.5,1391.5999755859375,1368.0,1380.0,26302396,1475.3350036621093,1518.702001953125,1456.080440733459,24.47476774267325,-39.665856700412405,-29.3258865499293,-10.339970150483104,1608.3735526285452,1475.3350036621093,1342.2964546956734,0.0036231725514187297
2026-01-28,1396.699951171875,1409.9000244140625,1384.9000244140625,1385.0,11121657,1468.179998779297,1516.27,1450.4251560133082,30.826386257778267,-39.32403014312172,-31.325515268567784,-7.998514874553933,1601.9709738784404,1468.179998779297,1334.3890236801535,0.08427580667430709
2026-01-29,1391.0,1402.9000244140625,1384.0,1402.9000244140625,20846683,1459.2099975585938,1513.7019995117187,1444.7656173453743,29.874393707543177,-39.06277717726721,-32.87296765030767,-6.189809526959536,1588.360084839021,1459.2099975585938,1330.0599102781666,-0.08462160619884858
2026-01-30,1395.4000244140625,1398.0,1378.5,1382.5999755859375,11239835,1450.2,1511.2319995117186,1440.064132304297,31.629676924446315,-38.06193285272934,-33.910760690792,-4.151172161937339,1570.4499145863258,1450.2,1329.9500854136743,0.09231595810544255
2026-02-02,1390.4000244140625,1392.9000244140625,1335.5,1340.0,15711165,1440.104998779297,1508.0580004882813,1435.3342172671316,30.689604183116558,-37.24290173974123,-34.57718890058185,-2.665712839159376,1543.6865048508892,1440.104998779297,1336.5234927077047,0.3593328146177551
2026-02-03,1437.0999755859375,1489.5,1430.199951171875,1473.9000244140625,25456171,1433.054998779297,1505.8680004882813,1435.5023847260657,46.641192270853956,-32.45143793392026,-34.15203870724953,1.7006007733292705,1515.0525701345805,1433.054998779297,1351.0574274240134,-0.24461600350511004
2026-02-04,1456.800048828125,1464.0,1440.300048828125,1444.0,8333387,1430.5150024414063,1504.2860009765625,1437.5307336881667,51.691998593367224,-26.756109303955327,-32.67285282659069,5.916743522635365,1506.0078507750238,1430.5150024414063,1355.0221541077888,0.08841155166178459
2026-02-05,1443.4000244140625,1461.5,1439.5,1457.0,11763658,1427.4750061035156,1502.3600024414063,1438.0897137572997,48.34014544214822,-23.05799213340697,-30.749880687953947,7.691888554546978,1495.3684097812652,1427.4750061035156,1359.581602425766,-0.09307216784439466
2026-02-06,1450.800048828125,1452.800048828125,1433.5,1441.5,8277304,1426.485009765625,1499.9780029296876,1439.300221859283,50.258346489759035,-19.307522406830913,-28.461409031729342,9.15388662489843,1492.3822996719837,1426.485009765625,1360.5877198592661,0.06442710264659682
2026-02-09,1461.5999755859375,1465.9000244140625,1453.0,1458.0,5775864,1425.8000061035157,1497.942001953125,1441.4240079284882,53.00118473345419,-15.287558835165783,-25.826638992416633,10.53908015725085,1489.9140174747592,1425.8000061035157,1361.685994732272,0.024686174097319397
2026-02-10,1458.5,1471.0,1452.199951171875,1471.0,10259630,1424.565008544922,1495.762001953125,1443.05029288768,52.11290971656866,-12.211089031341317,-23.103529000201572,10.892439968860256,1485.0580888072868,1424.565008544922,1364.071928282557,-0.08477225924540656
2026-02-11,1468.699951171875,1470.0,1453.5999755859375,1459.5999755859375,7106877,1425.3600036621094,1493.8140014648438,1445.4931174861747,54.79732970348068,-8.847920413137444,-20.25240728278875,11.404486869651304,1487.705972440063,1425.3600036621094,1363.0140348841558,0.06226502846157123
2026-02-12,1448.9000244140625,1473.0,1445.5,1470.0,11135399,1424.8650024414062,1491.8660009765624,1445.8175848126402,49.049347400704875,-7.69160957997542,-17.740247742226085,10.048638162250665,1486.291535057915,1424.8650024414062,1363.4384698248973,-0.1425595423506847
2026-02-13,1419.5999755859375,1450.699951171875,1416.300048828125,1445.5,10755693,1422.9049987792969,1489.4819995117186,1443.3206696481923,42.02434574055237,-9.0353402060382,-15.999266234988507,6.963926028950308,1482.3447083913832,1422.9049987792969,1363.4652891672106,-0.17728377783954843
2026-02-16,1437.0999755859375,1439.5999755859375,1409.300048828125,1420.0999755859375,5896514,1421.8649963378907,1487.5119995117188,1442.7282225946442,46.91471588818712,-8.58914237510703,-14.517241463012212,5.928099087905181,1479.520193570484,1421.8649963378907,1364.2097991052974,0.1191413082005658
2026-02-17,1423.0,1431.800048828125,1418.5999755859375,1431.0999755859375,10731630,1422.3349975585938,1485.16,1440.8493442522972,43.7151363824702,-9.266459592770161,-13.467085088963803,4.200625496193641,1479.8661516961213,1422.3349975585938,1364.8038434210664,-0.05653928666463496
2026-02-18,1441.300048828125,1442.0999755859375,1419.199951171875,1427.0,5521096,1424.7,1483.1260009765624,1440.8922684976142,48.61350416571195,-8.231687596470465,-12.420005590465136,4.188317993994671,1481.2581202552435,1424.7,1368.1418797447566,0.0998764718989319
2026-02-19,1409.5,1443.0,1400.0,1443.0,11884664,1424.945001220703,1480.7280004882812,1437.9025286406984,41.805046997667176,-9.863916422166085,-11.908787756805328,2.044871334639243,1481.1943271555515,1424.945001220703,1368.6956752858546,-0.2280724772274801
2026-02-20,1419.4000244140625,1427.4000244140625,1406.0999755859375,1409.5,8177670,1425.7900024414062,1478.3780004882813,1436.1403853810189,44.41505664224967,-10.240573338929153,-11.575144873230093,1.3345715343009399,1481.1662094031567,1425.7900024414062,1370.4137954796556,0.07012257087277851
2026-02-23,1428.0,1434.9000244140625,1418.300048828125,1425.0,7758856,1427.8850036621093,1476.0380004882813,1435.3651105828267,46.65331326330273,-9.732935282940389,-11.206702955172151,1.4737676722317623,1480.1811349577974,1427.8850036621093,1375.5888723664211,0.021049521861506795
2026-02-24,1428.800048828125,1433.300048828125,1415.0,1425.300048828125,12529409,1430.3000061035157,1473.4840014648437,1434.7398666061883,46.867659378622136,-9.160474958962823,-10.797457355930286,1.636982396967463,1477.8673914473347,1430.3000061035157,1382.7326207596966,0.02455129825133657
2026-02-25,1398.5,1440.5,1393.5,1435.0,10728792,1430.3900085449218,1470.3300024414064,1431.2884507389322,40.26854544459703,-11.024671193315271,-10.842900123407283,-0.1817710699079882,1477.7089168802206,1430.3900085449218,1383.071100209623,-0.24900841525437117
2026-02-26,1406.800048828125,1412.9000244140625,1391.9000244140625,1398.5,16683858,1431.1800109863282,1467.6200024414063,1428.956221985522,42.65066076544719,-11.697474362791581,-11.013814971284145,-0.6836593915074367,1476.3194101390518,1431.1800109863282,1386.0406118336045,0.05928006598001161
2026-02-27,1393.9000244140625,1410.4000244140625,1388.0999755859375,1398.0,12031440,1431.1050109863281,1464.6100024414063,1425.617536502526,39.981853659817965,-13.120356578599512,-11.43512329274722,-1.6852332858522932,1476.4862939982954,1431.1050109863281,1385.7237279743608,-0.029319030967303046
2026-03-02,1358.0,1378.5999755859375,1341.5,1375.5,23728722,1429.485009765625,1460.882001953125,1419.177771121333,33.66796176450734,-16.949450215712204,-12.537988677340216,-4.411461538371988,1482.2718696067307,1429.485009765625,1376.6981499245192,-0.12654442523261286
2026-03-04,1345.0,1352.800048828125,1307.0,1330.0,32495007,1424.8800109863282,1456.4800024414062,1412.11322149073,31.714836977684257,-20.79333326227379,-14.189057594326933,-6.604275667946858,1489.0483392408955,1424.8800109863282,1360.711682731761,0.11230618857816607
2026-03-05,1389.4000244140625,1399.0,1353.0999755859375,1353.0999755859375,25957532,1421.510009765625,1452.7600024414062,1409.9500598643806,43.72281927778108,-20.026079191509098,-15.356461913763365,-4.669617277745733,1485.698286299156,1421.510009765625,1357.321733232094,0.2620173337331344
2026-03-06,1404.800048828125,1424.300048828125,1390.300048828125,1396.5,19311971,1419.580010986328,1449.4420043945313,1409.4595826228324,47.19154554809263,-17.968244804557116,-15.878818491922116,-2.089426312635,1483.3392869690235,1419.580010986328,1355.8207350036325,0.059364764571732655
2026-03-09,1424.0,1429.4000244140625,1370.0,1375.0,24870822,1418.240008544922,1446.7580053710938,1410.8443842778008,51.227756258441715,-14.619595036914916,-15.626973800920677,1.007378764005761,1480.4254727280668,1418.240008544922,1356.054544361777,-0.9494185755029321
2026-03-10,1408.800048828125,1431.5,1400.5999755859375,1430.5999755859375,18071259,1415.6000122070313,1443.7500073242188,1410.649685663546,48.09384547356172,-13.041935682394069,-15.109966177215357,2.068030494821288,1474.5996634987828,1415.6000122070313,1356.60036091528,-0.15121448288254621
2026-03-11,1390.199951171875,1434.0,1383.5999755859375,1424.9000244140625,21848087,1412.185009765625,1440.6420068359375,1408.7020919024344,44.50581771516157,-13.141020209893213,-14.716176983750929,1.5751567738577155,1468.711646985962,1412.185009765625,1355.6583725452879,0.15082766371779144
2026-03-12,1392.199951171875,1410.9000244140625,1381.0999755859375,1390.0,20939959,1408.360009765625,1437.6900048828124,1407.1304594519052,44.981128234075506,-12.909351162094708,-14.354811819419686,1.4454606573249773,1459.132354682995,1408.360009765625,1357.587664848255,0.015825665461244014
2026-03-13,1380.699951171875,1400.800048828125,1378.4000244140625,1385.199951171875,17265090,1404.9500061035155,1433.8960034179688,1404.6132681871404,42.71560233145214,-13.498107877783923,-14.183471031092534,0.6853631533086109,1453.484897874785,1404.9500061035155,1356.415114332246,0.7819447042420506
2026-03-16,1395.0999755859375,1397.300048828125,1363.5,1380.0,22837802,1403.7250061035156,1430.2860034179687,1403.7072403203592,46.35883541583077,-12.656840019407355,-13.878144828755499,1.221304809348144,1451.954805173397,1403.7250061035156,1355.4952070336342,0.1089855072372343
2026-03-17,1397.5999755859375,1405.9000244140625,1388.199951171875,1399.0,19007744,1401.7500061035157,1426.392001953125,1403.125596059938,46.98917794342799,-11.654059332423685,-13.433327729489136,1.7792683970654508,1447.523759505426,1401.7500061035157,1355.9762527016055,-0.01000698842090655
2026-03-18,1408.0999755859375,1412.9000244140625,1397.199951171875,1397.199951171875,9559327,1401.0050048828125,1422.992001953125,1403.5993464909857,49.66456259610664,-9.89798831746566,-12.726259847084442,2.8282715296187817,1445.8465968214234,1401.0050048828125,1356.1634129442016,0.4461788469925523
2026-03-19,1384.800048828125,1415.699951171875,1376.0999755859375,1388.0,16498373,1398.1800048828125,1420.5360034179687,1401.8089371897609,44.319349652355115,-10.26803523152671,-12.234614923972895,1.9665796924461851,1439.4913577343577,1398.1800048828125,1356.8686520312672,0.41455862671136856
