Date,Close,High,Low,Open,Volume,SMA_20,SMA_50,EMA_20,RSI_14,MACD,MACD_Signal,MACD_Hist,BB_Upper,BB_Mid,BB_Lower,Sentiment
2019-03-14,19.33066749572754,19.69266700744629,19.21933364868164,19.496667861938477,106551000,19.613000011444093,20.50944004058838,19.55115923877833,46.13059724075338,-0.41123637589983275,-0.4123261690828972,0.001089793183064458,21.219141180398765,19.613000011444093,18.00685884248942,-0.08493779408424125
2019-03-15,18.36199951171875,18.9146671295166,18.293333053588867,18.900667190551758,221782500,19.518533325195314,20.463186683654786,19.43790593143932,38.9322521408445,-0.45566786765278877,-0.4209945087968755,-0.03467335885591327,21.18451658565705,19.518533325195314,17.852550064733578,-0.27752569783894715
2019-03-18,17.965999603271484,18.536666870117188,17.81999969482422,18.399999618530273,154215000,19.390566635131837,20.42202667236328,19.29772437637572,36.42958747176616,-0.5168758055387528,-0.440170768145251,-0.07670503739350176,21.119537786037355,19.390566635131837,17.661595484226318,-0.23159061758297214
2019-03-19,17.83133316040039,18.219999313354492,17.56399917602539,17.833332061767578,177009000,19.263333320617676,20.3550666809082,19.158068070092355,35.591690279331914,-0.5696830422819907,-0.46607322297259896,-0.10360981930939178,21.056825504689268,19.263333320617676,17.469841136546084,-0.0011208788818288546
2019-03-20,18.239999771118164,18.33133316040039,17.753332138061523,17.979333877563477,103623000,19.16679992675781,20.273253326416015,19.070632993999578,40.09463534498776,-0.5719639335502649,-0.48725136508813216,-0.08471256846213271,20.962386355774242,19.16679992675781,17.37121349774138,0.14397350346999385
2019-03-21,18.26799964904785,18.43000030517578,17.89666748046875,18.17333221435547,89206500,19.109433269500734,20.191479988098145,18.994191723051795,40.40207335711606,-0.5649992406230382,-0.5028009401951133,-0.062198300427924846,20.94251307169488,19.109433269500734,17.27635346730659,0.05204433577436802
2019-03-22,17.635332107543945,18.18666648864746,17.600000381469727,18.172000885009766,131184000,19.00883321762085,20.092813301086426,18.864776521574857,35.91675715685986,-0.603573040180386,-0.5229553601921679,-0.08061767998821812,20.93144281692924,19.00883321762085,17.08622361831246,-0.2870306452567664
2019-03-25,17.3613338470459,17.545333862304688,16.964000701904297,17.31399917602539,153225000,18.880999946594237,19.98007999420166,18.721591504953054,34.148606242366355,-0.648773763859861,-0.5481190409257066,-0.10065472293415434,20.883147929276163,18.880999946594237,16.87885196391231,0.027332149623609355
2019-03-26,17.851333618164062,18.017332077026367,17.6286678314209,17.62933349609375,110263500,18.78070001602173,19.874093322753907,18.63870980144934,39.85131393527553,-0.6377057022219894,-0.5660363731849632,-0.07166932903702616,20.77813683466533,18.78070001602173,16.78326319737813,0.12526512272762375
2019-03-27,18.32200050354004,18.357999801635742,17.8786678314209,17.916667938232422,131688000,18.647666645050048,19.79466667175293,18.608547011172266,44.79652682492421,-0.584220766182586,-0.5696732517844878,-0.014547514398098205,20.377207291928773,18.647666645050048,16.918125998171323,0.2224499319365845
2019-03-28,18.57466697692871,18.68866729736328,18.34000015258789,18.477333068847656,101611500,18.510133361816408,19.706920013427734,18.60532034124431,47.30134957712346,-0.5155030974348698,-0.5588392209145643,0.04333612347969451,19.72780983186463,18.510133361816408,17.292456891768186,0.05262879465225844
2019-03-29,18.657333374023438,18.67733383178711,18.299999237060547,18.579999923706055,89869500,18.46036672592163,19.618666687011718,18.61027396341375,48.13060412352588,-0.4491953184775639,-0.5369104404271642,0.0877151219496003,19.56312983482744,18.46036672592163,17.357603617015823,0.04159786036799059
2019-04-01,19.278667449951172,19.280000686645508,18.75200080871582,18.841333389282227,121656000,18.473100090026854,19.541160049438478,18.673930485941124,53.990821102425826,-0.34256063297002726,-0.49804047893573683,0.15547984596570957,19.60704215368622,18.473100090026854,17.33915802636749,0.22803355795301983
2019-04-02,19.058666229248047,19.29599952697754,18.92533302307129,19.219999313354492,82183500,18.504233360290527,19.519320030212402,18.710571985303687,51.76090280648517,-0.2726610692470466,-0.4529645969979988,0.1803035277509522,19.666235835003455,18.504233360290527,17.3422308855776,-0.08374362086123378
2019-04-03,19.45400047302246,19.744667053222656,19.14466667175293,19.154666900634766,118791000,18.556133365631105,19.50984004974365,18.78137469841976,55.331146429881485,-0.1832525703111756,-0.3990221916606342,0.2157696213494586,19.788338628750097,18.556133365631105,17.323928102512113,0.1550120804426602
2019-04-04,17.851999282836914,18.079999923706055,17.37266731262207,17.459333419799805,355810500,18.52676668167114,19.48342670440674,18.69286275407854,41.82297210972545,-0.2389097949168324,-0.3669997123118739,0.1280899173950415,19.79614160516909,18.52676668167114,17.257391758173192,0.22118633344652636
2019-04-05,18.33066749572754,18.406667709350586,17.74066734313965,17.99066734313965,195574500,18.496166706085205,19.46136005401611,18.65836796756892,46.060298914030874,-0.24160890496227694,-0.3419215508419545,0.10031264587967759,19.75341116295569,18.496166706085205,17.23892224921472,0.18676868836739577
2019-04-08,18.213333129882812,18.743999481201172,18.029333114624023,18.512666702270508,156156000,18.4371000289917,19.429573364257813,18.6159836973131,45.19139549145189,-0.25033022087766454,-0.3236032848490965,0.07327306397143196,19.62926053146802,18.4371000289917,17.24493952651538,-0.16029671671391676
2019-04-09,18.15399932861328,18.333332061767578,17.974000930786133,18.110000610351562,88560000,18.400266647338867,19.397480010986328,18.571985186008355,44.7318555178994,-0.2590435753755749,-0.3106913429543922,0.05164776757881734,19.579547988018767,18.400266647338867,17.220985306658967,0.02429048146479816
2019-04-10,18.40399932861328,18.558666229248047,18.19266700744629,18.44933319091797,105919500,18.35726661682129,19.368946647644044,18.55598653292311,47.16952369660276,-0.2429751941374647,-0.29714811319100676,0.054172919053542046,19.468169050317147,18.35726661682129,17.24636418332543,-0.02456714290578393
2019-04-11,17.89466667175293,18.03333282470703,17.706666946411133,17.886667251586914,147538500,18.285466575622557,19.31514663696289,18.49300368900214,43.00762625356677,-0.26824758380999825,-0.29136800731480506,0.02312042350480681,19.318317542948833,18.285466575622557,17.25261560829628,0.004472251158362714
2019-04-12,17.84666633605957,18.1299991607666,17.788667678833008,18.014667510986328,101190000,18.2596999168396,19.262719955444336,18.43144775062666,42.62591842417042,-0.28882002319495825,-0.2908584104908357,0.002038387295877464,19.30920604348874,18.2596999168396,17.210193790190463,-0.09298857434076184
2019-04-15,17.7586669921875,17.92533302307129,17.242000579833984,17.908666610717773,150579000,18.2493332862854,19.201613311767577,18.367373392680076,41.891852600798984,-0.3086665256636252,-0.2944200335253936,-0.014246492138231592,19.31422204349761,18.2493332862854,17.184444529073186,-0.08356279845069406
2019-04-16,18.224000930786133,18.333332061767578,17.648000717163086,17.71666717529297,109093500,18.268966674804688,19.1489066696167,18.3537188724997,47.08150986879518,-0.2835775564199423,-0.2922515381043034,0.008673981684361065,19.316644922196048,18.268966674804688,17.221288427413327,0.27878074973641953
2019-04-17,18.082000732421875,18.319332122802734,17.902666091918945,18.316667556762695,76897500,18.261066722869874,19.082080039978027,18.32784095439705,45.73906086454764,-0.2720169546721003,-0.28820462141786274,0.01618766674576244,19.311877604767812,18.261066722869874,17.210255840971936,-0.1274201592436278
2019-04-18,18.21733283996582,18.32266616821289,17.983333587646484,18.082000732421875,88144500,18.25853338241577,19.023466682434083,18.31731637207027,47.28184165569185,-0.24906387116618944,-0.2803764713675281,0.031312600201338636,19.309509479037093,18.25853338241577,17.207557285794447,0.07470411283231092
2019-04-22,17.516666412353516,17.978666305541992,17.498666763305664,17.933332443237305,182206500,18.25260009765625,18.96378665924072,18.241063994954388,40.8119191181209,-0.28413596952617226,-0.2811283709992569,-0.003007598526915345,19.318811753309447,18.25260009765625,17.18638844200305,-0.22824920433843693
2019-04-23,17.593332290649414,17.706666946411133,17.049999237060547,17.343332290649414,164158500,18.264200019836426,18.90791996002197,18.179375261211057,41.75113973843424,-0.30226029596094506,-0.28535475599159454,-0.016905539969350514,19.295861187201034,18.264200019836426,17.23253885247182,0.14315745255872614
2019-04-24,17.243999481201172,17.687999725341797,17.200000762939453,17.59000015258789,160912500,18.23383331298828,18.835679931640627,18.090291853591065,38.734952277987276,-0.3408827097793754,-0.2964603467491507,-0.044422363030224676,19.345006706923385,18.23383331298828,17.122659919053177,-0.19420475972853188
2019-04-25,16.5086669921875,17.266666412353516,16.404666900634766,17.0,327741000,18.143166637420656,18.750106620788575,17.939660914409775,33.284192083859665,-0.4259167344327466,-0.32235162428586994,-0.10356511014687664,19.48313290690001,18.143166637420656,16.8032003679413,-0.2812320340686809
2019-04-26,15.675999641418457,16.44533348083496,15.408666610717773,16.433332443237305,335410500,17.99823327064514,18.65273328781128,17.72407412650584,28.4090888152364,-0.5541086878899506,-0.3687030370066861,-0.1854056508832645,19.698712899678156,17.99823327064514,16.297753641612125,-0.43077805780759987
2019-04-29,16.097999572753906,16.26533317565918,15.477999687194824,15.723999977111816,250717500,17.870266580581664,18.56966661453247,17.56920988329137,33.70851757740296,-0.6145655379520001,-0.41787553719574894,-0.19669000075625115,19.73075686697358,17.870266580581664,16.00977629418975,0.23346651844640048
2019-04-30,15.912667274475098,16.28066635131836,15.800000190734863,16.137332916259766,141969000,17.701966571807862,18.477413291931153,17.411443920546965,32.56829507613176,-0.6697127629293824,-0.46824298234247563,-0.2014697805869068,19.63013797000649,17.701966571807862,15.773795173609233,-0.1383284844706902
2019-05-01,15.600666999816895,16.0,15.433333396911621,15.923333168029785,160566000,17.529066610336304,18.38190664291382,17.23898897571553,30.68644475695494,-0.730176134745605,-0.5206296128231016,-0.20954652192250345,19.557177194173885,17.529066610336304,15.500956026498724,-0.19990858101246853
2019-05-02,16.273332595825195,16.475332260131836,15.847999572753906,16.368000030517578,272389500,17.37003321647644,18.303959941864015,17.14702170144026,38.88549044895388,-0.715566693213546,-0.5596170289011906,-0.15594966431235546,19.26380341550285,17.37003321647644,15.476263017450028,-0.057772493894798584
2019-05-03,17.00200080871582,17.107332229614258,16.232667922973633,16.257333755493164,355602000,17.327533292770386,18.25569330215454,17.133210187847457,46.29628468751344,-0.6378385645665112,-0.5752613360342548,-0.06257722853225645,19.214269073283457,17.327533292770386,15.440797512257316,0.42849351566221155
2019-05-06,17.022666931152344,17.22333335876465,16.566667556762695,16.667999267578125,162508500,17.262133264541625,18.203199977874757,17.1226822586384,46.49445249013514,-0.5680230629584706,-0.5738136814190979,0.005790618460627339,19.095162534509708,17.262133264541625,15.429103994573541,0.2096293083703506
2019-05-07,16.470666885375977,17.1473331451416,16.34000015258789,17.1200008392334,151971000,17.174999952316284,18.134253330230713,17.06058555642293,42.032928710627196,-0.550885302524545,-0.5692280056401874,0.018342703115642345,18.98440731862913,17.174999952316284,15.365592586003439,-0.36208535562218025
2019-05-08,16.32266616821289,16.706666946411133,16.280000686645508,16.46266746520996,92646000,17.083433294296263,18.063560009002686,16.990307519450543,40.899715190362954,-0.5429867120719507,-0.5639797469265401,0.020993034854589365,18.870616504258294,17.083433294296263,15.296250084334234,-0.08483726601775278
2019-05-09,16.131999969482422,16.245332717895508,15.795999526977539,16.133333206176758,100671000,16.96983332633972,17.966546649932862,16.908563943263104,39.42506475537641,-0.5458203141850575,-0.5603478603782436,0.01452754619318608,18.694556538686033,16.96983332633972,15.245110113993409,-0.00082638619918297
2019-05-10,15.968000411987305,16.132667541503906,15.73466682434082,15.983332633972168,105124500,16.87350001335144,17.859400005340575,16.81898646409398,38.15089531377519,-0.5549027840831435,-0.5592588451192235,0.0043560610360799945,18.596062123912137,16.87350001335144,15.15093790279074,-0.009592337261687863
2019-05-13,15.133999824523926,15.498000144958496,14.966667175292969,15.46733283996582,162522000,16.73786668777466,17.769026679992677,16.65851154603969,32.41378859094429,-0.6222249622444416,-0.5718520685442672,-0.05037289370017439,18.557041300550132,16.73786668777466,14.918692074999186,-0.21223227216228768
2019-05-14,15.487333297729492,15.633333206176758,15.199999809265137,15.286666870117188,108786000,16.624300003051758,17.698293342590333,16.54697076048634,36.75319097105752,-0.6396932297533411,-0.585420300786082,-0.054272928967259104,18.457921229989505,16.624300003051758,14.79067877611401,0.13052009452003419
2019-05-15,15.463333129882812,15.496000289916992,15.016667366027832,15.288000106811523,109440000,16.486266613006592,17.638839988708497,16.443767176619335,36.58138189291617,-0.6480037862936285,-0.5979369978875912,-0.05006678840603729,18.230890968358636,16.486266613006592,14.741642257654549,0.11418650194780462
2019-05-16,15.222000122070312,15.399999618530273,15.100000381469727,15.299332618713379,112249500,16.343266582489015,17.574959983825682,16.32740840951943,34.818789640999924,-0.6663818835077446,-0.611625975011622,-0.05475590849612266,18.0082946850816,16.343266582489015,14.678238479896429,-0.05050331677076615
2019-05-17,14.0686674118042,14.815999984741211,13.928000450134277,14.797332763671875,266800500,16.135833311080933,17.487546672821043,16.112290219260835,27.90014816346411,-0.7651903310499151,-0.6423388462192806,-0.12285148483063446,17.848299294406793,16.135833311080933,14.423367327755074,-0.45614312060936696
2019-05-20,13.690667152404785,13.733332633972168,13.016667366027832,13.520000457763672,307893000,15.944533348083496,17.382506675720215,15.881659450988831,26.07163695169291,-0.8640381060159577,-0.6866786981786162,-0.1773594078373415,17.842053977396894,15.944533348083496,14.047012718770098,0.12556651020170856
2019-05-21,13.67199993133545,13.826666831970215,13.06933307647705,13.184000015258789,270058500,15.748466730117798,17.268053340911866,15.67121568721232,25.98108025362224,-0.9331254788978338,-0.7359680543224597,-0.1971574245753741,17.73239971774462,15.748466730117798,13.764533742490975,0.354119031881492
2019-05-22,12.84866714477539,13.595999717712402,12.785332679748535,13.273332595825195,280278000,15.528700113296509,17.147213344573974,15.402401540313564,22.301729105985913,-1.042298822631757,-0.7972342079843192,-0.2450646146474379,17.759674008490123,15.528700113296509,13.297726218102893,-0.3094516105704235
2019-05-23,13.03266716003418,13.29800033569336,12.414667129516602,12.956000328063965,398206500,15.354900121688843,17.02258668899536,15.176712551715529,24.862654995889685,-1.1012773804923146,-0.8580428424859183,-0.24323453800639627,17.78602904807545,15.354900121688843,12.923771195302237,0.05910579523630281
2019-05-24,12.708666801452637,13.331999778747559,12.583333015441895,13.321999549865723,212049000,15.206533479690552,16.890146675109865,14.941660575500016,23.40008897143322,-1.1607816651930758,-0.9185906070273498,-0.24219105816572595,17.890229884203148,15.206533479690552,12.522837075177957,-0.43040275954521295
2019-05-28,12.579999923706055,13.0,12.523332595825195,12.74666690826416,154693500,15.03063349723816,16.77450668334961,14.716740513424401,22.825839387855424,-1.2044375746199751,-0.975760000545875,-0.22867757407410017,17.9114765199336,15.03063349723816,12.149790474542721,-0.13001330619574644
2019-05-29,12.657333374023438,12.826000213623047,12.336000442504883,12.473333358764648,179529000,14.867866802215577,16.66833335876465,14.52060650014812,24.032530594489387,-1.2187460879676415,-1.0243572180302283,-0.19438886993741322,17.895109526463422,14.867866802215577,11.840624077967732,0.1464539398352557
2019-05-30,12.54800033569336,12.817333221435547,12.468000411987305,12.583333015441895,118897500,14.7152334690094,16.56266670227051,14.332739246390522,23.47370713608126,-1.224789341221145,-1.0644436426684116,-0.1603456985527334,17.88382426500483,14.7152334690094,11.54664267301397,-0.028071574423392594
2019-05-31,12.343999862670898,12.661333084106445,12.273332595825195,12.34000015258789,156100500,14.518766832351684,16.44474670410156,14.143335495560082,22.425881341416726,-1.2318399125158965,-1.0979228966379087,-0.13391701587798788,17.762928705710895,14.518766832351684,11.274604958992473,0.0032412447544324275
2019-06-03,11.9313325881958,12.445332527160645,11.799332618713379,12.36733341217041,195966000,14.265233421325684,16.31801336288452,13.93266855200158,20.438380078783666,-1.2562451294426662,-1.1295873431988603,-0.12665778624380586,17.48596974953137,14.265233421325684,11.044497093119995,-0.3386282608682419
2019-06-04,12.90666675567627,12.932000160217285,11.973999977111816,12.073332786560059,207112500,14.05943341255188,16.223440055847167,13.834954095208694,35.08234855560576,-1.1832454070712632,-1.140318955973341,-0.04292645109792215,17.068117624322603,14.05943341255188,11.050749200781157,0.5981277787301922
2019-06-05,13.105999946594238,13.41866683959961,12.789999961853027,13.245332717895508,202662000,13.891200065612793,16.138333377838133,13.765529890578746,37.609797701193784,-1.0966663910424206,-1.131588442987157,0.03492205194473641,16.712187224884744,13.891200065612793,11.070212906340844,-0.10480755635791902
2019-06-06,13.729999542236328,14.066666603088379,13.453332901000977,13.629332542419434,303633000,13.761566734313964,16.055906696319582,13.762146047879469,44.848582680922796,-0.9665584604154134,-1.0985824464728082,0.13202398605739485,16.352616905686837,13.761566734313964,11.170516562941092,0.0737265300009944
2019-06-07,13.633333206176758,14.055999755859375,13.566666603088379,13.666666984558105,240052500,13.636633396148682,15.962133350372314,13.749878158193496,43.99695929580509,-0.8613184109726184,-1.0511296393727703,0.18981122840015185,15.988357371810018,13.636633396148682,11.284909420487345,-0.02438573348199475
2019-06-10,14.192000389099121,14.462667465209961,13.934000015258789,14.016667366027832,158775000,13.547833395004272,15.874480018615722,13.791985037327366,49.91611118884248,-0.724483743273229,-0.985800460152862,0.2613167168796331,15.662944731022087,13.547833395004272,11.432722058986457,0.12444057723368288
2019-06-11,14.473333358764648,14.726667404174805,14.233332633972168,14.609333038330078,174802500,13.514800071716309,15.790800018310547,13.856875353654726,52.631249506277534,-0.5865783536975595,-0.9059560388618015,0.31937768516424203,15.548873917504201,13.514800071716309,11.480726225928416,-0.09282297954919536
2019-06-12,13.950667381286621,14.892000198364258,13.933333396911621,14.863332748413086,227962500,13.437966775894164,15.684240016937256,13.865807927714906,47.4812804225324,-0.5135423190003685,-0.8274732948895149,0.3139309758891464,15.27471977657117,13.437966775894164,11.60121377521716,-0.5469634243199833
2019-06-13,14.260666847229004,14.326666831970215,13.833999633789062,14.025333404541016,122524500,13.377833461761474,15.588280029296875,13.903413539097201,50.57063241398884,-0.4257387182479011,-0.7471263795611922,0.3213876613132911,15.0131141200959,13.377833461761474,11.74255280342705,0.16623455383475091
2019-06-14,14.32800006866455,14.44333267211914,14.026666641235352,14.083333015441895,111501000,13.333133459091187,15.485760021209718,13.943850351436948,51.241530357905454,-0.3467236889598233,-0.6670458414409185,0.3203221524810952,14.805045023195357,13.333133459091187,11.861221894987017,0.1720011462299977
2019-06-17,15.001999855041504,15.133333206176758,14.284667015075684,14.36533260345459,184752000,13.379800081253052,15.428760032653809,14.044626494637383,57.465003973982405,-0.2270996951461033,-0.5790566121819555,0.3519569170358522,14.994307290414817,13.379800081253052,11.765292872091287,0.4162909328228876
2019-06-18,14.982666969299316,15.649333000183105,14.837332725524902,15.248000144958496,190737000,13.444400072097778,15.361800022125244,14.133963682700424,57.239320962511705,-0.1323313866601321,-0.48971156707759084,0.3573801804174587,15.200660211752634,13.444400072097778,11.688139932442922,-0.17227643791051672
2019-06-19,15.095333099365234,15.184666633605957,14.737333297729492,15.007332801818848,98626500,13.515566730499268,15.299440021514892,14.22552267476374,58.26792166691114,-0.04758705041475331,-0.40128666374502336,0.35369961333027006,15.412655694672496,13.515566730499268,11.61847776632604,0.05857108390562306
2019-06-20,14.641332626342773,15.126667022705078,14.423333168029785,14.866666793823242,177952500,13.605200004577636,15.229186687469483,14.265123622533173,52.760380468497715,-0.01686617456145001,-0.32440256590830874,0.30753639134685873,15.536864779237298,13.605200004577636,11.673535229917974,-0.1504199368025874
2019-06-21,14.790666580200195,14.812000274658203,14.366666793823242,14.414667129516602,123031500,13.693099975585938,15.15692003250122,14.315175332787174,54.29082826537717,0.019307774914082643,-0.2556604977438305,0.2749682726579131,15.671971020099798,13.693099975585938,11.714228931072077,0.2550857624599146
2019-06-24,14.909333229064941,15.057332992553711,14.73466682434082,14.88266658782959,86262000,13.803133296966553,15.09721336364746,14.371761799099342,55.52391459339593,0.05689544207741193,-0.19314930977958203,0.25004475185699393,15.795499782848601,13.803133296966553,11.810766811084505,0.017916001580249932
2019-06-25,14.650667190551758,15.022666931152344,14.63266658782959,14.959333419799805,92731500,13.906666660308838,15.033293380737305,14.398324217332906,52.21718269937296,0.06506176009233045,-0.14150709580519955,0.20656885589753,15.848598501328123,13.906666660308838,11.964734819289554,-0.20345765234420357
2019-06-26,14.618000030517578,15.148667335510254,14.539999961853027,14.687333106994629,127608000,14.004699993133546,14.970480041503906,14.419245723350494,51.797631027545826,0.06811250064155239,-0.09958317651584916,0.16769567715740155,15.881316479913956,14.004699993133546,12.128083506353136,-0.04717100170741748
2019-06-27,14.855999946594238,14.859999656677246,14.489999771118164,14.630000114440918,95095500,14.120099973678588,14.903120021820069,14.460841363659423,54.65614653040523,0.08871221944102814,-0.06192409732447371,0.15063631676550185,15.905868256567508,14.120099973678588,12.334331690789668,0.1532598340119293
2019-06-28,14.897333145141602,15.011333465576172,14.720000267028809,14.732666969299316,102771000,14.247766637802124,14.839426670074463,14.502412009514869,55.153548100288155,0.10713787001486885,-0.0281117038566052,0.13524957387147404,15.864456221908645,14.247766637802124,12.631077053695604,0.1113063189014259
2019-07-01,15.14466667175293,15.539999961853027,15.085332870483398,15.347332954406738,123201000,14.40843334197998,14.777973346710205,14.563579120204206,58.11443465100047,0.14008328646177404,0.005527294207070647,0.13455599225470338,15.67261000881817,14.40843334197998,13.144256675141792,-0.1312908306509539
2019-07-02,14.970000267028809,15.276666641235352,14.814666748046875,15.259332656860352,138885000,14.511600017547607,14.727040023803712,14.602285896092264,55.33592489468508,0.1503653293243854,0.0344949012305336,0.1158704280938518,15.59214622178948,14.511600017547607,13.431053813305734,-0.18737004122613735
2019-07-03,15.65999984741211,16.10466766357422,15.633999824523926,15.959333419799805,213016500,14.639300012588501,14.688373374938966,14.703020558122725,62.88511204014187,0.21175019747439272,0.06994596047930543,0.1418042369950873,15.624679668620377,14.639300012588501,13.653920356556625,-0.18539132881131662
2019-07-05,15.539999961853027,15.696666717529297,15.386667251586914,15.637999534606934,105985500,14.729800033569337,14.654293384552002,14.782732882287515,60.955493828844055,0.24785800703479133,0.10552836979040262,0.1423296372443887,15.69680502940745,14.729800033569337,13.762795037731223,-0.06258568105124654
2019-07-08,15.355999946594238,15.483332633972168,15.244000434875488,15.416000366210938,88207500,14.81593337059021,14.631240043640137,14.837329745554824,58.01586799728152,0.258644944851671,0.1361516848026563,0.1224932600490147,15.678139970246283,14.81593337059021,13.953726770934137,-0.03890123225181305
2019-07-09,15.337332725524902,15.399999618530273,15.152000427246094,15.264666557312012,92862000,14.8731999874115,14.624466705322266,14.884949076980547,57.71178634723263,0.26265960562173873,0.16145326896647277,0.10120633665526596,15.713911200176417,14.8731999874115,14.032488774646582,0.0475682365444268
2019-07-10,15.928000450134277,15.929332733154297,15.542667388916016,15.609999656677246,137185500,14.94593334197998,14.621066722869873,14.984287302995188,64.12008918665242,0.30993051610135325,0.19114871839344888,0.11878179770790437,15.881976566886014,14.94593334197998,14.009890117073947,0.20094399865052687
2019-07-11,15.90666675567627,16.100000381469727,15.720000267028809,15.87600040435791,112716000,15.043733310699462,14.620946712493897,15.072132965155292,63.744361691410035,0.3417323248553803,0.22126543968583517,0.12046688516954512,15.951702723896792,15.043733310699462,14.135763897502132,0.019313767376819686
2019-07-12,16.338666915893555,16.358667373657227,15.980667114257812,15.983332633972168,138007500,15.14763331413269,14.63570671081543,15.192755246177983,67.85236184689313,0.3972154376588559,0.25645543928043935,0.14075999837841657,16.14460854129633,15.14763331413269,14.150658086969054,0.21872391473613803
2019-07-15,16.899999618530273,16.961332321166992,16.323999404907227,16.53333282470703,165001500,15.276233291625976,14.648240051269532,15.355349948306772,72.2519190477476,0.48093711841141484,0.30135177510663447,0.17958534330478038,16.46265884271428,15.276233291625976,14.089807740537672,0.21820850934691785
2019-07-16,16.825332641601562,16.902000427246094,16.528667449951172,16.6200008392334,122235000,15.36739993095398,14.644706687927247,15.495348300049134,70.86270071935364,0.5350939229108587,0.3481002046674793,0.18699371824337935,16.723593548193243,15.36739993095398,14.011206313714714,0.12292024437203262
2019-07-17,16.99066734313965,17.220666885375977,16.889999389648438,17.044666290283203,146470500,15.467799949645997,14.644066696166993,15.637759637486326,72.14008350456182,0.5846156243033658,0.3954032885946567,0.1892123357087091,16.98316657207213,15.467799949645997,13.952433327219865,-0.03167025253341592
2019-07-18,16.902666091918945,17.049999237060547,16.792667388916016,17.003332138061523,71379000,15.558166599273681,14.652706680297852,15.758226918860862,70.37168861448376,0.6097323489516455,0.4382691006660545,0.171463248285591,17.18534001757921,15.558166599273681,13.930993180968153,-0.05913464243757649
2019-07-19,17.211999893188477,17.33066749572754,16.974666595458984,17.04599952697754,105726000,15.686699962615966,14.670493354797363,15.896681487844445,72.88759177298462,0.6471383783477052,0.4800429562023847,0.16709542214532047,17.407317885717998,15.686699962615966,13.966082039513934,0.09707708176455367
2019-07-22,17.045333862304688,17.476667404174805,16.945999145507812,17.25,102636000,15.799433326721191,14.688760032653809,16.006076952078754,69.4649823061115,0.6557750042900974,0.5151893658199272,0.14058563847017014,17.565302189906117,15.799433326721191,14.033564463536264,-0.11809341732156374
2019-07-23,17.344667434692383,17.365333557128906,16.96666717529297,17.11400032043457,75346500,15.921200037002563,14.71629337310791,16.13356175994672,72.00736297680409,0.6789468337597651,0.5479408594078948,0.13100597435187022,17.759154978766105,15.921200037002563,14.083245095239022,0.13397241474891783
2019-07-24,17.658666610717773,17.738000869750977,17.21066665649414,17.277999877929688,166092000,16.071600008010865,14.766786708831788,16.27880984097253,74.41395931302239,0.7144124824715306,0.581235184020622,0.13317729845090853,17.96064872072563,16.071600008010865,14.1825512952961,0.216821847068225
2019-07-25,15.254667282104492,15.633333206176758,15.036666870117188,15.566666603088379,336274500,16.10343337059021,14.762133388519286,16.18127245441367,43.54640325999694,0.5422854803765951,0.5734452432918167,-0.0311597629152216,17.91322253619336,16.10343337059021,14.29364420498706,-0.19778644864106898
2019-07-26,15.202667236328125,15.350666999816895,14.816666603088379,15.128000259399414,150415500,16.120766735076906,14.756920070648194,16.088071957453142,43.12965111354716,0.39710009923884115,0.5381762144812215,-0.1410761152423804,17.8885882583374,16.120766735076906,14.35294521181641,0.04931676542951942
2019-07-29,15.718000411987305,15.72933292388916,15.0686674118042,15.13933277130127,139099500,16.16180009841919,14.766840076446533,16.05282704836116,48.40005451176337,0.31993471094431136,0.49452791377383953,-0.17459320282952817,17.85045168559784,16.16180009841919,14.47314851124054,0.3646407662215695
2019-07-30,16.150667190551758,16.224000930786133,15.478667259216309,15.526666641235352,121635000,16.212100124359132,14.808480072021485,16.062145157141217,52.389485621330415,0.2903462470555116,0.45369158043017394,-0.16334533337466234,17.835225664556773,16.212100124359132,14.588974584161491,0.38156459601787274
2019-07-31,16.107332229614258,16.44533348083496,15.776666641235352,16.200000762939453,137673000,16.268966722488404,14.856813373565673,16.066448687852937,51.956205567800424,0.2603986930273301,0.4150330029496052,-0.15463430992227511,17.790556066085603,16.268966722488404,14.747377378891203,-0.057140484979794084
2019-08-01,15.59000015258789,16.30066680908203,15.451333045959473,16.176666259765625,123892500,16.265466737747193,14.895173377990723,16.021072636875314,46.96282718107314,0.19269934748146866,0.3705662718559779,-0.17786692437450924,17.792953602043006,16.265466737747193,14.737979873451378,-0.3475565800287085
2019-08-02,15.62266731262207,15.751333236694336,15.281999588012695,15.423333168029785,92047500,16.269600105285644,14.950653381347657,15.983129272660719,47.30720481964788,0.14006847302539782,0.3244667120898619,-0.18439823906446406,17.78964141830658,16.269600105285644,14.749558792264708,0.12852711549850873
2019-08-05,15.221332550048828,15.424667358398438,15.052000045776367,15.30666732788086,105424500,16.262866735458374,14.99442668914795,15.910577203840537,43.56464429477152,0.06522192681579142,0.2726177550350478,-0.2073958282192564,17.800131892708002,16.262866735458374,14.725601578208744,-0.05569238355409914
2019-08-06,15.383333206176758,15.5,15.050000190734863,15.458666801452637,83463000,16.265166759490967,15.047920017242431,15.86036348977732,45.44094758952521,0.018761329826265438,0.22184646999329133,-0.2030851401670259,17.797014078373934,16.265166759490967,14.733319440608,-0.048693731420520726
2019-08-07,15.561332702636719,15.571332931518555,15.053333282470703,15.100000381469727,71647500,16.24683337211609,15.107546672821044,15.831884367192501,47.50607798933365,-0.003653837098365642,0.17674640857495996,-0.1804002456733256,17.80296704499992,16.24683337211609,14.690699699232258,0.2963542611369946
2019-08-08,15.886667251586914,15.986666679382324,15.510000228881836,15.630000114440918,79114500,16.24583339691162,15.172133350372315,15.837101784753873,51.14588148621861,0.004778675194300419,0.14235286189882806,-0.13757418670452765,17.80286559618326,16.24583339691162,14.688801197639984,0.16275407876316833
2019-08-09,15.667332649230957,15.93066692352295,15.587332725524902,15.736666679382324,58473000,16.21226668357849,15.234519996643066,15.820933295656452,48.69450228652233,-0.006165890863423229,0.11264911134637781,-0.11881500220980104,17.788671258285383,16.21226668357849,14.635862108871597,-0.044030418213254784
2019-08-12,15.267333030700684,15.718000411987305,15.25,15.53266716003418,69958500,16.13063335418701,15.292986660003661,15.76820946089876,44.505147137766485,-0.04657922824595495,0.08080344342791126,-0.12738267167386622,17.72511759211205,16.13063335418701,14.536149116261974,-0.1691808819090203
2019-08-13,15.666666984558105,15.733332633972168,15.170000076293945,15.253999710083008,72721500,16.07270007133484,15.367693347930908,15.758538748866316,49.20366587622567,-0.045855581975880355,0.05547163834715294,-0.10132722032303329,17.64606794388904,16.07270007133484,14.499332198780639,0.2641184328197625
2019-08-14,14.641332626342773,15.433333396911621,14.446000099182129,15.413999557495117,143439000,15.955233335494995,15.402386665344238,15.652138165768836,39.86971787364762,-0.12655910612931365,0.019065489451859624,-0.14562459558117327,17.586650662963944,15.955233335494995,14.323816008026046,-0.4631201373298186
2019-08-15,14.37600040435791,14.77066707611084,14.103333473205566,14.723999977111816,122394000,15.828900051116943,15.427786674499512,15.530601236110652,37.86779605552227,-0.20951219710724445,-0.02665004785996119,-0.18286214924728325,17.536808615990218,15.828900051116943,14.12099148624367,-0.23204382922139064
2019-08-16,14.662667274475098,14.815999984741211,14.40133285522461,14.444000244140625,76477500,15.701433420181274,15.446440029144288,15.447940858812027,41.29732174528277,-0.24924831923607726,-0.0711697021351844,-0.17807861710089284,17.35714699480528,15.701433420181274,14.045719845557267,0.15024347324363885
2019-08-19,15.121999740600586,15.188667297363281,14.779999732971191,14.947333335876465,79644000,15.60526671409607,15.476213359832764,15.416898847553796,46.40234164037529,-0.24089826583713503,-0.10511541487557453,-0.1357828509615605,17.157790561866427,15.60526671409607,14.052742866325714,0.11632556577477104
2019-08-20,15.057332992553711,15.272666931152344,14.969332695007324,15.174667358398438,61878000,15.490899991989135,15.493520011901856,15.382654480410931,45.79849138043772,-0.23676952280937158,-0.13144623646233394,-0.10532328634703764,16.837360020609438,15.490899991989135,14.144439963368834,-0.07716879877717141
2019-08-21,14.722000122070312,14.881333351135254,14.506667137145996,14.800666809082031,116914500,15.344066667556763,15.498493347167969,15.319735017711825,42.6956952682065,-0.2575867249451633,-0.1566743341588998,-0.10091239078626352,16.295441192838013,15.344066667556763,14.392692142275513,-0.05310077831011273
2019-08-22,14.8100004196167,15.026666641235352,14.54800033569336,14.853333473205566,98385000,15.321833324432372,15.51568000793457,15.27118886551229,43.772272753440625,-0.26394107068950134,-0.17812768146502012,-0.08581338922448123,16.30090589711638,15.321833324432372,14.342760751748363,-0.029165684576341184
2019-08-23,14.09333324432373,14.744667053222656,14.066666603088379,14.664667129516602,128079000,15.266366624832154,15.512333335876464,15.159012139684808,37.58021054848997,-0.3230817023280732,-0.20711848563763074,-0.11596321669044246,16.38228743814217,15.266366624832154,14.150445811522136,-0.3710144308125201
2019-08-26,14.333333015441895,14.334667205810547,14.102666854858398,14.239999771118164,75778500,15.197133255004882,15.512439994812011,15.080376032614055,40.610100147544145,-0.3465898313878615,-0.23501275478767691,-0.11157707660018457,16.36307577129729,15.197133255004882,14.031190738712475,0.06544931560225585
2019-08-27,14.272000312805176,14.58666706085205,14.135333061218262,14.38266658782959,81243000,15.103199911117553,15.497840003967285,15.003387868822733,40.07474591502215,-0.3659507768001653,-0.2612003591901746,-0.10475041760999071,16.24926136576279,15.103199911117553,13.957138456472315,-0.07679270999667401
2019-08-28,14.37266731262207,14.483332633972168,14.154000282287598,14.246000289916992,48382500,15.016466665267945,15.485640010833741,14.94331924442267,41.43930734475944,-0.36891881351330014,-0.2827440500547997,-0.08617476345850045,16.106625124834316,15.016466665267945,13.926308205701575,0.0886805239935885
2019-08-29,14.780667304992676,14.893333435058594,14.533332824707031,14.600000381469727,77692500,14.976000022888183,15.479346694946289,14.927828583524574,46.73344833317312,-0.3344929874611111,-0.293093837536062,-0.04139914992504912,16.037709684626233,14.976000022888183,13.914290361150135,0.12311668950829473
2019-08-30,15.040666580200195,15.496000289916992,14.947333335876465,15.276666641235352,139809000,14.94689998626709,15.487333374023438,14.938575059398442,49.845156388906915,-0.28296861760354375,-0.29106879354955834,0.008100175946014587,15.967214052281612,14.94689998626709,13.926585920252567,-0.15326668596154439
2019-09-03,15.000666618347168,15.263333320617676,14.87733268737793,14.938667297363281,80311500,14.935866689682006,15.491533374786377,14.944488541203082,49.36734537173129,-0.24256668811818471,-0.2813683724632836,0.0388016843450989,15.948817518945319,14.935866689682006,13.922915860418694,0.04147876584950385
2019-09-04,14.711999893188477,15.230667114257812,14.61400032043457,15.12600040435791,86415000,14.902300024032593,15.487586708068848,14.92234676520169,45.944490630892616,-0.23117600704552643,-0.2713298993797322,0.04015389233420574,15.898061295709503,14.902300024032593,13.906538752355683,-0.26706547636926864
2019-09-05,15.305333137512207,15.319999694824219,14.723333358764648,14.833333015441895,110929500,14.889500045776368,15.500680027008057,14.958821657802691,53.136784431644976,-0.17228577295940894,-0.25152107409566754,0.0792353011362586,15.857233209523878,14.889500045776368,13.921766882028857,0.30788056073631015
2019-09-06,15.16333293914795,15.309332847595215,15.011333465576172,15.146666526794434,62841000,14.853333330154419,15.511586685180664,14.978298922692716,51.37499421638871,-0.1355109811892632,-0.2283190555143867,0.0928080743251235,15.717858491367728,14.853333330154419,13.988808168941109,0.011002909276925566
2019-09-09,15.452667236328125,15.583999633789062,15.281999588012695,15.333333015441895,72040500,14.842600059509277,15.523520030975341,15.02347685732466,54.672717822962944,-0.08207373907361593,-0.19906999222623256,0.11699625315261664,15.671010700376717,14.842600059509277,14.014189418641836,0.07766991538987152
2019-09-10,15.702667236328125,15.702667236328125,15.262666702270508,15.386667251586914,73255500,14.86436676979065,15.539626712799071,15.088161655324988,57.36339723264312,-0.019328620731458912,-0.16312171792727784,0.14379309719581893,15.75668539089038,14.86436676979065,13.972048148690918,0.20253310001318597
2019-09-11,16.47333335876465,16.544666290283203,15.733332633972168,15.825332641601562,150642000,14.904700088500977,15.566200046539306,15.22008276993829,64.38243317896521,0.09152856859971514,-0.11219166062187924,0.20372022922159438,15.990399395460466,14.904700088500977,13.819000781541488,0.38802301136763073
2019-09-12,16.391332626342773,16.899999618530273,16.293333053588867,16.51333236694336,128718000,14.992200088500976,15.594626693725585,15.331630375310146,63.19041675479674,0.17079806228593064,-0.055593716040317265,0.2263917783262479,16.247692327274905,14.992200088500976,13.736707849727045,-0.07374541713313268
2019-09-13,16.34666633605957,16.56333351135254,16.32466697692871,16.464000701904297,79696500,15.09073338508606,15.608360023498536,15.428300466810091,62.511492139144096,0.22739425142164293,0.0010038774520747737,0.22639037396956815,16.44291712721779,15.09073338508606,13.738549642954329,-0.07114681476639143
2019-09-16,16.187332153320312,16.495332717895508,16.077999114990234,16.399999618530273,70921500,15.16696662902832,15.62130666732788,15.500589198858684,60.03362147264261,0.2564341884300081,0.05208993964766144,0.20434424878234664,16.584363008043518,15.16696662902832,13.749570250013123,-0.12895328330950892
2019-09-17,16.319332122802734,16.373332977294922,16.024667739868164,16.1646671295166,57981000,15.226833248138428,15.640573310852051,15.578564715424784,61.39873831780551,0.28679386099151216,0.09903072391643158,0.18776313707508058,16.730116750658198,15.226833248138428,13.723549745618657,0.09538998639513113
2019-09-18,16.232667922973633,16.544666290283203,16.158000946044922,16.333332061767578,62553000,15.285599994659425,15.658480014801025,15.640860259000865,59.950895919660816,0.30039823966738766,0.13930422706662282,0.16109401260076484,16.848495313691693,15.285599994659425,13.722704675627158,-0.06155319548581152
2019-09-19,16.440000534057617,16.529333114624023,16.32266616821289,16.399999618530273,71937000,15.371500015258789,15.668720016479492,15.716968856625318,62.24468016687472,0.32417295273732627,0.17627797220076352,0.14789498053656275,16.988944197261112,15.371500015258789,13.754055833256466,0.02438596708116129
2019-09-20,16.041332244873047,16.463333129882812,15.87733268737793,16.432666778564453,95295000,15.433066606521606,15.671413326263428,15.747860607887006,55.64511171094533,0.30730298745560347,0.20248297525173153,0.10482001220387194,17.054067095491007,15.433066606521606,13.812066117552208,-0.23374216515013896
2019-09-23,16.082000732421875,16.345333099365234,15.947999954223633,16.0,65103000,15.532499980926513,15.666280002593995,15.779683476890327,56.15580065319276,0.2938279596751787,0.22075197213642098,0.07307598753875774,17.053466977626716,15.532499980926513,14.011532984226312,0.05120563321265413
2019-09-24,14.880666732788086,16.132667541503906,14.840666770935059,16.101333618164062,193372500,15.559866666793823,15.62589334487915,15.694062834594876,41.10143704000639,0.18408922329892796,0.2134194223689224,-0.029330199069994428,17.011666204444808,15.559866666793823,14.108067129142839,-0.6399655475125015
2019-09-25,15.24666690826416,15.26533317565918,14.557332992553711,14.970666885375977,141406500,15.608599996566772,15.594320030212403,15.651453698753855,45.863147545839645,0.1252102931469814,0.19577759652453422,-0.07056730337755282,16.94505838215234,15.608599996566772,14.272141610981203,0.18229982017950658
2019-09-26,16.17066764831543,16.220666885375977,15.15999984741211,15.37733268737793,178267500,15.69850001335144,15.577920036315918,15.700902646331148,55.61837128187278,0.15136264003319688,0.18689460522626677,-0.03553196519306989,16.927919003570132,15.69850001335144,14.469081023132746,0.4745386839395139
2019-09-27,16.142000198364258,16.58066749572754,15.915332794189453,16.14666748046875,166746000,15.76656665802002,15.562706718444824,15.742911937000967,55.28551480077766,0.1678405780244887,0.1830837997859112,-0.015243221761422482,16.9343825201144,15.76656665802002,14.598750795925637,-0.0028905463689806537
2019-09-30,16.058000564575195,16.26533317565918,15.740667343139648,16.200000762939453,88197000,15.81743335723877,15.53962673187256,15.772920377722322,54.26081170106786,0.17213710477495603,0.18089446078372018,-0.00875735600876415,16.942175444645407,15.81743335723877,14.692691269832132,-0.08743063529704388
2019-10-01,16.312667846679688,16.39666748046875,15.942000389099121,16.100000381469727,92439000,15.883033418655396,15.524973411560058,15.824324898575403,56.870799876861334,0.19385699177268734,0.18348696698151362,0.010370024791173715,16.96167198170922,15.883033418655396,14.804394855601572,0.13132866144123448
2019-10-02,16.208667755126953,16.309999465942383,15.961999893188477,16.21933364868164,84471000,15.95786681175232,15.50225341796875,15.86092898015174,55.47853983067888,0.20036849716815475,0.18686327301884187,0.013505224149312878,16.90020679471048,15.95786681175232,15.01552682879416,-0.0065759420467853
2019-10-03,15.535332679748535,15.631999969482422,14.95199966430664,15.457332611083984,226267500,15.969366788864136,15.459786739349365,15.82991980868477,47.389525829922135,0.14947336293591995,0.17938529100225747,-0.029911928066337523,16.88480254571738,15.969366788864136,15.05393103201089,0.050418744559130986
2019-10-04,15.428667068481445,15.652000427246094,15.204667091369629,15.440667152404785,119925000,15.982633495330811,15.463266735076905,15.791705261998738,46.23936054307876,0.09938591996986013,0.16338541679577803,-0.0639994968259179,16.857763044066488,15.982633495330811,15.107503946595134,-0.0077715828010017215
2019-10-07,15.847999572753906,15.904000282287598,15.236666679382324,15.319999694824219,120963000,16.0024001121521,15.47617338180542,15.797066624927801,51.24872526917804,0.09246204425499727,0.1492007422876219,-0.05673869803262463,16.846047705637375,16.0024001121521,15.158752518666821,0.33162010791253504
2019-10-08,16.003332138061523,16.262666702270508,15.633333206176758,15.724666595458984,130173000,16.01743335723877,15.481880016326905,15.816710959511964,52.99592443461761,0.09837485858549755,0.13903556554719704,-0.04066070696169949,16.84982117702392,16.01743335723877,15.18504553745362,0.17538338940125184
2019-10-09,16.302000045776367,16.48666763305664,16.043333053588867,16.08799934387207,103416000,16.008866691589354,15.484906673431396,15.862928967727623,56.243155279699124,0.1257116845757018,0.136370789352898,-0.010659104777196199,16.82569140304957,16.008866691589354,15.192041980129135,0.132239808091058
2019-10-10,16.31599998474121,16.618667602539062,16.10533332824707,16.351999282836914,94249500,16.005100059509278,15.489080028533936,15.906078588395584,56.39522193521508,0.1468136181939883,0.13845935512111607,0.008354263072872237,16.815504892223313,16.005100059509278,15.194695226795243,-0.022011671277032487
2019-10-11,16.525999069213867,16.738666534423828,16.45400047302246,16.476667404174805,127131000,16.014066696166992,15.507800006866455,15.965118634187801,58.71302737792988,0.17842544622101997,0.14645257334109685,0.03197287287992312,16.843143316269995,16.014066696166992,15.184990076063992,0.029931374130327464
2019-10-14,17.130666732788086,17.23666763305664,16.475332260131836,16.52666664123535,153075000,16.06123342514038,15.537959995269775,16.076123215006877,64.55525853963432,0.24939480662736457,0.16704101999835042,0.08235378662901416,17.021350181238905,16.06123342514038,15.101116669041852,0.35002303350303177
2019-10-15,17.19266700744629,17.333332061767578,16.941333770751953,17.18000030517578,96492000,16.10490016937256,15.577386684417725,16.182460719048727,65.10057118584439,0.3071013666719935,0.19505308933307905,0.11204827733891445,17.180494167970878,16.10490016937256,15.02930617077424,0.007372801239315256
2019-10-16,17.316667556762695,17.47333335876465,17.128000259399414,17.159332275390625,100261500,16.159100151062013,15.616053371429443,16.29048041787863,66.21992914527002,0.35870511005217764,0.22778349347689877,0.13092161657527887,17.35724998235048,16.159100151062013,14.960950319773545,0.09143470158742294
2019-10-17,17.46466636657715,17.652000427246094,17.344667434692383,17.5,71539500,16.21033344268799,15.654120044708252,16.402307651088012,67.55740382983629,0.4068537586679781,0.2635975465151147,0.14325621215286344,17.533278355040256,16.21033344268799,14.887388530335723,-0.020187904462545685
2019-10-18,17.1299991607666,17.520000457763672,17.00666618347168,17.3799991607666,86247000,16.264766788482667,15.678986682891846,16.471611604390734,61.61638601519748,0.4132434497562336,0.2935267271633385,0.11971672259289512,17.643815739829346,16.264766788482667,14.88571783713599,-0.1428595614624642
2019-10-21,16.899999618530273,17.299999237060547,16.678667068481445,17.222000122070312,75304500,16.305666732788087,15.703640022277831,16.51241046288021,57.85109959152727,0.3951927490942069,0.3138599315495122,0.08133281754469468,17.708915909469862,16.305666732788087,14.902417556106311,-0.184821784620582
2019-10-22,17.038667678833008,17.222000122070312,16.72333335876465,16.954666137695312,69012000,16.41356678009033,15.739066715240478,16.56253019773286,59.45960998393983,0.3876086807467516,0.3286096813889601,0.058998999357791515,17.687879005727098,16.41356678009033,15.139254554453565,0.049504293033227724
2019-10-23,16.978666305541992,17.076000213623047,16.75666618347168,16.96666717529297,78916500,16.500166749954225,15.765306701660156,16.602162208000394,58.42070965580329,0.3724631195767074,0.3373803690265096,0.03508275055019783,17.677201100279305,16.500166749954225,15.323132399629147,0.007072060812362575
2019-10-24,19.978666305541992,20.32866668701172,19.280000686645508,19.891332626342773,445813500,16.69056668281555,15.87205337524414,16.92373402681388,78.57619311466487,0.5956685845337724,0.3890380121279622,0.20663057240581018,18.598098916923142,16.69056668281555,14.783034448707957,0.043877203625153294
2019-10-25,21.875333786010742,22.0,19.74066734313965,19.847999572753906,450091500,16.977233362197875,16.022040042877197,17.3953149562612,83.89239757392542,0.9150575246425561,0.49424191463088096,0.4208156100116751,19.914263329561084,16.977233362197875,14.040203394834666,0.7704483404315403
2019-10-28,21.847333908081055,22.722667694091797,21.50666618347168,21.836000442504883,283054500,17.26670002937317,16.165733375549316,17.819316761196426,83.56273677337057,1.152629410253141,0.625919413755333,0.5267099964978079,20.853559282497628,17.26670002937317,13.67984077624871,0.005190219626933091
2019-10-29,21.08133316040039,21.6200008392334,20.983333587646484,21.332666397094727,190264500,17.505133295059203,16.284920043945313,18.12998498969204,74.8923244374663,1.2645203788196326,0.753639606768193,0.5108807720514397,21.425134228314818,17.505133295059203,13.58513236180359,-0.11727402646192854
2019-10-30,21.000667572021484,21.252666473388672,20.6646671295166,20.866666793823242,144627000,17.74473328590393,16.403786735534666,18.403383330866276,74.02130543039745,1.3313388926825844,0.8691794639510713,0.46215942873151317,21.897366437448984,17.74473328590393,13.592100134358876,0.06412949455730099
2019-10-31,20.994667053222656,21.266666412353516,20.866666793823242,20.873332977294922,76005000,18.017700004577637,16.529240074157716,18.65017225680498,73.95240406996305,1.3680389531247918,0.9689513617858154,0.3990875913389764,22.270045529578255,18.017700004577637,13.76535447957702,0.05806336719600835
2019-11-01,20.887332916259766,21.09866714477539,20.65333366394043,21.08799934387207,95758500,18.290633296966554,16.650786724090576,18.863235176753054,72.64972102899975,1.3726401068972898,1.0496891108081103,0.32295099608917943,22.543962867589958,18.290633296966554,14.03730372634315,-0.09487052113015028
2019-11-04,21.1646671295166,21.46266746520996,20.617332458496094,20.98666763305664,131805000,18.55646667480469,16.792213401794434,19.082419172254344,73.92767857958827,1.38272590413672,1.1162964694738322,0.2664294346628877,22.830442001037213,18.55646667480469,14.282491348572163,0.08461271741240946
2019-11-05,21.148000717163086,21.567333221435547,21.07466697692871,21.308000564575195,104151000,18.813700103759764,16.928506755828856,19.279141224150415,73.70479720372448,1.3735408074939777,1.1677453370778614,0.20579547041611623,23.061252279702376,18.813700103759764,14.566147927817152,-0.07494828559885675
2019-11-06,21.77199935913086,21.781333923339844,20.96666717529297,21.200000762939453,119113500,19.08720006942749,17.078506736755372,19.516556284624745,76.55480919711209,1.4004692894551383,1.214290127553317,0.18617916190182138,23.356985781039363,19.08720006942749,14.817414357815615,0.2634486350847488
2019-11-07,22.369333267211914,22.766666412353516,21.868000030517578,21.94266700744629,217009500,19.389866733551024,17.238440055847168,19.78824933058543,78.91116544407876,1.4532579071410865,1.2620836834708709,0.19117422367021564,23.68907727369964,19.389866733551024,15.09065619340241,0.19203183080201564
2019-11-08,22.47599983215332,22.497333526611328,22.166667938232422,22.299999237060547,91038000,19.687366771698,17.39234670639038,20.04422556882999,79.31103809597121,1.4865641807975898,1.3069797829362146,0.17958439786137514,23.97615238984513,19.687366771698,15.398581153550868,0.07876057095261178
2019-11-11,23.006000518798828,23.279333114624023,22.799999237060547,22.93000030517578,149800500,19.981133460998535,17.551653385162354,20.326299373588927,81.21681143773083,1.5379971943543502,1.353183265219842,0.18481392913450834,24.333582148707812,19.981133460998535,15.628684773289258,0.033132313439448995
2019-11-12,23.32866668701172,23.357999801635742,22.93600082397461,23.126667022705078,110391000,20.287933444976808,17.718213386535645,20.61223911772443,82.28659584225329,1.5865064327037857,1.3998478987166307,0.18665853398715493,24.67580210365395,20.287933444976808,15.900064786299666,0.0871234634807746
2019-11-13,23.073999404907227,23.755332946777344,23.011999130249023,23.666667938232422,126301500,20.575800037384035,17.88545337677002,20.84669247840851,78.4870694729298,1.5861170620951022,1.437101731392325,0.14901533070277706,24.901152182195855,20.575800037384035,16.250447892572215,-0.24531653927138347
2019-11-14,23.290000915527344,23.589332580566406,22.860666275024414,23.073999404907227,96973500,20.86706676483154,18.045146732330323,21.079388520038876,79.35768630399065,1.5849674812734378,1.4666748813685477,0.11829259990489005,25.098718060533187,20.86706676483154,16.635415469129896,0.09334001814242936
2019-11-15,23.47800064086914,23.520000457763672,23.224000930786133,23.375999450683594,72135000,21.18446683883667,18.211440086364746,21.307827769641758,80.11208653957848,1.5810016341467126,1.4895402319241808,0.09146140222253174,25.193726339796594,21.18446683883667,17.175207337876746,0.04360733428351979
2019-11-18,23.332666397094727,23.543333053588867,23.073333740234375,23.527999877929688,66006000,21.506100177764893,18.369040069580077,21.5006695436849,77.74660110997145,1.5482837614341207,1.501288937826169,0.04699482360795182,25.09942595248126,21.506100177764893,17.912774403048527,-0.08283149024436919
2019-11-19,23.968000411987305,23.999332427978516,23.18666648864746,23.450000762939453,115872000,21.85256681442261,18.534346733093262,21.735653435904176,80.46248058185026,1.5556877568053196,1.5121687016219991,0.04351905518332044,24.95940339334395,21.85256681442261,18.745730235501266,0.21737128659781524
2019-11-20,23.481332778930664,24.079999923706055,23.30466651916504,24.0,100876500,22.177700138092042,18.67450672149658,21.901908611430507,73.10273495115207,1.5049374832277493,1.5107224579431493,-0.00578497471539996,24.415820173929482,22.177700138092042,19.939580102254602,-0.21280859962483453
2019-11-21,23.655332565307617,24.055999755859375,23.600000381469727,23.634000778198242,91650000,22.361533451080323,18.81978672027588,22.068901368942612,74.01778834956788,1.461905913004994,1.5009591489555183,-0.039053235950524234,24.445647676743555,22.361533451080323,20.27741922541709,0.009025644050642614
2019-11-22,22.202667236328125,22.733333587646484,22.0,22.67733383178711,253059000,22.37790012359619,18.93690673828125,22.08164097536028,56.68073368783724,1.2956496888605358,1.459897256936522,-0.16424756807598628,24.451599789823216,22.37790012359619,20.304200457369166,-0.20630905268368344
2019-11-25,22.422666549682617,22.971332550048828,22.297332763671875,22.954666137695312,185092500,22.40666675567627,19.061613426208496,22.114119601486216,58.27469993296131,1.168176527546457,1.401553111058509,-0.23337658351205204,24.466040673641835,22.40666675567627,20.347292837710704,-0.22769869768590328
2019-11-26,21.92799949645996,22.366666793823242,21.80666732788086,22.351333618164062,119211000,22.449000072479247,19.17378677368164,22.096393877198004,53.50724131568715,1.0155312199630053,1.3243487328394083,-0.308817512876403,24.431012972640705,22.449000072479247,20.46698717231779,-0.18716723074989144
2019-11-27,22.086000442504883,22.261999130249023,21.904666900634766,22.07466697692871,83334000,22.503266716003417,19.290853424072267,22.09540402627485,54.77977985336453,0.8969683767264165,1.2388726616168102,-0.3419042848903937,24.380343166738648,22.503266716003417,20.626190265268185,0.005134105084157464
2019-11-29,21.996000289916992,22.083999633789062,21.833332061767578,22.073999404907227,36984000,22.553333377838136,19.401973419189453,22.085937003764577,53.87520849405717,0.786675899035739,1.148433309100596,-0.36175741006485707,24.316761453007107,22.553333377838136,20.789905302669165,-0.035320590068077556
2019-12-02,22.32466697692871,22.42533302307129,21.91266632080078,21.959999084472656,91117500,22.625200080871583,19.527640113830568,22.10867319168497,56.6879414430193,0.7175178713298926,1.0622502215464553,-0.3447323502165627,24.220306798699472,22.625200080871583,21.030093363043694,0.16455029724506887
2019-12-03,22.413333892822266,22.527332305908203,22.145999908447266,22.174667358398438,98605500,22.687633419036864,19.654266777038575,22.13768849655519,57.4419331614679,0.6622305338387022,0.9822462840049048,-0.32001575016620254,24.140602761566424,22.687633419036864,21.234664076507304,0.10721657655146921
2019-12-04,22.20199966430664,22.52400016784668,22.190000534057617,22.516666412353516,82995000,22.740333366394044,19.800693435668947,22.143813369674373,54.984991546563215,0.5945088861353724,0.9046988044309984,-0.3101899182956259,24.033811247896402,22.740333366394044,21.446855484891685,-0.1388456797026193
2019-12-05,22.024667739868164,22.294666290283203,21.816667556762695,22.18866729736328,55869000,22.752966785430907,19.936253452301024,22.132466166835687,52.938821033139945,0.520529448678861,0.8278649332805709,-0.3073354846017099,24.012866751580304,22.752966785430907,21.49306681928151,-0.07377710834742202
2019-12-06,22.392667770385742,22.590667724609375,22.31800079345703,22.333332061767578,114186000,22.7541335105896,20.06069345474243,22.157247271935695,56.55218117026386,0.4859925192179979,0.7594904504680564,-0.2734979312500585,24.01265272796419,22.7541335105896,21.49561429321501,0.026561979770888772
2019-12-09,22.635332107543945,22.963333129882812,22.338666915893555,22.439332962036133,135346500,22.76210012435913,20.190560092926024,22.202779161041242,58.79866118260813,0.4727531339240336,0.7021429871592519,-0.22938985323521832,24.015482683204738,22.76210012435913,21.50871756551352,0.08712478777122168
2019-12-10,23.256000518798828,23.381999969482422,22.62066650390625,22.663999557495117,132424500,22.774600124359132,20.334520092010496,22.303085957018155,63.935054070528295,0.5065049060710436,0.6630153709416103,-0.15651046487056675,24.04236701076307,22.774600124359132,21.506833237955195,0.25542472253925186
2019-12-11,23.51333236694336,23.812667846679688,23.4060001373291,23.458667755126953,103467000,22.78383340835571,20.478533382415772,22.418347519868174,65.83668193157956,0.5477043632339793,0.6399531694000842,-0.09224880616610487,24.070161118624622,22.78383340835571,21.4975056980868,0.023298304960746627
2019-12-12,23.978666305541992,24.182666778564453,23.548667907714844,23.661333084106445,116458500,22.82906675338745,20.633933353424073,22.566949308979968,69.01798987950373,0.610862151118976,0.6341349657438625,-0.023272814624886506,24.212952812831432,22.82906675338745,21.44518069394347,0.13331633191526965
2019-12-13,23.892667770385742,24.347333908081055,23.642667770385742,24.06999969482422,98563500,22.859200096130373,20.801080055236817,22.693208210066235,67.76212279614283,0.6465230744224613,0.6366125874795824,0.009910486942878882,24.306703435142197,22.859200096130373,21.41169675711855,-0.07354041652786027
2019-12-16,25.433332443237305,25.573999404907227,24.166667938232422,24.170000076293945,272613000,22.95696668624878,21.001173362731933,22.954172422749195,76.13885176286075,0.7899967851079666,0.6672894270052592,0.12270735810270739,24.77511996282573,22.95696668624878,21.13881340967183,0.47977050855682757
2019-12-17,25.266000747680664,25.700000762939453,25.059999465942383,25.266000747680664,127452000,23.053633403778075,21.18953338623047,23.174346548933144,73.89307523205099,0.8800537532632262,0.7098422922568526,0.17021146100637363,25.12882041338481,23.053633403778075,20.978446394171343,0.0
2019-12-18,26.209999084472656,26.347999572753906,25.371999740600586,25.375333786010742,211815000,23.165733337402344,21.393666725158692,23.463456314222622,77.86047695278737,1.0158868149721165,0.7710511967999054,0.2448356181722111,25.631793150399442,23.165733337402344,20.699673524405245,0.31755703820678954
2019-12-19,26.93600082397461,27.123332977294922,26.433332443237305,26.488000869750977,271606500,23.338466739654542,21.606346740722657,23.794174838960906,80.33552650439523,1.1686463403741385,0.8505702255147521,0.31807611485938636,26.3024448891737,23.338466739654542,20.374488590135385,0.16753866921373223
2019-12-20,27.03933334350586,27.53333282470703,26.679332733154297,27.3526668548584,221290500,23.507666778564452,21.820813407897948,24.10323755367947,80.66681254793114,1.2832548722001604,0.9371071548518339,0.3461477173483265,26.88255252355873,23.507666778564452,20.132781033570176,-0.11405472933860429
2019-12-23,27.947999954223633,28.134000778198242,27.333332061767578,27.45199966430664,199794000,23.79493341445923,22.049253425598145,24.469405401350343,83.32686562436635,1.4309101196743867,1.0358677478163445,0.39504237185804225,27.624094196209832,23.79493341445923,19.965772632708628,0.17873836315668237
2019-12-24,28.350000381469727,28.364667892456055,27.512666702270508,27.890666961669922,120820500,24.091300106048585,22.27364009857178,24.838985875647428,84.35260164643297,1.5623561724937787,1.1411654327518315,0.4211907397419472,28.34385735717639,24.091300106048585,19.83874285492078,0.16321773421689698
2019-12-26,28.729333877563477,28.898666381835938,28.42333221435547,28.527332305908203,159508500,24.43136682510376,22.50437343597412,25.20949520916324,85.2732716535708,1.677796564875493,1.2484916591765638,0.4293049056989291,29.01262857577214,24.43136682510376,19.850105074435376,0.07069172507017135
2019-12-27,28.691999435424805,29.020666122436523,28.407333374023438,29.0,149185500,24.761666774749756,22.731880073547362,25.541162278331008,84.74476810468369,1.7461428818714673,1.3480219037155445,0.39812097815592273,29.566041484896097,24.761666774749756,19.957292064603415,-0.10580954808328275
2019-12-30,27.64666748046875,28.600000381469727,27.284000396728516,28.586000442504883,188796000,25.044200134277343,22.935520095825197,25.741686583296506,71.40125798607517,1.6964031978476406,1.417698162541964,0.2787050353056766,29.829341673651527,25.044200134277343,20.25905859490316,-0.3172613064276566
2019-12-31,27.8886661529541,28.086000442504883,26.80533218383789,27.0,154285500,25.322400093078613,23.150693435668945,25.9461608280258,72.48151035638472,1.6574058671685705,1.4656397034672854,0.19176616370128508,30.08968694736312,25.322400093078613,20.555113238794107,0.3177438722830776
2020-01-02,28.68400001525879,28.713333129882812,28.11400032043457,28.299999237060547,142981500,25.63593339920044,23.386373443603517,26.206907417286082,75.72662231277096,1.6714100231204583,1.5067937673979201,0.16461625572253813,30.42146879147461,25.63593339920044,20.85039800692627,0.1348626599306453
2020-01-03,29.534000396728516,30.266666412353516,29.128000259399414,29.366666793823242,266677500,26.002533435821533,23.636280097961425,26.523773415328222,78.62741371934794,1.7311408307427953,1.5516631800668954,0.17947765067589994,30.802988802515564,26.002533435821533,21.202078069127502,0.056919206654732844
2020-01-06,30.1026668548584,30.104000091552734,29.333332061767578,29.364667892456055,151995000,26.406433391571046,23.898760108947755,26.86462040956919,80.32173680135335,1.8035740774687454,1.6020453595472657,0.20152871792147975,31.159260628319267,26.406433391571046,21.653606154822825,0.2461610409717409
2020-01-07,31.270666122436523,31.441999435424805,30.224000930786133,30.760000228881836,268231500,26.850333309173585,24.124600105285644,27.28424381079465,83.25754644162858,1.9329439522036402,1.6682250780785408,0.2647188741250994,31.678507634384758,26.850333309173585,22.022158983962413,0.1645076360022757
2020-01-08,32.80933380126953,33.232666015625,31.215333938598633,31.579999923706055,467164500,27.359033393859864,24.34328010559082,27.810442857506544,86.18215856509048,2.135016985681151,1.7615834595990632,0.373433526082088,32.44084946264877,27.359033393859864,22.277217325070957,0.37073598026055454
2020-01-09,32.089332580566406,33.253334045410156,31.524667739868164,33.13999938964844,426606000,27.800699996948243,24.548120079040526,28.217956164464624,79.20948331722016,2.211569641190845,1.8515806959174195,0.35998894527342573,32.91467568404841,27.800699996948243,22.686724309848074,-0.306827006618313
2020-01-10,31.876667022705078,32.3293342590332,31.579999923706055,32.11933135986328,194392500,28.218866729736327,24.764026756286622,28.56640481763038,77.22214171656086,2.2293789462628837,1.9271403459865124,0.3022386002763713,33.22882589749984,28.218866729736327,23.208907561972815,-0.07540744923455417
2020-01-13,34.990665435791016,35.04199981689453,32.79999923706055,32.900001525878906,397764000,28.76946668624878,25.043826713562012,29.178239162217107,83.67928512134641,2.466336207448542,2.0349795182789183,0.43135668916962366,34.197416688764356,28.76946668624878,23.341516683733204,0.5618004780279227
2020-01-14,35.861331939697266,36.49399948120117,34.99333190917969,36.284000396728516,434943000,29.367899894714355,25.341160011291503,29.814724188643787,84.96283198668402,2.6933349655842562,2.166650607739986,0.5266843578442701,35.14132427122546,29.367899894714355,23.594475518203254,-0.11596487398436375
2020-01-15,34.56666564941406,35.85599899291992,34.452667236328125,35.31733322143555,260532000,29.824566555023193,25.61474666595459,30.26729004205048,75.459475478446,2.737211496914899,2.280762785574969,0.45644871133993004,35.72435639408909,29.824566555023193,23.92477671595729,-0.20940534235898786
2020-01-16,34.232666015625,34.297332763671875,32.81133270263672,32.91666793823242,326050500,30.27289981842041,25.876106643676756,30.644944896676623,73.18519456181423,2.7137505578327747,2.36736034002653,0.34639021780624457,36.080969464336235,30.27289981842041,24.464830172504584,0.379775141932034
2020-01-17,34.03333282470703,34.37799835205078,33.54399871826172,33.840667724609375,204436500,30.664066505432128,26.133813285827635,30.967648508869996,71.79447469382534,2.648542324714203,2.4235967369640647,0.2249455877501383,36.37794139974589,30.664066505432128,24.95019161111836,0.05687157389554443
2020-01-21,36.47999954223633,36.571998596191406,35.227333068847656,35.349998474121094,267052500,31.141266441345216,26.427973289489746,31.49263432157155,77.45697771062501,2.762446127233737,2.4913666150179994,0.2710795122157377,37.11812245978779,31.141266441345216,25.164410422902645,0.3092002308536203
2020-01-22,37.97066879272461,39.633331298828125,37.27333450317383,38.125999450683594,470535000,31.68783321380615,26.74,32.10958998549089,80.08081543362597,2.9391199169705082,2.5809172754085012,0.358202641562007,38.05107477654248,31.68783321380615,25.324591651069827,-0.04071887288239552
2020-01-23,38.14666748046875,38.79999923706055,37.040000915527344,37.616668701171875,294765000,32.197766590118405,27.05341335296631,32.684549746917355,80.37130403758353,3.058085090094636,2.676350838345728,0.38173425174890774,38.90572845998419,32.197766590118405,25.489804720252625,0.1399696909518075
2020-01-24,37.654666900634766,38.25733184814453,36.95066833496094,38.04199981689453,215304000,32.66299991607666,27.34638668060303,33.157894237747584,76.99112967109562,3.0771935402752746,2.756519378731638,0.3206741615436366,39.52779965807522,32.66299991607666,25.798200174078097,-0.10146679603015386
2020-01-27,37.201332092285156,37.62933349609375,35.95199966430664,36.132667541503906,204121500,33.086599826812744,27.623839988708497,33.54298355722735,73.90680114878415,3.020933355103722,2.8094021740060553,0.21153118109766655,39.973709093265,33.086599826812744,26.19949056036049,0.28742886893781167
2020-01-28,37.793331146240234,38.45399856567383,37.2053337097168,37.89933395385742,176827500,33.541666412353514,27.918226623535155,33.947778565704766,75.29845336012731,2.989653267263691,2.8454523926575828,0.1442008746061081,40.409860722476665,33.541666412353514,26.67347210223036,-0.027962278837319388
2020-01-29,38.732666015625,39.31999969482422,37.82866668701172,38.37933349609375,267022500,34.09596633911133,28.227079925537108,34.403482132363834,77.36161365925393,3.006008649365434,2.8775636439991534,0.12844500536628045,40.75796246198934,34.09596633911133,27.433970216233316,0.09180400510477126
2020-01-30,42.72066879272461,43.391998291015625,41.20000076293945,42.16133117675781,435085500,34.837566471099855,28.611933288574217,35.19559514763629,83.61770685509558,3.302697462013029,2.9625904076019287,0.34010705441110023,41.86275633904216,34.837566471099855,27.812376603157556,0.13189314491260126
2020-01-31,43.371334075927734,43.53333282470703,42.167999267578125,42.66666793823242,235789500,35.5719331741333,29.012706642150878,35.97423695033071,84.37633262847467,3.549413306912534,3.07995498746405,0.46945831944848404,42.93317469604343,35.5719331741333,28.21069165222317,0.16367069647809063
2020-02-03,52.0,52.409332275390625,44.90133285522461,44.91266632080078,705975000,36.69523315429687,29.573346633911132,37.50050009791826,90.59573333446855,4.390586668718051,3.3420813237148503,1.0485053450032003,46.484289025231945,36.69523315429687,26.906177283361803,0.918292988358049
2020-02-04,59.137332916259766,64.59933471679688,55.59199905395508,58.86399841308594,914082000,38.14696645736694,30.286466636657714,39.56115084252222,93.05754828794701,5.568950342441454,3.7874551274601713,1.7814952149812826,51.54221482288813,38.14696645736694,24.75171809184576,0.04640157397553037
2020-02-05,48.97999954223633,56.39866638183594,46.94066619873047,54.88399887084961,726357000,39.032433128356935,30.79295997619629,40.4581840520188,66.41284053378602,5.618434315180814,4.153650965004299,1.4647833501765142,52.827747324728236,39.032433128356935,25.237118931985634,-0.7916077365940355
2020-02-06,49.930667877197266,53.05533218383789,45.79999923706055,46.66133117675781,598212000,39.88849983215332,31.347519989013673,41.36032536870246,67.35496967331991,5.669012858262029,4.456723343655845,1.2122895146061836,54.14992346559242,39.88849983215332,25.62707619871422,0.6047816272687334
2020-02-07,49.871334075927734,51.31666564941406,48.66666793823242,48.70333480834961,255952500,40.77759990692139,31.896493339538573,42.17089762653344,67.22822007234913,5.639302606064703,4.693239196137617,0.9460634099270857,55.19953466702535,40.77759990692139,26.35566514681743,0.23532492809323288
2020-02-10,51.41866683959961,54.66600036621094,50.15999984741211,53.33333206176758,370338000,41.754699897766116,32.48630668640137,43.05163755158736,68.87326137686973,5.675193738840463,4.8896301046781865,0.7855636341622763,56.27965926113587,41.754699897766116,27.229740534396363,-0.34433267179322363
2020-02-11,51.62533187866211,52.23400115966797,50.53333282470703,51.25266647338867,175462500,42.586433219909665,33.077093315124515,43.86817986845162,69.09638932788863,5.655125099671579,5.042729103676865,0.6123959959947145,57.36962522741558,42.586433219909665,27.80324121240375,0.07258354780430959
2020-02-12,51.15266799926758,52.650001525878906,50.891334533691406,51.858001708984375,180337500,43.351000022888186,33.66022666931153,44.561940642815046,67.89759458089637,5.53725055610127,5.1416333941617465,0.3956171619395237,58.24513291336264,43.351000022888186,28.456867132413734,-0.13517995573125602
2020-02-13,53.599998474121094,54.53333282470703,49.0,49.45600128173828,394339500,44.302666664123535,34.28573329925537,45.422708055320385,70.72929643694299,5.577024777154428,5.2287116707602825,0.34831310639414514,59.26221227047893,44.302666664123535,29.343121057768137,0.6847036295923171
2020-02-14,53.33533477783203,54.198001861572266,52.366668701171875,52.4813346862793,235405500,45.25780010223389,34.904173316955564,46.17629155270245,70.01008432946526,5.523518304746759,5.2876729975575785,0.23584530718918018,59.96071550186025,45.25780010223389,30.554884702607527,0.16130331289623093
2020-02-18,57.22666549682617,57.33333206176758,55.490665435791016,56.106666564941406,245725500,46.417466735839845,35.60466663360596,47.22870811880947,74.16905946325338,5.729070746344306,5.375952547314924,0.3531181990293817,61.05472840181048,46.417466735839845,31.78020506986921,0.19700969459851844
2020-02-19,61.16133117675781,62.98533248901367,60.06800079345703,61.56666564941406,381345000,47.65153331756592,36.38739990234375,48.55562460051884,77.55802079065629,6.138704015552385,5.528502840962416,0.6102011745899691,62.8792516184541,47.65153331756592,32.42381501667774,-0.06574172005669222
2020-02-20,59.96066665649414,60.79999923706055,57.3293342590332,60.79666519165039,264523500,48.75103321075439,37.13875988006592,49.6418190820403,74.35234507247432,6.293905515274979,5.681583375824928,0.6123221394500504,64.19794001153996,48.75103321075439,33.30412640996883,-0.13664713181788696
2020-02-21,60.06666564941406,60.87066650390625,58.6966667175293,60.46533203125,214722000,49.84703311920166,37.88738655090332,50.63466161226637,74.45273773707741,6.352232473008236,5.815713195261591,0.5365192777466454,65.23924736874768,49.84703311920166,34.45481886965564,-0.06583767613876865
2020-02-24,55.58599853515625,57.56666564941406,54.813331604003906,55.93333435058594,227883000,50.74359970092773,38.53398651123047,51.106217509684456,63.1925457581538,5.968107983792827,5.846192152967838,0.1219158308249888,65.25433086684869,50.74359970092773,36.23286853500678,-0.062018480298129466
2020-02-25,53.32733154296875,57.106666564941406,52.46666717529297,56.599998474121094,259357500,51.549899673461915,39.13026649475098,51.31775217952106,58.39789963169892,5.418964558577279,5.760746634089727,-0.3417820755124472,64.68829272726771,51.549899673461915,38.41150661965612,-0.521363000079601
2020-02-26,51.91999816894531,54.22066879272461,51.740665435791016,52.16666793823242,211282500,52.256233024597165,39.689093132019046,51.375108940418606,55.56878172163348,4.814703491223312,5.5715380055164445,-0.7568345142931321,63.78014311948383,52.256233024597165,40.7323229297105,-0.047249729216176255
2020-02-27,45.266666412353516,49.31800079345703,44.599998474121094,48.66666793823242,364158000,52.582933044433595,40.1165731048584,50.79335250917431,44.57449359083354,3.7556610505628996,5.208362614525735,-1.4527015639628358,62.85751369861859,52.582933044433595,42.3083523902486,-0.6034977386507395
2020-02-28,44.53266525268555,46.03466796875,40.768001556396484,41.97999954223633,363343500,52.67353286743164,40.49855976104736,50.1970965799849,43.550789309459645,2.824574589438768,4.731605009508342,-1.9070304200695736,62.62555202825057,52.67353286743164,42.72151370661271,0.54276505885719
2020-03-02,49.574668884277344,49.5793342590332,45.77799987792969,47.41733169555664,302925000,52.98369960784912,40.9847331237793,50.137817751822276,51.74845844827161,2.4651131265261768,4.278306632911908,-1.8131935063857316,62.10906441566634,52.98369960784912,43.8583348000319,0.42597418970610623
2020-03-03,49.70066833496094,53.798667907714844,47.740665435791016,53.66666793823242,386760000,52.86873302459717,41.454546508789065,50.09618447402596,51.936303544238186,2.1654425561902,3.855733817567567,-1.6902912613773666,62.09811759231058,52.86873302459717,43.63934845688376,-0.6285443069404626
2020-03-04,49.96666717529297,51.10133361816406,48.31533432006836,50.930667877197266,225735000,52.41019973754883,41.91515983581543,50.08384949319424,52.35797543591599,1.92719979397409,3.4700270128488717,-1.5428272188747818,61.251345405153806,52.41019973754883,43.56905406994385,-0.18704865281381944
2020-03-05,48.30266571044922,49.71666717529297,47.871334075927734,48.2513313293457,162790500,52.37633304595947,42.340426483154296,49.91421294245663,49.43610868295408,1.5858391107804977,3.093189432435197,-1.5073503216546995,61.27478130312123,52.37633304595947,43.47788478879771,0.01063855503576136
2020-03-06,46.89866638183594,47.133331298828125,45.61800003051758,46.0,189943500,52.22473297119141,42.71943981170654,49.627018031921324,47.05028837714475,1.1883190950467863,2.712215364957515,-1.5238962699107286,61.38416318533777,52.22473297119141,43.065302757045046,0.19291419816191827
2020-03-09,40.53333282470703,44.20000076293945,40.33333206176758,40.35933303833008,256105500,51.75783290863037,42.96310646057129,48.76095277409139,38.077944693924984,0.3555537950280794,2.2408830509716275,-1.8853292559435482,62.21026082654191,51.75783290863037,41.30540499071883,0.04308596026407293
2020-03-10,43.02199935913086,44.53333282470703,40.53333282470703,43.96200180053711,233916000,51.337999534606936,43.24895977020264,48.21438578219039,42.68027646587984,-0.10242344064540276,1.7722217526482216,-1.8746451932936243,62.46401229605014,51.337999534606936,40.21198677316373,-0.21062146730292028
2020-03-11,42.28200149536133,43.571998596191406,40.866668701171875,42.68000030517578,199837500,50.870833015441896,43.52075981140137,47.64939680249238,41.68809066825266,-0.5191014641017304,1.3139571092982314,-1.8330585733999618,62.673412812395526,50.870833015441896,39.068253218488266,-0.0929824631265637
2020-03-12,37.369998931884766,39.633331298828125,36.41666793823242,38.72600173950195,283636500,50.18169956207275,43.71522644042969,46.67040652910118,35.747562981235376,-1.2314835791200451,0.804868971614576,-2.0363525507346214,63.3665351012812,50.18169956207275,36.9968640228643,-0.3365112803367358
2020-03-13,36.44133377075195,40.50466537475586,33.46666717529297,39.66666793823242,339604500,49.3237663269043,43.88627979278564,45.69620912354411,34.739648485529585,-1.8496652652319483,0.2739621242452712,-2.1236273894772193,63.687549511615266,49.3237663269043,34.95998314219333,-0.6713020026235671
2020-03-16,29.67133331298828,32.9913330078125,29.47800064086914,31.299999237060547,307342500,48.14056625366211,43.906026458740236,44.17003047491975,28.443505301387873,-2.8529738562211904,-0.3514250718480211,-2.501548784373169,64.71595481954797,48.14056625366211,31.565177687776238,-0.47796281723555734
2020-03-17,28.68000030517578,31.456666946411133,26.399999618530273,29.333999633789062,359919000,46.71323299407959,43.88894645690918,42.69478950637271,27.653173058562075,-3.6856100138163654,-1.0182620602416899,-2.6673479535746756,64.76387483004238,46.71323299407959,28.662591158116797,-0.2193272506636392
2020-03-18,24.08133316040039,26.99066734313965,23.367332458496094,25.933332443237305,356793000,44.85923309326172,43.76851978302002,40.92207937818487,24.282496976512277,-4.662804268338071,-1.7471705018609662,-2.915633766477105,64.16642030316767,44.85923309326172,25.552045883355778,-0.6132654617164869
2020-03-19,28.50933265686035,30.133333206176758,23.8973331451416,24.979999542236328,452932500,43.28666639328003,43.713293113708495,39.73991302377301,32.77894911796889,-5.022044202865821,-2.4021452420619376,-2.6198989608038836,62.54098548219859,43.28666639328003,24.032347304361462,0.8881006791580798
2020-03-20,28.50200080871582,31.799999237060547,28.38599967956543,29.213333129882812,424282500,41.70843315124512,43.62714645385742,38.66963566995804,32.772391591543666,-5.246853595833663,-2.9710869128162827,-2.2757666830173804,60.36772346988119,41.70843315124512,23.049142832609043,-0.23879492620200365
2020-03-23,28.952667236328125,29.46666717529297,27.366666793823242,28.906667709350586,246817500,40.37676658630371,43.564413146972655,37.744210104850424,33.65102092126047,-5.327242509536447,-3.4423180321603155,-1.8849244773761313,58.68251214480804,40.37676658630371,22.071021027799382,0.01591177684445633
2020-03-24,33.66666793823242,34.24599838256836,31.600000381469727,31.81999969482422,343428000,39.39373340606689,43.6002131652832,37.35587275564871,42.1656035120274,-4.953470320296567,-3.744548489787566,-1.2089218305090013,56.90648766554661,39.39373340606689,21.880979146587183,0.5229185285692206
2020-03-25,35.95000076293945,37.133331298828125,34.07400131225586,36.349998474121094,318340500,38.5952335357666,43.619399871826175,37.2219801849145,45.79420360839605,-4.422032849031751,-3.8800453616364035,-0.5419874873953479,55.18247413518425,38.5952335357666,22.00799293634896,-0.1095986226587452
2020-03-26,35.21066665649414,37.33333206176758,34.150001525878906,36.49266815185547,260710500,38.092433547973634,43.60638656616211,37.03042651554113,44.81376470863203,-4.014249142440633,-3.90688611779725,-0.10736302464338321,54.44831245003094,38.092433547973634,21.736554645916325,-0.3375313613603796
2020-03-27,34.29066848754883,35.0533332824707,32.935333251953125,33.66666793823242,215661000,37.5803337097168,43.600866622924805,36.769497179541865,43.563886919974,-3.7224042217800886,-3.869989738593818,0.14758551681372944,53.73772076066816,37.5803337097168,21.422946658765433,0.1832530264989871
2020-03-30,33.47533416748047,34.44333267211914,32.7486686706543,34.017333984375,179971500,36.775366973876956,43.585719985961916,36.45576736886935,42.43433305622215,-3.5163711474015784,-3.79926602035537,0.2828948729537917,52.04188784549104,36.775366973876956,21.508846102262872,-0.15799576692835862
2020-03-31,34.93333435058594,36.19733428955078,33.133331298828125,33.41666793823242,266572500,36.037000274658205,43.60372001647949,36.31077374808045,45.172051956944834,-3.1985689104481594,-3.6791265983739283,0.4805576879257689,50.11364233785828,36.037000274658205,21.96035821145813,0.42507105139477824
2020-04-01,32.104000091552734,34.26333236694336,31.67333221435547,33.599998474121094,200298000,35.14386692047119,43.51620002746582,35.91012863793495,41.0883385391436,-3.1388295043198084,-3.5710671795631046,0.43223767524329615,47.76320434830559,35.14386692047119,22.524529492636788,-0.4179764829842127
2020-04-02,30.29800033569336,32.95066833496094,29.760000228881836,32.068668365478516,297876000,34.2436336517334,43.36274665832519,35.37564022819765,38.68431632537909,-3.2003233460904212,-3.496918412868568,0.29659506677814695,45.47179845447124,34.2436336517334,23.015468848995553,-0.5021290426729298
2020-04-03,32.000667572021484,34.36600112915039,31.22599983215332,33.96666717529297,338431500,33.49873371124268,43.23982666015625,35.05421426094278,42.122480279800264,-3.0762060540259455,-3.4127759411000436,0.3365698870740981,43.13348279147425,33.49873371124268,23.863984631011107,-0.5217946060587191
2020-04-06,34.41600036621094,34.733333587646484,33.19733428955078,34.08000183105469,223527000,33.19286708831787,43.17505332946777,34.993431985254034,46.6891780328483,-2.751230561800483,-3.2804668652401316,0.5292363034396486,42.28821375355159,33.19286708831787,24.09752042308415,0.0982729092846267
2020-04-07,36.36333465576172,37.66666793823242,35.48933410644531,36.33333206176758,268797000,32.859933853149414,43.158293380737305,35.123898906254766,50.107226527528226,-2.309924172294423,-3.0863583266509904,0.7764341543565676,40.92032822838159,32.859933853149414,24.799539477917236,0.008257407282114984
2020-04-08,36.589332580566406,37.14733123779297,35.55533218383789,36.9466667175293,189840000,32.57530040740967,43.13421340942383,35.26346401809397,50.50385405128507,-1.919819056346057,-2.853050472590004,0.933231416243947,39.62317270571846,32.57530040740967,25.527428109100885,-0.09641576655176264
2020-04-09,38.20000076293945,38.345333099365234,37.14066696166992,37.4726676940918,204750000,32.616800498962405,43.123560104370114,35.54313418426973,53.35016056708391,-1.463816514415484,-2.5752036809551,1.111387166539616,39.78584778103912,32.616800498962405,25.447753216885694,0.19169568862249015
2020-04-13,43.39666748046875,43.46666717529297,38.70199966430664,39.34400177001953,337131000,32.96456718444824,43.137080078125,36.29108973628869,61.11892593977854,-0.6753189839898752,-2.1952267415620548,1.5199077575721796,41.40418611784241,32.96456718444824,24.524948251054077,0.7739321442127286
2020-04-14,47.32600021362305,49.45866775512695,46.1619987487793,46.597999572753906,458647500,33.84730052947998,43.21617340087891,37.342033591272916,65.76184234408149,0.26359672350676533,-1.703462048548291,1.9670587720550563,44.20062699835219,33.84730052947998,23.49397406060777,0.15497123034621663
2020-04-15,48.65533447265625,50.20866775512695,47.33333206176758,49.46666717529297,353655000,34.846067237854,43.149280090332034,38.41949081807133,67.18931558256718,1.1022542503457444,-1.142318788769484,2.2445730391152283,46.75054558639401,34.846067237854,22.94158888931399,-0.162560952618346
2020-04-16,49.680667877197266,50.630001068115234,47.11466598510742,47.79600143432617,309868500,36.12603397369385,42.960146789550784,39.491983871321416,68.2875693720898,1.8285537893955492,-0.5481442731364773,2.3766980625320264,48.6160508129753,36.12603397369385,23.6360171344124,0.3750738932435799
2020-04-17,50.259334564208984,51.663333892822266,49.84400177001953,51.48533248901367,196923000,37.21353406906128,42.98573348999023,40.51744584207262,68.9198624268706,2.422915115086269,0.04606760450807201,2.376847510578197,50.61566465125746,37.21353406906128,23.811403486865107,-0.23372458603925042
2020-04-20,49.75733184814453,51.03799819946289,47.48066711425781,48.8466682434082,221199000,38.27630062103272,42.98226676940918,41.397434985508035,67.65954419776972,2.8209254514247206,0.6010391738914017,2.219886277533319,52.110693392729154,38.27630062103272,24.441907849336282,0.18430274803038468
2020-04-21,45.781333923339844,50.22200012207031,44.919334411621094,48.67466735839844,303136500,39.1177339553833,42.900466766357425,41.81494917006344,58.53018166306328,2.7834359892960805,1.0375185369723376,1.7459174523237428,52.62467514175904,39.1177339553833,25.610792769007556,-0.5330691079521901
2020-04-22,48.807334899902344,48.93333435058594,45.91400146484375,46.93199920654297,212482500,39.8747673034668,42.84824012756348,42.48089066814334,62.659677636501385,2.963734226621405,1.4227616749021512,1.5409725517192536,53.76648826956415,39.8747673034668,25.983046337369448,0.37959443680412763
2020-04-23,47.04199981689453,48.93333435058594,46.87533187866211,48.50666809082031,198550500,40.429367256164554,42.75657348632812,42.915282015643456,58.97039664122036,2.9303943292816896,1.724288205778059,1.2061061235036306,54.534071183243555,40.429367256164554,26.324663329085553,-0.2930978913616057
2020-04-24,48.34333419799805,48.71533203125,46.54533386230469,47.387332916259766,198180000,41.08600063323975,42.70038681030273,43.43223936634389,60.80253390018604,2.9746886699807007,1.9743682986185875,1.0003203713621132,55.37925815783811,41.08600063323975,26.79274310864139,0.1990488293293994
2020-04-27,53.25,53.29933166503906,49.0,49.17399978637695,310221000,42.03396720886231,42.69338684082031,44.367264188596856,66.81889378790022,3.3669075630529477,2.2528761515054594,1.1140314115474883,56.90205102875497,42.03396720886231,27.165883388969647,0.6798813480420741
2020-04-28,51.27466583251953,53.66666793823242,50.44599914550781,53.042667388916016,228330000,42.923933792114255,42.65217346191406,45.02511196420854,62.64986644184509,3.4782557358540913,2.497952068375186,0.9803036674789052,57.767107869830205,42.923933792114255,28.080759714398305,-0.3214979707600648
2020-04-29,53.367332458496094,53.54666519165039,52.21066665649414,52.678001403808594,243240000,43.84563369750977,42.57498680114746,45.81960915414069,65.13190134407665,3.6927924597977935,2.736920146659708,0.9558723131380855,58.87775507451312,43.84563369750977,28.813512320506423,0.1301156408479732
2020-04-30,52.12533187866211,57.987998962402344,50.900001525878906,57.01266860961914,427078500,44.846700286865236,42.394266815185546,46.420154175523685,62.47820806840866,3.719716713387477,2.933479460005262,0.7862372533822151,59.272150861268564,44.846700286865236,30.421249712461908,-0.6948313497246076
2020-05-01,46.75466537475586,51.518001556396484,45.5359992980957,50.33333206176758,487977000,45.66953353881836,42.13014678955078,46.45201238497437,52.51437893535275,3.269992043228612,3.0007819766499324,0.26921006657867963,58.46721059889259,45.66953353881836,32.87185647874412,-0.6112993897375729
2020-05-04,50.74599838256836,50.79999923706055,46.53333282470703,46.733333587646484,288556500,46.6068000793457,41.94373344421387,46.86096343236427,57.889218102593574,3.198775723434153,3.040380726006777,0.15839499742737617,57.92285873774334,46.6068000793457,35.290741420948066,0.6955512038919892
2020-05-05,51.2140007019043,53.26133346557617,50.8120002746582,52.65266799926758,254875500,47.44670009613037,41.856293487548825,47.275538410415706,58.482618766393614,3.1438596952409767,3.061076519853617,0.0827831753873598,57.43437226704508,47.44670009613037,37.459027925215665,-0.2666345726259741
2020-05-06,52.172000885009766,52.6533317565918,50.740665435791016,51.766666412353516,166848000,48.23713340759277,41.83318687438965,47.741868169900854,59.73345753284367,3.141428523140874,3.0771469205110686,0.06428160262980542,57.020751780809555,48.23713340759277,39.45351503437599,0.07814065834130665
2020-05-07,52.00266647338867,53.09333419799805,51.4900016784668,51.81399917602539,172915500,49.00780010223389,41.83484024047851,48.14765848451874,59.39283782539977,3.090215845233523,3.07976070545556,0.010455139777962863,56.1125758300173,49.00780010223389,41.903024374450474,0.036396333453872505
2020-05-08,54.62799835205078,54.93333435058594,52.46733474731445,52.917999267578125,241297500,49.829199981689456,42.02206687927246,48.76483370999799,62.9228940184972,3.2243040013505677,3.108669364634562,0.11563463671600571,55.37308557358076,49.829199981689456,44.28531438979815,0.31234452967181353
2020-05-11,54.08599853515625,54.93333435058594,52.33333206176758,52.70066833496094,247794000,50.36366653442383,42.213133544921874,49.271611312394015,61.72980325739182,3.249378166745835,3.1368111250568167,0.11256704168901832,55.35772514252207,50.36366653442383,45.369607926325585,0.25697580129708164
2020-05-12,53.96066665649414,56.21933364868164,53.866668701171875,55.133331298828125,238603500,50.695399856567384,42.30085350036621,49.718188011832126,61.439694436470205,3.2219952328830814,3.15384794662207,0.06814728626101152,55.719604473555805,50.695399856567384,45.671195239578964,-0.20954569903331433
2020-05-13,52.73066711425781,55.06666564941406,50.88666534423828,54.72200012207031,285982500,50.89916648864746,42.361453475952146,50.00509078349171,58.532390820218,3.0657038513263686,3.13621912756293,-0.07051527623656151,55.906425008026055,50.89916648864746,45.891907969268864,-0.34864453180933486
2020-05-14,53.55533218383789,53.557334899902344,50.93333435058594,52.0,205233000,51.09289970397949,42.43322677612305,50.34320901209611,59.902380406025074,2.974101790399999,3.103795660130344,-0.12969386973034513,56.19550718563414,51.09289970397949,45.99029222232484,0.2904909187425054
2020-05-15,53.27799987792969,53.66999816894531,52.436668395996094,52.689998626708984,157776000,51.243832969665526,42.53273345947266,50.62271290408026,59.19411771147679,2.846317521221124,3.0523000323485,-0.2059825111273761,56.41697960345301,51.243832969665526,46.070686335878044,0.11113540044466655
2020-05-18,54.242000579833984,55.64799880981445,53.59199905395508,55.185333251953125,174987000,51.46806640625,42.679600143432616,50.96740696843776,60.92363922285932,2.7906653147944738,2.999973088837695,-0.20930777404322143,56.75164362677142,51.46806640625,46.18448918572859,-0.16929329698905837
2020-05-19,53.867332458496094,54.80466842651367,53.73866653442383,54.34466552734375,144547500,51.87236633300781,42.9462801361084,51.24359034844331,59.861684008660575,2.6853726497689294,2.937053001023942,-0.25168035125501254,56.55700770386666,51.87236633300781,47.18772496214896,-0.08760921021022995
2020-05-20,54.37066650390625,55.06666564941406,54.119998931884766,54.70000076293945,109639500,52.15053291320801,43.173253479003904,51.54140712515407,60.84900288213818,2.6124278628469426,2.872127973388542,-0.25970011054159947,56.73373871262379,52.15053291320801,47.56732711379223,-0.06013471538351149
2020-05-21,55.17333221435547,55.5,53.06666564941406,54.400001525878906,183819000,52.55709953308106,43.43108009338379,51.88730475269706,62.435849498501504,2.5895364441507738,2.815609667540989,-0.22607322339021518,56.67445678962267,52.55709953308106,48.43974227653945,0.1412064643920033
2020-05-22,54.45866775512695,55.45199966430664,54.133331298828125,54.81133270263672,149812500,52.8628662109375,43.772853469848634,52.13219646721419,60.10013514750952,2.4850809148731443,2.74950391700742,-0.2644230021342757,56.571058009326016,52.8628662109375,49.15467441254898,-0.06425297023541031
2020-05-26,54.591331481933594,55.63999938964844,54.38066864013672,55.633331298828125,121345500,52.92993278503418,44.135853424072266,52.36639980194937,60.39631532560153,2.3855053882057504,2.6767042112470865,-0.29119882304133604,56.71149841803234,52.92993278503418,49.14836715203602,-0.18513789635164354
2020-05-27,54.68199920654297,55.180667877197266,52.33333206176758,54.7239990234375,173242500,53.10029945373535,44.63606674194336,52.58693307857733,60.611513737906535,2.287537880806063,2.598870945158882,-0.31133306435281893,56.87523058445995,53.10029945373535,49.32536832301076,-0.007674693557078954
2020-05-28,53.72066879272461,54.983333587646484,53.44599914550781,54.23400115966797,108834000,53.11796627044678,45.13688011169434,52.69490790849612,57.07056000730313,2.108026576973998,2.5007020715219053,-0.3926754945479072,56.90102943067661,53.11796627044678,49.33490311021695,-0.09436974362414441
2020-05-29,55.66666793823242,55.66666793823242,53.61399841308594,53.91666793823242,176467500,53.295033073425294,45.768586807250976,52.977932673232914,61.92024879329866,2.098597121738969,2.420281081565318,-0.32168395982634923,57.20505451768157,53.295033073425294,49.38501162916902,0.3136377413808066
2020-06-01,59.87333297729492,59.93333435058594,56.939998626708984,57.20000076293945,224092500,53.95096645355225,46.395866813659666,53.63463746409597,69.84951385949387,2.4028681542664856,2.4167984961055518,-0.013930341839066163,57.64782962334569,53.95096645355225,50.2541032837588,0.4360684476898444
2020-06-02,58.770668029785156,60.57733154296875,58.06666564941406,59.64666748046875,203484000,54.352199935913085,47.00124015808105,54.12378323225684,65.97170108822478,2.525912150841215,2.4386212270526846,0.08729092378853043,58.30370403641567,54.352199935913085,50.4006958354105,-0.14581788649249777
2020-06-03,58.86399841308594,59.862667083740234,58.67333221435547,59.20800018310547,119242500,54.73469982147217,47.59946678161621,54.575232297097706,66.14303198018004,2.600973977585106,2.471091777159169,0.129882200425937,58.87363280229404,54.73469982147217,50.5957668406503,-0.058035267458007606
2020-06-04,57.62533187866211,59.71666717529297,57.229331970214844,59.32533264160156,133315500,55.00736637115479,48.0786400604248,54.86571797153241,61.70269807252233,2.5313313664180583,2.483139695010947,0.048191671407111336,59.15357471139692,55.00736637115479,50.861158030912655,-0.2789615366923378
2020-06-05,59.04399871826172,59.10133361816406,57.746665954589844,58.522666931152344,117178500,55.359432983398435,48.54052001953125,55.263649471220916,64.63130610852646,2.561090990270415,2.4987299540628407,0.06236103620757438,59.61953578132261,55.359432983398435,51.09933018547426,0.08884713386082349
2020-06-08,63.327999114990234,63.33333206176758,60.61066818237305,61.266666412353516,212620500,55.79443302154541,49.102866668701175,56.03168277062751,71.67521150992562,2.8969643341641884,2.5783768300831102,0.31858750408107817,61.270214758508025,55.79443302154541,50.31865128458279,0.3243067212338169
2020-06-09,62.711334228515625,63.62933349609375,61.595333099365234,62.66733169555664,170823000,56.22569980621338,49.671279983520506,56.667840052331144,69.52865310344579,3.0779064863375254,2.6782827613339935,0.39962372500353194,62.40835103810107,56.22569980621338,50.04304857432569,0.007021490883859598
2020-06-10,68.336669921875,68.49866485595703,65.5,66.12533569335938,278451000,56.94449996948242,50.3685066986084,57.779157182763896,76.45564194446314,3.6333391510565605,2.869294039278507,0.7640451117780533,64.97366717106219,56.94449996948242,48.915332767902655,0.32248277121840374
2020-06-11,64.85600280761719,67.9306640625,64.80000305175781,66.01333618164062,238747500,57.55076675415039,50.96696006774902,58.45314248036897,66.39779096671006,3.7494415641457053,3.045323544251947,0.7041180198937584,66.03394930902722,57.55076675415039,49.06758419927356,-0.17354371017238904
2020-06-12,62.35200119018555,65.8653335571289,60.84000015258789,65.33333587646484,251451000,57.990600204467775,51.57192008972168,58.824462357494355,60.2565425566868,3.59792689763529,3.155844214928616,0.44208268270667395,66.5116472847343,57.990600204467775,49.46955312420126,-0.4270856631917803
2020-06-15,66.05999755859375,66.5893325805664,60.56666564941406,61.18600082397461,235458000,58.629700088500975,52.287160034179685,59.51356094807525,65.36518271757899,3.734011391750748,3.2714776502930425,0.46253374145770554,67.54910382761108,58.629700088500975,49.71029634939087,0.6621243378550429
2020-06-16,65.47533416748047,67.52532958984375,64.15933227539062,67.4566650390625,210766500,59.1913667678833,52.956653366088865,60.08134887373289,63.968942562589426,3.7514376463478314,3.3674696495040006,0.38396799684383076,68.34647709050222,59.1913667678833,50.036256445264385,-0.28555423801469104
2020-06-17,66.11933135986328,67.0,65.50466918945312,65.84733581542969,148362000,59.80396671295166,53.59071998596191,60.65639482479293,64.85934482516105,3.773712264055874,3.4487181724143756,0.3249940916414982,69.09079613211145,59.80396671295166,50.517137293791876,0.041283515499754016
2020-06-18,66.9306640625,67.94667053222656,66.2979965209961,66.86666870117188,146278500,60.431966590881345,54.202066574096676,61.25394427600313,65.99932291284912,3.812880316726293,3.521550601276759,0.291329715449534,69.86178515032046,60.431966590881345,51.00214803144224,0.009570299931396338
2020-06-19,66.72666931152344,67.73133087158203,66.0893325805664,67.51866912841797,130195500,61.009633445739745,54.80481330871582,61.775156184147924,65.42463422720326,3.7838428243904474,3.574009045899497,0.20983377849095053,70.49544872172895,61.009633445739745,51.52381816975054,-0.11676580769952284
2020-06-22,66.28800201416016,67.2586669921875,66.00133514404297,66.663330078125,95436000,61.60110015869141,55.366573333740234,62.204951025101465,64.13143605718135,3.682978533746308,3.5958029434688594,0.08717559027744848,70.85153607344544,61.60110015869141,52.35066424393737,-0.056242611838860306
2020-06-23,66.78533172607422,67.46666717529297,66.267333984375,66.59200286865234,95479500,62.21080017089844,55.83434661865235,62.64117775852744,64.97666641902404,3.6016555647191524,3.5969734677189185,0.00468209700023392,71.1344489874952,62.21080017089844,53.28715135430166,0.029023689301099075
2020-06-24,64.0566635131836,66.72533416748047,63.542667388916016,66.27400207519531,164394000,62.67953338623047,56.168959884643556,62.77598592563755,57.03529030531088,3.2792249416357393,3.5334237625022826,-0.25419882086654333,70.93165665220447,62.67953338623047,54.42741012025647,-0.32262238192517845
2020-06-25,65.73200225830078,65.73200225830078,62.47666549682617,63.61800003051758,138817500,63.28010005950928,56.510493240356446,63.057511290653096,60.24774281716085,3.1228835278146576,3.451315715564758,-0.3284321877501002,70.52344730803007,63.28010005950928,56.03675281098849,0.3205825401688157
2020-06-26,63.982666015625,66.33333587646484,63.65800094604492,66.31866455078125,132823500,63.695899963378906,56.796533203125,63.14562126445995,55.5751213561891,2.8252572095611512,3.3261040143640366,-0.5008468048028853,70.04258186606651,63.695899963378906,57.34921806069131,-0.33835924340810763
2020-06-29,67.29000091552734,67.33333587646484,63.23466873168945,64.60066986083984,135396000,64.06673336029053,57.13714653015137,63.54032408837113,61.63356205911214,2.823710516795643,3.225625314850358,-0.4019147980547153,70.3429910190446,64.06673336029053,57.790475701536444,0.39380948661928067
2020-06-30,71.98733520507812,72.51266479492188,66.91533660888672,67.0999984741211,253777500,64.72756671905518,57.58174659729004,64.34480133758132,68.25519689629569,3.16503580890312,3.2135074136609107,-0.048471604757790665,71.40455199735098,64.72756671905518,58.050581440759366,0.6220647572479587
2020-07-01,74.64199829101562,75.68866729736328,72.03333282470703,72.19999694824219,199903500,65.51646671295165,58.15895988464356,65.32548676171791,71.27272173983124,3.6081551208694833,3.2924369551026254,0.31571816576685796,72.92427230086791,65.51646671295165,58.108661125035404,0.3258939262060856
2020-07-02,80.57733154296875,81.86666870117188,79.04000091552734,81.43199920654297,258751500,66.664066696167,58.79435981750488,66.77804340755132,76.62311032404986,4.387683671758268,3.511486298433754,0.8761973733245139,75.74809492341736,66.664066696167,57.58003846891664,-0.10457108259963101
2020-07-06,91.43866729736328,91.85266876220703,84.40266418457031,85.11266326904297,308548500,68.28380012512207,59.68229316711426,69.12667425420008,82.8996328603068,5.814854663013051,3.9721599713496136,1.8426946916634375,81.8177760044475,68.28380012512207,54.749824245796646,0.6311050978157713
2020-07-07,92.65733337402344,95.30000305175781,89.11399841308594,93.6673355102539,322345500,69.75026683807373,60.56857315063476,71.36768940846898,83.43698373469972,6.963957951017306,4.570519567283152,2.3934383837341544,86.73461953395345,69.75026683807373,52.765914142194006,-0.10741266567740967
2020-07-08,91.05867004394531,94.48400115966797,87.42266845703125,93.66666412353516,244669500,71.16763362884521,61.32474655151367,73.24302089756196,79.8904478730263,7.657362507014199,5.187888155229362,2.4694743517848368,90.17638995323763,71.16763362884521,52.15887730445279,-0.27145466648157734
2020-07-09,92.9520034790039,93.90399932861328,90.08533477783203,93.1326675415039,175764000,72.39840030670166,62.15829330444336,75.12006685769929,80.92457686671824,8.264399940212869,5.803190512226063,2.4612094279868053,93.578167854777,72.39840030670166,51.21863275862631,-0.01939613769368507
2020-07-10,102.97666931152344,103.2613296508789,91.73400115966797,93.06666564941406,350064000,74.30443363189697,63.150480041503904,77.77307661520635,85.24971676607656,9.445506315367652,6.531653672854381,2.9138526425132714,98.99611758222517,74.30443363189697,49.61274968156877,0.7875048780026634
2020-07-13,99.80400085449219,119.66600036621094,98.0739974975586,110.5999984741211,584781000,76.17703361511231,64.10405342102051,79.87125987609072,79.13424569712254,10.010143099154604,7.227351558114425,2.7827915410401785,102.58018098370339,76.17703361511231,49.77388624652123,-0.7513857243193351
2020-07-14,101.12000274658203,106.0,95.4000015258789,103.73332977294922,351271500,77.93003387451172,65.19136016845704,81.89494967328037,79.78211759679881,10.44342684879365,7.8705666162502705,2.5728602325433787,106.01550359525223,77.93003387451172,49.844564153771216,-0.2467296098440995
2020-07-15,103.06732940673828,103.33333587646484,97.13333129882812,102.86666870117188,245517000,79.80963363647462,66.23778678894043,83.91136679075255,80.73531729083565,10.819223060303472,8.46029790506091,2.358925155242561,109.3056476849928,79.80963363647462,50.313619587956424,0.019504399267154512
2020-07-16,100.04266357421875,102.11399841308594,97.73332977294922,98.47733306884766,214512000,81.50580024719238,67.21436004638672,85.44768077013029,74.83372924752102,10.749070418176515,8.918052407684032,1.8310180104924836,111.55404719892752,81.50580024719238,51.45755329545725,0.15762805905298413
2020-07-17,100.05599975585938,102.50066375732422,99.33333587646484,100.89666748046875,139950000,83.16206703186035,68.17204002380372,86.83894924496164,74.84246121822486,10.572674847886816,9.248976895724589,1.3236979521622274,113.46486108828832,83.16206703186035,52.859272975432376,-0.08312739957411452
2020-07-20,109.53333282470703,110.0,99.19999694824219,101.267333984375,256821000,85.30240020751953,69.32265335083008,89.0003191096993,80.12113011048123,11.070013436794284,9.613184203938527,1.4568292328557568,116.68710182268927,85.30240020751953,53.91769859234977,0.6730264989180761
2020-07-21,104.55733489990234,111.66666412353516,103.86666870117188,109.32866668701172,241608000,87.21586685180664,70.32124008178711,90.48193966114721,71.62362737634467,10.936566474708371,9.877860658092496,1.0587058166158752,118.39591033074524,87.21586685180664,56.03582337286804,-0.41067336740896343
2020-07-22,106.15533447265625,108.4280014038086,104.13333129882812,106.5999984741211,212416500,89.18436698913574,71.36262680053711,91.97464392890997,72.62763658389525,10.834856524750109,10.06925983142402,0.7655966933260885,119.92447879493969,89.18436698913574,58.444255183331784,-0.04168914464389519
2020-07-23,100.87133026123047,112.5999984741211,98.71800231933594,111.93000030517578,364927500,91.02510032653808,72.30084007263184,92.82194738913097,64.50087360366224,10.210179088119204,10.097443682763057,0.11273540535614757,119.87710203638852,91.02510032653808,62.17309861668763,-0.7565076925866242
2020-07-24,94.46666717529297,97.66666412353516,91.10266876220703,94.40066528320312,290949000,92.46183357238769,73.13556007385255,92.97858736876545,56.28050181656982,9.093490832186944,9.896653112647835,-0.8031622804608904,118.89291201204449,92.46183357238769,66.03075513273089,0.006991562659450199
2020-07-27,102.63999938964844,103.19599914550781,94.19999694824219,95.66666412353516,240730500,94.39470024108887,74.11725341796875,93.89872184694478,62.79670752415859,8.76696681022635,9.67071585216354,-0.9037490419371892,117.67912482454992,94.39470024108887,71.11027565762782,0.6224042224373212
2020-07-28,98.43267059326172,104.3133316040039,98.29467010498047,100.26667022705078,237130500,95.95183372497559,75.0203468322754,94.33052648945116,58.00411600972803,8.075607324246604,9.351694146580153,-1.2760868223335482,115.6696902323018,95.95183372497559,76.23397721764937,-0.18089923583407352
2020-07-29,99.94066619873047,102.32066345214844,99.13333129882812,100.06666564941406,141403500,97.3495002746582,75.93432014465333,94.86482550938253,59.20585373724273,7.56221014194378,8.993797345652878,-1.431587203709098,113.75994503236672,97.3495002746582,80.93905551694968,-0.012590885419918294
2020-07-30,99.16600036621094,100.8826675415039,98.06666564941406,99.19999694824219,114315000,98.57570037841796,76.84029350280761,95.27446121003285,58.283186154288664,7.012000144759739,8.597437905474251,-1.5854377607145125,111.25727108622294,98.57570037841796,85.89412967061298,-0.0034270614902115457
2020-07-31,95.38400268554688,101.13666534423828,94.73200225830078,101.0,183123000,99.31603393554687,77.66056022644042,95.28489373151038,53.86937177258021,6.199317281901486,8.117813780759699,-1.9184964988582127,109.10781575495923,99.31603393554687,89.5242521161345,-0.505032875578398
2020-08-03,99.0,100.65399932861328,96.29199981689453,96.61333465576172,132139500,99.69410057067871,78.53709358215332,95.63871337612844,57.20626633380141,5.780408075038423,7.650332639615444,-1.8699245645770208,108.7999584729186,99.69410057067871,90.58824266843882,0.24212734107549677
2020-08-04,99.13333129882812,101.82733154296875,97.46666717529297,99.6673355102539,126225000,100.01790046691895,79.43058685302735,95.97153413067126,57.328834113213354,5.396965374695654,7.199659186631487,-1.802693811935833,108.54180430048191,100.01790046691895,91.49399663335598,-0.053527448185804655
2020-08-05,99.00133514404297,99.98933410644531,97.88733673095703,99.53266906738281,74217000,100.41503372192383,80.31878692626952,96.26008660813523,57.154308582522106,5.024513817923506,6.764630112889892,-1.740116294966386,107.91031199105127,100.41503372192383,92.9197554527964,-0.053332215792383175
2020-08-06,99.30533599853516,101.15399932861328,98.48400115966797,99.38866424560547,89884500,100.73270034790039,81.21125366210937,96.55011035960189,57.47539677515834,4.69969840636152,6.351643771584218,-1.6519453652226979,107.432138362893,100.73270034790039,94.03326233290778,-0.008383883141940498
2020-08-07,96.84733581542969,99.98332977294922,94.33399963378906,99.96932983398438,133446000,100.42623367309571,82.07378700256348,96.5784175458712,53.95462671731845,4.195575794019788,5.920430176071333,-1.7248543820515447,107.24671126588642,100.42623367309571,93.605756080305,-0.3025236691105997
2020-08-10,94.57133483886719,97.16666412353516,92.38933563232422,96.53333282470703,112834500,100.16460037231445,82.85188034057617,96.38726681187082,50.84856822916916,3.5712337743223372,5.450590895721534,-1.879357121399197,107.44633368198393,100.16460037231445,92.88286706264498,-0.20049252034721873
2020-08-11,91.6259994506836,94.66666412353516,91.0,93.06666564941406,129387000,99.68990020751953,83.48693367004394,95.93381277747204,47.07205435572203,2.80642357095131,4.92175743076749,-2.1153338598161797,107.84595693903805,99.68990020751953,91.53384347600101,-0.15357463834412916
2020-08-12,103.65066528320312,105.66666412353516,95.66666412353516,98.0,327441000,99.71906700134278,84.3845336151123,96.6687511113512,60.10072948769638,3.1344638646826866,4.564298717550529,-1.4298348528678426,107.92723275247772,99.71906700134278,91.51090125020784,0.520188753723597
2020-08-13,108.06666564941406,110.07866668701172,104.48400115966797,107.4000015258789,306379500,100.12026710510254,85.36858695983886,97.75426678164291,63.64049094516949,3.708028638390104,4.393044701718445,-0.6850160633283409,109.10056089731994,100.12026710510254,91.13997331288515,0.06199340779591862
2020-08-14,110.04733276367188,111.25333404541016,108.44266510009766,110.99933624267578,188664000,100.61983375549316,86.41702697753907,98.92503497040758,65.13456195900183,4.273147947265301,4.369065350827816,-0.09591740356251499,110.58757721634136,100.61983375549316,90.65209029464496,-0.08555691192726539
2020-08-17,122.3759994506836,123.05733489990234,111.52200317382812,111.80000305175781,303634500,101.261967086792,87.6836669921875,101.1584601590053,72.66420301983803,5.650691780279416,4.625390636718136,1.02530114356128,114.54664340428515,101.261967086792,87.97729076929885,0.7379552381377869
2020-08-18,125.80599975585938,128.25999450683594,123.00733184814453,126.59933471679688,247117500,102.32440032958985,88.93322700500488,103.5058448825152,74.32548777594201,6.939186924161703,5.0881498942068495,1.8510370299548535,119.36193493428746,102.32440032958985,85.28686572489224,-0.06258312028807565
2020-08-19,125.23533630371094,127.4000015258789,122.74732971191406,124.33333587646484,183079500,103.27840042114258,90.18370704650879,105.57532025596241,73.52488466095497,7.824089602825012,5.635337835930482,2.18875176689453,122.99347350921128,103.27840042114258,83.56332733307387,0.07241994415647635
2020-08-20,133.45533752441406,134.79933166503906,123.80400085449219,124.04533386230469,309177000,104.90760078430176,91.48608039855957,108.23055999581496,77.31531684799583,9.083952601117886,6.325060788967963,2.7588918121499235,128.55157762430548,104.90760078430176,81.26362394429805,0.6402480074109663
2020-08-21,136.6653289794922,139.69932556152344,135.00332641601562,136.3173370361328,322344000,107.01753387451171,92.92226692199706,110.93863323235564,78.60359140839964,10.22357161783657,7.104762954741684,3.1188086630948852,133.87155426864177,107.01753387451171,80.16351348038164,0.025522532729944456
2020-08-24,134.27999877929688,141.93333435058594,128.50132751464844,141.7519989013672,300954000,108.59953384399414,94.3608268737793,113.16162042730242,75.18658806182623,10.809644830146595,7.845739329822667,2.9639055003239285,137.85604342080933,108.59953384399414,79.34302426717893,-0.4831748384223587
2020-08-25,134.8893280029297,135.19667053222656,131.1999969482422,131.65933227539062,159883500,110.42236671447753,95.73741348266601,115.2309259106955,75.47982238988439,11.194239623099278,8.51543938847799,2.6788002346212885,141.40962389602626,110.42236671447753,79.4351095329288,0.24052360714642768
2020-08-26,143.54466247558594,144.39999389648438,136.90866088867188,137.3333282470703,213591000,112.60256652832031,97.29880004882813,117.92747225020888,79.23387474583123,12.058444679520846,9.224040446686562,2.8344042328342844,146.34632311941772,112.60256652832031,78.85880993722292,0.42377270538576883
2020-08-27,149.25,153.0399932861328,142.8333282470703,145.36399841308594,355395000,115.10676651000976,98.96141342163087,120.91057013114136,81.26954407244556,13.053236880322657,9.989879733413781,3.063357146908876,151.79539761901333,115.10676651000976,78.4181354010062,0.2611377420810633
2020-08-28,147.55999755859375,154.5659942626953,145.76800537109375,153.00799560546875,301218000,117.7155662536621,100.57400009155273,123.44861083851777,78.80522218335116,13.54906263342761,10.701716313416547,2.847346320011063,155.81644900939455,117.7155662536621,79.61468349792966,-0.3417385978395359
2020-08-31,166.10667419433594,166.7133331298828,146.70333862304688,148.20333862304688,355123200,121.0708999633789,102.56160018920899,127.51128353907188,84.39691719848418,15.262631799726535,11.613899410678545,3.6487323890479892,163.5553629005277,121.0708999633789,78.58643702623012,0.8360861092698658
2020-09-01,158.35000610351562,167.49667358398438,156.836669921875,167.3800048828125,269523300,124.03173370361328,104.4028402709961,130.44830473568558,75.43351757785179,15.812473073203265,12.45361414318349,3.3588589300197746,168.20818005738724,124.03173370361328,79.85528734983933,-0.49260249255350036
2020-09-02,149.1233367919922,159.67999267578125,135.0399932861328,159.663330078125,288528300,126.53783378601074,106.04960037231446,132.22687921723858,66.39978409163672,15.327030672036983,13.02829744895419,2.2987332230827935,170.43600915418136,126.53783378601074,82.63965841784012,-0.5784556670019845
2020-09-03,135.6666717529297,143.93333435058594,134.0,135.7433319091797,262788300,128.35590057373048,107.48180053710938,132.554478506352,55.88754731423378,13.698565133283054,13.162350985819964,0.5362141474630899,170.57169954345866,128.35590057373048,86.1401016040023,-0.005647374364171137
2020-09-04,139.44000244140625,142.6666717529297,124.00666809082031,134.27000427246094,330965700,130.48553390502929,108.95596054077149,133.21024269064287,57.90025206489064,12.567599251764193,13.043400639008812,-0.4758013872446192,170.3609130551563,130.48553390502929,90.61015475490228,0.36708064643401644
2020-09-08,110.06999969482422,122.913330078125,109.95999908447266,118.66666412353516,346397100,131.26046714782714,109.87770721435547,131.00641002437442,41.88213452074545,9.19538816535669,12.273798144278388,-3.078409978921698,168.85084683130518,131.26046714782714,93.67008746434911,-0.6196507960085085
2020-09-09,122.09333038330078,123.0,113.836669921875,118.86666870117188,238397400,132.783833694458,110.97377380371094,130.15754529665313,48.19994677865177,7.407677788871922,11.300574073197096,-3.8928962843251735,166.04617178983526,132.783833694458,99.52149559908074,0.2649755774347388
2020-09-10,123.77999877929688,132.99667358398438,120.1866683959961,128.73666381835938,254791800,133.7903003692627,112.00962707519531,129.55015991404775,49.03690248705188,6.057181066362233,10.251895471830125,-4.1947144054678915,164.59284479665382,133.7903003692627,102.98775594187158,-0.3670621852965435
2020-09-11,124.23999786376953,127.5,120.16666412353516,127.3133316040039,182152500,134.59896697998047,113.00158706665039,129.04443019497364,49.277606842721156,4.966766967814138,9.194869771026928,-4.22810280321279,163.4447908614627,134.59896697998047,105.75314309849826,-0.23681692360610163
2020-09-14,139.8733367919922,140.0,124.43333435058594,126.98332977294922,249061800,136.09026718139648,114.18750717163086,130.07575463278494,56.75343353584776,5.302956554760726,8.416487127773689,-3.1135305730129623,162.7021610839921,136.09026718139648,109.47837327880086,0.7678609099380764
2020-09-15,149.9199981689453,153.97999572753906,143.56666564941406,145.52000427246094,291894600,137.46746711730958,115.3571337890625,131.96568258860972,60.756409050824914,6.307363474264861,7.994662397071923,-1.687298922807062,163.94844599628513,137.46746711730958,110.98648823833402,0.29347405369229934
2020-09-16,147.25332641601562,152.59666442871094,145.10333251953125,146.6233367919922,216837900,138.5398334503174,116.44905364990234,133.4216486674103,59.19032697312304,6.809687234619702,7.757667364581479,-0.9479801299617776,164.78096544606896,138.5398334503174,112.29870145456582,0.0429401106573339
2020-09-17,141.14332580566406,145.92999267578125,136.0,138.53334045410156,230337600,139.33523292541503,117.45074676513671,134.15704649010112,55.65076180810509,6.638235006896821,7.533780893044548,-0.895545886147727,164.8699166466318,139.33523292541503,113.80054920419826,0.1862033409227484
2020-09-18,147.38333129882812,150.3333282470703,142.93333435058594,149.31333923339844,259220400,140.03163261413573,118.5393733215332,135.41669266236084,58.387607200685586,6.926035152643834,7.412231744964405,-0.4861965923205709,165.64647062137396,140.03163261413573,114.4167946068975,-0.1285438077031164
2020-09-21,149.79666137695312,151.89332580566406,135.69000244140625,151.0433349609375,328430400,140.68819923400878,119.47577316284179,136.78621349232202,59.430360764962685,7.265106781297277,7.38280675223098,-0.11769997093370321,166.59573413309437,140.68819923400878,114.78066433492319,-0.08235055961913766
2020-09-22,141.41000366210938,145.9199981689453,139.1999969482422,143.1999969482422,238742400,141.04469947814943,120.30789321899414,137.2265744608732,54.33477899982869,6.778946823288379,7.2620347664424605,-0.4830879431540813,166.7853907774129,141.04469947814943,115.30400817888592,-0.12435254279885823
2020-09-23,126.78666687011719,137.38333129882812,125.2933349609375,135.05332946777344,285222600,140.6395664215088,120.82122650146485,136.23229754746785,46.79995532068516,5.154265324936887,6.840480878141347,-1.6862155532044598,167.00255632327068,140.6395664215088,114.2765765197469,-0.5456061652279369
2020-09-24,129.26333618164062,133.1666717529297,117.0999984741211,121.26667022705078,289683300,139.9255001068115,121.3451466369629,135.5685869411986,48.11235281070129,4.020197710624188,6.276424244637916,-2.2562265340137273,166.70540824762995,139.9255001068115,113.14559196599308,0.577982742873735
2020-09-25,135.77999877929688,136.2433319091797,130.43333435058594,131.1566619873047,201625500,139.25200004577636,122.05989334106445,135.58872140196985,51.50247145709709,3.605716707649492,5.742282737240231,-2.136566029590739,165.73589793301127,139.25200004577636,112.76810215854144,0.33859515663089906
2020-09-28,140.39999389648438,142.69332885742188,138.51666259765625,141.5399932861328,149158800,138.8939998626709,122.86677322387695,136.04693783001883,53.806726887327976,3.608436709451837,5.315513531682552,-1.7070768222307153,165.11123091819485,138.8939998626709,112.67676880714697,-0.08036885156086941
2020-09-29,139.69000244140625,142.8333282470703,137.1999969482422,138.6666717529297,150657900,137.57316627502442,123.46990661621093,136.39389636443667,53.38692708963017,3.5128084841402654,4.954972522174096,-1.4421640380338303,160.6466487585709,137.57316627502442,114.49968379147795,0.07366420379159373
2020-09-30,143.00332641601562,144.64332580566406,140.1566619873047,140.44000244140625,144436800,136.80583229064942,124.23882644653321,137.02336589315848,55.145682194145216,3.6621648242879132,4.696410982596859,-1.034246158308946,158.00942399874984,136.80583229064942,115.602240582549,0.1805207511265603
2020-10-01,149.3866729736328,149.6266632080078,144.80667114257812,146.9199981689453,152224500,136.81899909973146,125.10345321655274,138.20082371034653,58.402086969866744,4.24666065863758,4.606460917805004,-0.3598002591674234,158.0534742496941,136.81899909973146,115.58452394976881,0.16633245674577937
2020-10-02,138.3633270263672,146.3766632080078,138.3333282470703,140.4633331298828,214290000,136.9538318634033,125.85329315185547,138.2163002166342,51.45487779298982,3.776848764871687,4.44053848721834,-0.6636897223466534,158.19157264447284,136.9538318634033,115.71609108233379,-0.14840160005031697
2020-10-05,141.89332580566406,144.54666137695312,139.77667236328125,141.11666870117188,134168400,137.0764980316162,126.8018263244629,138.56649312987514,53.367869417687004,3.6473168559691374,4.2818941609685,-0.6345773049993628,158.39843407835335,137.0764980316162,115.75456198487909,0.05498102320933943
2020-10-06,137.9933319091797,142.92666625976562,135.35000610351562,141.26333618164062,147438900,138.472664642334,127.50889297485351,138.51190634695178,50.977736392723806,3.1931562534801117,4.0641465794708225,-0.8709903259907108,155.82564013215693,138.472664642334,121.11968915251104,-0.22743499331852002
2020-10-07,141.76666259765625,143.3000030517578,137.9499969482422,139.9566650390625,129383100,139.45633125305176,128.3755728149414,138.82188313273315,53.163351298522045,3.101949611254895,3.871707185827637,-0.7697575745727421,155.133350252158,139.45633125305176,123.7793122539455,0.1286093672879616
2020-10-08,141.97332763671875,146.3333282470703,141.76666259765625,146.14666748046875,121263300,140.36599769592286,129.21622604370117,139.12202070454128,53.286194848388895,3.0116276626417857,3.699691281190467,-0.6880636185486813,154.31506672373735,140.36599769592286,126.41692866810835,-0.27804159820387925
2020-10-09,144.6666717529297,144.8633270263672,142.15333557128906,143.3766632080078,86777100,141.38733139038087,130.12623947143555,139.6500827091497,54.944718858687835,3.121395721715089,3.5840321692953916,-0.4626364475803024,153.3076343241403,141.38733139038087,129.46702845662142,0.08973139607843894
2020-10-12,147.43333435058594,149.5800018310547,146.19332885742188,147.3333282470703,116373300,141.76533126831055,131.16722610473633,140.39134477023887,56.647427835197256,3.3925273060247036,3.5457311966412544,-0.1532038906165507,153.94623767267578,141.76533126831055,129.58442486394532,0.006787640573749474
2020-10-13,148.88333129882812,149.6300048828125,145.53334045410156,147.78334045410156,103391100,141.7134979248047,132.1648927307129,141.20010539200928,57.55282490986707,3.681960328850437,3.5729770230830913,0.1089833057673455,153.7632780258994,141.7134979248047,129.66371782371,0.07429551498431176
2020-10-14,153.76666259765625,155.3000030517578,149.11666870117188,149.92666625976562,143639100,142.0391647338867,133.25755935668946,142.39692036397565,60.54162710846472,4.256317925228927,3.7096452035122587,0.5466727217166687,154.98871224669026,142.0391647338867,129.08961722108316,0.25066753228141553
2020-10-15,149.6266632080078,152.19000244140625,147.5,150.10333251953125,107017200,142.4633316040039,134.27006591796874,143.08546730150252,56.88472910813765,4.327551783898514,3.83322651958951,0.4943252643090039,155.81715621695398,142.4633316040039,129.10950699105385,-0.031745407379389086
2020-10-16,146.55667114257812,151.98333740234375,146.28334045410156,151.47999572753906,98327700,142.4219985961914,135.21509262084962,143.4160581435097,54.26704871072598,4.089145305740402,3.8844102768196884,0.2047350289207137,155.71965269153802,142.4219985961914,129.12434450084478,-0.3140342976110184
2020-10-19,143.61000061035156,149.0,142.9566650390625,148.74667358398438,108863400,142.11266555786133,136.15034591674805,143.4345288546375,51.80296989120733,3.6206976202168164,3.8316677454991144,-0.21097012528229797,154.9909416946825,142.11266555786133,129.23438942104016,-0.3322277068036631
2020-10-20,140.64666748046875,143.9166717529297,139.68333435058594,143.9166717529297,94968900,142.0744987487793,137.07185256958007,143.16901824757383,49.374915892577484,2.9760274446140045,3.6605396853220924,-0.6845122407080879,154.96539680747136,142.0744987487793,129.18360069008722,-0.22338408349595074
2020-10-21,140.8800048828125,144.31666564941406,140.4166717529297,140.89999389648438,97111500,142.77916564941407,138.05693267822267,142.95101697473942,49.575333228425414,2.4556429409000486,3.419560336437684,-0.9639173955376354,153.62954967051257,142.77916564941407,131.92878162831556,-0.001418665800404926
2020-10-22,141.92999267578125,148.41000366210938,141.50332641601562,147.30667114257812,119979600,143.4124984741211,138.8225192260742,142.85377656531483,50.5245037903213,2.1037094591854952,3.1563901609872467,-1.0526807018017514,152.34194869489883,143.4124984741211,134.48304825334336,-0.3496096495606911
2020-10-23,140.2100067138672,140.9633331298828,135.7933349609375,140.6133270263672,101151000,143.6339988708496,139.46538604736327,142.60198896041504,48.90067074469131,1.6667973445363486,2.858471597697067,-1.1916742531607185,151.99695360700264,143.6339988708496,135.27104413469658,-0.0286750731301002
2020-10-26,140.0933380126953,141.9199981689453,136.6666717529297,137.2100067138672,84717600,143.61866607666016,140.06630615234374,142.36306982253697,48.78613267625128,1.2961855367316275,2.546014385503979,-1.2498288487723515,152.00636956261405,143.61866607666016,135.23096259070627,0.2071005141161003
2020-10-27,141.55999755859375,143.5,140.03334045410156,141.25332641601562,68059500,143.71216583251953,140.44998611450194,142.28658674978047,50.36020488990215,1.1080472973924032,2.258420967881664,-1.1503736704892606,151.96318665254915,143.71216583251953,135.4611450124899,0.021707309537042172
2020-10-28,135.33999633789062,139.53334045410156,135.3333282470703,138.82666015625,76354200,143.3289993286133,140.64066604614257,141.62500671055287,44.16117737323252,0.45183578973555427,1.897103932252442,-1.4452681425168876,152.3517612139442,143.3289993286133,134.30623744328238,-0.24600155697387452
2020-10-29,136.94332885742188,139.35333251953125,135.48666381835938,136.65333557128906,67965900,142.70683212280272,140.8748258972168,141.17913262930227,46.006183927233266,0.06046200848857097,1.5297755474996677,-1.4693135390110967,151.6889331791732,142.70683212280272,133.72473106643224,0.02121790598188696
2020-10-30,129.34666442871094,135.8633270263672,126.37000274658203,135.63333129882812,127533900,142.25599899291993,140.79265243530273,140.05223089591263,39.36878792459509,-0.8528606179524161,1.053248314409251,-1.9061089323616671,152.8291133023914,142.25599899291993,131.68288468344846,-0.43293622097916906
2020-11-02,133.50332641601562,135.66000366210938,130.76666259765625,131.3333282470703,87063300,141.8364990234375,140.7294123840332,139.428525707351,44.11939456631014,-1.227121997311201,0.5971742520651606,-1.8242962493763617,153.07849059002012,141.8364990234375,130.5945074568549,0.16374093456458114
2020-11-03,141.3000030517578,142.58999633789062,135.56333923339844,136.57666015625,103055100,142.0018325805664,140.8698124694824,139.60676164491358,51.75516924446179,-0.8844053179198568,0.30085833806815715,-1.1852636559880139,153.10933511419503,142.0018325805664,130.89433004693777,0.3326795101469804
2020-11-04,140.32666015625,145.13333129882812,139.03334045410156,143.5399932861328,96429300,141.9298324584961,140.97855911254882,139.675323407898,50.82152648957948,-0.6834619930477857,0.1039942718449686,-0.7874562648927542,153.0611421752509,141.9298324584961,130.7985227417413,-0.22019711894348587
2020-11-05,146.02999877929688,146.6666717529297,141.3333282470703,142.76666259765625,85243500,142.132666015625,141.02826583862304,140.28053058612645,55.84760473142666,-0.06327183989307628,0.07054104949735962,-0.1338128893904359,153.40667970234145,142.132666015625,130.85865232890856,0.224678857711982
2020-11-06,143.31666564941406,145.52333068847656,141.42666625976562,145.36666870117188,65118000,142.0651657104492,140.90959915161133,140.56968630643956,53.06883598198611,0.2069049459770156,0.09781382879329081,0.10909111718372477,153.29375838516575,142.0651657104492,130.83657303573267,-0.14009542407680398
2020-11-09,140.4199981689453,150.8333282470703,140.3333282470703,146.5,104499000,141.7144989013672,140.76679916381835,140.55543029334487,50.1973365255714,0.18515083451617897,0.11528122993786845,0.06986960457831053,152.6857017957113,141.7144989013672,130.74329600702308,-0.39272439834877587
2020-11-10,136.7866668701172,140.02999877929688,132.00999450683594,140.02999877929688,90852600,141.10966567993165,140.180399017334,140.19650044351366,46.77829331947856,-0.12384136023305814,0.06745671190368314,-0.19129807213674127,151.7624716090248,141.10966567993165,130.4568597508385,-0.22756211787005562
2020-11-11,139.0433349609375,139.56666564941406,136.86000061035156,138.81666564941406,52073100,140.3734992980957,139.79426559448243,140.0866751594588,49.09735160980427,-0.18449885758957407,0.017065598005031705,-0.20156445559460578,149.32495396920552,140.3734992980957,131.4220446269859,0.016327230402271332
2020-11-12,137.25332641601562,141.0,136.5066680908203,138.35000610351562,59565300,139.75483245849608,139.5568653869629,139.816832421988,47.33545068423087,-0.37271269120924444,-0.06089005983782353,-0.3118226313714209,147.7185271656861,139.75483245849608,131.79113775130605,-0.07910288429816838
2020-11-13,136.1666717529297,137.50999450683594,133.8866729736328,136.9499969482422,59313300,139.23533248901367,139.5668653869629,139.4691980725539,46.25037555730464,-0.6026109363573084,-0.1692342351417205,-0.4333767012155879,146.69608915768316,139.23533248901367,131.77457582034418,-0.05713560328962667
2020-11-16,136.02999877929688,137.48333740234375,134.69667053222656,136.30999755859375,80515800,138.85633239746093,139.4986653137207,139.14165528271988,46.10721678079915,-0.7867659703516381,-0.292740582183704,-0.49402538816793407,146.1580865973274,138.85633239746093,131.55457819759445,-0.020538435148076198
2020-11-17,147.20333862304688,154.0,144.336669921875,153.38999938964844,183564900,139.18416595458984,140.24133209228515,139.90943464846532,57.6485513880665,-0.030760428591065647,-0.24034455146517636,0.2095841228741107,147.31922327919753,139.18416595458984,131.04910862998216,-0.38279362256077365
2020-11-18,162.2133331298828,165.3333282470703,147.8333282470703,149.4499969482422,234132000,140.25083236694337,141.0437321472168,142.03361545621937,67.66617502362197,1.7592806309244224,0.15958048501274338,1.599700145911679,153.17837594478922,140.25083236694337,127.3232887890975,0.6931640429460361
2020-11-19,166.42333984375,169.5366668701172,162.52333068847656,164.0,187425900,141.4754997253418,141.89659896850586,144.35644635026992,69.82227954854793,3.477526661782946,0.8231697203667839,2.654356941416162,158.72537671210148,141.4754997253418,124.22562273858209,0.1466984851848762
2020-11-20,163.20333862304688,167.5,163.02000427246094,165.99667358398438,98735700,142.6251663208008,142.6758657836914,146.15138847148677,66.18695602060703,4.527234689302247,1.5639827141538767,2.9632519751483706,162.28148400891297,142.6251663208008,122.9688486326886,-0.16670598709576429
2020-11-23,173.9499969482422,175.3333282470703,167.26333618164062,167.8333282470703,150780900,144.31799926757813,143.3573989868164,148.7988749930825,71.51706274790482,6.155346375672821,2.482255446457666,3.673090929215155,168.19005538690826,144.31799926757813,120.44594314824802,0.349126790845582
2020-11-24,185.1266632080078,186.663330078125,175.39999389648438,180.13333129882812,160945500,146.49633255004883,144.06153228759766,152.2586643468849,75.79119965789258,8.25237196975445,3.6362787511170227,4.616093218637427,176.20226824717176,146.49633255004883,116.79039685292592,0.2703134924363126
2020-11-25,191.3333282470703,191.3333282470703,181.7899932861328,183.35333251953125,146790600,149.2959991455078,144.94313232421874,155.98006090880733,77.78482735062069,10.29641519364958,4.968306039623535,5.328109154026045,184.3426616478045,149.2959991455078,114.24933664321112,0.40967866422333543
2020-11-27,195.25332641601562,199.5933380126953,192.81666564941406,193.72000122070312,112683300,152.2114990234375,146.02533233642578,159.72037190949382,78.96314874902157,12.093241901703777,6.393293212039584,5.699948689664193,192.03819217912817,152.2114990234375,112.38480586774685,0.07898673892207192
2020-11-30,189.1999969482422,202.60000610351562,184.836669921875,200.73666381835938,189009300,155.20416564941405,146.86166564941405,162.52795524651748,72.56256168566615,12.880310710850296,7.690696711801727,5.189613999048569,196.66994596425218,155.20416564941405,113.73838533457592,-0.5188146585806251
2020-12-01,194.9199981689453,199.28334045410156,190.68333435058594,199.19667053222656,120310500,158.27499923706054,147.7641323852539,165.61291171532014,74.65331596857375,13.806472288775012,8.913851827196385,4.892620461578627,201.8981014569105,158.27499923706054,114.65189701721059,-0.21145692585828527
2020-12-02,189.60667419433594,190.51333618164062,180.40333557128906,185.47999572753906,143327100,160.69033279418946,148.72806579589843,167.89803195141687,69.36570949133906,13.950903837165725,9.921262229190255,4.029641607975471,205.6163205356089,160.69033279418946,115.76434505277001,0.21888666070660837
2020-12-03,197.7933349609375,199.6566619873047,194.14332580566406,196.67333984375,127656000,163.56366653442382,150.14819915771486,170.7452036666093,72.58741071992273,14.55814475432706,10.848638734217616,3.709506020109444,210.2296167412631,163.56366653442382,116.89771632758453,0.05688549284905308
2020-12-04,199.67999267578125,199.67999267578125,195.1666717529297,197.00332641601562,88203900,166.24616622924805,151.55653228759766,173.50089785795902,73.28469297061929,15.018501133864618,11.682611214147018,3.3358899197175997,214.70562961934988,166.24616622924805,117.78670283914622,0.1350391510657527
2020-12-07,213.9199981689453,216.26333618164062,201.01666259765625,201.63999938964844,168929100,169.7763328552246,153.11933227539063,177.35033598281484,77.86190056119845,16.34398305308386,12.614885581934388,3.7290974711494727,221.23386619508423,169.7763328552246,118.31879951536499,0.5434270823315126
2020-12-08,216.6266632080078,217.0933380126953,206.1666717529297,208.50332641601562,192795000,173.58666610717773,154.6438656616211,181.09093857569036,78.61200135917265,17.412126120510408,13.574333689649594,3.837792430860814,227.03229261720585,173.58666610717773,120.14103959714961,0.3710172919575647
2020-12-09,201.4933319091797,218.10667419433594,196.0,217.89666748046875,213873600,176.82199935913087,155.87993225097657,183.0340236550703,65.29149800428573,16.843344247841088,14.228135801287893,2.6152084465531953,228.77846073317022,176.82199935913087,124.86553798509154,-0.6368184537913452
2020-12-10,209.02333068847656,209.25,188.77999877929688,191.4566650390625,201249600,180.3209991455078,157.2003323364258,185.50919575348996,68.18063625405013,16.806454144835072,14.74379946999733,2.0626546748377432,231.0402413680211,180.3209991455078,129.60175692299453,0.724725396459159
2020-12-11,203.3300018310547,208.0,198.93333435058594,205.00332641601562,139425000,183.62483291625978,158.27919891357422,187.2064153799247,63.85282214418894,16.131856415735882,15.02141085914504,1.1104455565908413,231.20317058516855,183.62483291625978,136.046495247351,-0.08144347238906464
2020-12-14,213.27667236328125,214.25,203.39999389648438,206.3333282470703,156121800,187.48033294677734,159.7774658203125,189.68929699738723,67.7092231558828,16.212953207009747,15.259719328717983,0.9532338782917638,231.40788236297954,187.48033294677734,143.55278353057514,0.3243590382550226
2020-12-15,211.0833282470703,215.63333129882812,207.93333435058594,214.42666625976562,135214500,191.232999420166,161.16126586914064,191.72682378307135,66.03619384267401,15.916759957774332,15.391127454529254,0.5256325032450775,229.38129525773857,191.232999420166,153.08470358259345,-0.15466852433191505
2020-12-16,207.58999633789062,210.8333282470703,201.6666717529297,209.41000366210938,126287400,194.2523323059082,162.55319915771486,193.23760212162557,63.35128877962285,15.224641790173564,15.357830321658117,-0.1331885314845529,227.18582672515677,194.2523323059082,161.31883788665962,-0.08669302264476739
2020-12-17,218.63333129882812,219.60667419433594,206.5,209.39666748046875,168810300,197.07333221435547,164.0905325317383,195.65624299564485,67.80732798103742,15.389833572667413,15.364230971859977,0.025602600807436815,228.1598248030526,197.07333221435547,165.98683962565835,0.4145628081081671
2020-12-18,231.6666717529297,231.6666717529297,209.51333618164062,222.96665954589844,666378600,200.33549880981445,165.8843994140625,199.08580763919576,72.1163618893586,16.383571289505,15.568099035388983,0.8154722541160169,231.56462815252252,200.33549880981445,169.1063694671064,0.3715269563791999
2020-12-21,216.6199951171875,222.8333282470703,215.35667419433594,222.0800018310547,174135900,203.00633163452147,167.32346588134766,200.75573025614736,61.827362568245555,15.775128671760086,15.609504962663204,0.16562370909688262,229.91362855493466,203.00633163452147,176.09903471410829,-0.2410208587688409
2020-12-22,213.44667053222656,216.6266632080078,204.7433319091797,216.0,155148000,204.9811653137207,168.64373260498047,201.96439123482156,59.88679403273321,14.865512367071176,15.4607064435448,-0.5951940764736232,228.6739653487704,204.9811653137207,181.28836527867102,-0.11766215546328265
2020-12-23,215.32666015625,217.1666717529297,207.52333068847656,210.73333740234375,99519000,206.4911651611328,169.9725991821289,203.2369882749576,60.674293800308845,14.13341315400831,15.195247785637502,-1.0618346316291927,228.7351301242036,206.4911651611328,184.24720019806202,0.21458094030384584
2020-12-24,220.58999633789062,222.02999877929688,213.6666717529297,214.3300018310547,68596800,207.95399856567383,171.3090658569336,204.88965570952266,62.87192988609938,13.81863388585333,14.919925005680668,-1.1012911198273372,229.86376476999556,207.95399856567383,186.0442323613521,0.2840414197336914
2020-12-28,221.22999572753906,227.13333129882812,220.26666259765625,224.836669921875,96835800,209.25283203125,172.7411325073242,206.44587856838135,63.14165304300367,13.46558872523832,14.629057749592198,-1.1634690243538781,231.07664900172028,209.25283203125,187.4290150607797,-0.1590511575694403
2020-12-29,221.99667358398438,223.3000030517578,218.3333282470703,220.3333282470703,68732400,210.8926658630371,174.24993255615234,207.92690666510546,63.48388336636807,13.096691875980127,14.322584574869785,-1.2258926988896572,231.32745550492163,210.8926658630371,190.4578762211526,0.07534914000090588
2020-12-30,231.5933380126953,232.1999969482422,222.7866668701172,224.0,128538000,212.7263328552246,176.0095993041992,210.18085250773308,67.54592143547322,13.423965958470149,14.142860851589859,-0.7188948931197103,233.674116317717,212.7263328552246,191.7785493927322,0.3265738956442912
2020-12-31,235.22332763671875,239.57333374023438,230.3733367919922,233.3300018310547,148949700,215.00716552734374,177.9011325073242,212.56585013906505,68.95278446919893,13.816969429477354,14.07768256716736,-0.26071313769000604,235.31283155432155,215.00716552734374,194.70149950036594,0.08096606943972497
2021-01-04,243.2566680908203,248.163330078125,239.06333923339844,239.82000732421875,145914600,217.28033218383788,179.94866577148437,215.48878518208934,71.86002955290897,14.608256066297628,14.183797266993414,0.4244587993042135,239.46128375651304,217.28033218383788,195.09938061116273,0.14232874392024833
2021-01-05,245.0366668701172,246.94667053222656,239.73333740234375,241.22000122070312,96735600,219.54816589355468,182.0107992553711,218.3028691523777,72.47505580025269,15.203728336043213,14.387783480803375,0.8159448552398381,243.2873901145192,219.54816589355468,195.80894167259015,0.15691616505582004
2021-01-06,251.9933319091797,258.0,249.6999969482422,252.8300018310547,134100000,221.45183258056642,184.24646575927736,221.5114846530255,74.79375415011785,16.05195221618453,14.720617227879607,1.3313349883049241,248.89736927346613,221.45183258056642,194.0062958876667,-0.033080118617851186
2021-01-07,272.0133361816406,272.3299865722656,258.3999938964844,259.2099914550781,154496700,224.22116622924804,186.88486572265626,226.3211847986079,80.01209877335235,18.130624232717395,15.402618628847167,2.728005603870228,259.2813619833498,224.22116622924804,189.16097047514626,0.45733571343653356
2021-01-08,293.3399963378906,294.8299865722656,279.46331787109375,285.3333435058594,225166500,228.8134994506836,189.9204656982422,232.70392875473007,83.84819160976886,21.25386865434325,16.572868633946385,4.681000020396866,273.5016508242918,228.8134994506836,184.1253480770754,0.2734667629325663
2021-01-11,270.39666748046875,284.80999755859375,267.8733215332031,283.1333312988281,177904800,231.8821662902832,192.62159912109374,236.29371339527663,68.59580697240786,21.628408635317356,17.58397663422058,4.0444320010967765,279.0718455141562,231.8821662902832,184.69248706641022,-0.42177311044102694
2021-01-12,283.14666748046875,289.3333435058594,275.7799987792969,277.0,138812100,235.8729995727539,195.54566589355468,240.75589949862825,71.67893825195262,22.692468066162434,18.60567492060895,4.086793145553482,286.1295754757387,235.8729995727539,185.61642366976915,0.2183295310871981
2021-01-13,284.8033447265625,286.8233337402344,277.3333435058594,284.2533264160156,99937500,239.44933319091797,198.6547994995117,244.95089428224102,72.062734461248,23.39968582715494,19.56447710191815,3.8352087252367895,292.8467086657621,239.44933319091797,186.05195771607384,0.01934716769416856
2021-01-14,281.6666564941406,287.6666564941406,279.5833435058594,281.1300048828125,93798900,242.97849960327147,201.61806610107422,248.4476335405172,70.12505257019293,23.436890586290275,20.338959798792576,3.097930787497699,297.72330826509835,242.97849960327147,188.23369094144456,0.019086772219627898
2021-01-15,275.38665771484375,286.6333312988281,273.0333251953125,284.0,116332800,246.36833267211915,204.29979919433595,251.01325489045306,66.28230184615674,22.697983978303796,20.81076463469482,1.887219343608976,300.31848292441765,246.36833267211915,192.41818241982062,-0.29431750539373674
2021-01-19,281.51666259765625,283.3333435058594,277.6666564941406,279.26666259765625,76101000,249.51249923706055,207.12359924316405,253.9183413387581,68.1187964869963,22.349405299127852,21.11849276758143,1.2309125315464229,303.95798149012535,249.51249923706055,195.06701698399573,0.0803942785722312
2021-01-20,283.48333740234375,286.5,279.09332275390625,286.2466735839844,76997700,252.10333251953125,209.872666015625,256.7340552495758,68.70767538315985,21.97849400727989,21.290493015521122,0.6880009917587699,307.8219983936373,252.10333251953125,196.38466664542523,-0.09623810968906052
2021-01-21,281.663330078125,285.239990234375,280.47332763671875,285.0,61563300,255.35549926757812,212.6395993041992,259.10827189991386,67.46573765271077,21.29224105467182,21.290842623351264,0.0013984313205561705,309.99256193618214,255.35549926757812,200.71843659897414,-0.11654414029028083
2021-01-22,282.21331787109375,282.6666564941406,276.2066650390625,278.10333251953125,60199500,258.7938316345215,215.47546569824217,261.3087524685977,67.65600001836307,20.55580553335335,21.14383520535168,-0.5880296719983313,311.0520233179767,258.7938316345215,206.53563995106632,0.1467196623160992
2021-01-25,293.6000061035156,300.1333312988281,279.6066589355469,285.0,123520200,262.70749893188474,218.61173248291016,264.38410995763746,71.38684145803899,20.652911744213213,21.04565051312399,-0.3927387689107782,313.0470101346752,262.70749893188474,212.36798772909432,0.2929174899182748
2021-01-26,294.36334228515625,298.6333312988281,290.5333251953125,297.1266784667969,69394800,266.396166229248,221.71813262939452,267.2392749412107,71.62315050159475,20.55452420602387,20.94742525170397,-0.3929010456800981,314.6173545300735,266.396166229248,218.17497792842258,-0.0927347429903537
2021-01-27,288.0533447265625,297.1666564941406,286.2200012207031,290.1166687011719,82002000,269.7373336791992,224.73413299560548,269.22156730172037,66.71796581155948,19.739838731759562,20.70590794771509,-0.9660692159555282,314.0818878653023,269.7373336791992,225.3927794930961,-0.07100082040861884
2021-01-28,278.4766540527344,282.6666564941406,267.0,273.3333435058594,79134000,272.5613327026367,227.58033264160156,270.1030041351503,60.001580738837724,18.112644431996273,20.18725524457133,-2.074610812575056,311.2133782226298,272.5613327026367,233.90928718264362,0.18598000087993954
2021-01-29,264.510009765625,280.8033447265625,260.0333251953125,276.6666564941406,104972400,274.2071662902832,230.14993286132812,269.5703380047193,51.810000600391405,15.517216938543356,19.253247583365738,-3.7360306448223817,308.27232433352316,274.2071662902832,240.1420082470433,-0.4131443972295956
2021-02-01,279.9366760253906,280.6666564941406,265.1866760253906,271.42999267578125,76174200,276.4428337097168,232.804599609375,270.5576082924023,58.542452969414185,14.537545220081029,18.310107110708795,-3.7725618906277667,305.4783236900349,276.4428337097168,247.40734372939866,0.30352929026006176
2021-02-02,290.92999267578125,293.5,280.73333740234375,281.55999755859375,73038600,278.82649993896484,235.37893280029297,272.4978353765336,62.55693148504479,14.481285854706357,17.54434285950831,-3.0630570048019514,304.1650763968475,278.82649993896484,253.48792348108222,0.32102420816257604
2021-02-03,284.89666748046875,292.6933288574219,284.35333251953125,292.3399963378906,55030500,280.8194999694824,237.74839935302734,273.6786765292893,59.170491429725274,13.79088820694102,16.79365192899485,-3.0027637220538317,300.9484364405844,280.8194999694824,260.69056349838047,-0.24924914459305458
2021-02-04,283.3299865722656,285.5,277.8066711425781,285.0,47438100,282.3863327026367,240.15093231201172,274.5978489143347,58.28810986248557,12.967839855394288,16.02848951427474,-3.0606496588804504,297.5660935634445,282.3863327026367,267.2065718418289,-0.058529988105594004
2021-02-05,284.07666015625,288.25665283203125,279.65667724609375,281.6666564941406,55699800,282.9894989013672,242.35346557617189,275.50059284213614,58.60494593735995,12.234783457259311,15.269748302871655,-3.0349648456123433,297.4124504700759,282.9894989013672,268.5665473326585,0.08535407529485381
2021-02-08,287.8066711425781,292.5899963378906,284.9166564941406,289.8900146484375,60485100,282.71283264160155,244.4070657348633,276.67260029932106,60.23009540854681,11.818574523644031,14.579513547026131,-2.7609390233821003,296.53056853861983,282.71283264160155,268.89509674458327,-0.0717432162743594
2021-02-09,283.1533203125,286.6000061035156,280.5833435058594,285.0400085449219,45473100,283.3506652832031,246.24346557617187,277.28981172914763,57.21240006646469,10.986592819709642,13.860929401562835,-2.8743365818531927,295.960333178408,283.3506652832031,270.7409973879982,-0.06609380103249962
2021-02-10,268.2733459472656,281.6066589355469,266.67333984375,281.21331787109375,108648300,282.606999206543,247.70386596679688,276.4311007023017,48.79367312207393,9.022545463335405,12.89325261391735,-3.8707071505819446,296.82840406485155,282.606999206543,268.3855943482344,-0.4302047508551993
2021-02-11,270.5533447265625,276.6266784667969,267.24334716796875,270.8133239746094,64868400,281.89449920654295,249.33093292236327,275.87131441889795,50.0075586055612,7.562821135597687,11.827166318253418,-4.264345182655731,297.0044648477948,281.89449920654295,266.7845335652911,-0.009599648128758501
2021-02-12,272.0400085449219,272.4433288574219,261.77667236328125,267.086669921875,71304900,281.41316680908204,250.8733331298828,275.50642814518596,50.826120284056856,6.451570743129878,10.752047203228711,-4.300476460098833,297.12291387745034,281.41316680908204,265.70341974071374,0.1833606917846281
2021-02-16,265.40667724609375,273.6666564941406,264.14666748046875,272.6666564941406,59406900,280.9141677856445,252.38933319091797,274.5445471071772,47.11892047005759,4.9782561640177505,9.597288995386519,-4.619032831368768,297.93703276495876,280.9141677856445,263.89130280633026,-0.2601398645110874
2021-02-17,266.04998779296875,266.61334228515625,254.00332641601562,259.6966552734375,77989500,280.14083404541014,253.75446624755858,273.735541458205,47.51871528653651,3.818535826127686,8.441538361534752,-4.623002535407066,298.3480282603367,280.14083404541014,261.93363983048357,0.23987772879725724
2021-02-18,262.4599914550781,264.89666748046875,258.75665283203125,260.29998779296875,53871300,279.08966674804685,255.01006622314452,272.6616795531453,45.453514267944,2.580025473748208,7.269235783977444,-4.689210310229236,298.77138627745967,279.08966674804685,259.40794721863404,0.08279137629262595
2021-02-19,260.4333190917969,265.5966796875,259.1233215332031,265.0,56874900,278.02816619873045,255.94033264160157,271.4970737949216,44.28344056514387,1.4186087359383919,6.099110374369634,-4.680501638431243,299.2684595808033,278.02816619873045,256.78787281665757,-0.1706417452151537
2021-02-22,238.1666717529297,256.1666564941406,236.73333740234375,254.2133331298828,111809100,275.8258338928223,256.3711328125,268.3227497909224,33.944589448274314,-1.2837564017531236,4.622537019145083,-5.906293420898207,303.13945030662444,275.8258338928223,248.5122174790201,-0.5588973175105261
2021-02-23,232.94667053222656,237.8699951171875,206.3333282470703,220.7100067138672,199820700,272.7931671142578,257.0001995849609,264.95359938533227,32.05516553844956,-3.802774696447841,2.9374746760264983,-6.74024937247434,304.6331680719673,272.7931671142578,240.9531661565483,0.5038275924703958
2021-02-24,247.33999633789062,248.3333282470703,231.38999938964844,237.28334045410156,110301000,270.4419998168945,257.7665328979492,263.276113380814,41.69252991833977,-4.584842530341518,1.4330112347528952,-6.017853765094413,302.50743291048786,270.4419998168945,238.37656672330115,0.4001477008705348
2021-02-25,227.4066619873047,245.73666381835938,223.52667236328125,242.0500030517578,117071700,267.40966567993166,258.24806610107424,259.8599751528608,34.41266085954696,-6.735448359446309,-0.20068068408694573,-6.5347676753593635,303.4622379144183,267.40966567993166,231.35709344544503,-0.5405778941219282
2021-02-26,225.1666717529297,235.56666564941406,219.836669921875,233.3333282470703,123267600,264.7441665649414,258.48586608886717,256.55585101953403,33.70054107889898,-8.522327379755495,-1.8650100232206557,-6.65731735653484,304.79122492694114,264.7441665649414,224.69710820294165,-0.33637516446584154
2021-03-01,239.47666931152344,239.6666717529297,228.35000610351562,230.0366668701172,81408600,263.4924995422363,259.05373291015627,254.9292622854378,41.963142474065066,-8.683645013446068,-3.2287370212657382,-5.454907992180329,305.02776792605044,263.4924995422363,221.9572311584222,0.3887863456870772
2021-03-02,228.81333923339844,240.3699951171875,228.3333282470703,239.42666625976562,71196600,260.9363327026367,259.4781997680664,252.44203151857693,38.14795362228561,-9.5617105729863,-4.495331731609851,-5.066378841376449,304.3585529127018,260.9363327026367,217.51411249257166,-0.41636028651915125
2021-03-03,217.73333740234375,233.56666564941406,217.23666381835938,229.3300018310547,90624000,257.27649993896483,259.4601998901367,249.1364416027452,34.62527568408761,-11.024563102476748,-5.80117800578323,-5.223385096693518,302.27969468562367,257.27649993896483,212.27330519230603,-0.4665691938646142
2021-03-04,207.14666748046875,222.81666564941406,200.0,218.60000610351562,197758500,253.38899993896484,258.9697998046875,245.13741549586172,31.62073633462738,-12.88955726490542,-7.218853857607669,-5.670703407297752,301.5020148295838,253.38899993896484,205.2759850483459,-0.4807355348100932
2021-03-05,199.31666564941406,209.27999877929688,179.8300018310547,208.68666076660156,268189500,249.18833389282227,258.62373321533204,240.7735345581048,29.576555002701554,-14.828461016694007,-8.740775289424937,-6.08768572726907,300.66406362955496,249.18833389282227,197.7126041560896,-0.42107524005941493
2021-03-08,187.6666717529297,206.7100067138672,186.26333618164062,200.18333435058594,155361000,244.36783447265626,258.1081332397461,235.71573810046908,26.800437523245193,-17.107904084433784,-10.414201048426706,-6.6937030360070775,299.77853573051976,244.36783447265626,188.95713321479275,-0.5547797057980074
2021-03-09,224.52667236328125,226.02999877929688,198.40333557128906,202.72666931152344,202569900,241.2038345336914,258.29213348388674,234.65011279216546,44.53819079105893,-15.758431748823654,-11.483047188506097,-4.275384560317557,293.4690243635962,241.2038345336914,188.9386447037866,0.7914644846959502
2021-03-10,222.68666076660156,239.28334045410156,218.35333251953125,233.43333435058594,181817100,238.18050155639648,258.3340667724609,233.51073640877843,43.965458543256084,-14.668351137481665,-12.12010797830121,-2.548243159180455,287.2896979683967,238.18050155639648,189.0713051443963,-0.4303893246318439
2021-03-11,233.1999969482422,234.1666717529297,225.72666931152344,233.13333129882812,108761700,236.4268341064453,258.573466796875,233.48114217444166,48.07418354276537,-12.808467987182752,-12.257779980077519,-0.5506880071052329,283.5782604120842,236.4268341064453,189.27540780080642,0.0028595425344925566
2021-03-12,231.2433319091797,231.6266632080078,222.04666137695312,223.3333282470703,100751400,234.46133346557616,258.7583999633789,233.26801738727383,47.377897558152,-11.361416371264852,-12.078507258314986,0.7170908870501336,278.96138093930233,234.46133346557616,189.96128599185,0.3400767172761567
2021-03-15,235.97999572753906,237.72666931152344,228.01333618164062,231.3633270263672,88006800,232.65833282470703,258.8461331176758,233.52630103872764,49.292542852372996,-9.720358118340243,-11.606877430320036,1.886519311979793,273.7105055173838,232.65833282470703,191.60616013203025,0.1969350646549685
2021-03-16,225.6266632080078,235.97332763671875,223.6666717529297,234.4499969482422,96587100,230.66933212280273,258.6541998291016,232.77395457865907,45.403837997912994,-9.149762273665743,-11.11545439898918,1.9656921253234358,268.94274914652794,230.66933212280273,192.39591509907754,-0.359526334740719
2021-03-17,233.93666076660156,234.57666015625,217.00332641601562,218.9566650390625,121117500,229.06366577148438,258.46779968261717,232.88468850132028,48.889154645470285,-7.935537663919945,-10.479471051975333,2.543933388055388,263.7957650617389,229.06366577148438,194.33156648122986,0.5942129386079498
2021-03-18,217.72000122070312,229.7433319091797,217.3333282470703,228.09666442871094,99674400,226.82666625976563,257.9214663696289,231.44043256983292,43.10602075708895,-8.187425267764354,-10.021061895133137,1.833636627368783,258.2746373406092,226.82666625976563,195.37869517892204,-0.4259380622569263
2021-03-19,218.2899932861328,219.07666015625,208.2066650390625,215.53334045410156,128682000,224.71949996948243,257.24739959716794,230.1880097809091,43.3596322193852,-8.245999661365829,-9.666049448379676,1.4200497870138467,252.28592556619634,224.71949996948243,197.15307437276851,0.1272062712043808
2021-03-22,223.3333282470703,233.2066650390625,222.9166717529297,228.19667053222656,118536600,223.97783279418945,256.27379943847654,229.53518296816256,45.66742363706365,-7.795602455350718,-9.291960049773884,1.4963575944231664,250.84652364427794,223.97783279418945,197.10914194410097,-0.2099515390562358
2021-03-23,220.72000122070312,225.93333435058594,219.1699981689453,225.2566680908203,91475700,223.3664993286133,254.82139953613282,228.6956418493569,44.65217197817913,-7.562358909090676,-8.946039821637243,1.3836809125465663,249.94593342362532,223.3664993286133,196.78706523360125,-0.19872030442673835
2021-03-24,210.08999633789062,222.67333984375,210.0366668701172,222.6366729736328,101385600,221.50399932861328,253.61526611328125,226.92367561016962,40.689617954426936,-8.141415108124477,-8.785114878934689,0.6436997708102119,246.26077792302763,221.50399932861328,196.74722073419892,-0.5106062007659348
2021-03-25,213.4633331298828,215.1666717529297,203.1666717529297,204.3333282470703,117674700,220.80683288574218,252.22159942626953,225.64173823109468,42.43543510764648,-8.233213866318266,-8.674734676411404,0.44152081009313804,245.64462867095648,220.80683288574218,195.96903710052788,0.41928085719293207
2021-03-26,206.23666381835938,214.60667419433594,199.9633331298828,213.9566650390625,101558400,219.86033248901367,250.65026580810547,223.79363590607227,39.73691682703914,-8.787796612075141,-8.697347063544152,-0.09044954853098908,245.39440724814358,219.86033248901367,194.32625772988376,-0.34593680052082915
2021-03-29,203.76333618164062,205.4933319091797,198.67333984375,205.2133331298828,85911000,218.07466583251954,249.09219940185548,221.88598831326925,38.82688331190852,-9.31945542251097,-8.821768735337516,-0.497686687173454,242.85564797870293,218.07466583251954,193.29368368633615,-0.07054067449102498
2021-03-30,211.8733367919922,212.55332946777344,197.00332641601562,200.5833282470703,118297200,217.22766571044923,247.82193298339843,220.9324024541,43.4038137000279,-8.982840989718824,-8.853983186213778,-0.1288578035050456,241.63780529206446,217.22766571044923,192.817526128834,0.5100954414087499
2021-03-31,222.64332580566406,224.0,213.70333862304688,215.5399932861328,100011900,217.47316513061523,246.6444662475586,221.09534753520137,48.87436928205004,-7.757598752227295,-8.634706299416482,0.8771075471891869,241.99720575637906,217.47316513061523,192.9491245048514,0.31812521600873417
2021-04-01,220.5833282470703,230.80667114257812,219.80667114257812,229.4566650390625,105895200,218.1449981689453,245.38646606445312,221.0465837934746,47.92025689603548,-6.873575736049418,-8.282480186743069,1.408904450693651,242.23297114856823,218.1449981689453,194.0570251893224,-0.36852116892285713
2021-04-05,230.35000610351562,236.05332946777344,228.23333740234375,235.90333557128906,125528400,219.6966651916504,244.36019958496092,221.93262401347852,52.64075649739696,-5.32352555834683,-7.690689261063821,2.367163702716991,242.70733625342132,219.6966651916504,196.68599412987948,-0.23115279496085997
2021-04-06,230.5399932861328,232.18333435058594,227.1233367919922,230.10000610351562,84815400,221.84033126831054,243.3267330932617,222.752373468017,52.73051222066346,-4.033276150327254,-6.959206638916507,2.9259304885892536,239.99084703553186,221.84033126831054,203.6898155010892,0.019119233116247296
2021-04-07,223.6566619873047,230.4600067138672,222.6133270263672,229.0,78928200,221.7968307495117,241.9278662109375,222.83849618413964,49.09976618261058,-3.525531376995332,-6.272471586532273,2.746940209536941,239.92554220940465,221.7968307495117,203.66811928961877,-0.22918919014060707
2021-04-08,227.93333435058594,229.85000610351562,223.88333129882812,225.7933349609375,71772900,222.05916442871094,240.5992660522461,223.32371886665834,51.34150269457972,-2.7463895982314455,-5.567255188872108,2.820865590640662,240.38258875814296,222.05916442871094,203.73574009927893,0.09449413992584711
2021-04-09,225.67333984375,226.99000549316406,223.14332580566406,225.92333984375,64311300,221.68283157348634,239.35166595458983,223.54749229304804,50.08614220152533,-2.2849374576001082,-4.910791642617708,2.6258541850176,239.3737952675653,221.68283157348634,203.99186787940738,-0.01106524879318907
2021-04-12,233.9933319091797,234.93333435058594,227.3633270263672,228.56666564941406,87407100,221.82033157348633,238.46199951171874,224.54233416125103,54.49715802319512,-1.2336586361298885,-4.175365041320145,2.9417064051902564,239.84596947605397,221.82033157348633,203.7946936709187,0.23305886521686628
2021-04-13,254.10667419433594,254.3333282470703,236.8866729736328,237.56666564941406,133958400,222.72666549682617,238.25393280029297,227.3579855929734,63.007980552015226,1.2085347953037342,-3.098585073995369,4.307119869299103,244.86306590988255,222.72666549682617,200.5902650837698,0.601966794472254
2021-04-14,244.07666015625,260.2633361816406,242.67666625976562,256.8999938964844,147052200,223.64916534423827,237.53673248291017,228.95024031328543,57.25673908061128,2.308046651134589,-2.0172587289693773,4.325305380103966,247.6512205983155,223.64916534423827,199.64711009016105,-0.4614536391395071
2021-04-15,246.28334045410156,247.89666748046875,240.43666076660156,247.6999969482422,83546700,224.2664993286133,236.64379943847655,230.60101175526793,58.16156296082678,3.3192165146354,-0.9499636802484219,4.2691801948838215,249.87643715740313,224.2664993286133,198.65656149982345,-0.05713015398766883
2021-04-16,246.5933380126953,249.80332946777344,241.53334045410156,242.88333129882812,83938500,225.71016616821288,235.8777328491211,232.1240904464515,58.29512614175564,4.09834693641551,0.05969844308436445,4.038648493331145,252.88843758949855,225.71016616821288,198.5318947469272,0.15157151269616911
2021-04-19,238.2100067138672,241.8000030517578,230.60000610351562,239.86666870117188,119058600,226.7061668395996,234.97533325195312,232.70370151953873,53.33631730623262,3.9933161725313653,0.8464219889737646,3.1468941835576008,254.1821159171625,226.7061668395996,199.23021776203672,-0.06895634402597925
2021-04-20,239.663330078125,245.75,236.89666748046875,239.13999938964844,106827000,227.52266693115234,234.08706665039062,233.36652328702314,54.065794367469515,3.981453863246344,1.4734283638282806,2.5080254994180633,255.51487113015236,227.52266693115234,199.53046273215233,0.02188036983313902
2021-04-21,248.0399932861328,248.27999877929688,232.6666717529297,234.92333984375,93646500,228.88866653442383,233.2917330932617,234.76399662027168,58.12874964493943,4.595011183240217,2.097744927710668,2.4972662555295493,258.0611974539669,228.88866653442383,199.71613561488078,0.506742961172194
2021-04-22,239.89666748046875,251.2566680908203,239.34666442871094,247.1666717529297,106770900,230.37900009155274,232.4266000366211,235.2528224164809,53.20211694882594,4.373743649641227,2.55294467209678,1.820798977544447,258.587321568374,230.37900009155274,202.17067861473143,-0.2859349978519631
2021-04-23,243.13333129882812,245.7866668701172,238.48666381835938,239.93333435058594,85110000,231.8625,231.92379974365235,236.00334707194256,54.84040297490453,4.408738067236072,2.924103351124639,1.4846347161114335,259.4707043563792,231.8625,204.2542956436208,0.1325850591373372
2021-04-26,246.06666564941406,249.76666259765625,244.20333862304688,247.0,93115500,233.85400009155273,231.4340661621094,236.96175836503508,56.3324117724283,4.619911498535345,3.26326498060678,1.3566465179285645,259.45407090556654,233.85400009155273,208.25392927753893,-0.037768841526436836
2021-04-27,234.913330078125,241.3333282470703,234.4499969482422,239.32000732421875,88311000,235.41149978637696,230.69153259277343,236.76666995675794,49.61962723462089,3.8429874290682733,3.379209470299079,0.46377795876919414,256.97060991600074,235.41149978637696,213.85238965675322,-0.18208008176216114
2021-04-28,231.46665954589844,236.1666717529297,231.1999969482422,232.1366729736328,66813000,236.39116592407225,230.01273223876953,236.26190706048558,47.726903171960366,2.915543429860122,3.2864762622112877,-0.3709328323511656,255.18636680329655,236.39116592407225,217.59596504484796,-0.02885487355173162
2021-04-29,225.6666717529297,234.0833282470703,222.8333282470703,233.1699981689453,86536200,236.54233322143554,229.20506591796874,235.25283703119456,44.641017162326335,1.6930108609005572,2.967783181949142,-1.2747723210485846,254.93718313504823,236.54233322143554,218.14748330782285,-0.31113032442971084
2021-04-30,236.47999572753906,238.49000549316406,222.04666137695312,222.52999877929688,122276100,237.337166595459,228.68546600341796,235.36970928798928,51.001838893312744,1.5784939702497809,2.6899253396092697,-1.1114313693594888,254.21633340584265,237.337166595459,220.45799978507534,0.5559012427442308
2021-05-03,228.3000030517578,235.3333282470703,226.8333282470703,234.60000610351562,81129300,237.2346664428711,228.0427996826172,234.69640393215772,46.636394386343056,0.8182491960849916,2.3155901109044144,-1.4973409148194228,254.30611130623052,237.2346664428711,220.16322157951166,-0.2622679433356483
2021-05-04,224.53334045410156,227.81666564941406,219.23333740234375,226.31333923339844,89217900,236.93433380126953,227.77013305664062,233.7284931247238,44.73749150309818,-0.08718346036522462,1.8350353966504866,-1.9222188570157113,254.6649411676223,236.93433380126953,219.20372643491677,-0.07849017692956686
2021-05-05,223.64666748046875,228.43333435058594,222.44667053222656,227.02000427246094,65705700,236.93383407592773,227.58413299560547,232.76831925384238,44.28042332437893,-0.8663062237386612,1.2947670725726572,-2.1610732963113186,254.66593880355606,236.93383407592773,219.2017293482994,-0.14750800596246957
2021-05-06,221.17999267578125,227.0066680908203,216.6666717529297,226.9199981689453,83353800,236.5961669921875,227.0609329223633,231.66466910355084,42.965318111064676,-1.663629384889589,0.7030877810802081,-2.366717165969797,255.23500726042388,236.5961669921875,217.95732672395113,-0.24769234918401056
2021-05-07,224.1233367919922,230.0,220.07333374023438,221.93333435058594,70407600,236.5186668395996,226.99526641845702,230.9464469786405,45.06201330894149,-2.0345573521917117,0.15555875442582418,-2.190116106617536,255.35042218815587,236.5186668395996,217.68691149104333,0.0983593428050474
2021-05-10,209.67999267578125,221.68333435058594,209.20333862304688,221.63333129882812,94177200,235.3029998779297,226.68553283691406,228.92107037836817,37.73181992844154,-3.4541601922293808,-0.5663850349052169,-2.887775157324164,257.4730483157039,235.3029998779297,213.13295144015547,-0.4924802296190335
2021-05-11,205.73333740234375,209.03334045410156,198.53334045410156,199.74667358398438,139511700,232.88433303833008,226.01066619873046,226.71271485684204,36.008158849525806,-4.841853889943621,-1.4214788059128978,-3.4203750840307237,256.8064693316016,232.88433303833008,208.96219674505855,0.291049778496633
2021-05-12,196.6300048828125,206.80332946777344,195.58999633789062,200.8300018310547,101470800,230.5120002746582,225.36699951171875,223.8476948593154,32.33854403058386,-6.600092242816885,-2.457201493293695,-4.14289074952319,258.5758271449583,230.5120002746582,202.44817340435807,-0.20613548167870752
2021-05-13,190.56333923339844,202.15333557128906,186.5500030517578,200.51333618164062,132554700,227.72600021362305,224.82359954833984,220.67775622827568,30.134511226812805,-8.386365223593174,-3.6430342393535913,-4.7433309842395825,259.75666150608737,227.72600021362305,195.6953389211587,-0.459144084642317
2021-05-14,196.5800018310547,197.6233367919922,190.15333557128906,194.47000122070312,100112700,225.225333404541,224.61226623535157,218.3827319999689,34.87512704188005,-9.210334044347377,-4.756494200352348,-4.453839843995029,258.7480015679931,225.225333404541,191.70266524108894,0.10807628808239861
2021-05-17,192.27667236328125,196.57666015625,187.06666564941406,191.85000610351562,97171200,222.9286666870117,224.4714663696289,215.89644060599866,33.14293269388857,-10.094218131605686,-5.824038986603016,-4.27017914500267,258.7905276739108,222.9286666870117,187.0668057001126,0.02223590916075985
2021-05-18,192.6233367919922,198.75,187.7933349609375,189.3333282470703,110491800,220.57666702270507,224.57059967041016,213.67995452847424,33.42977960693578,-10.644031942049338,-6.788037577692281,-3.8559943643570573,257.8810672458222,220.57666702270507,183.27226679958795,0.17203993596734524
2021-05-19,187.82000732421875,188.73666381835938,182.32666015625,184.18333435058594,118735200,217.56566772460937,223.8364663696289,211.21710241378327,31.418353602779902,-11.336669820116157,-7.697764026177056,-3.6389057939391005,255.23670038823778,217.56566772460937,179.89463506098096,0.1949220235735433
2021-05-20,195.5933380126953,196.28334045410156,190.35667419433594,191.6666717529297,92463300,215.3505012512207,223.2945999145508,209.72912485177488,37.927434821929424,-11.130047250060784,-8.384220670953802,-2.745826579106982,252.71760973581488,215.3505012512207,177.9833927666265,0.2020506255646394
2021-05-21,193.6266632080078,198.89332580566406,193.3333282470703,198.70333862304688,78091800,212.8751678466797,222.5031332397461,208.19555707617803,36.97136982219823,-10.998211064208306,-8.907018749604703,-2.091192314603603,249.09394189301628,212.8751678466797,176.6563938003431,-0.25007254252484423
2021-05-24,202.14666748046875,204.82666015625,191.21665954589844,193.86666870117188,103674300,210.6791679382324,221.92119995117187,207.61947235277717,43.60384162392996,-10.089926406102421,-9.143600280904247,-0.9463261251981745,243.77289800559947,210.6791679382324,177.58543787086535,0.402892875653258
2021-05-25,201.56333923339844,204.663330078125,198.57000732421875,202.43666076660156,84017700,209.01166839599608,221.23286682128906,207.04269776997918,43.26813217172156,-9.30985576312358,-9.176851377348115,-0.13300438577546458,240.36822264784232,209.01166839599608,177.65511414414985,-0.04311374002006173
2021-05-26,206.3766632080078,208.72332763671875,200.5,202.52000427246094,85917900,207.75716857910157,220.84786682128907,206.97926590693427,46.90093995530522,-8.208625218506114,-8.983206145579715,0.7745809270736004,237.37948686019377,207.75716857910157,178.13485029800938,0.18816437305084213
2021-05-27,210.28334045410156,210.3766632080078,205.40333557128906,206.74667358398438,79111800,206.98800201416014,220.37480041503906,207.29393967333115,49.71541455393247,-6.9406483993196275,-8.574694596327697,1.63404619700807,235.48785323499231,206.98800201416014,178.48815079332797,0.16941354600082867
2021-05-28,208.4066619873047,211.8633270263672,207.4600067138672,209.5,68211000,205.58433532714844,220.1885336303711,207.39991322704293,48.38856921814739,-6.01783010358389,-8.063321697778935,2.0454915941950453,230.70021435860076,205.58433532714844,180.46845629569611,-0.0521406440772111
2021-06-01,207.96665954589844,211.26666259765625,206.85000610351562,209.26666259765625,54254700,204.56766815185546,219.9820669555664,207.45388906693393,48.06467355521235,-5.261344965742609,-7.50292635137167,2.241581385629061,227.47198461497982,204.56766815185546,181.6633516887311,-0.06204205306211491
2021-06-02,201.7066650390625,207.7866668701172,199.7133331298828,206.7100067138672,69908400,203.42633438110352,219.54953369140625,206.90653439761286,43.59381642203853,-5.108071613668784,-7.023955403831093,1.915883790162309,224.43368060103478,203.42633438110352,182.41898816117225,-0.23742774327857696
2021-06-03,190.94667053222656,201.51666259765625,190.4066619873047,200.60000610351562,90335700,201.7913345336914,218.95406707763672,205.38654736281416,37.19031597459553,-5.788121151892199,-6.776788553443315,0.9886674015511163,221.2847109735554,201.7913345336914,182.29795809382742,-0.4472226110827613
2021-06-04,199.68333435058594,200.20333862304688,192.39999389648438,193.23666381835938,72110700,200.71650161743165,218.74593383789062,204.8433842187924,44.33952098635886,-5.55802015898567,-6.533034874551786,0.9750147155661164,218.06802552396422,200.71650161743165,183.36497771089907,0.3217655238243233
2021-06-07,201.7100067138672,203.3333282470703,194.2933349609375,197.27667236328125,67631100,199.5958351135254,218.5108673095703,204.54496731356144,45.87846855422324,-5.152730472783105,-6.2569739941980504,1.1042435214149453,213.25867640384934,199.5958351135254,185.93299382320146,0.22101857236592276
2021-06-08,201.19667053222656,207.69667053222656,198.5,207.6699981689453,78160200,199.17166900634766,218.41006744384765,204.22608190581528,45.53504846150624,-4.817425137994206,-5.969064222957282,1.151639084963076,212.060736181211,199.17166900634766,186.2826018314843,-0.3019939665010698
2021-06-09,199.5933380126953,203.92999267578125,199.2100067138672,200.72332763671875,49753800,198.86466903686522,218.32666748046876,203.7848682017086,44.41671923649584,-4.627723265994064,-5.700796031564638,1.0730727655705747,211.40163514655345,198.86466903686522,186.327702927177,-0.05623648321353901
2021-06-10,203.3733367919922,205.52999877929688,200.1666717529297,201.2933349609375,71758800,199.20183563232422,218.15666748046874,203.74567473411656,47.67922142014689,-4.124820491964613,-5.385600923644634,1.260780431680021,211.8425502557955,199.20183563232422,186.56112100885295,0.10296566732102162
2021-06-11,203.29666137695312,204.18666076660156,200.5066680908203,203.41000366210938,48615900,199.83850173950196,217.76973419189454,203.70291155724385,47.618165405565996,-3.6899184030618812,-5.046464419528084,1.3565460164662024,211.94614754010456,199.83850173950196,187.73085593889937,-0.005572052017984845
2021-06-14,205.89666748046875,208.49667358398438,203.05999755859375,204.07666015625,61272000,200.30433502197266,217.4760009765625,203.9118406927891,49.95826618505959,-3.099724901754371,-4.657116515973342,1.5573916142189708,212.5902535608103,200.30433502197266,188.018416483135,0.08894684316514273
2021-06-15,199.7866668701172,205.59666442871094,199.41000366210938,205.56333923339844,53292300,200.67983474731446,216.86473419189454,203.5189669953918,44.883750854337855,-3.0894055417066966,-4.343574321120013,1.254168779413316,212.40778071746487,200.67983474731446,188.95188877716404,-0.2738457640761305
2021-06-16,201.6233367919922,202.8333282470703,197.8333282470703,199.17999267578125,66432300,201.12983474731445,216.28640106201172,203.3384307855442,46.63840120714465,-2.899598692725391,-4.054779195441088,1.1551805027156972,212.26227940424437,201.12983474731445,189.99739009038453,0.12205852701827029
2021-06-17,205.53334045410156,207.1566619873047,200.44667053222656,200.6300048828125,68104200,202.0155014038086,215.92393463134766,203.5474698015973,50.26814776193803,-2.4059366392216077,-3.7250106841971924,1.3190740449755847,211.4622772362992,202.0155014038086,192.568725571318,0.2396445036335932
2021-06-18,207.77000427246094,209.4499969482422,203.93333435058594,204.4566650390625,73682700,202.62433471679688,215.52066802978516,203.94961594167955,52.2682980107826,-1.8133229691803479,-3.3426731411938237,1.529350172013476,211.90511516598036,202.62433471679688,193.3435542676134,0.16065192357909086
2021-06-21,206.94332885742188,210.4633331298828,202.9600067138672,208.16000366210938,74438100,203.29016799926757,215.14606781005858,204.23473145746453,51.44475164697453,-1.3943054776789836,-2.9529996084908556,1.558694130811872,211.76947654814697,203.29016799926757,194.81085945038816,-0.05838255045268768
2021-06-22,207.90333557128906,209.52333068847656,205.1666717529297,206.0833282470703,57476700,203.5780014038086,214.62426788330077,204.58412232544782,52.38303781116732,-0.9735441669614318,-2.5571085201849706,1.5835643532235388,212.27064343682895,203.5780014038086,194.88535937078825,0.08808526175999246
2021-06-23,218.85667419433594,219.06666564941406,210.01333618164062,210.6666717529297,93297600,204.44266815185546,213.9192678833008,205.94341297962762,61.519818005068814,0.24097725343884235,-1.9974913654602082,2.2384686188990504,215.32601446121015,204.44266815185546,193.55932184250076,0.3702958586613556
2021-06-24,226.60667419433594,232.5399932861328,222.5366668701172,224.99667358398438,137947200,205.45416870117188,213.5698681640625,207.91134261912364,66.4282752975211,1.8080128135423195,-1.2363905296597029,3.0444033432020223,220.0094171991898,205.45416870117188,190.89892020315395,0.07143475845787636
2021-06-25,223.9566650390625,231.27000427246094,222.89999389648438,229.86000061035156,97490100,206.13783493041993,213.1233346557617,209.43946856387973,63.44800125702006,2.803746350370318,-0.4283631536536987,3.2321095040240166,222.6844344291045,206.13783493041993,189.59123543173536,-0.25132166923997157
2021-06-28,229.57333374023438,231.56666564941406,223.44000244140625,223.8800048828125,64884600,207.1961685180664,212.7829345703125,211.35697953305637,66.8433896909952,3.999981281592625,0.457305733395566,3.542675548197059,226.64159679026085,207.1961685180664,187.75074024587195,0.24895897683456195
2021-06-29,226.9199981689453,229.1699981689453,225.29666137695312,228.21665954589844,52143900,208.14383544921876,212.55713439941405,212.83917178409342,63.82704394340905,4.6799564524292805,1.301835877202309,3.3781205752269714,229.40928983359635,208.14383544921876,186.87838106484116,-0.05675606203015868
2021-06-30,226.56666564941406,230.93666076660156,226.04666137695312,226.58999633789062,56774700,209.38683547973633,212.29520111083986,214.14655215221921,63.4166489449548,5.131181625145757,2.067705026790999,3.0634765983547583,231.87309919360717,209.38683547973633,186.9005717658655,-0.0010296429943437903
2021-07-01,225.97332763671875,229.3300018310547,224.26666259765625,227.97332763671875,55903500,211.13816833496094,211.85386779785156,215.27291172217156,62.687723562973225,5.37889880930814,2.729943783294427,2.648955026013713,233.0556909250495,211.13816833496094,189.22064574487237,-0.08750518246508132
2021-07-02,226.3000030517578,233.3333282470703,224.4199981689453,226.32666015625,81163500,212.46900177001953,211.58193450927735,216.32311089641786,62.94029296024619,5.537740809389362,3.2915031885134143,2.246237620875948,234.673211461732,212.46900177001953,190.26479207830707,-0.0011778149400122663
2021-07-06,219.86000061035156,228.0,217.13333129882812,227.23666381835938,69853500,213.37650146484376,211.1164678955078,216.65995753584014,55.0317485549684,5.085349123991648,3.6502723756090614,1.4350767483825866,235.2284323428465,213.37650146484376,191.524570586841,-0.3136825865930359
2021-07-07,214.88333129882812,221.89999389648438,212.77333068847656,221.42333984375,56376000,214.06083450317382,210.4928012084961,216.4907550370771,49.82189544590717,4.27595923594896,3.7754097476770414,0.5005494882719188,235.18944276751293,214.06083450317382,192.93222623883472,-0.2870626815914326
2021-07-08,217.60333251953125,218.14332580566406,206.82000732421875,209.4566650390625,68319900,214.96133422851562,210.14660125732422,216.59671479731082,52.47034570312452,3.810073133453642,3.7823424248323616,0.027730708621280353,235.05667338129712,214.96133422851562,194.86599507573413,0.3704485206914197
2021-07-09,218.98333740234375,219.6366729736328,214.89666748046875,217.72666931152344,54421500,215.7418342590332,209.89693481445312,216.82401218826635,53.80261246424603,3.5117288770397295,3.7282197152738354,-0.21649083823410598,235.17800928044736,215.7418342590332,196.30565923761904,0.05765368534030498
2021-07-12,228.56666564941406,229.0800018310547,220.72000122070312,220.73333740234375,77781000,217.00533447265624,209.9549346923828,217.9423601369471,61.80856389037864,4.002445700105255,3.7830649122401194,0.21938078786513593,236.32625481121954,217.00533447265624,197.68441413409295,0.3406939930606244
2021-07-13,222.84666442871094,231.0933380126953,222.10000610351562,228.77333068847656,62898300,217.85283432006835,209.68226806640624,218.4094367361627,55.613571704502775,3.885002137036622,3.80345235719942,0.08154977983720224,236.62964633452094,217.85283432006835,199.07602230561577,-0.25341874130417513
2021-07-14,217.7933349609375,226.20333862304688,217.6133270263672,223.5833282470703,64923600,218.75316772460937,209.47213470458985,218.35076037661744,50.77203878293653,3.345599819402196,3.7118818496399753,-0.3662820302377794,235.60694164137868,218.75316772460937,201.89939380784006,-0.25332585261687174
2021-07-15,216.86666870117188,222.04666137695312,212.6266632080078,219.4633331298828,60628800,219.51533432006835,209.31880126953126,218.2094183122893,49.913906807670415,2.810942577520393,3.5316939952160586,-0.7207514176956655,234.4736650330094,219.51533432006835,204.55700360712729,-0.11776977330604667
2021-07-16,214.74000549316406,218.89999389648438,214.06666564941406,218.22666931152344,49113000,219.97566757202148,209.14066802978516,217.87899804380118,47.91248676554204,2.1903696953215217,3.263429135237151,-1.0730594399156295,233.70030066342787,219.97566757202148,206.2510344806151,-0.15842680122174244
2021-07-19,215.4066619873047,215.73333740234375,207.09666442871094,209.9633331298828,63891300,220.35750045776368,209.02520141601562,217.643537466992,48.608149937437176,1.7323849672587528,2.9572203016414718,-1.224835334382719,233.0917804599223,220.35750045776368,207.62322045560506,0.25359521085035885
2021-07-20,220.1666717529297,220.79666137695312,213.5,217.3300018310547,46461300,221.01866760253907,208.94606811523437,217.88383597041465,53.39438521052351,1.733538623529995,2.7124839660191764,-0.9789453424891814,232.17360383607664,221.01866760253907,209.8637313690015,0.12978742120481276
2021-07-21,218.42999267578125,221.6199951171875,216.76333618164062,219.8699951171875,41859900,221.54500045776368,209.12106811523438,217.93585089473527,51.50950573591673,1.5761485574909955,2.48521688431354,-0.9090683268225446,231.04565085621707,221.54500045776368,212.0443500593103,-0.06539987692248492
2021-07-22,216.4199981689453,220.72332763671875,214.86666870117188,218.81333923339844,45317100,221.42316665649415,209.3348013305664,217.79148396846955,49.33862952946481,1.274534003126064,2.243080308076045,-0.9685463049499812,231.11907786511486,221.42316665649415,211.72725544787343,-0.10894409854932718
2021-07-23,214.4600067138672,216.26666259765625,212.43333435058594,215.45333862304688,43814700,220.8158332824707,209.6914013671875,217.4742004204122,47.24754811124055,0.8673491051059727,1.9679340674820307,-1.100584962376058,230.65751241029204,220.8158332824707,210.97415415464934,-0.0460716321869065
2021-07-26,219.2066650390625,222.73333740234375,215.70333862304688,216.99000549316406,76009800,220.5783332824707,210.2642678833008,217.63919705075983,52.49819105418121,0.9170960843923694,1.7577664708640985,-0.8406703864717291,230.33425162558277,220.5783332824707,210.82241493935865,0.10180104140425332
2021-07-27,214.92666625976562,222.1666717529297,209.0800018310547,221.13333129882812,98439900,219.84599990844725,210.631201171875,217.38086078495087,47.87133748936085,0.604195996488869,1.5270523759890526,-0.9228563795001836,228.9695384442736,219.84599990844725,210.7224613726209,-0.27352991349655215
2021-07-28,215.66000366210938,218.32333374023438,213.13333129882812,215.6666717529297,48019800,219.28300018310546,211.09886779785157,217.21696963039454,48.70551213938456,0.41066078026724995,1.3037740568446923,-0.8931132765774423,227.97019209354085,219.28300018310546,210.59580827267007,-0.00030918502862009096
2021-07-29,225.78334045410156,227.89666748046875,216.26666259765625,216.59666442871094,91183800,219.24383392333985,211.76206787109376,218.03281447074758,58.563128226141856,1.061910360306456,1.255401317537045,-0.19349095723058918,227.80547485880575,219.24383392333985,210.68219298787395,0.40041028932184225
2021-07-30,229.06666564941406,232.50999450683594,223.0,223.9199981689453,88969200,219.39850082397462,212.58700103759764,219.0836574401444,61.169571527483036,1.8219647720965213,1.3687140084489404,0.4532507636475809,228.53340069224413,219.39850082397462,210.2636009557051,0.2258803455031552
2021-08-02,236.55667114257812,242.31333923339844,232.8000030517578,233.3333282470703,100847400,219.9113342285156,213.40626770019531,220.74775398323334,66.36691009796198,2.994179182246029,1.6938070432083583,1.3003721390376706,231.38952303757776,219.9113342285156,208.43314541945347,0.13727117119116117
2021-08-03,236.5800018310547,240.88333129882812,233.6699981689453,239.6666717529297,64860900,220.7473342895508,214.26533447265626,222.2555871115973,66.38200432038204,3.880320223099204,2.131109679186528,1.7492105439126764,234.33120718460518,220.7473342895508,207.1634613944964,-0.1280827360734945
2021-08-04,236.97332763671875,241.63333129882812,236.30999755859375,237.0,51007800,221.85183410644532,214.96186767578126,223.65727668541837,66.65371145988229,4.56174651341496,2.6172370460322143,1.9445094673827454,236.86586718394784,221.85183410644532,206.8378010289428,-0.001125415697068594
2021-08-05,238.2100067138672,240.31666564941406,237.1366729736328,238.6666717529297,38758800,222.8821678161621,215.69480102539063,225.04325097384208,67.5419724975683,5.142294256843229,3.1222484881944172,2.020045768648812,239.3467615889481,222.8821678161621,206.4175740433761,-0.01913167489790415
2021-08-06,233.03334045410156,238.77667236328125,232.5433349609375,237.3000030517578,46869000,223.58466796875,216.2279345703125,225.8042118767239,60.30102139832704,5.125584277190711,3.522915645993676,1.602668631197035,240.51623339286914,223.58466796875,206.65310254463088,-0.17788755238904644
2021-08-09,237.9199981689453,239.67666625976562,235.0433349609375,236.72332763671875,44145900,224.05233459472657,216.78066772460937,226.9580962855069,64.20243341242151,5.443900045003886,3.907112525795718,1.536787519208168,241.99500266919966,224.05233459472657,206.10966652025348,0.05050842440661021
2021-08-10,236.663330078125,238.8633270263672,233.9600067138672,237.99667358398438,40296900,224.74316787719727,217.34580108642578,227.88240426575626,62.50135143676211,5.531006966444437,4.231891413925462,1.299115552518975,243.49275583108718,224.74316787719727,205.99357992330735,-0.055965080121069634
2021-08-11,235.94000244140625,238.39332580566406,234.73666381835938,237.57000732421875,29401800,225.6505012512207,217.90526794433595,228.64979456819913,61.49143020490033,5.478520361607536,4.481217203461877,0.9973031581456597,244.72057776845193,225.6505012512207,206.58042473398947,-0.06850409838776624
2021-08-12,240.75,240.93333435058594,233.13333129882812,235.44667053222656,52377300,226.84466781616212,218.68613464355468,229.8021950855135,65.4853228787502,5.758668606234465,4.736707484016395,1.0219611222180705,246.5457214142105,226.84466781616212,207.14361421811373,0.2215119007867123
2021-08-13,239.05667114257812,243.3000030517578,238.1133270263672,241.23666381835938,50194500,228.0605010986328,219.64833465576172,230.68357375761488,63.007817673567715,5.77745175392576,4.944856337998268,0.832595415927492,247.62425701737803,228.0605010986328,208.4967451798876,-0.09012219905269328
2021-08-16,228.72332763671875,236.5,225.46665954589844,235.02333068847656,68032200,228.72633438110353,220.22913452148438,230.49688365086286,50.4615296334065,4.902015686790008,4.936288207756617,-0.034272520966608155,247.40870973224395,228.72633438110353,210.0439590299631,-0.26181745813588664
2021-08-17,221.90333557128906,224.86000061035156,216.27999877929688,224.22000122070312,71163900,228.81316757202148,220.6330010986328,229.67845050042723,44.205171739932275,3.6162243504893468,4.672275436303162,-1.0560510858138157,247.35118489963324,228.81316757202148,210.27515024440973,-0.10295500070029899
2021-08-18,229.663330078125,231.92333984375,223.11666870117188,223.25,61048200,229.37483444213868,221.20233428955078,229.67701046020795,51.56375000371344,3.1866583428163437,4.375152017605799,-1.1884936747894557,247.29071284145414,229.37483444213868,211.45895604282322,0.2796213186215507
2021-08-19,224.49000549316406,228.85000610351562,222.52999877929688,226.07000732421875,42940500,229.7783348083496,221.70026763916016,229.18300998715617,47.10362250942612,2.4011017221318696,3.980341958511014,-1.5792402363791442,246.8527075006633,229.7783348083496,212.70396211603588,-0.06977636288646201
2021-08-20,226.75332641601562,230.7100067138672,224.56666564941406,227.61666870117188,44525700,230.39300079345702,222.16786743164062,228.95161155180944,49.174917547699515,1.9388239678956438,3.57203836038794,-1.6332143924922962,246.0430118406011,230.39300079345702,214.74298974631293,-0.03791148116614504
2021-08-23,235.43333435058594,237.3766632080078,226.9166717529297,228.47999572753906,60794700,231.2043342590332,222.81060089111327,229.56891848502624,56.25029803872244,2.246967967557822,3.3070242818219167,-1.0600563142640946,246.11553705282859,231.2043342590332,216.29313146523782,0.2952704149929925
2021-08-24,236.163330078125,238.4066619873047,234.2133331298828,236.89332580566406,39249300,232.26616744995118,223.4159341430664,230.196957684369,56.79503921308377,2.521018133962258,3.1498230522499853,-0.6288049182877273,245.29535939205678,232.26616744995118,219.23697550784559,-0.030805627294570356
2021-08-25,237.06666564941406,238.99000549316406,234.6666717529297,235.67666625976562,37936800,233.3365005493164,224.16153411865236,230.8512155858019,57.50024362646783,2.7790612086672866,3.0756706835334455,-0.29660947486615896,244.04319996289507,233.3365005493164,222.62980113573775,0.05891079213803911
2021-08-26,233.72000122070312,238.46665954589844,232.5399932861328,236.10333251953125,39642900,233.73333358764648,224.80346740722655,231.1244332653163,53.98464417213721,2.682591113810588,2.9970547695888743,-0.3144636557782863,243.86362852706884,233.73333358764648,223.60303864822413,-0.10060294066874285
2021-08-27,237.30667114257812,238.3333282470703,234.03334045410156,235.0,41501400,234.14533386230468,225.4389340209961,231.71321782505552,57.01771876768802,2.8625544108808754,2.9701546978472746,-0.10760028696639923,244.1524357895144,234.14533386230468,224.13823193509495,0.09784219559313942
2021-08-30,243.6366729736328,243.6666717529297,237.57666015625,238.24000549316406,55812600,234.49933395385742,226.15626739501954,232.84878498206288,61.80299219844448,3.475887004386152,3.07130115915505,0.40458584523110197,245.29261977661247,234.49933395385742,223.70604813110236,0.22272574434672385
2021-08-31,245.24000549316406,246.79666137695312,242.14666748046875,244.3333282470703,62566200,234.93233413696288,226.92220092773437,234.0289012212154,62.92878524833916,4.044708160349927,3.265982559394026,0.7787256009559012,246.6776153799737,234.93233413696288,223.18705289395206,0.03709118649607434
2021-09-01,244.69667053222656,247.3300018310547,243.7566680908203,244.69332885742188,39612900,235.3185012817383,227.6580676269531,235.0448792508355,62.25911516659529,4.400929261040488,3.492971899723319,0.9079573613171696,247.7920915178079,235.3185012817383,222.84491104566868,0.00013656583117802526
2021-09-02,244.1300048828125,246.99000549316406,243.51333618164062,244.8333282470703,38331900,235.61450119018554,228.16353424072267,235.91012931102378,61.52375800991421,4.5846627295935605,3.711310065697367,0.8733526638961933,248.61820635462658,235.61450119018554,222.6107960257445,-0.028718719299910253
2021-09-03,244.52333068847656,244.6666717529297,241.39999389648438,244.0833282470703,45738300,236.1890007019043,228.52186737060546,236.73043420411452,61.86048719368741,4.707743001651465,3.910596652888187,0.7971463487632784,249.69148638805387,236.1890007019043,222.6865150157547,0.018024778228536407
2021-09-07,250.97332763671875,253.39999389648438,246.4199981689453,246.6666717529297,60119400,236.84166717529297,229.0622006225586,238.08690024531492,66.96601686473858,5.265053592420969,4.1814880407947435,1.0835655516262257,251.7992478533187,236.84166717529297,221.88408649726725,0.17284146364102393
2021-09-08,251.2899932861328,254.81666564941406,246.92333984375,253.86000061035156,56379000,237.57300033569337,229.49653381347656,239.34433767777375,67.19817812837186,5.66695341086978,4.478581114809751,1.1883722960600291,253.80057845538312,237.57300033569337,221.3454222160036,-0.10089274358803353
2021-09-09,251.6199951171875,254.03334045410156,250.5433349609375,251.1366729736328,42233100,238.35699996948242,229.9905337524414,240.51344791009888,67.45487163486042,5.9435764527486015,4.771580182397521,1.1719962703510802,255.67190528199347,238.35699996948242,221.04209465697136,0.01924300720211457
2021-09-10,245.42333984375,254.20333862304688,244.83999633789062,253.1999969482422,45552600,238.5906669616699,230.36766723632812,240.9810566656847,58.23863211786021,5.598250763430798,4.936914298604177,0.6613364648266211,256.1528105364957,238.5906669616699,221.02852338684414,-0.2978284247575384
2021-09-13,247.6666717529297,248.25999450683594,236.28334045410156,246.73666381835938,68857500,239.0211669921875,230.80153411865234,241.617781912089,60.35064905069362,5.4428539709547294,5.038102233074287,0.40475173788044216,257.0244696462163,239.0211669921875,221.0178643381587,0.037674488499965735
2021-09-14,248.163330078125,251.49000549316406,245.46665954589844,247.52333068847656,55574700,239.9931671142578,231.23880065917967,242.24116745171148,60.82304076799423,5.2986969888770545,5.090221184234841,0.20847580464221327,257.765237888456,239.9931671142578,222.2210963400596,0.025850363456657078
2021-09-15,251.94332885742188,252.2866668701172,246.1199951171875,248.3333282470703,46073100,241.49516677856445,231.8804672241211,243.1651828236839,64.30842402020049,5.426907837291395,5.157558514846152,0.269349322445243,257.92487644501205,241.49516677856445,225.0654571121169,0.1443537477266335
2021-09-16,252.3300018310547,252.97000122070312,249.20333862304688,250.94332885742188,41770200,242.62850036621094,232.62940063476563,244.03802272914777,64.65483106782585,5.496358535942392,5.2253185190654,0.27104001687699153,258.76162894754856,242.62850036621094,226.49537178487336,0.05520223643289018
2021-09-17,253.163330078125,253.67999267578125,250.0,252.38333129882812,84612600,244.062166595459,233.3406005859375,244.90709961952655,65.43346584865557,5.5546112393703595,5.291177063126392,0.26343417624396714,258.50002552794354,244.062166595459,229.62430766297445,0.03089548483308067
2021-09-20,243.38999938964844,247.3333282470703,239.5399932861328,244.85333251953125,74273100,244.8940002441406,233.8287338256836,244.76261388334768,51.19040121950114,4.757311493523815,5.184403949205877,-0.4270924556820619,256.97105095021203,244.8940002441406,232.81694953806922,-0.05969260892026467
2021-09-21,246.4600067138672,248.24667358398438,243.47999572753906,244.92999267578125,48992100,245.4453338623047,234.18660064697266,244.92427034339715,54.53800113742492,4.323332943655544,5.01218974809581,-0.6888568044402668,256.7249133822026,245.4453338623047,234.1657543424068,0.062386275957068554
2021-09-22,250.64666748046875,251.22332763671875,246.3733367919922,247.8433380126953,45378900,246.16950073242188,234.7426007080078,245.46926054692779,58.698167309982146,4.268031144443171,4.863358027365283,-0.5953268829221123,256.81425995723214,246.16950073242188,235.52474150761162,0.11262902742337003
2021-09-23,251.2133331298828,252.73333740234375,249.30667114257812,251.6666717529297,35842500,246.8768341064453,235.41100067138672,246.0163150786378,59.24181900058177,4.221269089806185,4.734940239853463,-0.5136711500472781,256.8680975244121,246.8768341064453,236.88557068847848,-0.018011506746567364
2021-09-24,258.1300048828125,258.26666259765625,248.18666076660156,248.6300048828125,64119000,248.0973342895508,236.23626739501952,247.16999982189253,65.25375394767877,4.6882838125914645,4.725608954401064,-0.03732514180959967,257.2937021642668,248.0973342895508,238.90096641483478,0.3645244896548683
2021-09-27,263.78668212890625,266.3333435058594,256.4366760253906,257.7066650390625,84212100,249.42133483886718,237.21720092773438,248.75254099398907,69.2487077965399,5.4519957111846225,4.870886305757776,0.5811094054268464,259.59506164684274,249.42133483886718,239.24760803089163,0.23164573181890724
2021-09-28,259.1866760253906,265.21331787109375,255.39332580566406,262.3999938964844,76144200,250.19883499145507,238.0928012084961,249.74626813983684,62.91391679805314,5.621262430187329,5.020961530643687,0.6003008995436421,260.85090551004663,250.19883499145507,239.54676447286352,-0.12185027629660104
2021-09-29,260.4366760253906,264.5,256.8933410644531,259.9333190917969,62828700,250.95866851806642,238.8982012939453,250.7644022241753,63.880845563564854,5.789533934475088,5.174676011409968,0.6148579230651201,262.23705041393254,250.95866851806642,239.6802866222003,0.019362428241809275
2021-09-30,258.49334716796875,263.0433349609375,258.3333435058594,260.3333435058594,53868000,251.64850234985352,239.69946838378905,251.5004922188223,61.208950395603786,5.700369603801079,5.27981472988819,0.4205548739128888,262.9979590788611,251.64850234985352,240.29904562084593,-0.07056101823562877
2021-10-01,258.40667724609375,260.260009765625,254.52999877929688,259.4666748046875,51094200,252.3623359680176,240.53920196533204,252.1582241261815,61.08623504117983,5.558636193080076,5.335579022526567,0.22305717055350893,263.5248159370561,252.3623359680176,241.1998559989791,-0.040830224309258825
2021-10-04,260.510009765625,268.989990234375,258.7066650390625,265.5,91449900,253.161669921875,241.4602020263672,252.95363228231898,63.02369060474155,5.552032426203425,5.378869703261939,0.17316272294148582,264.2536551764603,253.161669921875,242.06968466728966,-0.18576471527324784
2021-10-05,260.1966552734375,265.7699890136719,258.0666809082031,261.6000061035156,55297800,253.62283630371093,242.28000183105468,253.64344399575884,62.524243366590945,5.458590570428072,5.394813876695165,0.06377669373290651,265.0736823226274,253.62283630371093,242.17199028479445,-0.05359350797538777
2021-10-06,260.9166564941406,262.2200012207031,257.739990234375,258.73333740234375,43898400,254.10416946411132,243.19980163574218,254.33613090036664,63.244992764268574,5.380610973732217,5.391973296102576,-0.011362322370358946,265.92561943392735,254.10416946411132,242.28271949429532,0.08418518834164433
2021-10-07,264.53668212890625,268.3333435058594,261.1266784667969,261.82000732421875,57587400,254.75000381469727,244.17733520507812,255.30761196975138,66.71149341923439,5.546975317855129,5.422973700453087,0.1240016174020413,267.3441100163423,254.75000381469727,242.1558976130522,0.10339038082216884
2021-10-08,261.8299865722656,265.4599914550781,260.3033447265625,265.4033203125,50215800,255.57033615112306,244.8982681274414,255.92879050332417,62.00281905409127,5.398185624910553,5.418016085344581,-0.019830460434027586,267.7583478615569,255.57033615112306,243.38232444068922,-0.13383018187605583
2021-10-11,263.9800109863281,267.0799865722656,261.8333435058594,262.54998779296875,42600900,256.386003112793,245.59653503417968,256.6955734064674,64.16641856963797,5.391606637828886,5.412734195841442,-0.021127558012556058,268.53249738345215,256.386003112793,244.2395088421338,0.054412905094211116
2021-10-12,268.5733337402344,270.7733459472656,265.5233459472656,266.9766540527344,66060000,257.40650329589846,246.23686828613282,257.82678867634996,68.31709389503915,5.691428259226626,5.468473008518479,0.22295525070814737,270.03802639367996,257.40650329589846,244.77498019811696,0.05973476480430511
2021-10-13,270.3599853515625,271.8033447265625,268.59332275390625,270.15667724609375,42360300,258.3273361206055,246.91246795654297,259.0204264549416,69.78322965590765,6.003996572516257,5.575577721318035,0.42841885119822276,271.88288582874327,258.3273361206055,244.7717864124677,0.007525420788084399
2021-10-14,272.7733459472656,273.4166564941406,271.1166687011719,271.8299865722656,36741600,259.349503326416,247.62846832275392,260.33022831135344,71.68900348350338,6.37298345725776,5.73505886850598,0.6379245887517806,273.9822563472773,259.349503326416,244.71675030555474,0.03469009624781946
2021-10-15,281.010009765625,281.07000732421875,274.1166687011719,274.5799865722656,56773800,260.741837310791,248.48446838378905,262.29973130699835,77.01679987754517,7.246504956941351,6.037348086193054,1.2091568707482967,277.8457796990936,260.741837310791,243.63789492248844,0.2299878975015765
2021-10-18,290.03668212890625,291.7533264160156,283.8233337402344,283.92999267578125,72621600,263.0741714477539,249.62453521728514,264.94134567098956,81.1937216783813,8.568383073058499,6.543555083566144,2.024827989492355,282.6242621342898,263.0741714477539,243.52408076121802,0.21182116410002183
2021-10-19,288.0899963378906,292.6499938964844,287.5033264160156,292.510009765625,52143300,265.1556709289551,250.62793518066405,267.1459790678373,77.90545830026258,9.351106000384789,7.105065266929873,2.246040733454916,286.00819333073343,265.1556709289551,244.30314852717675,-0.14996672882568884
2021-10-20,288.6000061035156,289.8299865722656,285.7933349609375,288.45001220703125,42096300,267.05333786010743,251.6666687011719,269.1892197379019,78.15506839937066,9.89846968827851,7.6637461511996,2.23472353707891,289.14967840627264,267.05333786010743,244.95699731394225,0.005199949322530648
2021-10-21,298.0,300.0,285.1666564941406,285.3333435058594,94444500,269.3926712036133,252.90786865234375,271.93310357238744,82.15631611265826,10.964369872093982,8.323870895378477,2.640498976715506,294.0445752500227,269.3926712036133,244.74076715720386,0.4168924631233347
2021-10-22,303.2266540527344,303.3333435058594,296.9866638183594,298.5,68642400,271.6475036621094,254.15740173339844,274.9134417133729,83.91996674927563,12.091467833739046,9.07739028305059,3.014077550688455,299.7714693143074,271.6475036621094,243.52353800991136,0.15703656066336494
2021-10-25,341.6199951171875,348.3399963378906,314.73333740234375,316.84332275390625,188556300,275.53916931152344,256.20866821289064,281.2664467994505,90.9758481109975,15.899443953175364,10.441801017075544,5.45764293609982,316.7368465148504,275.53916931152344,234.3414921081965,0.6538445647153841
2021-10-26,339.4766540527344,364.9800109863281,333.8133239746094,341.5633239746094,187245000,279.5536682128906,258.4237347412109,286.810276061668,88.63753818036844,18.53073200795484,12.059587215251405,6.471144792703434,328.5118481719652,279.5536682128906,230.59548825381606,-0.06101585527087802
2021-10-27,345.9533386230469,356.9599914550781,343.59332275390625,346.5533447265625,115579500,283.8295013427734,260.9047348022461,292.44294868656124,89.51455695730198,20.89776464328611,13.827222700858346,7.070541942427763,339.79791883999064,283.8295013427734,227.8610838455562,-0.017311798243252286
2021-10-28,359.0133361816406,360.3333435058594,351.3999938964844,356.10333251953125,81639600,288.85550079345705,263.4917349243164,298.78298559085454,91.01977289278177,23.555949394806362,15.772968039647951,7.782981355158411,352.36580497924604,288.85550079345705,225.34519660766804,0.08153654163626504
2021-10-29,371.3333435058594,371.7366638183594,357.7366638183594,360.6199951171875,89755200,294.5018341064453,266.4286016845703,305.6925434875217,92.16272874110378,26.352921514940135,17.88895873470639,8.463962780233746,365.7838595747264,294.5018341064453,223.21980863816418,0.2886394052872695
2021-11-01,402.86334228515625,403.25,372.88665771484375,381.6666564941406,168146100,301.6195007324219,269.95080200195315,314.9469052777726,94.1979834518968,30.759176822054997,20.46300235217611,10.296174469878885,385.2606204560127,301.6195007324219,217.9783810088311,0.5045353526115137
2021-11-02,390.6666564941406,402.86334228515625,382.0,386.4533386230469,128213400,308.143000793457,273.0554684448242,322.158310155522,85.00224039794868,32.88788422951927,22.947978727644745,9.939905501874527,397.9668365003413,308.143000793457,218.31916508657275,0.10859533517060667
2021-11-03,404.6199951171875,405.1300048828125,384.2066650390625,392.4433288574219,103885500,315.3281677246094,276.42460174560546,330.0118039613949,86.61240001729816,35.29397107162731,25.41717719644126,9.876793875186053,411.64696928150147,315.3281677246094,219.0093661677173,0.3006902876260409
2021-11-04,409.9700012207031,414.4966735839844,405.6666564941406,411.4700012207031,76192200,322.5998336791992,279.88266845703123,337.6268703670433,87.18068751774028,37.203652462486616,27.77447224965033,9.429180212836286,424.2918361082603,322.5998336791992,220.90783125013812,-0.03643852230715987
2021-11-05,407.36334228515625,413.2900085449219,402.6666564941406,409.3333435058594,64886400,329.8765014648437,283.3555352783203,344.2684391211493,85.28121347112132,38.06792973439843,29.833163746599954,8.234765987798479,433.93340607256323,329.8765014648437,225.8195968571242,-0.04808994131783884
2021-11-08,387.64666748046875,399.0,377.6666564941406,383.2633361816406,100337100,336.0598342895508,286.3623352050781,348.399698964894,72.42694445709051,36.73840733071444,31.214212463422854,5.524194867291584,438.40197566871683,336.0598342895508,233.71769291038476,0.11387259755783606
2021-11-09,341.1666564941406,391.5,337.17333984375,391.20001220703125,177317400,339.6895004272461,288.3129348754883,347.7108377772032,52.38238507717519,31.570280271018817,31.285426024942048,0.2848542460767689,437.2371624818334,339.6895004272461,242.1418383726588,-0.8562105724599983
2021-11-10,355.98333740234375,359.3666687011719,329.10333251953125,336.8033447265625,128408100,343.97066802978514,290.5278015136719,348.49869488435945,56.51395972222272,28.343360051444222,30.697012830242485,-2.3536527787982635,436.35039676233873,343.97066802978514,251.59093929723159,0.5149710848033479
2021-11-11,354.5033264160156,368.3233337402344,351.55999755859375,367.5899963378906,67189800,348.05716705322266,292.7239346313477,349.07056455404097,55.99136178666904,25.374081395586757,29.63242654331134,-4.258345147724583,434.5186730996579,348.05716705322266,261.5956610067874,-0.34169707031033
2021-11-12,344.47332763671875,351.5,339.73333740234375,349.1666564941406,76719300,351.23033294677737,294.7308010864258,348.632732466677,52.451468056520405,21.95844629084752,28.097630492818578,-6.139184201971059,432.0933073020951,351.23033294677737,270.3673585914596,-0.13361144581893308
2021-11-15,337.7966613769531,343.99334716796875,326.20001220703125,339.2099914550781,104326800,353.6183319091797,296.5962677001953,347.6007256962271,50.177313029428454,18.499528643439817,26.178010122942826,-7.678481479503009,429.79687607810115,353.6183319091797,277.4397877402582,-0.04164124978097111
2021-11-16,351.57666015625,352.3999938964844,334.05999755859375,334.4366760253906,79627200,356.7926651000977,298.60833435058595,347.9793861209912,54.556637020958746,16.67798875229863,24.27800584881399,-7.600017096515359,426.82770032554123,356.7926651000977,286.7576298746541,0.4718932163475549
2021-11-17,363.0033264160156,373.21331787109375,351.8333435058594,354.5033264160156,94336200,360.51283111572263,300.8426010131836,349.41023757766015,57.864045352038296,15.97232274147359,22.616869227345912,-6.644546485872322,423.1803213549628,360.51283111572263,297.84534087648245,0.23528045818591034
2021-11-18,365.4599914550781,370.6666564941406,358.3399963378906,368.8500061035156,62696700,363.8858306884766,303.1194009399414,350.9387855659857,58.562316199075504,15.433403018256968,21.180175985528127,-5.746772967271159,419.6086258146919,363.8858306884766,308.16303556226126,-0.09164976438278512
2021-11-19,379.0199890136719,379.5733337402344,364.23333740234375,366.2900085449219,64926900,367.6754974365234,305.79133392333983,353.61318589433677,62.278197704586646,15.917002436157304,20.12754127565396,-4.210538839496657,416.22943659752605,367.6754974365234,319.1215582755208,0.3341905718455587
2021-11-22,385.6233215332031,400.6499938964844,377.4766540527344,387.4433288574219,99217500,369.8756637573242,308.5504669189453,356.66177024089546,63.97249199395811,16.641262096342018,19.430285439791575,-2.789023343449557,417.4862625608689,369.8756637573242,322.26506495377953,-0.046940279361913466
2021-11-23,369.6766662597656,393.5,354.23333740234375,389.1700134277344,108515100,371.38566436767576,310.9807336425781,357.90128414745453,57.281342644911064,15.7469601319807,18.6936203782294,-2.946660246248701,416.91408047076357,371.38566436767576,325.85724826458795,-0.4628210554275208
2021-11-24,372.0,377.5899963378906,354.0,360.1300048828125,67680600,372.68799743652346,313.3818670654297,359.24401899055414,57.971077835508055,15.052180827135373,17.965332468010594,-2.9131516408752205,416.6967150986492,372.68799743652346,328.67927977439774,0.3181640624748731
2021-11-26,360.6400146484375,369.59332275390625,360.3333435058594,366.489990234375,35042700,372.76933135986326,315.54806732177735,359.3769709579716,53.428632554720046,13.43009358501348,17.058284691411174,-3.6281911063976935,416.68256712314536,372.76933135986326,328.85609559658116,-0.15827970530192068
2021-11-29,378.9966735839844,380.8900146484375,366.7300109863281,366.9966735839844,58393500,373.15249786376955,318.06473419189456,361.2455140652109,59.01697364061653,13.47052687353704,16.340733127836348,-2.8702062542993083,417.1425939643082,373.15249786376955,329.1624017632309,0.3158031639547978
2021-11-30,381.586669921875,389.3333435058594,372.6666564941406,381.4566650390625,81276000,372.08866424560546,320.82866760253904,363.18276700394085,59.75082996175345,13.555304492656035,15.783647400800286,-2.228342908144251,414.13960696370464,372.08866424560546,330.0377215275063,0.003408103498590419
2021-12-01,365.0,390.9466552734375,363.586669921875,386.8999938964844,68450400,370.8053314208984,323.19946746826173,363.35583681308935,53.18296391416558,12.144096143580839,15.055737149356398,-2.911641005775559,412.0693046164722,370.8053314208984,329.54135822532464,-0.5124433235291589
2021-12-02,361.5333251953125,371.0,352.2166748046875,366.35333251953125,73114800,368.6509979248047,325.4172006225586,363.18226427806303,51.89892757833982,10.623510459531644,14.169291811391448,-3.5457813518598034,407.0262320784395,368.6509979248047,330.2757637711699,-0.13081325614519967
2021-12-03,338.3233337402344,363.52667236328125,333.4033203125,361.5966796875,92322000,365.06866455078125,327.15940063476563,360.8147470839841,44.20387368868649,7.459593463252929,12.827352141763745,-5.367758678510816,400.6190173344154,365.06866455078125,329.5183117671471,-0.567364212562196
2021-12-06,336.336669921875,340.5466613769531,316.8333435058594,333.836669921875,81663000,361.5173309326172,328.72353393554687,358.4835016399737,43.60786554084758,4.7372511990257635,11.20933195321615,-6.472080754190387,393.4659968094735,361.5173309326172,329.5686650557609,0.07474724345274131
2021-12-07,350.5833435058594,352.5566711425781,342.2699890136719,348.0666809082031,56084700,359.6641647338867,330.45946716308595,357.7311056272009,48.926068776637926,3.6868629736496814,9.704838157302857,-6.017975183653176,389.56972144152974,359.6641647338867,329.7586080262437,0.07217830056647787
2021-12-08,356.32000732421875,357.4599914550781,344.3333435058594,350.9033203125,41906400,360.4218322753906,332.4021337890625,357.5967153126312,50.93270710915226,3.2795193070999176,8.419774387262269,-5.140255080162351,389.1594591280118,360.4218322753906,331.6842054227694,0.15314958350466742
2021-12-09,334.6000061035156,354.163330078125,334.1199951171875,353.5466613769531,59438400,359.35266571044923,333.885400390625,355.40655253081064,43.90004277744348,1.1903522993812317,6.973889969686061,-5.783537670304829,390.1859597700957,359.35266571044923,328.5193716508028,-0.48988007870677547
2021-12-10,339.010009765625,340.32666015625,327.510009765625,336.25,59664300,358.5779998779297,335.4957336425781,353.84497702936443,45.54415485624832,-0.10822956324301458,5.557466063100246,-5.66569562634326,390.61474605821036,358.5779998779297,326.54125369764904,0.08189822850467038
2021-12-13,322.13665771484375,335.0,317.1400146484375,333.6966552734375,78595500,357.46116638183594,336.7703332519531,350.8251370946482,40.6369206902931,-2.4704260059511967,3.9518876492899575,-6.422313655241155,392.77645719914,357.46116638183594,322.1458755645319,-0.3331988803064875
2021-12-14,319.5033264160156,322.13665771484375,310.0,315.0,70806300,356.54649963378904,337.95019958496096,347.842107506207,39.91411844462183,-4.503063026145298,2.260897514202907,-6.763960540348205,394.686298742169,356.54649963378904,318.40670052540906,0.14199666659786464
2021-12-15,325.3299865722656,326.25,309.4166564941406,317.7366638183594,75169200,355.23416595458986,339.2528662109375,345.6980959886888,42.357225235543474,-5.57946315171165,0.6928253810199956,-6.272288532731645,395.7027917521492,355.23416595458986,314.7655401570305,0.23453363123177076
2021-12-16,308.97332763671875,331.6600036621094,307.2833251953125,331.5,82771500,352.532666015625,340.21399963378906,342.2004990027869,37.72054101316227,-7.664017659173794,-0.9785432270187623,-6.685474432155032,397.52664703288264,352.532666015625,307.5386849983674,-0.5912187228633866
2021-12-17,310.8566589355469,320.2200012207031,303.0133361816406,304.92333984375,100437300,349.80249938964846,341.14039916992186,339.2153713773355,38.554579984290456,-9.059639147915163,-2.5947624111980425,-6.464876736717121,397.85036982303177,349.80249938964846,301.75462895626515,0.19216475373542166
2021-12-20,299.9800109863281,307.2300109863281,297.7966613769531,303.5666809082031,56480100,345.8505004882812,341.9033996582031,335.47867038771574,35.590256077357424,-10.91748386412695,-4.259306701783824,-6.658177162343126,396.5638951890047,345.8505004882812,295.13710578755774,-0.1176042451079572
2021-12-21,312.84332275390625,313.1666564941406,295.3733215332031,305.6233215332031,71517900,342.2115005493164,342.8806658935547,333.3229229940196,41.335005883726524,-11.222511305749663,-5.6519476225769925,-5.57056368317267,391.40904538106247,342.2115005493164,293.0139557175703,0.23193977565602628
2021-12-22,336.2900085449219,338.5533447265625,319.01666259765625,321.88665771484375,93634200,340.5421676635742,344.23499938964846,333.60550257029604,50.07568218424945,-9.4632101635126,-6.414200130764114,-3.049010032748485,388.1383594896974,340.5421676635742,292.94597583745104,0.4198142723921982
2021-12-23,355.6666564941406,357.6600036621094,332.5199890136719,335.6000061035156,92713200,339.7255004882812,345.9411328125,335.70656484875747,55.920661071693765,-6.431281965941707,-6.417616497799633,-0.013665468142074033,385.6663394517151,339.7255004882812,293.78466152484737,0.5355774974046008
2021-12-27,364.64666748046875,372.3333435058594,356.90667724609375,357.8900146484375,71145900,339.9258331298828,347.7785992431641,338.4627650993967,58.354129174106596,-3.266194530577195,-5.787332104355146,2.521137573777951,386.2629638603717,339.9258331298828,293.58870239939387,0.18657986619597675
2021-12-28,362.8233337402344,373.0,359.47332763671875,369.8299865722656,60324000,339.11716613769534,349.41486572265626,340.78281925566694,57.65810403364734,-0.8946547068707105,-4.808796624858259,3.914141917987549,383.20874024431623,339.11716613769534,295.02559203107444,-0.18722137553879697
2021-12-29,362.0633239746094,368.0,354.71331787109375,366.21331787109375,56154000,338.14099884033203,350.8553985595703,342.8095339908043,57.35103763068635,0.9129572501357757,-3.6644458498594528,4.577403099995228,379.1876647023762,338.14099884033203,297.09433297828787,-0.11283915630503234
2021-12-30,356.7799987792969,365.1833190917969,351.04998779296875,353.77667236328125,47040900,337.72999877929686,352.22919860839846,344.14005444685125,55.15212950776011,1.8973115342026858,-2.552094373047025,4.4494059072497105,377.84675798633594,337.72999877929686,297.6132395722578,0.08468993371273073
2021-12-31,352.260009765625,360.6666564941406,351.5299987792969,357.8133239746094,40733700,337.2663330078125,353.5023986816406,344.9133835248297,53.27036113719278,2.2863385700966887,-1.5844077844182824,3.870746354514971,376.47601293055675,337.2663330078125,298.0566530850682,-0.1539671902017588
2022-01-03,399.9266662597656,400.3566589355469,378.67999267578125,382.5833435058594,103931400,340.34649963378905,355.54093200683593,350.15274378529983,66.32085464846331,6.367545015755923,0.005982775616558689,6.361562240139364,388.1428312546199,340.34649963378905,292.5501680129582,0.42462539247163056
2022-01-04,383.1966552734375,402.6666564941406,374.3500061035156,396.51666259765625,100248300,342.6894989013672,357.14033203125,353.2997829746463,59.988453805847556,8.157919046741938,1.6363700298416346,6.521549016900304,393.9393004126088,342.6894989013672,291.43969739012556,-0.3238350442608046
2022-01-05,362.7066650390625,390.11334228515625,360.336669921875,382.2166748046875,80119800,343.29566497802733,357.5620654296875,354.19567650459066,53.278761381500914,7.833136869453199,2.875723397763948,4.957413471689251,395.1873525320136,343.29566497802733,291.40397742404105,-0.4702908444487547
2022-01-06,354.8999938964844,362.6666564941406,340.1666564941406,359.0,90336600,343.22466430664065,357.8705322265625,354.26275435143765,50.9409431425788,6.866656988472073,3.673910115905573,3.1927468725665,395.04871725542665,343.22466430664065,291.40061135785464,-0.1137123411705816
2022-01-07,342.32000732421875,360.30999755859375,336.6666564941406,360.1233215332031,84164700,343.6106643676758,357.79786560058596,353.1253498726549,47.33639539723383,5.027659212839183,3.944659935292295,1.0829992775468877,395.28680213818956,343.6106643676758,291.934526597162,-0.45767570518320316
2022-01-10,352.7066650390625,353.0333251953125,326.6666564941406,333.3333435058594,91815000,344.29549713134764,357.6717321777344,353.0854751265985,50.45367375838013,4.358119015874024,4.027351751408641,0.33076726446538274,396.0725332797178,344.29549713134764,292.5184609829775,0.5235367977458072
2022-01-11,354.79998779296875,358.6166687011719,346.2733459472656,351.22332763671875,66063300,345.9286636352539,357.34106506347655,353.2487620472052,51.08213365135677,3.9508740212314706,4.012056205373208,-0.06118218414173704,396.8605649638558,345.9286636352539,294.996762306652,0.10148379516126477
2022-01-12,368.739990234375,371.61334228515625,357.5299987792969,359.6166687011719,83739000,348.3904968261719,356.6585980224609,354.72411711265,55.16094741312131,4.69880621139589,4.149406206577744,0.5494000048181462,398.73161041257447,348.3904968261719,298.0493832397693,0.2483895513347204
2022-01-13,343.85333251953125,371.8666687011719,342.17999267578125,369.69000244140625,97209900,349.31666412353513,355.72233154296873,353.68880429425775,47.53992452588186,3.245984876450109,3.9687219405522174,-0.7227370641021085,398.5970488523829,349.31666412353513,300.03627939468737,-0.603652519693167
2022-01-14,349.8699951171875,350.6666564941406,337.7933349609375,339.9599914550781,72924300,351.3614974975586,354.62733154296876,353.3251081821559,49.36145537601182,2.550704950861757,3.6851185426141257,-1.1344135917523688,397.038354002502,351.3614974975586,305.68464099261524,0.28351942375954486
2022-01-18,343.5033264160156,356.92999267578125,338.6866760253906,342.2033386230469,66743400,352.993830871582,353.297998046875,352.3897003949044,47.48264146285568,1.4690197002262835,3.2418987741365575,-1.772879073910274,394.9454572090653,352.993830871582,311.04220453409874,0.03797048859549675
2022-01-19,331.8833312988281,351.5566711425781,331.6666564941406,347.2366638183594,75442500,354.58899688720703,351.78839782714846,350.4367128619447,44.17760427915875,-0.32214664167372575,2.529089690974501,-2.851236332648227,390.32131212939674,354.58899688720703,318.8566816450173,-0.4154312643970145
2022-01-20,332.0899963378906,347.2200012207031,331.3333435058594,336.57666015625,70488600,355.55133056640625,350.67726440429686,348.6894065263205,44.25192622944731,-1.7053248079474201,1.682206791190117,-3.387531599137537,387.57936128172844,355.55133056640625,323.52329985108406,-0.13251887010530836
2022-01-21,314.6333312988281,334.8500061035156,313.5,332.11334228515625,103416000,354.46849670410154,350.14659790039065,345.44597079036885,39.47145499149746,-4.162131980560616,0.5133390368399705,-4.675471017400587,390.27019306638925,354.46849670410154,318.6668003418138,-0.48256817620797693
2022-01-24,310.0,311.1700134277344,283.8233337402344,301.586669921875,151565700,352.1851638793945,349.22693115234375,342.070164048429,38.289146060983796,-6.409159675471074,-0.8711607056222385,-5.537998969848835,392.88048731725337,352.1851638793945,311.48984044153565,0.2719505033149698
2022-01-25,306.1333312988281,317.086669921875,301.07000732421875,304.73333740234375,86595900,349.2594970703125,348.25953125,338.647608548467,37.2854200785401,-8.405064806614405,-2.3779415258206718,-6.027123280793733,394.1478885207384,349.2594970703125,304.3711056198866,0.04590931147644538
2022-01-26,312.4700012207031,329.2300109863281,302.0,317.4766540527344,104867400,346.74183044433596,347.61946472167966,336.15450308868,40.058582462260034,-9.367534590162677,-3.775860138689073,-5.5916744514736045,393.89594981879213,346.74183044433596,299.5877110698798,-0.15640699273567565
2022-01-27,276.3666687011719,311.7966613769531,276.3333435058594,311.1199951171875,147109500,342.4569976806641,346.39086486816404,330.460423623203,31.509504985465597,-12.89489174874393,-5.599666460700044,-7.295225288043886,398.0776310104417,342.4569976806641,286.83636435088647,-0.8065366268139224
2022-01-28,282.1166687011719,285.8333435058594,264.0033264160156,277.1866760253906,134789100,338.7238311767578,345.0016650390625,325.8562564877714,33.92800628156567,-15.052850870153861,-7.490303342590808,-7.562547527563053,399.75718362931764,338.7238311767578,277.690478724198,0.17600621467115624
2022-01-31,312.239990234375,312.663330078125,287.3500061035156,290.9033203125,104436000,336.7228302001953,343.9863983154297,324.5594692255432,44.90425154333561,-14.169017115103713,-8.82604609709339,-5.342971018010324,398.46979151830317,336.7228302001953,274.9758688820874,0.6251791497947196
2022-02-01,310.4166564941406,314.5666809082031,301.6666564941406,311.7366638183594,73138200,332.24732971191406,342.8855316162109,323.2125346796953,44.423197137203545,-13.46053561546654,-9.75294400076802,-3.7075916146985204,387.67317918685757,332.24732971191406,276.82148023697056,-0.042318377158774345
2022-02-02,301.88665771484375,310.5,296.4700012207031,309.3933410644531,66792900,328.18182983398435,341.3428649902344,321.18149877828085,42.14833718915418,-13.432516843267763,-10.488858569267968,-2.9436582739997945,379.86450544948644,328.18182983398435,276.49915421848226,-0.23797446999405752
2022-02-03,297.0466613769531,312.3333435058594,293.50665283203125,294.0,78855600,324.8988296508789,339.5713317871094,318.8829428352973,40.86947239586226,-13.643584272707074,-11.11980370995579,-2.523780562751284,375.72671069809655,324.8988296508789,274.07094860366124,0.1032585796655792
2022-02-04,307.7733459472656,312.1666564941406,293.72332763671875,299.0733337402344,73625400,322.542497253418,338.33326538085936,317.8248859888181,44.86244945399089,-12.797778113266133,-11.455398590617857,-1.342379522648276,371.9379094845047,322.542497253418,273.1470850223313,0.2829620063734894
2022-02-07,302.4466552734375,315.92333984375,300.9033203125,307.92999267578125,60994500,320.54882965087893,336.94219848632815,316.3602925873533,43.29880634285588,-12.414187037960914,-11.64715628008647,-0.7670307578744442,369.8088184805374,320.54882965087893,271.28884082122045,-0.17621231539637022
2022-02-08,307.3333435058594,308.7633361816406,298.26666259765625,301.84332275390625,50729100,318.28016357421876,335.8760650634766,315.5005831510205,45.186300459806006,-11.582359219246996,-11.634196867918575,0.05183764867157947,365.5460461521169,318.28016357421876,271.0142809963206,0.17990366283118947
2022-02-09,310.6666564941406,315.42333984375,306.6666564941406,311.6666564941406,52259400,316.07349700927733,334.5094647216797,315.0402091836986,46.49468815273912,-10.532744260001436,-11.413906346335148,0.8811620863337115,360.3390562214948,316.07349700927733,271.8079377970599,-0.03207455655954829
2022-02-10,301.51666259765625,314.60333251953125,298.8999938964844,302.7900085449219,66126900,312.7123306274414,332.90806457519534,313.7522523659803,43.430130058499664,-10.320279126864762,-11.19518090244107,0.8749017755763084,350.1539967025028,312.7123306274414,275.27066455238,-0.04202899027267774
2022-02-11,286.6666564941406,305.32000732421875,283.5666809082031,303.2099914550781,79645800,309.8529968261719,331.3413977050781,311.1726718067575,38.943780219793986,-11.220823693184968,-11.20030946058985,-0.020514232595118642,346.05932538584574,309.8529968261719,273.646668266498,-0.4972201555686224
2022-02-14,291.9200134277344,299.6266784667969,284.3833312988281,287.19000244140625,67756500,306.9554977416992,329.9491314697266,309.33908529446956,41.255648471624,-11.37943470977956,-11.236134510427792,-0.14330019935176708,338.91426136393693,306.9554977416992,274.9967341194615,0.1632264777499229
2022-02-15,307.4766540527344,307.6666564941406,297.7933349609375,300.0,57286200,305.15416412353517,329.3321978759766,309.1617108904948,47.584910735782586,-10.13303685571799,-11.015514979485832,0.882478123767843,332.3807857587109,305.15416412353517,277.92754248835945,0.2441870051980287
2022-02-16,307.7966613769531,308.80999755859375,300.4033203125,304.6833190917969,51294300,303.94983062744143,328.76139770507814,309.0317061749194,47.70971710575339,-9.015510467205388,-10.615514077029744,1.6000036098243555,328.32182545256137,303.94983062744143,279.5778358023215,0.10182872940788752
2022-02-17,292.1166687011719,306.1666564941406,291.3666687011719,304.4200134277344,55178400,301.95116424560547,327.59206420898437,307.42075022503866,42.38427354525627,-9.28804037094352,-10.3500193358125,1.0619789648689792,323.1088205790584,301.95116424560547,280.79350791215256,-0.38350013325976956
2022-02-18,285.6600036621094,295.6233215332031,279.2033386230469,295.3333435058594,68501700,300.5024978637695,326.1788641357422,305.34829817142634,40.38524607213682,-9.91077593543912,-10.262170655737822,0.35139472029870333,321.95394990738026,300.5024978637695,279.0510458201588,-0.31630836981266336
2022-02-22,273.84332275390625,285.57666015625,267.0333251953125,278.0433349609375,83288100,298.69466400146484,324.96373046875,302.3478243221387,36.950415785515986,-11.228372066277359,-10.45541093784573,-0.7729611284316285,322.5943199786264,298.69466400146484,274.7950080243033,-0.14991749117935835
2022-02-23,254.67999267578125,278.4333190917969,253.52000427246094,276.80999755859375,95256900,296.1219970703125,323.2771301269531,297.8080308320094,32.17164717185514,-13.661416766855382,-11.096612103647661,-2.5648046632077204,326.4718010140204,296.1219970703125,265.7721931266046,-0.6637378607843221
2022-02-24,266.92333984375,267.49334716796875,233.3333282470703,233.4633331298828,135322200,293.8446640014648,322.17286376953126,294.8666316902704,37.71407983375694,-14.435285441751205,-11.764346771268372,-2.6709386704828333,325.7417874551911,293.8446640014648,261.9475405477385,0.8923208740554611
2022-02-25,269.9566650390625,273.1666564941406,260.79998779296875,269.74334716796875,76067700,293.5241638183594,321.1819305419922,292.4942539139649,39.04305192661,-14.635113471268596,-12.338500111268417,-2.2966133600001797,326.235734219288,293.5241638183594,260.8125934174308,0.00790801428572672
2022-02-28,290.1433410644531,292.28668212890625,271.57000732421875,271.6700134277344,99006900,293.9254974365234,320.47819763183594,292.2703574521066,47.12808080790968,-13.014558843124064,-12.473711857639547,-0.5408469854845173,326.26220052962753,293.9254974365234,261.5887943434193,0.5915138131131963
2022-03-01,288.1233215332031,296.6266784667969,284.59332275390625,289.8933410644531,74766900,292.7196640014648,320.06119750976563,291.8754016503063,46.46395557860212,-11.757720634470957,-12.330513613005829,0.5727929785348724,324.016551220376,292.7196640014648,261.4227767825536,-0.06098185065754465
2022-03-02,293.2966613769531,295.49334716796875,281.42333984375,290.7099914550781,74643300,291.8636642456055,319.7099975585937,292.0107597195107,48.46684547594204,-10.22633913719892,-11.909678717844447,1.6833395806455265,322.0959993158944,291.8636642456055,261.6313291753166,0.08874360363030269
2022-03-03,279.7633361816406,295.4800109863281,277.5333251953125,292.92333984375,61623600,290.7574981689453,319.3056640625,290.84433843018974,43.845638815324975,-9.989580838538302,-11.525659141983219,1.536078303444917,321.0608177639969,290.7574981689453,260.45417857389367,-0.4212941762845768
2022-03-04,279.42999267578125,285.2166748046875,275.0533447265625,283.0333251953125,66999600,289.87666473388674,318.6373974609375,289.75725788215084,43.73502428669971,-9.71683657266442,-11.16389462811946,1.4470580554550398,320.42072257967254,289.87666473388674,259.33260688810094,-0.12662784923319764
2022-03-07,268.1933288574219,288.71331787109375,268.19000244140625,285.4333190917969,72494100,287.89766387939454,317.2754638671875,287.7035503559862,40.065680782989595,-10.288786907445285,-10.988873083984625,0.7000861765393402,318.6750722078104,287.89766387939454,257.1202555509787,-0.5398852379481462
2022-03-08,274.79998779296875,283.3299865722656,260.72332763671875,265.1766662597656,80399100,286.5153305053711,315.65813049316404,286.47463963569885,43.0890025977714,-10.092618087615165,-10.809622084710734,0.7170039970955688,317.0371370515518,286.5153305053711,255.99352395919036,0.3477678707942723
2022-03-09,286.3233337402344,286.85333251953125,277.336669921875,279.82666015625,59184000,285.46483001708987,314.0916638183594,286.4602295504165,48.01473132421373,-8.904667704916676,-10.428631208751924,1.5239635038352475,314.45613749420835,285.46483001708987,256.4735225399714,0.22808437696578934
2022-03-10,279.4333190917969,284.8166809082031,270.1199951171875,283.8166809082031,58648500,283.90316314697264,312.42386352539063,285.7909999829289,45.480060557048716,-8.422090451624626,-10.027323057326464,1.605232605701838,310.567560924392,283.90316314697264,257.2387653695533,-0.15322705398061773
2022-03-11,265.1166687011719,281.26666259765625,264.5899963378906,280.0666809082031,67037100,282.0831634521484,310.48493041992185,283.822016051333,40.67518100701647,-9.090093598278997,-9.839877165516972,0.7497835672379747,308.6590908190039,282.0831634521484,255.50723608529296,-0.48828190388883597
2022-03-14,255.4566650390625,266.8999938964844,252.01333618164062,260.2033386230469,71152200,280.52266387939454,308.4584637451172,281.1205540501644,37.77523941333654,-10.280465659463914,-9.927994864306362,-0.35247079515755253,309.40400182619555,280.52266387939454,251.6413259325935,-0.18042475555753676
2022-03-15,267.2966613769531,268.5233459472656,252.19000244140625,258.42333984375,66841200,279.29149627685547,306.75919677734373,279.8039928431919,43.127317376599706,-10.151435906549523,-9.972683072754995,-0.1787528337945279,308.22372916733025,279.29149627685547,250.35926338638072,0.330477124287079
2022-03-16,280.07666015625,280.6666564941406,267.4200134277344,269.6666564941406,84028800,277.92149658203124,304.36219665527346,279.82996115872123,48.296729314023274,-8.915171258407213,-9.761180709885439,0.8460094514782259,303.8214806759772,277.92149658203124,252.02151248808522,0.3679346680439974
2022-03-17,290.5333251953125,291.6666564941406,275.239990234375,276.9966735839844,66582900,277.0583297729492,302.5089300537109,280.8493291622061,52.13064101801774,-7.010840533716248,-9.211112674651602,2.200272140935354,299.88672214286566,277.0583297729492,254.22993740303275,0.4531789860070571
2022-03-18,301.7966613769531,302.6166687011719,289.1300048828125,291.4966735839844,100414200,277.5423294067383,301.29072998046877,282.8443131826582,55.92207714661336,-4.540448156192554,-8.276979770959793,3.736531614767239,301.9809212538009,277.5423294067383,253.1037375596757,0.33934170987397655
2022-03-21,307.0533447265625,314.2833251953125,302.36334228515625,304.99334716796875,81981600,278.61199645996095,300.3337969970703,285.1499352344586,57.60957547602677,-2.133875990287038,-7.048359014825243,4.914483024538205,306.06502359771815,278.61199645996095,251.15896932220375,0.06743985508368815
2022-03-22,331.32666015625,332.6199951171875,307.25,310.0,105868500,281.4861633300781,300.11393005371093,289.5477185603435,64.3892037423451,1.7122655527797406,-5.296234101304246,7.008499654083987,317.149091731668,281.4861633300781,245.8232349284882,0.5966677957884529
2022-03-23,333.03668212890625,346.8999938964844,325.4666748046875,326.64666748046875,120676200,285.40399780273435,299.7205303955078,293.68952461449237,64.81611653034122,4.842523323054991,-3.2684826164323986,8.11100593948739,325.38178907504715,285.40399780273435,245.42620653042155,0.19316683236864352
2022-03-24,337.97332763671875,341.4966735839844,329.6000061035156,336.57666015625,68920800,288.9564971923828,299.3839971923828,297.9070296642282,66.08034015795772,7.633625510383297,-1.0880609910692596,8.721686501452556,334.03579101425026,288.9564971923828,243.87720337051536,0.04147246491587798
2022-03-25,336.8800048828125,340.6000061035156,332.44000244140625,336.0,62031600,292.3026641845703,298.7467974853516,301.61874158980766,65.51884311030994,9.646176970110844,1.0587866011667613,8.587390368944082,341.0313948351825,292.3026641845703,243.57393353395813,0.026184634681066552
2022-03-28,363.9466552734375,365.9599914550781,351.20001220703125,355.0333251953125,102506100,295.99282989501955,299.1486639404297,307.55473336920096,71.88747170974935,13.272197353250874,3.501468751583584,9.77072860166729,353.8345073905637,295.99282989501955,238.1511523994754,0.24591120471780223
2022-03-29,366.5233459472656,371.5899963378906,357.7033386230469,369.3299865722656,73614900,299.91283111572267,299.48173095703123,313.170791709969,72.40990370442056,16.167394375523486,6.034653876371564,10.132740499151922,365.2329575987997,299.91283111572267,234.59270463264562,-0.07584681688519898
2022-03-30,364.663330078125,371.3166809082031,361.3333435058594,363.72332763671875,59865000,303.4811645507813,299.9049310302734,318.07484298312676,71.37871620298397,18.103089986027555,8.448341098302762,9.654748887724793,374.5132530215825,303.4811645507813,232.44907607998005,0.025838134317749527
2022-03-31,359.20001220703125,367.71331787109375,358.8800048828125,364.8566589355469,48992700,307.45299835205077,300.4512646484375,321.9915257663558,68.30193114990543,18.977537372220922,10.554180353086394,8.423357019134528,381.5533806578296,307.45299835205077,233.3526160462719,-0.15380714344740265
2022-04-01,361.5299987792969,364.9166564941406,355.5466613769531,360.3833312988281,54263100,311.55799865722656,301.0400646972656,325.75709462473117,68.91729066949526,19.63224536577576,12.369793355624267,7.262452010151492,388.051587757594,311.55799865722656,235.06440955685915,0.03180726136093382
2022-04-04,381.8166809082031,383.3033447265625,357.510009765625,363.1266784667969,82035900,317.2391662597656,302.3837316894531,331.0961028422047,73.70391648730647,21.539774757154248,14.203789635930264,7.335985121223985,396.8213507051729,317.2391662597656,237.65698181435835,0.4735963856779973
2022-04-05,363.7533264160156,384.2900085449219,362.4333190917969,378.76666259765625,80075100,321.686833190918,303.45879821777345,334.2063146111391,64.22066107285642,21.347858967465413,15.632603502237295,5.715255465228118,401.2273496702689,321.686833190918,242.14631671156707,-0.3768423865518498
2022-04-06,348.586669921875,359.6666564941406,342.5666809082031,357.8233337402344,89348400,324.8,304.30786499023435,335.5758722597806,57.52767622134493,19.744341417977523,16.454951085385343,3.2893903325921805,403.42907449555764,324.8,246.17092550444238,-0.25255007902220494
2022-04-07,352.4200134277344,358.86334228515625,340.5133361816406,350.7966613769531,79447200,328.4493347167969,305.106865234375,337.1800761805381,58.69926557255882,18.568811293712542,16.877723127050782,1.6910881666617605,405.066608627785,328.4493347167969,251.8320608058088,0.04624314960252453
2022-04-08,341.8299865722656,349.4800109863281,340.8133239746094,347.7366638183594,55013700,332.2850006103516,306.4161315917969,337.62292478927407,54.247302564164265,16.59141305638815,16.820461112918256,-0.2290480565301074,403.31288514909863,332.2850006103516,261.2571160716045,-0.1682456343936082
2022-04-11,325.30999755859375,336.15667724609375,324.8800048828125,326.79998779296875,59357100,335.7776672363281,307.2799981689453,336.4502650530188,48.11658821835431,13.535259609457853,16.163420812226178,-2.628161202768325,397.6272994550587,335.7776672363281,273.92803501759755,-0.045561771953693125
2022-04-12,328.98333740234375,340.39666748046875,325.5333251953125,332.5466613769531,65976000,338.8620010375977,307.6148651123047,335.73912908628785,49.48368921039875,11.2796193794901,15.186660525678963,-3.9070411461888632,392.3281351458149,338.8620010375977,285.3958669293805,-0.10674437851779171
2022-04-13,340.7900085449219,342.0799865722656,324.3666687011719,327.02667236328125,55121100,341.8976684570313,308.22233215332034,336.22016522520533,53.70597881636375,10.32567992431376,14.214464405405923,-3.888784481092163,388.0643942650701,341.8976684570313,295.7309426489924,0.3976570476769161
2022-04-14,328.3333435058594,337.57000732421875,327.39666748046875,333.0966796875,58422300,343.7876693725586,308.75126586914064,335.4690393471724,49.04800794710129,8.466925819001801,13.0649566881251,-4.598030869123299,384.1140526535637,343.7876693725586,303.46128609155346,-0.142034750338789
2022-04-18,334.7633361816406,338.3066711425781,324.4700012207031,329.6766662597656,51715200,345.43600311279295,309.5055993652344,335.40182952188366,51.39158361119469,7.427081695597451,11.937381689619572,-4.510299994022121,381.19894397984825,345.43600311279295,309.67306224573764,0.15307986054067807
2022-04-19,342.7166748046875,344.9800109863281,331.77667236328125,335.0199890136719,49847700,347.2191696166992,310.2044659423828,336.0984814535792,54.197840624208595,7.162204261770455,10.98234620404975,-3.820141942279294,378.41375992765734,347.2191696166992,316.0245793057411,0.2257798238859017
2022-04-20,325.73333740234375,344.6666564941406,325.0833435058594,343.3333435058594,70711200,346.9395034790039,310.6701995849609,335.11132487727104,47.84573837858246,5.518262499334185,9.889529463106635,-4.371266963772451,378.79234382131597,346.9395034790039,315.08666313669187,-0.4719852436572262
2022-04-21,336.260009765625,364.0733337402344,332.1400146484375,358.24334716796875,105416400,347.10066986083984,311.24873291015626,335.22072343806667,51.62986409242938,5.007122304190489,8.913048031323406,-3.9059257271329173,378.70212818729306,347.10066986083984,315.49921153438663,-0.5466861254675592
2022-04-22,335.01666259765625,344.95001220703125,331.3333435058594,338.3033447265625,69696600,346.95283660888674,311.73573303222656,335.20128907231333,51.157721764473855,4.450410727026963,8.020520570464118,-3.570109843437155,378.75075667874535,346.95283660888674,315.15491653902814,-0.09684741888245406
2022-04-25,332.67333984375,336.2066650390625,325.1000061035156,326.3233337402344,68341200,346.7425033569336,312.35886657714843,334.96053200292636,50.22549711403831,3.7765920269201843,7.171734861755331,-3.3951428348351467,378.85821879717184,346.7425033569336,314.6267879166953,0.1921729422473377
2022-04-26,292.1400146484375,333.3333435058594,291.6666564941406,331.80999755859375,136133700,343.1521713256836,312.46833374023436,330.88238749297506,37.49714029505629,-0.027794343751565975,5.731829020653952,-5.759623364405518,382.10017548326437,343.1521713256836,304.2041671681028,-0.8322962852170611
2022-04-27,293.836669921875,306.0,292.4533386230469,299.52667236328125,76956300,339.51783752441406,312.5066668701172,327.35422391477505,38.203101504130075,-2.872776471681675,4.010907922186827,-6.883684393868502,382.42791645985807,339.51783752441406,296.60775858897006,-0.18771385688913939
2022-04-28,292.5033264160156,300.0,273.8999938964844,299.99334716796875,124948500,335.9098373413086,312.2072003173828,324.0350908196551,37.84137446418704,-5.1753764644398075,2.1736510448615,-7.349027509301307,381.78813182529603,335.9098373413086,290.0315428573212,-0.24461115438278458
2022-04-29,290.2533264160156,311.4666748046875,290.0,300.75,88133100,332.46250305175784,311.85633361816406,320.8177799240704,37.20124911442326,-7.0999163281171604,0.31893757026576774,-7.418853898382928,381.1009487389188,332.46250305175784,283.82405736459685,-0.335503106765604
2022-05-02,300.9800109863281,302.1199951171875,282.6766662597656,286.92333984375,75781500,329.43500366210935,312.0336004638672,318.92846859666633,42.21944391570887,-7.671146041023235,-1.279079151992033,-6.392066889031202,377.9971389982072,329.43500366210935,280.8728683260115,0.454145269011186
2022-05-03,303.0833435058594,308.02667236328125,296.1966552734375,301.05999755859375,63709500,325.4983367919922,312.3820672607422,317.4194090642085,43.17826616287784,-7.863483010647769,-2.5959599237231803,-5.267523086924589,368.9311076061099,325.4983367919922,282.0655659778745,0.06710639356434284
2022-05-04,317.5400085449219,318.5,295.09332275390625,301.3133239746094,81643800,323.1876708984375,313.2560009765625,317.4308947290383,49.394138331156796,-6.771323789879659,-3.4310326969544764,-3.340291092925183,363.0000687736713,323.1876708984375,283.3752730232037,0.49187588766266965
2022-05-05,291.09332275390625,315.20001220703125,285.8999938964844,313.00665283203125,92519100,320.31300354003906,313.984267578125,314.92255454093043,40.63642198286519,-7.948184534260577,-4.334463064415697,-3.6137214698448794,360.6733774379121,320.31300354003906,279.952629642166,-0.6044258600601681
2022-05-06,288.54998779296875,296.0,281.03668212890625,295.6666564941406,72903000,317.11950225830077,314.4168005371094,312.41088151731503,39.90368940400836,-8.982535945867312,-5.26407764070602,-3.718458305161292,356.9161327251413,317.11950225830077,277.3228717914602,-0.23615593440520571
2022-05-09,262.3699951171875,281.8766784667969,260.3833312988281,278.8166809082031,90810300,313.14650268554686,314.2650671386719,307.645082812541,33.256255457816266,-11.778992610625835,-6.567060634689984,-5.211931975935851,357.8456413072996,313.14650268554686,268.4473640637941,-0.5298053603708446
2022-05-10,266.67999267578125,275.1199951171875,258.0833435058594,273.10333251953125,84401700,310.2150024414062,313.7958001708984,303.74364565665906,35.17096423492828,-13.491897683917784,-7.9520280445355445,-5.53986963938224,358.8552677346104,310.2150024414062,261.5747371482021,-0.23095510154197543
2022-05-11,244.6666717529297,269.92333984375,242.39999389648438,265.0,97224600,305.99916915893556,312.92666717529295,298.11726718963723,30.377615137362596,-16.436211901181196,-9.648864815864675,-6.7873470853165205,361.5297828643405,305.99916915893556,250.4685554535306,-0.6453540240241581
2022-05-12,242.6666717529297,253.22000122070312,226.6666717529297,233.6666717529297,140313000,301.09300231933594,311.9140673828125,292.836258100427,29.977868654681075,-18.715247690761544,-11.46214139084405,-7.253106299917494,360.65379236418846,301.09300231933594,241.53221227448344,0.3671837220810894
2022-05-13,256.5299987792969,262.45001220703125,250.52333068847656,257.82666015625,92150700,297.5028350830078,311.44940063476565,289.37851911746225,36.24104082290786,-19.1816314361555,-13.006039399906339,-6.17559203624916,358.69675248447874,297.5028350830078,236.3089176815369,-0.05024962403003217
2022-05-16,241.4566650390625,256.586669921875,239.69667053222656,255.72000122070312,86098500,292.8375015258789,310.68993408203124,284.8145330147575,32.80523430875975,-20.530868897594985,-14.511005299444069,-6.019863598150916,356.1478468498121,292.8375015258789,229.52715620194573,-0.5063222027090621
2022-05-17,253.8699951171875,254.82666015625,242.9499969482422,249.1199951171875,80236200,288.3951675415039,310.4034674072266,281.8674341673699,38.016772175183384,-20.36375660163486,-15.681555559882227,-4.682201041752634,349.5128362295971,288.3951675415039,227.27749885341072,0.1883936327233621
2022-05-18,236.60333251953125,253.5,233.60333251953125,248.17333984375,87811800,283.9386672973633,309.6395343017578,277.5565673437662,34.05968299795464,-21.37816014846902,-16.820876477599587,-4.557283670869435,346.4972710017354,283.9386672973633,221.38006359299118,-0.435129309025627
2022-05-19,236.47332763671875,244.6666717529297,231.3699951171875,235.6666717529297,90296700,278.94933319091797,308.6425341796875,273.6438778478569,34.03096125713438,-21.93966576529033,-17.844634335137734,-4.095031430152595,339.91729359982094,278.94933319091797,217.98137278201497,0.034215317706281966
2022-05-20,221.3000030517578,240.52667236328125,211.0,237.99667358398438,144973200,273.26350021362305,307.47986785888673,268.6587469148951,30.76960768888101,-23.33997479646868,-18.943702427403924,-4.396272369064757,333.4611528055374,273.26350021362305,213.06584762170868,-0.6053510718584004
2022-05-23,224.96665954589844,226.65333557128906,212.68666076660156,218.33999633789062,88903500,267.87816619873047,306.67686767578124,264.49759573689545,32.4542051604804,-23.878603578668788,-19.9306826576569,-3.947920921011889,325.04774939198285,267.87816619873047,210.7085830054781,0.2945141701132126
2022-05-24,209.3866729736328,217.97332763671875,206.85667419433594,217.8433380126953,89092500,263.74049911499026,305.75546783447265,259.2489364261085,29.202568980417368,-25.271333278992984,-20.998812781924116,-4.272520497068868,325.11153124585593,263.74049911499026,202.36946698412456,-0.36980689801632555
2022-05-25,219.60000610351562,223.10667419433594,207.6699981689453,207.9499969482422,92139300,260.02866592407224,304.8015347290039,255.4728478239568,33.8794118595726,-25.2597720449088,-21.851004634521054,-3.408767410387746,322.6370797952982,260.02866592407224,197.4202520528463,0.5081490079551292
2022-05-26,235.91000366210938,239.55667114257812,217.8866729736328,220.47332763671875,106003200,257.19899978637693,303.9182015991211,253.60971980854276,40.62486281074686,-23.661771021565812,-22.213157911930004,-1.448613109635808,318.7880142671702,257.19899978637693,195.60998530558368,0.6044697722933591
2022-05-27,253.2100067138672,253.26666259765625,240.17666625976562,241.0833282470703,89295000,255.34683380126953,303.1717352294922,253.57165189476413,46.821899511647345,-20.760068882093407,-21.922540105962685,1.1624712238692787,315.0473307902272,255.34683380126953,195.64633681231186,0.46447931211811355
2022-05-31,252.75332641601562,259.6000061035156,244.7433319091797,257.9466552734375,101914500,252.9354995727539,302.19086853027346,253.49371613488333,46.683385863276825,-18.286503880545126,-21.195332860879173,2.9088289803340466,308.84398813927646,252.9354995727539,197.0270110062314,-0.19865647964945982
2022-06-01,246.7899932861328,257.32666015625,243.63999938964844,251.72000122070312,77247900,250.12083206176757,300.9856015014648,252.85526633976423,44.8188706649797,-16.6158398825074,-20.27943426520482,3.6635943826974184,301.09790416559997,250.12083206176757,199.14375995793515,-0.19338648751792314
2022-06-02,258.3333435058594,264.2099914550781,242.06666564941406,244.1566619873047,93473100,247.16049880981444,299.525735168457,253.37698797463042,49.0600765300921,-14.196723742499586,-19.062892160663775,4.8661684181641895,288.00199224160974,247.16049880981444,206.31900537801917,0.5231295200897337
2022-06-03,234.51666259765625,247.79666137695312,233.4166717529297,243.22666931152344,112393800,244.33166580200196,297.55533477783206,251.5807665101567,41.903812492910795,-14.03952497314782,-18.058218723160586,4.0186937500127655,280.13631795624696,244.33166580200196,208.52701364775697,-0.34354153021663303
2022-06-06,238.27999877929688,244.86666870117188,234.35000610351562,244.35333251953125,84204600,241.81816635131835,295.5614682006836,250.3140267262653,43.310941260104805,-13.456159803488958,-17.13780693922626,3.6816471357373004,271.36431555461564,241.81816635131835,212.27201714802104,-0.24355252675242117
2022-06-07,238.8866729736328,239.99667358398438,230.0933380126953,234.0,72808500,240.6440002441406,293.6016015625,249.22570732125266,43.548313712925165,-12.797365107444705,-16.269718572869948,3.4723534654252433,268.6565593224342,240.6440002441406,212.63144116584704,0.20584843215531848
2022-06-08,241.86666870117188,249.9633331298828,239.17666625976562,240.086669921875,76210500,239.40333404541016,291.1600018310547,248.52484650029257,44.77162818658248,-11.897656041310654,-15.39530606655809,3.4976500252474363,264.7661189654317,239.40333404541016,214.04054912538862,0.0740042981984699
2022-06-09,239.7066650390625,255.54666137695312,239.32666015625,249.33999633789062,96491400,239.15533370971679,288.6236682128906,247.68501969446112,44.02689150122155,-11.229477936430158,-14.562140440532506,3.3326625041023483,264.4041495117879,239.15533370971679,213.90651790764562,-0.3682121288761918
2022-06-10,232.22999572753906,239.5,227.913330078125,235.1566619873047,97536600,238.63349990844728,285.9750015258789,246.21311264999235,41.45632397365066,-11.174434774421059,-13.884599307310218,2.7101645328891593,264.00158260314583,238.63349990844728,213.26541721374872,-0.12381739907013961
2022-06-13,215.73666381835938,226.63333129882812,214.68333435058594,223.1666717529297,102767400,236.59383316040038,283.1057345581055,243.31059371364637,36.40651436900082,-12.319673192674145,-13.571614084383004,1.251940891708859,262.43362309865483,236.59383316040038,210.75404322214592,-0.3211558698734424
2022-06-14,220.88999938964844,226.3300018310547,211.73666381835938,218.2866668701172,97988700,235.56549987792968,280.2929345703125,241.17529901612275,38.91040950459993,-12.665452327297572,-13.390381732965919,0.7249294056683464,262.17485009430334,235.56549987792968,208.95614966155605,0.11869985418192207
2022-06-15,233.0,235.663330078125,218.14999389648438,220.9166717529297,119131800,234.52200012207032,277.31660095214846,240.39669910982536,44.445945650137574,-11.825986331919808,-13.077502652756698,1.25151632083689,259.78080850068625,234.52200012207032,209.26319174345443,0.4982407093847363
2022-06-16,213.10000610351562,225.1666717529297,208.69332885742188,222.73666381835938,107390700,233.34683380126953,274.30353454589846,237.79701406160538,38.30370628410841,-12.620979879056534,-12.986198098016665,0.3652182189601305,260.2428802359765,233.34683380126953,206.45078736656257,-0.40753192206730604
2022-06-17,216.75999450683594,220.97000122070312,213.19667053222656,213.43333435058594,92641800,232.36116714477538,271.66700103759763,235.79348838972257,39.94746246575797,-12.80804435385258,-12.95056734918385,0.14252299533126944,260.1565051280104,232.36116714477538,204.56582916154036,0.15461410998642225
2022-06-21,237.0366668701172,243.57666015625,224.3333282470703,224.60333251953125,122793000,233.14800033569335,269.3593341064453,235.91188634023635,48.18398664078955,-11.1911318951108,-12.59868025836924,1.4075483632584405,260.5342482904379,233.14800033569335,205.76175238094882,0.5031899943955146
2022-06-22,236.086669921875,246.8333282470703,233.82666015625,234.50332641601562,101107500,233.7040008544922,267.2444677734375,235.9285323956305,47.852832285230434,-9.872569105413731,-12.05345802777814,2.1808889223644083,260.8537765275015,233.7040008544922,206.55422518148288,0.06741660559986808
2022-06-23,235.07000732421875,239.31666564941406,228.6366729736328,237.9066619873047,104202600,234.9881675720215,265.43966796875,235.8467681031151,47.47677992650987,-8.808100470502154,-11.404386516322944,2.59628604582079,259.73934310255163,234.9881675720215,210.2369920414914,-0.11867208739819154
2022-06-24,245.7066650390625,246.06666564941406,236.086669921875,237.47000122070312,95770800,236.29350051879882,263.77413452148437,236.78580590653866,51.74905776988055,-7.025229551703546,-10.528555123399064,3.503325571695518,260.4062201631976,236.29350051879882,212.18078087440003,0.33357963792941153
2022-06-27,244.9199981689453,252.07000732421875,242.56666564941406,249.36666870117188,89178300,236.74400024414064,261.85673431396486,237.56049088391072,51.41595639624922,-5.611087818047821,-9.545061662328814,3.9339738442809935,261.1461584891201,236.74400024414064,212.34184199916112,-0.17645226534329883
2022-06-28,232.663330078125,249.97000122070312,232.3433380126953,244.48333740234375,90391200,235.7166664123535,259.94333404541015,237.09409461669304,46.40412124093874,-5.416937899288456,-8.719436909720743,3.302499010432287,258.96205666061195,235.7166664123535,212.47127616409503,-0.4490173762220561
2022-06-29,228.49000549316406,231.17333984375,222.27333068847656,230.5,82897200,234.50350036621094,257.81786743164065,236.27465755730933,44.80272889515004,-5.536009435251202,-8.082751414826836,2.546741979575634,256.568324162559,234.50350036621094,212.43867656986288,-0.0869811376065477
2022-06-30,224.47332763671875,229.4566650390625,218.8633270263672,224.50999450683594,94600500,233.38766708374024,255.45300048828125,235.15072137439594,43.25550864617589,-5.886629419949827,-7.643527015851435,1.7568975959016075,255.1087491205367,233.38766708374024,211.6665850469438,-0.0016331939964150265
2022-07-01,227.26333618164062,230.22999572753906,222.1199951171875,227.0,74460300,231.83416671752929,253.4836004638672,234.39954183222878,44.684461924736716,-5.871682806999729,-7.289158174081093,1.417475367081364,250.41361995669212,231.83416671752929,213.25471347836645,0.011600192481022925
2022-07-05,233.06666564941406,233.14666748046875,216.1666717529297,223.0,84581100,231.76166687011718,251.41973358154297,234.27260124338926,47.638156769291555,-5.3301150722791135,-6.897349553720698,1.5672344814415844,250.30997438451803,231.76166687011718,213.21335935571634,0.42306553443278827
2022-07-06,231.73333740234375,234.56333923339844,227.18666076660156,230.77999877929688,71853600,231.43433380126953,249.35406707763673,234.0307665918611,47.01697640842518,-4.951430182195594,-6.5081656794156775,1.5567354972200835,249.74044082141546,231.43433380126953,213.1282267811236,0.04128593108151382
2022-07-07,244.5433349609375,245.3633270263672,232.2100067138672,233.9199981689453,81930600,231.71716690063477,247.59146697998048,235.0319635793922,53.31541526766961,-3.576433039339804,-5.921819151400504,2.3453861120607,250.63951576216613,231.71716690063477,212.7948180391034,0.42529942873479704
2022-07-08,250.76333618164062,254.97999572753906,241.16000366210938,242.3333282470703,101854200,232.1620002746582,246.76393341064454,236.5301895415111,56.04756931922858,-1.9622165703301846,-5.12989863518644,3.1676820648562556,252.39100457569197,232.1620002746582,211.93299597362443,0.3344836761776345
2022-07-11,234.3433380126953,253.06333923339844,233.6266632080078,252.10333251953125,99241200,231.89383392333986,245.57406677246092,236.32191796733818,48.05261435141108,-1.9850130189669528,-4.500921511942543,2.5159084929755906,251.85610372983615,231.89383392333986,211.93156411684356,-0.6071991789294026
2022-07-12,233.07000732421875,239.77333068847656,228.3699951171875,236.84666442871094,87930900,231.93583450317382,244.385400390625,236.012212191803,47.4869146139906,-2.0818284906950737,-4.01710290769305,1.9352744169979763,251.90429051395728,231.93583450317382,211.96737849239037,-0.1581179420819761
2022-07-13,237.0399932861328,242.05999755859375,225.03334045410156,225.5,97954500,233.0010009765625,243.32113372802735,236.11009610554868,49.483706850315166,-1.8172624902074972,-3.57713482419594,1.7598723339884428,251.62702519515653,233.0010009765625,214.37497675796845,0.47130865422330936
2022-07-14,238.31333923339844,238.65333557128906,229.3333282470703,234.89666748046875,78557400,233.87216796875,242.06780029296874,236.31992878439152,50.13860221328733,-1.4876944371637535,-3.1592467467895027,1.6715523096257492,251.76635602358797,233.87216796875,215.97797991391204,0.1444370639764813
2022-07-15,240.06666564941406,243.6233367919922,236.88999938964844,240.0,69683100,234.2255012512207,240.80746673583985,236.67676086677463,51.07905357558346,-1.0726655711121396,-2.7419305116540302,1.6692649405418907,252.31485760842443,234.2255012512207,216.13614489401695,0.002777728248111528
2022-07-18,240.54666137695312,250.51666259765625,239.60333251953125,244.93666076660156,82537500,235.59783401489258,239.26759979248047,237.04532282012497,51.349584999935125,-0.6969861385772731,-2.332941637038679,1.635955498461406,251.03887441315615,235.59783401489258,220.15679361662902,-0.17733516979092617
2022-07-19,245.52999877929688,247.13999938964844,236.97666931152344,245.0,80890200,237.0363342285156,238.35633331298828,237.85338719718897,54.18242823329679,0.002823649932764738,-1.8657885796443903,1.868612229577155,250.4118841999235,237.0363342285156,223.66078425710774,0.021629229401808683
2022-07-20,247.5,250.663330078125,243.48333740234375,246.78334045410156,88864200,237.55950088500975,237.5353335571289,238.77211222602813,55.290746017182535,0.708226588451879,-1.3509855460251365,2.059212134477016,251.69131548502122,237.55950088500975,223.4276862849983,0.029031868761836107
2022-07-21,271.7066650390625,273.26666259765625,254.86666870117188,255.10667419433594,142032300,239.34050064086915,237.72206695556642,241.90873630346,66.13191328044016,3.183837764613429,-0.44402088389742345,3.6278586485108524,259.8293332359973,239.34050064086915,218.851668045741,0.572146274681793
2022-07-22,272.24334716796875,280.78668212890625,270.71331787109375,276.2200012207031,103472700,241.19916763305665,237.83333404541017,244.79774686198465,66.32686587456658,5.129948368588771,0.6707729665998154,4.459175401988955,266.0757777004163,241.19916763305665,216.32255756569697,-0.1429804472325751
2022-07-25,268.4333190917969,274.14666748046875,267.3999938964844,272.2166748046875,64073400,242.33550033569335,238.3086669921875,247.04875374101437,63.5309787941181,6.292284085073277,1.795075190294508,4.497208894778769,269.8665194770478,242.33550033569335,214.8044811943389,-0.13809522421310658
2022-07-26,258.8599853515625,267.30999755859375,256.2633361816406,266.5133361816406,66820800,243.03249969482422,238.63253326416014,248.17363294201894,57.02631080157161,6.367554287256667,2.7095710096869396,3.657983277569727,271.4805150514889,243.03249969482422,214.58448433815954,-0.2795241100216304
2022-07-27,274.82000732421875,275.9266662597656,261.7900085449219,263.80999755859375,88110000,245.1403335571289,238.99833343505858,250.71138288318085,63.699158981913854,7.627126092629254,3.6930820262754027,3.9340440663538514,276.31889856449425,245.1403335571289,213.96176854976358,0.39469238844905336
2022-07-28,280.8999938964844,283.29998779296875,272.79998779296875,280.0666809082031,84723000,247.7608329772949,239.78720001220702,253.58648869397166,65.8731541513519,9.012064457673091,4.75687851255494,4.255185945118151,281.59777763345187,247.7608329772949,213.92388832113795,0.0297453149478282
2022-07-29,297.1499938964844,298.32000732421875,279.1000061035156,280.70001220703125,95313000,251.3946662902832,240.65279998779297,257.73539395135384,70.89087471391522,11.290724835326586,6.06364777710927,5.227077058217316,289.75501180150536,251.3946662902832,213.03432077906103,0.5270373956817084
2022-08-01,297.27667236328125,311.8766784667969,295.0,301.27667236328125,117042900,254.89533309936525,241.86626678466797,261.50122999058505,70.92676177091037,12.957436235849968,7.44240546885741,5.515030766992559,296.4533036104667,254.89533309936525,213.33736258826377,-0.13199366804475066
2022-08-02,300.586669921875,307.8333435058594,292.6666564941406,294.0033264160156,95577600,258.2713333129883,243.1485336303711,265.2236528411841,71.90152903355887,14.37964655448576,8.82985368598308,5.54979286850268,303.0342298996654,258.2713333129883,213.50843672631123,0.2202517843700193
2022-08-03,307.39666748046875,309.54998779296875,301.1499938964844,305.0,80091000,262.0544998168945,244.8704669189453,269.24013042587785,73.84453419001885,15.873290950632509,10.238541138912966,5.6347498117195425,309.8904085222498,262.0544998168945,214.21859111153924,0.07841792565843993
2022-08-04,308.6333312988281,313.6066589355469,305.0,311.0,72256200,265.2589996337891,246.5438003540039,272.9918638423493,74.19352130793835,16.96128420434161,11.583089751998696,5.378194452342914,316.44286637794147,265.2589996337891,214.07513288963668,-0.07595211553460972
2022-08-05,288.1700134277344,304.6066589355469,285.5433349609375,302.6700134277344,113172900,267.12933349609375,248.11946716308594,274.43740189810023,59.94131015988436,15.98800815750974,12.464073433100905,3.523934724408834,318.78931490033835,267.12933349609375,215.46935209184917,-0.4454981686503069
2022-08-08,290.42333984375,305.20001220703125,289.086669921875,295.0,98994000,269.9333335876465,249.53593383789064,275.9598721786383,60.83351304689496,15.223022955628323,13.01586333760639,2.207159618021933,320.24080678011194,269.9333335876465,219.625860395181,-0.15390820699956498
2022-08-09,283.3333435058594,292.39666748046875,279.35333251953125,290.2933349609375,86244600,272.44650039672854,250.48440063476562,276.66210754313556,56.56459194952083,13.884610078702849,13.189612685825683,0.6949973928771662,320.0879625687736,272.44650039672854,224.80503822468344,-0.2352663931722314
2022-08-10,294.3566589355469,297.510009765625,283.3699951171875,297.0666809082031,94918800,275.31233367919924,251.30733367919922,278.3473029138414,61.13151553804668,13.557119624463382,13.263114073553224,0.2940055509101587,320.94284733578036,275.31233367919924,229.68182002261813,-0.0909738221613655
2022-08-11,286.6300048828125,298.2366638183594,285.8333435058594,296.5133361816406,70155000,277.7281669616699,251.98486724853515,279.13613167279107,56.636414025670426,12.529670431043826,13.116425345051343,-0.5867549140075177,320.27968389189465,277.7281669616699,235.17665003144512,-0.32149923347487774
2022-08-12,300.0299987792969,300.1600036621094,285.0333251953125,289.4166564941406,79657200,280.72633361816406,253.04966735839844,281.12602377817257,61.87253941344006,12.650845984283137,13.023309472897703,-0.37246348861456546,320.60705808661487,280.72633361816406,240.84560914971328,0.351115002223617
2022-08-15,309.32000732421875,313.1333312988281,301.2300109863281,301.78668212890625,89359200,284.16500091552734,254.06940063476563,283.8111650682722,65.02559335240058,13.342698213518133,13.08718722102179,0.2555109924963439,321.3646363427746,284.16500091552734,246.96536548828013,0.24456535006686475
2022-08-16,306.5633239746094,314.6666564941406,302.8833312988281,311.6666564941406,88136400,287.21666717529297,255.5103338623047,285.97803734506624,63.35140159216423,13.512787775901302,13.172307331997693,0.34048044390360843,321.1042239658708,287.21666717529297,253.32911038471516,-0.1622953999422097
2022-08-17,303.9966735839844,309.65667724609375,300.0333251953125,303.39666748046875,68766000,290.0415008544922,256.8246673583984,287.69409793924893,61.75709353194441,13.287309905856489,13.195307846769454,0.09200205908703474,319.32082387751706,290.0415008544922,260.76217783146734,0.019773714048784037
2022-08-18,302.8699951171875,306.5,301.85333251953125,306.0,47500500,291.59966735839845,258.10433380126955,289.139421480005,61.03101339457725,12.869353635326377,13.130117004480839,-0.2607633691544624,320.1171714112587,291.59966735839845,263.0821633055382,-0.10193248984841753
2022-08-19,296.6666564941406,300.3599853515625,292.5,299.0,61395300,292.82083282470705,259.2003335571289,289.8563010051608,57.053683844015964,11.900382494635835,12.884170102511838,-0.9837876078760033,319.97749879345116,292.82083282470705,265.66416685596295,-0.07788021250278843
2022-08-22,289.913330078125,292.3999938964844,286.2966613769531,291.913330078125,55843200,293.89483337402345,260.2044668579102,289.8617323454431,53.003952721688165,10.46687328290676,12.400710738590822,-1.9338374556840616,318.7063457633946,293.89483337402345,269.0833209846523,-0.06840648440579078
2022-08-23,296.4533386230469,298.82666015625,287.92333984375,291.4533386230469,63984900,295.77450103759764,261.48893371582034,290.48950437188154,56.24312505146077,9.746183006270599,11.869805192126778,-2.1236221858561795,314.67687177717534,295.77450103759764,276.87213029801995,0.1698906368478633
2022-08-24,297.0966796875,303.64666748046875,296.5,297.5633239746094,57259800,296.8883346557617,263.11613403320314,291.1187591638452,56.5603060192226,9.121792669246872,11.320202687550797,-2.1984100183039246,313.1631184693882,296.8883346557617,280.61355084213517,-0.015680898793440406
2022-08-25,296.07000732421875,302.9599914550781,291.6000061035156,302.3599853515625,53230000,297.64683532714844,264.6197341918945,291.5903066076903,55.86436731802984,8.446746117878206,10.74551137361628,-2.2987652557380738,312.19248137617836,297.64683532714844,283.1011892781185,-0.20507958764607398
2022-08-26,288.0899963378906,302.0,287.4700012207031,297.42999267578125,57163900,297.19383544921874,265.72153411865236,291.25694372485225,50.64789465198804,7.1850222041600205,10.033413539725029,-2.848391335565008,312.32566440139493,297.19383544921874,282.06200649704255,-0.3040928531546414
2022-08-29,284.82000732421875,287.739990234375,280.70001220703125,282.8299865722656,41864700,296.5710021972656,267.1559341430664,290.6439021628872,48.6434507104132,5.853757652957881,9.1974823623716,-3.343724709413719,312.63467283947887,296.5710021972656,280.50733155505236,0.07024514214516155
2022-08-30,277.70001220703125,288.4800109863281,272.6499938964844,287.8699951171875,50541800,295.4266693115234,268.37473449707034,289.41115073851995,44.51265165017543,4.176057808303597,8.193197451558,-4.017139643254403,313.33759499043094,295.4266693115234,277.5157436326159,-0.3392846352250715
2022-08-31,275.6099853515625,281.25,271.80999755859375,280.6199951171875,52107300,293.83733520507815,269.14620086669925,288.09675403500023,43.34894091841698,2.647304416661825,7.084018844578765,-4.4367144279169395,312.82631486351664,293.83733520507815,274.84835554663965,-0.17666060084409996
2022-09-01,277.1600036621094,277.5799865722656,266.1499938964844,272.5799865722656,54287000,292.2636688232422,269.9676675415039,287.05515876139157,44.5076236683445,1.5430426284200962,5.975823601347032,-4.432780972926936,311.30357487187786,292.2636688232422,273.22376277460654,0.16646111537594935
2022-09-02,270.2099914550781,282.3500061035156,269.0799865722656,281.07000732421875,50890100,291.36566772460935,270.67046722412107,285.4508571131712,40.5070644687479,0.10587879914083942,4.801834640905794,-4.695955841764954,312.6544848040215,291.36566772460935,270.0768506451972,-0.36823628165613415
2022-09-06,274.4200134277344,275.989990234375,265.739990234375,272.67999267578125,55860000,290.5655014038086,271.2447341918945,284.40030057170105,43.802313276861085,-0.6854686453434624,3.7043739836559424,-4.389842628999405,313.10227383509795,290.5655014038086,268.0287289725192,0.06372535134999581
2022-09-07,283.70001220703125,283.8399963378906,272.2699890136719,273.1000061035156,50028900,290.5838348388672,272.02033447265626,284.3336064417325,50.332735935682635,-0.5573737930115499,2.852024428322444,-3.4093982213339937,313.0976291430354,290.5838348388672,268.07004053469893,0.3697525479667468
2022-09-08,289.260009765625,289.5,279.760009765625,281.29998779296875,53713100,290.3290023803711,273.15226806640624,284.8027877106747,53.796951050513805,-0.00713017134785332,2.2801935083883844,-2.2873236797362377,312.7815041980928,290.3290023803711,267.87650056264937,0.2756541526978759
2022-09-09,299.67999267578125,299.8500061035156,291.25,291.6700134277344,54338100,290.9815017700195,274.5760678100586,286.2196643740182,59.49838439696126,1.2552773446842593,2.0752102756475597,-0.8199329309633003,313.72273092467196,290.9815017700195,268.2402726153671,0.26792286518954184
2022-09-12,304.4200134277344,305.489990234375,300.3999938964844,300.7200012207031,48674600,291.2010025024414,276.1750015258789,287.95303095056255,61.80721797457742,2.608159220994196,2.181800064716887,0.426359156277309,314.3681007382543,291.2010025024414,268.03390426662844,0.12242131332123675
2022-09-13,292.1300048828125,297.3999938964844,290.3999938964844,292.8999938964844,68229600,290.3415023803711,277.47233489990236,288.35083799172924,53.31997147385361,2.657987254736213,2.277037502720752,0.3809497520154608,311.98110544435264,290.3415023803711,268.70189931638953,-0.026282407075558047
2022-09-14,302.6099853515625,306.0,291.6400146484375,292.239990234375,72628700,290.1438354492187,278.86320129394534,289.7088520259991,58.5472318049342,3.50274569742885,2.522179141662372,0.9805665557664778,311.2528327636299,290.1438354492187,269.03483813480756,0.34066547183933116
2022-09-15,303.75,309.1199951171875,300.7200012207031,301.8299865722656,64795500,290.13150177001955,280.30353454589846,291.0461042139992,59.0839805468259,4.215617489756482,2.8608668112811944,1.354750678475288,311.20837243480827,290.13150177001955,269.05463110523084,0.0635267499854519
2022-09-16,303.3500061035156,303.7099914550781,295.6000061035156,299.6099853515625,87087800,290.15550231933594,281.47966796875,292.2179043939531,58.796310141367094,4.6941857057949505,3.227530590183946,1.4666551156110046,311.29135105380897,290.15550231933594,269.0196535848629,0.12418527559342454
2022-09-19,309.07000732421875,309.8399963378906,297.79998779296875,300.0899963378906,60231200,290.77566986083986,282.64580139160154,293.8228665777879,61.67031888776006,5.471933713678425,3.676411214882842,1.7955224987955827,313.32025556975714,290.77566986083986,268.2310841519226,0.29062055256926567
2022-09-20,308.7300109863281,313.3299865722656,305.5799865722656,306.9100036621094,61642800,291.71650390625,284.1335348510742,295.24259461669646,61.39618912369816,5.991800009553913,4.139488973817056,1.8523110357368564,315.5710761525221,291.71650390625,267.8619316599779,0.05923159495254473
2022-09-21,300.79998779296875,313.79998779296875,300.6300048828125,308.2900085449219,62555700,291.93383636474607,285.4881344604492,295.77187015729385,55.229704927991364,5.698225599051,4.451236298863845,1.2469893001871544,316.0350002109125,291.93383636474607,267.83267251857967,-0.2382837235171339
2022-09-22,288.5899963378906,301.2900085449219,285.82000732421875,299.8599853515625,70545400,291.5085021972656,286.5191345214844,295.08788217449353,47.3448370647653,4.429263701539128,4.446841779398902,-0.017578077859774055,315.5303198868917,291.5085021972656,267.48668450763955,-0.3590907959409087
2022-09-23,275.3299865722656,284.5,272.82000732421875,283.0899963378906,63748400,290.471501159668,287.25946746826173,293.2061778314242,40.570788412976206,2.326808288264374,4.022835081171997,-1.696026792907623,315.39004141119045,290.471501159668,265.5529609081455,-0.2674525771914457
2022-09-26,276.010009765625,284.0899963378906,270.30999755859375,271.8299865722656,58076900,289.8675018310547,287.97833435058595,291.56844753944335,41.03671971329443,0.7073159167841823,3.359731248294434,-2.6524153315102517,315.561217427201,289.8675018310547,264.17378623490845,0.15257273871470384
2022-09-27,282.94000244140625,288.6700134277344,277.510009765625,283.8399963378906,61925200,289.77350158691405,288.826201171875,290.7466908634398,45.70815415751124,-0.01675778949021378,2.6844334407375046,-2.7011912302277183,315.5540036446992,289.77350158691405,263.9929995291289,-0.03169716798905466
2022-09-28,287.80999755859375,289.0,277.57000732421875,283.0799865722656,54664800,290.2790008544922,289.67180114746094,290.4670057867878,48.77926080059735,-0.19537139286984484,2.1084724740160348,-2.3038438668858796,315.48275868474434,290.2790008544922,265.0752430242401,0.16555311708515202
2022-09-29,268.2099914550781,283.6499938964844,265.7799987792969,282.760009765625,77620600,289.909001159668,290.0860009765625,288.3472901361488,39.17468537350291,-1.8966176215204769,1.3074544549087326,-3.2040720764292097,316.158840048289,289.909001159668,263.65916227104697,-0.4734992669657418
2022-09-30,265.25,275.57000732421875,262.4700012207031,266.1499938964844,67726600,289.3135009765625,289.95686767578127,286.14754821842035,37.95912079661982,-3.444013641848187,0.3571608355573488,-3.801174477405536,317.18358242614204,289.3135009765625,261.443419526983,-0.03380240594180006
2022-10-03,242.39999389648438,255.16000366210938,241.00999450683594,254.5,98363500,287.9230010986328,289.36000061035156,281.98111447347407,30.175131410768927,-6.439905442193378,-1.0022524199927967,-5.437653022200582,321.63047941527833,287.9230010986328,254.21552278198732,-0.44258607322063426
2022-10-04,249.44000244140625,257.5,242.00999450683594,250.52000427246094,109578500,286.6740005493164,288.9801342773437,278.88196094661043,34.623294203264265,-8.152128758627441,-2.4322276877197258,-5.719901070907715,323.95236138909434,286.6740005493164,249.39563970953847,-0.043083715713798584
2022-10-05,240.80999755859375,246.6699981689453,233.27000427246094,245.00999450683594,86982700,284.52949981689454,288.6191345214844,275.2560596715612,31.937378662584152,-10.089145948666157,-3.9636113399090123,-6.125534608757145,326.84040959285954,284.52949981689454,242.21859004092954,-0.16976186705089774
2022-10-06,238.1300048828125,244.5800018310547,235.35000610351562,239.44000244140625,69298400,281.9729995727539,287.88533447265627,271.7202449297756,31.129758837528684,-11.705564576551808,-5.512001987237571,-6.1935625893142365,328.7723306922182,281.9729995727539,235.1736684532896,-0.0546563667105572
2022-10-07,223.07000732421875,234.57000732421875,222.02000427246094,233.94000244140625,83916800,278.14250030517576,286.7287347412109,267.0868889673416,26.99816246139507,-14.039960006759713,-7.217593591142,-6.822366415617713,330.7038118650071,278.14250030517576,225.5811887453444,-0.4338655579567211
2022-10-10,222.9600067138672,226.99000549316406,218.36000061035156,223.92999267578125,67925000,274.0694999694824,285.2449349975586,262.88432875272497,26.97000600141199,-15.717677728611505,-8.917610418635903,-6.800067309975603,330.3478628326747,274.0694999694824,217.79113710629014,-0.043289411036099346
2022-10-11,216.5,225.75,215.0,220.9499969482422,77013200,270.2879997253418,283.629401550293,258.4667736334178,25.3011939810727,-17.36833827158324,-10.607755989225371,-6.76058228235787,331.1786250134579,270.2879997253418,209.39737443722572,-0.19872319045809556
2022-10-12,217.24000549316406,219.3000030517578,211.50999450683594,215.3300018310547,66860700,266.0195007324219,281.96246826171875,254.54041476291744,25.867073762460834,-18.404629275635358,-12.167130646507369,-6.237498629127989,329.1753690331161,266.0195007324219,202.86363243172764,0.08846933153608487
2022-10-13,221.72000122070312,222.99000549316406,206.22000122070312,208.3000030517578,91483000,261.91800079345705,280.2489349365234,251.41466109223035,29.3561634530691,-18.649420240423666,-13.463588565290628,-5.185831675133038,325.3935512851143,261.91800079345705,198.44245030179977,0.5677951794496949
2022-10-14,204.99000549316406,226.25999450683594,204.16000366210938,224.00999450683594,94124500,257.00000076293946,278.17606842041016,246.9932653208907,24.683987211886247,-19.963265581523927,-14.763523968537289,-5.199741612986639,322.0940537170899,257.00000076293946,191.90594780878902,-0.6905826598744992
2022-10-17,219.35000610351562,221.86000061035156,209.4499969482422,210.0399932861328,79428800,252.5140007019043,276.79966827392576,244.360573966855,34.34322345665001,-19.6196028732237,-15.73473974947457,-3.8848631237491276,314.9478556743462,252.5140007019043,190.0801457294624,0.41633434637934147
2022-10-18,220.19000244140625,229.82000732421875,217.25,229.5,75891900,248.0870002746582,275.3950015258789,242.05861477395513,34.86942004826601,-19.05975799078385,-16.399743397736426,-2.660014593047425,306.3666118539902,248.0870002746582,189.80738869532624,-0.3847851667974894
2022-10-19,222.0399932861328,222.92999267578125,217.77999877929688,219.8000030517578,66571500,244.1490005493164,274.16913452148435,240.15207939416254,36.084353608840374,-18.256350246378048,-16.77106476746475,-1.4852854789132977,298.1345473417828,244.1490005493164,190.16345375684998,0.10155903739470036
2022-10-20,207.27999877929688,215.5500030517578,202.0,208.27999877929688,117798100,240.08350067138673,272.4276013183594,237.0214050498896,31.099797936876683,-18.596285618156656,-17.136108937603133,-1.4601766805535235,292.28685633382787,240.08350067138673,187.88014500894562,-0.04797543308689829
2022-10-21,214.44000244140625,214.66000366210938,203.8000030517578,206.4199981689453,75713800,237.03900146484375,270.9838012695312,234.8707952776531,35.73724129423806,-18.079524883761877,-17.324792126834883,-0.7547327569269946,287.7457001087783,237.03900146484375,186.3323028209092,0.37009092757413076
2022-10-24,211.25,213.5,198.58999633789062,205.82000732421875,100446800,233.8010009765625,269.2082012939453,232.62119572740042,34.61925047341143,-17.723094020131583,-17.404452505494223,-0.3186415146373598,282.3653636351333,233.8010009765625,185.23663831799172,0.2578672562929263
2022-10-25,222.4199981689453,224.35000610351562,210.0,210.10000610351562,96507900,230.77500076293944,267.47020111083987,231.64965310278566,41.51822482089929,-16.350812503580812,-17.19372450511154,0.8429120015307277,273.95888390527404,230.77500076293944,187.59111762060485,0.5272921551768875
2022-10-26,224.63999938964844,230.60000610351562,218.1999969482422,219.39999389648438,85012500,227.6165008544922,265.8317346191406,230.98206703486784,42.809862107067154,-14.912235007154948,-16.737426605520223,1.8251915983652758,261.99487709651623,227.6165008544922,193.23812461246814,0.23439358113197745
2022-10-27,225.08999633789062,233.80999755859375,222.85000610351562,229.77000427246094,61638800,225.46050109863282,264.25360107421875,230.42091744467953,43.08426797310098,-13.579307183518182,-16.105802721119815,2.526495537601633,254.35669050892724,225.46050109863282,196.5643116883384,-0.2009115676629049
2022-10-28,228.52000427246094,228.86000061035156,216.35000610351562,225.39999389648438,69152400,223.62400131225587,262.7666012573242,230.2398780949444,45.2410086383107,-12.106621706588953,-15.305966518213642,3.199344811624689,246.13466776049577,223.62400131225587,201.11333486401597,0.13754370623258866
2022-10-31,227.5399932861328,229.85000610351562,221.94000244140625,226.19000244140625,61554300,222.8810012817383,261.3840679931641,229.98274620839092,44.71959312579471,-10.893018614381845,-14.423376937447284,3.530358323065439,243.78749134788308,222.8810012817383,201.9745112155935,0.05961316347119107
2022-11-01,227.82000732421875,237.39999389648438,227.27999877929688,234.0500030517578,62688800,221.8000015258789,260.14220153808594,229.776771076565,44.91494563539436,-9.795715714436255,-13.49784469284508,3.7021289784088243,239.01074621095344,221.8000015258789,204.58925684080438,-0.26006885339734137
2022-11-02,214.97999572753906,227.8699951171875,214.82000732421875,226.0399932861328,63070300,220.50850143432618,258.51273468017575,228.36755437665778,38.24146270458666,-9.848647806642077,-12.76800531560448,2.9193575089624026,235.560556066635,220.50850143432618,205.45644680201735,-0.45365578009115914
2022-11-03,215.30999755859375,221.1999969482422,210.13999938964844,211.36000061035156,56538800,219.36750106811525,256.87700103759767,227.12397753684215,38.49439946735115,-9.751558584022462,-12.164715969288077,2.413157385265615,232.19942349086367,219.36750106811525,206.53557864536683,0.18473905441886904
2022-11-04,207.47000122070312,223.8000030517578,203.0800018310547,222.60000610351562,98622200,218.58750076293944,255.10500091552734,225.25217026863845,34.843339847287154,-10.189775469790106,-11.769727869388484,1.579952399598378,232.29126014376897,218.58750076293944,204.88374138210992,-0.5913208956204524
2022-11-07,197.0800018310547,208.89999389648438,196.66000366210938,208.64999389648438,93916500,217.29350051879882,253.28480102539064,222.56910660791618,30.689114265149144,-11.245816850465616,-11.664945665603911,0.41912881513829525,233.7186645984406,217.29350051879882,200.86833643915705,-0.5038977789624646
2022-11-08,191.3000030517578,195.1999969482422,186.75,194.02000427246094,128803400,216.03350067138672,251.4144009399414,219.59109674542492,28.643194231490895,-12.406124765292418,-11.813181485541612,-0.5929432797508056,235.9945144252116,216.03350067138672,196.07248691756183,-0.13928052494270754
2022-11-09,177.58999633789062,195.88999938964844,177.1199951171875,190.77999877929688,127062700,214.05100021362304,249.4122006225586,215.59099194470735,24.47521603204369,-14.26749332798326,-12.304043854029942,-1.9634494739533181,240.08963136295893,214.05100021362304,188.01236906428716,-0.5988629267253774
2022-11-10,190.72000122070312,191.0,180.02999877929688,189.89999389648438,132703000,212.50100021362306,247.7144009399414,213.22232616146886,34.330706420733605,-14.515830207496975,-12.746401124723349,-1.7694290827736268,240.16875580823844,212.50100021362306,184.83324461900767,0.043154190029004634
2022-11-11,195.97000122070312,196.52000427246094,182.58999633789062,186.0,114403600,212.05,246.09060089111327,211.57924759568166,37.82442299784591,-14.126170153469246,-13.02235493047253,-1.103815222996717,240.4764467015357,212.05,183.62355329846432,0.48997054145718894
2022-11-14,190.9499969482422,195.72999572753906,186.33999633789062,192.77000427246094,92226600,210.62999954223633,244.50540100097658,209.61455705783027,35.85987105371352,-14.060355122578699,-13.229954968893765,-0.8304001536849341,240.26749732476884,210.62999954223633,180.99250175970383,-0.09413387527413944
2022-11-15,194.4199981689453,200.82000732421875,192.05999755859375,195.8800048828125,91293800,209.34149932861328,242.90540069580078,208.16745621126978,38.247442506253265,-13.571749458291208,-13.298313866773253,-0.2734355915179556,239.4415731063565,209.34149932861328,179.24142555087008,-0.0743980469570146
2022-11-16,186.9199981689453,192.57000732421875,185.66000366210938,191.50999450683594,66567600,207.58549957275392,240.96980041503906,206.14388877866745,35.19773889967806,-13.632565539452969,-13.365164201309195,-0.26740133814377387,238.60121645868188,207.58549957275392,176.56978268682596,-0.23518779027876277
2022-11-17,183.1699981689453,186.16000366210938,180.89999389648438,183.9600067138672,64336000,206.37999954223633,238.84800018310546,203.95589919678915,33.74874182951953,-13.824001893189887,-13.456931739685334,-0.3670701535045531,239.17277997126735,206.37999954223633,173.58721911320532,-0.04291820068277102
2022-11-18,180.19000244140625,185.19000244140625,176.5500030517578,185.0500030517578,76048900,204.66749954223633,236.45820037841796,201.69248045818125,32.60021214242947,-14.054169614204113,-13.576379314589092,-0.4777902996150214,239.13235531660467,204.66749954223633,170.20264376786798,-0.2567554451715652
2022-11-21,167.8699951171875,176.77000427246094,167.5399932861328,175.85000610351562,92882700,202.4984992980957,233.72720001220702,198.4712913780866,28.310636933094457,-15.057131579731788,-13.872529767617632,-1.1846018121141562,240.32908796968115,202.4984992980957,164.66791062651026,-0.4250146927460035
2022-11-22,169.91000366210938,170.9199981689453,166.19000244140625,168.6300048828125,78452300,199.8729995727539,231.28279998779297,195.75116873846972,29.954182586578085,-15.508601024014922,-14.19974401889709,-1.308857005117833,239.07260709781335,199.8729995727539,160.67339204769448,0.07576030829301762
2022-11-23,183.1999969482422,183.6199951171875,172.5,173.57000732421875,109536700,197.8009994506836,228.89460021972656,194.55581904416232,39.65957064411056,-14.625409801992362,-14.284877175516144,-0.34053262647621807,235.91075462455797,197.8009994506836,159.69124427680924,0.5041230555887825
2022-11-25,182.86000061035156,185.1999969482422,180.6300048828125,185.05999755859375,50672700,195.68949966430665,226.4768002319336,193.4419315742756,39.508750914572985,-13.793901745572867,-14.186682089527489,0.39278034395462136,232.16179782425985,195.68949966430665,159.21720150435345,-0.11832332271899046
2022-11-28,182.9199981689453,188.5,179.0,179.9600067138672,92905200,193.40949935913085,224.0682000732422,192.43984267852986,39.5524359785395,-12.980453728084939,-13.94543641723898,0.9649826891540414,226.97255277542354,193.40949935913085,159.84644594283816,0.16301311578821684
2022-11-29,180.8300018310547,186.3800048828125,178.75,184.99000549316406,83357100,191.07399978637696,221.5033999633789,191.3341435501989,38.509155576736234,-12.361934861245686,-13.628736106040321,1.2668012447946353,221.12946434906726,191.07399978637696,161.01853522368665,-0.22116168861828964
2022-11-30,194.6999969482422,194.75999450683594,180.6300048828125,182.42999267578125,109186400,189.41799926757812,219.2227996826172,191.65470101667918,48.262408504680465,-10.630025199972096,-13.028993924826677,2.3989687248545817,214.4167463620913,189.41799926757812,164.41925217306496,0.5866790369687246
2022-12-01,194.6999969482422,198.9199981689453,191.8000030517578,197.0800018310547,80046200,188.40399932861328,217.10079986572265,191.94472920063757,48.262408504680465,-9.151976032877684,-12.253590346436878,3.1016143135591943,210.66879980125267,188.40399932861328,166.1391988559739,-0.12017973017827627
2022-12-02,194.86000061035156,196.25,191.11000061035156,191.77999877929688,73645900,187.38149948120116,215.22619995117188,192.22237409680082,48.37196738541206,-7.876900455608364,-11.378252368271177,3.5013519126628125,206.22529842658983,187.38149948120116,168.5377005358125,0.15923411183706931
2022-12-05,182.4499969482422,191.27000427246094,180.5500030517578,189.44000244140625,93122700,186.13049926757813,213.3686001586914,191.2916715112238,41.10202073814789,-7.778116173464696,-10.658225129309882,2.880108955845186,202.65269995559822,186.13049926757813,169.60829857955804,-0.3531014378152903
2022-12-06,179.82000732421875,183.64999389648438,175.3300018310547,181.22000122070312,92150800,185.26749954223632,211.44480010986328,190.19913206484236,39.73894309873564,-7.821881322152137,-10.090956367878333,2.2690750457261952,201.20456896880833,185.26749954223632,169.3304301156643,-0.07710050730869915
2022-12-07,174.0399932861328,179.3800048828125,172.22000122070312,175.02999877929688,84213300,184.40449905395508,209.2667999267578,188.66016646687,36.84681876734763,-8.228115748553364,-9.718388244013338,1.4902724954599744,200.80401923486195,184.40449905395508,168.0049788730482,-0.056501804607088986
2022-12-08,173.44000244140625,175.1999969482422,169.05999755859375,172.1999969482422,97624500,184.19699935913087,206.97940002441408,187.21062703587347,36.54945913232166,-8.500485400742747,-9.47480767535922,0.9743222746164726,201.03530644180495,184.19699935913087,167.3586922764568,0.07188540358308443
2022-12-09,179.0500030517578,182.5,173.36000061035156,173.83999633789062,104872300,183.6134994506836,205.19620025634765,186.43342475167196,41.31804451038758,-8.169487382677971,-9.21374361682297,1.0442562341449992,200.3154484500731,183.6134994506836,166.91155045129412,0.2910392069562836
2022-12-12,167.82000732421875,177.3699951171875,167.52000427246094,176.10000610351562,109794500,182.20599975585938,203.24760040283203,184.66071833000976,35.557234231358024,-8.712898994850548,-9.113574692428486,0.4006756975779382,199.24657281916123,182.20599975585938,165.16542669255753,-0.4383506437111661
2022-12-13,160.9499969482422,175.0500030517578,156.91000366210938,174.8699951171875,175862700,180.70599975585938,201.61860046386718,182.40255438888906,32.56587197130122,-9.587391552957087,-9.208338064534207,-0.3790534884228798,199.5859670232339,180.70599975585938,161.82603248848486,-0.6618057441683515
2022-12-14,156.8000030517578,161.6199951171875,155.30999755859375,159.25,140682300,178.825,199.76580047607422,179.9642161663051,30.876062657605587,-10.494330915831824,-9.46553663479373,-1.0287942810380937,199.29412574780463,178.825,158.35587425219535,-0.15264357264683048
2022-12-15,157.6699981689453,160.92999267578125,153.27999877929688,153.44000244140625,122334500,177.3625,198.10300048828125,177.84095730941368,31.67644861657851,-11.015901109125195,-9.775609529660024,-1.2402915794651719,199.42673588758012,177.3625,155.2982641124199,0.2688998144435465
2022-12-16,150.22999572753906,160.99000549316406,150.0399932861328,159.63999938964844,139032200,175.7154998779297,196.34500030517577,175.21134192066373,28.624038736373677,-11.892505858636753,-10.19898879545537,-1.6935170631813818,200.54429804290214,175.7154998779297,150.88670171295723,-0.5295010036783132
2022-12-19,149.8699951171875,155.25,145.82000732421875,154.0,139390600,174.19949951171876,194.88100006103517,172.79788032033267,28.481025304765723,-12.472495316673673,-10.65369009969903,-1.818805216974642,201.34484862542385,174.19949951171876,147.05415039801366,-0.26193249962107684
2022-12-20,137.8000030517578,148.47000122070312,137.66000366210938,146.0500030517578,159563300,172.69599990844728,193.17779998779298,169.46474915189697,24.128301601083663,-13.747614682843192,-11.272475016327864,-2.4751396665153287,204.07752437123338,172.69599990844728,141.31447544566117,-0.5115855419386229
2022-12-21,137.57000732421875,141.25999450683594,135.88999938964844,139.33999633789062,145417400,171.07900009155273,191.59920013427734,166.42715469211808,24.05286713853195,-14.608319091208813,-11.939643831304053,-2.6686752599047594,206.0011426370156,171.07900009155273,136.15685754608987,-0.12634778702664085
2022-12-22,125.3499984741211,136.6300048828125,122.26000213623047,136.0,210090300,168.18650016784667,189.76139999389648,162.51504457611836,20.403025259001595,-16.090999101859666,-12.769914885415176,-3.32108421644449,207.87194361448724,168.18650016784667,128.5010567212061,-0.6544757653210435
2022-12-23,123.1500015258789,128.6199951171875,121.0199966430664,126.37000274658203,166989700,165.20100021362305,187.79,158.76599285704793,19.819923419876375,-17.24476810776372,-13.664885529884884,-3.579882577878834,208.81150927495116,165.20100021362305,121.59049115229493,-0.2494323432517696
2022-12-27,109.0999984741211,119.66999816894531,108.76000213623047,117.5,208643400,161.51000022888184,185.87219985961914,154.03589815391206,16.56412588530037,-19.072994573979628,-14.746507338703834,-4.326487235275794,210.6430286167771,161.51000022888184,112.3769718409866,-0.6137364053496711
2022-12-28,112.70999908447266,116.2699966430664,108.23999786376953,110.3499984741211,221070500,158.10400009155273,183.7393997192383,150.1000982425369,20.19172176155398,-20.00003241678195,-15.79721235431946,-4.202820062462489,210.7280122987291,158.10400009155273,105.47998788437636,0.2106629985069641
2022-12-29,121.81999969482422,123.56999969482422,117.5,120.38999938964844,221923300,154.46000022888182,181.77199966430663,147.40675552370712,28.62520120085948,-19.77169982422828,-16.592109848301224,-3.1795899759270547,206.53325690210576,154.46000022888182,102.38674355565789,0.11822517100707156
2022-12-30,123.18000030517578,124.4800033569336,119.75,119.94999694824219,157777300,150.8840003967285,179.7947998046875,145.0994455028946,29.81752148093078,-19.258998173689776,-17.125487513378935,-2.13351066031084,201.206054937534,150.8840003967285,100.56194585592303,0.2629539584759594
2023-01-03,108.0999984741211,118.80000305175781,104.63999938964844,118.47000122070312,231402800,146.546000289917,177.81119979858397,141.57568864301143,24.85874809441721,-19.84079619271168,-17.668549249245487,-2.1722469434661917,195.905423287416,146.546000289917,97.18657729241801,-0.7040706992420025
2023-01-04,113.63999938964844,114.58999633789062,107.5199966430664,109.11000061035156,180389000,143.1055004119873,175.79519973754884,138.9151468093578,29.497492162772176,-19.62857751700058,-18.060554902796508,-1.5680226142040716,191.5590458431256,143.1055004119873,94.65195498084897,0.39285974642067595
2023-01-05,110.33999633789062,111.75,107.16000366210938,110.51000213623047,157986300,139.6314998626709,173.77699966430663,136.1937039073133,28.37384647736215,-19.501869937401338,-18.348817909717475,-1.153052027683863,187.00866729029423,139.6314998626709,92.25433243504756,-0.015382534173375288
2023-01-06,113.05999755859375,114.38999938964844,101.80999755859375,103.0,220911100,136.58250007629394,171.5897996520996,133.99049377886382,30.716528657908952,-18.96337393079429,-18.471729113932838,-0.4916448168614522,182.53715661597855,136.58250007629394,90.62784353660933,0.7516332828935873
2023-01-09,119.7699966430664,123.5199966430664,117.11000061035156,118.95999908447266,190284000,133.89899978637695,169.49239959716797,132.6361607183117,36.25542244844934,-17.79009794245991,-18.335402879638252,0.5453049371783436,177.1177771947679,133.89899978637695,90.68022237798598,0.0679848774375979
2023-01-10,118.8499984741211,122.76000213623047,114.91999816894531,121.06999969482422,167642500,130.8889995574951,167.36759963989257,131.32319288553163,35.83244325422815,-16.74151862670118,-18.01662602905084,1.2751074023496614,169.2190684863366,130.8889995574951,92.55893062865363,-0.18133728450798728
2023-01-11,123.22000122070312,125.94999694824219,120.51000213623047,122.08999633789062,183810800,128.65899925231935,165.2615995788574,130.55146034602416,39.446262447928156,-15.380591380989642,-17.489419099438603,2.1088277184489606,163.13051530267876,128.65899925231935,94.18748320195994,0.09229168874353708
2023-01-12,123.55999755859375,124.12999725341797,117.0,122.55999755859375,169400900,126.78949928283691,163.18199966430663,129.88560674722126,39.730659160021624,-14.111938231258662,-16.813922925802615,2.7019846945439525,157.94978739898744,126.78949928283691,95.62921116668639,0.0814121076204546
2023-01-13,122.4000015258789,122.62999725341797,115.5999984741211,116.55000305175781,180714100,125.06949920654297,161.07359954833984,129.17269196423626,39.056680884132085,-13.04969469796795,-16.061077280235683,3.011382582267732,153.04908864689202,125.06949920654297,97.08990976619394,0.4636339279071226
2023-01-17,131.49000549316406,131.6999969482422,125.0199966430664,125.69999694824219,186477000,123.7604995727539,159.40379974365234,129.39338849080082,46.688580150272585,-11.343609622381635,-15.117583748664874,3.773974126283239,147.67053049622282,123.7604995727539,99.85046864928498,0.43059038429177166
2023-01-18,128.77999877929688,136.67999267578125,127.01000213623047,136.55999755859375,195680300,122.6879997253418,157.6731997680664,129.33497042303853,44.8839485434468,-10.093844248343188,-14.112835848600538,4.018991600257349,143.47262828083214,122.6879997253418,101.90337116985147,-0.5151483753037787
2023-01-19,127.16999816894531,129.99000549316406,124.30999755859375,127.26000213623047,170291900,121.5529998779297,156.06719970703125,129.12878258931536,43.800770129801315,-9.12808687579593,-13.115886054039617,3.9877991782436872,138.37837871135957,121.5529998779297,104.7276210444998,-0.007072329494959014
2023-01-20,133.4199981689453,133.50999450683594,127.3499984741211,128.67999267578125,138858100,121.33399963378906,154.79399963378907,129.53746978737536,48.9510886170788,-7.768840081056098,-12.046476859442915,4.277636778386817,137.4048936886453,121.33399963378906,105.26310557893284,0.3525529376654823
2023-01-23,143.75,145.3800048828125,134.27000427246094,135.8699951171875,203119200,121.64299926757812,153.8429995727539,130.89104409333962,56.11038805575942,-5.791323613400209,-10.795446210234374,5.004122596834165,139.12629237747424,121.64299926757812,104.15970615768198,0.5226410984413645
2023-01-24,143.88999938964844,146.5,141.10000610351562,143.0,158699100,122.56999931335449,153.16899963378907,132.12903983584522,56.20004174506982,-4.164821317191894,-9.469321231625878,5.304499914433984,142.53160385532158,122.56999931335449,102.6083947713874,0.06215748390297176
2023-01-25,144.42999267578125,146.41000366210938,138.07000732421875,141.91000366210938,192734300,123.63399887084961,152.24319946289063,133.30055915393436,56.568558779138144,-2.799957417654042,-8.135448468831513,5.3354910511774705,145.75733173694923,123.63399887084961,101.51066600474998,0.17573327264533256
2023-01-26,160.27000427246094,161.4199981689453,154.75999450683594,159.97000122070312,234815100,126.1924991607666,151.52919952392577,135.86907773665118,65.6882238532883,-0.43512058930488706,-6.595382892926188,6.160262303621301,152.44988111367996,126.1924991607666,99.93511720785322,0.01875150865198798
2023-01-27,177.89999389648438,180.67999267578125,161.1699981689453,162.42999267578125,306590600,129.45199890136718,151.26819946289064,139.87202213282575,72.5875128077696,2.8290113754412403,-4.710504039252703,7.539515414693943,163.29472623668522,129.45199890136718,95.60927156604913,0.7408723397493565
2023-01-30,166.66000366210938,179.77000427246094,166.5,178.0500030517578,230878800,131.69399909973146,150.71299957275392,142.423258468948,63.781943431397444,4.457502880401108,-2.876902655321941,7.334405535723049,168.98289255625775,131.69399909973146,94.40510564320516,-0.5647006338351801
2023-01-31,173.22000122070312,174.3000030517578,162.77999877929688,164.57000732421875,196813500,134.1959991455078,150.43899963378905,145.35628158816277,66.34779473176977,6.205893433059202,-1.0603434376457124,7.2662368707049145,175.37616055402296,134.1959991455078,93.01583773699267,0.48201959501700486
2023-02-01,181.41000366210938,183.80999755859375,169.92999267578125,173.88999938964844,213806300,137.86149940490722,150.40379974365234,148.7899694047291,69.27444676376244,8.158326186928463,0.7833904872691226,7.37493569965934,182.03948395960666,137.86149940490722,93.68351485020779,0.4073730694818508
2023-02-02,188.27000427246094,196.75,182.61000061035156,187.3300018310547,217448300,141.59299964904784,150.56539978027342,152.54997272546547,71.50947406784891,10.142274106176842,2.6551672110506668,7.487106895126175,189.41417908897566,141.59299964904784,93.77182020912002,0.05013688534881466
2023-02-03,189.97999572753906,199.0,183.69000244140625,183.9499969482422,232662000,145.57499961853028,151.00759979248048,156.11473682090104,72.05515563780365,11.71747736005372,4.467629240851277,7.2498481192024435,195.53848771438368,145.57499961853028,95.61151152267688,0.3165483620761065
2023-02-06,194.75999450683594,198.1699981689453,189.9199981689453,193.00999450683594,186188100,149.65999946594238,151.504599609375,159.79523755289483,73.57855548018514,13.199388901923356,6.213981173065694,6.985407728857663,201.6406585646115,149.65999946594238,97.67934036727327,0.09042123585358736
2023-02-07,196.80999755859375,197.5,189.5500030517578,196.42999267578125,186010300,153.51199951171876,151.77679962158203,163.32045279153283,74.22746005767416,14.373543328862581,7.845893604225072,6.527649724637509,207.4432456793951,153.51199951171876,99.58075334404242,0.019343150148308733
2023-02-08,201.2899932861328,203.0,194.30999755859375,196.10000610351562,180673600,157.63399925231934,152.14539947509766,166.93659950530426,75.63572861833107,15.487042401409383,9.374123363661935,6.112919037747448,212.92298785211165,157.63399925231934,102.34501065252704,0.25864920797532165
2023-02-09,207.32000732421875,214.0,204.77000427246094,207.77999877929688,215431400,161.83899955749513,152.63339965820313,170.78263834520087,77.42387500769416,16.663978208848505,10.83209433269925,5.831883876149256,218.78651379334218,161.83899955749513,104.89148532164809,-0.022134773508882395
2023-02-10,196.88999938964844,206.1999969482422,192.88999938964844,202.22999572753906,204754100,165.50549964904786,152.954599609375,173.26905368276732,68.11224264913002,16.564152602131713,11.978505986585741,4.585646615545972,221.5581945440921,165.50549964904786,109.45280475400362,-0.25808494583408215
2023-02-13,194.63999938964844,196.3000030517578,187.61000061035156,194.4199981689453,172475500,169.11749954223632,152.95339965820312,175.3043818453274,66.26088339404427,16.117689205391997,12.806342630346993,3.311346575045004,222.8563630715393,169.11749954223632,115.37863601293334,0.011315288196389611
2023-02-14,209.25,209.82000732421875,189.44000244140625,191.94000244140625,216455700,173.00549926757813,153.2443997192383,178.53729786005812,71.64951416254236,16.74968871013516,13.595011846304628,3.1546768638305327,226.54387002052414,173.00549926757813,119.46712851463214,0.7171946515460421
2023-02-15,214.24000549316406,214.66000366210938,206.11000061035156,211.75999450683594,181006400,177.27849960327148,153.63199981689453,181.93755572987774,73.22258692201142,17.452028490113577,14.366415175066418,3.0856133150471585,229.64452807068864,177.27849960327148,124.91247113585433,0.1165817205343888
2023-02-16,202.0399932861328,217.64999389648438,201.83999633789062,210.77999877929688,229586500,181.02199935913086,154.02379974365235,183.85207359237825,63.888817281586654,16.83019083694191,14.859170307441516,1.971020529500393,229.04907199992763,181.02199935913086,132.99492671833409,-0.39241431184113446
2023-02-17,208.30999755859375,208.44000244140625,197.5,199.99000549316406,213738500,184.7664993286133,154.59359954833985,186.18139968439877,66.26860678263016,16.651370328847634,15.21761031172274,1.433760017124893,228.88283929515228,184.7664993286133,140.6501593620743,0.3935725404784617
2023-02-21,197.3699951171875,209.7100067138672,197.22000122070312,204.99000549316406,180018600,187.44749908447267,155.06019958496094,187.24698020180722,58.96667551953867,15.448802837677562,15.263848816913706,0.1849540207638558,227.6071727766638,187.44749908447267,147.28782539228155,-0.3555004568601296
2023-02-22,200.86000061035156,201.99000549316406,191.77999877929688,197.92999267578125,191828500,190.2959991455078,155.60859954833984,188.54345833595428,60.4633360195769,14.608970593763388,15.132873172283643,-0.5239025785202553,225.4651825903337,190.2959991455078,155.1268157006819,0.14696062354921316
2023-02-23,202.07000732421875,205.13999938964844,196.3300018310547,203.91000366210938,146360000,193.1779998779297,156.06899963378908,189.83170109674137,60.99453641444391,13.88102312520732,14.88250316286838,-1.001480037661059,221.64965411703855,193.1779998779297,164.70634563882084,-0.08999158799816205
2023-02-24,196.8800048828125,197.6699981689453,192.8000030517578,196.3300018310547,142228100,195.00849990844728,156.65019958496094,190.50296812398625,57.4303199753612,12.738488325454881,14.453700195385682,-1.7152118699308012,219.16188283758973,195.00849990844728,170.85511697930482,0.028006886960299952
2023-02-27,207.6300048828125,209.4199981689453,201.25999450683594,202.02999877929688,161028300,196.49500045776367,157.58379974365235,192.1341144819697,62.33925842763392,12.555721877495472,14.074104531807642,-1.5183826543121697,219.90156905208414,196.49500045776367,173.0884318634432,0.27029946201189875
2023-02-28,205.7100067138672,211.22999572753906,203.75,210.58999633789062,153144900,198.44750061035157,158.56199981689454,193.42705659929328,60.98656796234306,12.116281394790917,13.682539904404297,-1.5662585096133803,217.7238147621253,198.44750061035157,179.17118645857784,-0.22766876877113496
2023-03-01,202.77000427246094,207.1999969482422,198.52000427246094,206.2100067138672,156852800,199.92500076293945,159.46399993896483,194.31686113959498,58.87971580078781,11.399383028174753,13.225908529158389,-1.8265255009836352,215.3941870041459,199.92500076293945,184.455814521733,-0.16528989621829673
2023-03-02,190.89999389648438,193.75,186.00999450683594,186.74000549316406,181500700,200.3995002746582,160.27739990234375,193.99144521167966,51.19057264181649,9.76090760521322,12.532908344369357,-2.7720007391561374,214.04223644002505,200.3995002746582,186.75676410929137,0.21915566121501184
2023-03-03,197.7899932861328,200.47999572753906,192.8800048828125,194.8000030517578,154193300,200.8754997253418,161.23579986572267,194.35321169496092,54.8743116239887,8.915595956138816,11.80944586672325,-2.893849910584434,213.4116442227849,200.8754997253418,188.3393552278987,0.15229613559290714
2023-03-06,193.80999755859375,198.60000610351562,192.3000030517578,198.5399932861328,128100100,201.06699981689454,162.3559997558594,194.30147701530692,52.413510634280705,7.834219979810882,11.014400689340777,-3.1801807095298944,213.03571288142038,201.06699981689454,189.0982867523687,-0.23383166513053635
2023-03-07,187.7100067138672,194.1999969482422,186.10000610351562,191.3800048828125,148125800,200.7145004272461,163.35879974365236,193.6737179389793,48.80132329004516,6.411100273082212,10.093740606089064,-3.6826403330068516,213.77127104240142,200.7145004272461,187.65772981209076,-0.18944840126584866
2023-03-08,182.0,186.5,180.0,185.0399932861328,151897800,199.9740005493164,164.49179977416992,192.56193527812414,45.63116673784428,4.767560363022341,9.028504557475719,-4.260944194453378,215.31295016583005,199.9740005493164,184.63505093280276,-0.16282614457781083
2023-03-09,172.9199981689453,185.17999267578125,172.50999450683594,180.25,170023800,198.55550079345704,165.48719970703124,190.6912746010595,41.06307724282783,2.70122484168877,7.76304861431833,-5.06182377262956,217.87575572684767,198.55550079345704,179.2352458600664,-0.3856309395422803
2023-03-10,173.44000244140625,178.2899932861328,168.44000244140625,175.1300048828125,191488900,196.86150054931642,166.77399978637695,189.04829630014012,41.42473100000388,1.0929996334136263,6.42903881813739,-5.336039184723764,218.60059068509327,196.86150054931642,175.12241041353957,-0.09620144841576292
2023-03-13,174.47999572753906,177.35000610351562,163.91000366210938,167.4600067138672,167790300,195.74100036621093,168.00939971923827,187.66083910274955,42.18878825581982,-0.09649928053963208,5.123931198401986,-5.220430478941618,219.56855052292534,195.74100036621093,171.91345020949652,0.3962595599214957
2023-03-14,183.25999450683594,183.8000030517578,177.13999938964844,177.30999755859375,143717900,195.1720001220703,169.23819961547852,187.24171104599588,48.31793568670947,-0.32694440417120063,4.033756077887349,-4.36070048205855,219.61314907586714,195.1720001220703,170.73085116827346,0.323517025180534
2023-03-15,180.4499969482422,182.33999633789062,176.02999877929688,180.8000030517578,145995600,193.73199996948242,170.38359954833984,186.59488113192413,46.61457774178403,-0.7279260652043149,3.0814196492690167,-3.8093457144733316,218.07917269654286,193.73199996948242,169.38482724242198,-0.019356326398492593
2023-03-16,184.1300048828125,185.80999755859375,178.83999633789062,180.3699951171875,121136800,192.22649993896485,171.90419967651368,186.36013101296112,49.143145192479274,-0.7402281459887092,2.317090090217472,-3.0573182362061813,214.98705138770563,192.22649993896485,169.46594849022406,0.2054928916377169
2023-03-17,180.1300048828125,186.22000122070312,177.3300018310547,184.52000427246094,133197100,191.13100051879883,173.23399978637696,185.76678566723268,46.561622843314574,-1.0605191990705976,1.6415682323598582,-2.7020874314304555,214.00557886521125,191.13100051879883,168.2564221723864,-0.23352499051421385
2023-03-20,183.25,186.44000244140625,176.35000610351562,178.0800018310547,129684400,189.87800064086915,174.69219985961914,185.5270917941629,48.81997687499661,-1.0504852945691425,1.1031575269740581,-2.1536428215432006,211.56589463098715,189.87800064086915,168.19010665075115,0.2824282575931178
2023-03-21,197.5800018310547,198.0,188.0399932861328,188.27999877929688,153391400,189.8885009765625,176.38259994506836,186.6749879881526,57.66864571879118,0.11248141821064905,0.9050223052213764,-0.7925408870107273,211.59109236373297,189.8885009765625,168.18590958939205,0.4573421922994677
2023-03-22,191.14999389648438,200.66000366210938,190.9499969482422,199.3000030517578,150376400,189.40300064086915,177.81019989013672,187.10117902704135,53.22213160397201,0.5094207292466422,0.8259019900264296,-0.31648126077978744,210.52888861390375,189.40300064086915,168.27711266783456,-0.38756523284494027
2023-03-23,192.22000122070312,199.30999755859375,188.64999389648438,195.25999450683594,144193900,188.91050033569337,179.27759994506835,187.58868590262819,53.85969055939145,0.8999644121413155,0.8407144744494068,0.05924993769190867,209.27786155989142,188.91050033569337,168.54313911149532,-0.15444365703570828
2023-03-24,190.41000366210938,192.36000061035156,187.14999389648438,191.64999389648438,116312400,188.5870002746582,180.6213999938965,187.8573828321026,52.55481717079194,1.0513026557505611,0.8828321107096377,0.1684705450409234,208.64087510170555,188.5870002746582,168.53312544761087,-0.06461063856410318
2023-03-27,191.80999755859375,197.38999938964844,189.94000244140625,194.4199981689453,120851600,187.79599990844727,181.9863999938965,188.23382232986364,53.49335623979458,1.269572272477376,0.9601801430631853,0.3093921294141906,205.94002114572302,187.79599990844727,169.65197867117152,-0.13344480145272025
2023-03-28,189.19000244140625,192.35000610351562,185.42999267578125,192.0,98654600,186.96999969482422,183.32220001220702,188.3248871023915,51.44247228817778,1.2171107118754492,1.0115662568256383,0.2055444550498109,203.1774893799835,186.96999969482422,170.76251000966494,-0.14531797174111463
2023-03-29,193.8800048828125,195.2899932861328,189.44000244140625,193.1300048828125,123660000,186.5254997253418,184.57,188.85394593862208,54.78432660214187,1.536269390924815,1.1165068836454737,0.4197625072793414,201.4088463386543,186.5254997253418,171.6421531120293,0.038814435329347106
2023-03-30,195.27999877929688,197.3300018310547,194.4199981689453,195.5800018310547,110252200,186.74449996948243,185.9,189.4659509710673,55.7630365695491,1.8804955683505682,1.2693046205864926,0.6111909477640756,202.0030442273969,186.74449996948243,171.48595571156795,-0.015337944676312497
2023-03-31,207.4600067138672,207.7899932861328,197.1999969482422,197.52999877929688,170222100,187.22800064086914,187.50580017089842,191.17967056561966,63.22172514740252,3.100382858056122,1.6355202680804186,1.4648625899757033,204.35441125977894,187.22800064086914,170.10159002195934,0.46424486078115307
2023-04-03,194.77000427246094,202.69000244140625,192.1999969482422,199.91000366210938,169545900,187.2760009765625,188.73280029296876,191.52160710912835,53.164119370278115,3.008495122664158,1.9101152389971667,1.0983798836669911,204.48113252588234,187.2760009765625,170.07086942724266,-0.2515957456344841
2023-04-04,192.5800018310547,198.74000549316406,190.32000732421875,197.32000732421875,126463800,187.51950073242188,189.70940032958984,191.62240660645466,51.637396604893,2.7275174130265327,2.07359567380304,0.6539217392234926,204.8794602923366,187.51950073242188,170.15954117250715,-0.23570278540693324
2023-04-05,185.52000427246094,190.67999267578125,183.75999450683594,190.52000427246094,133882500,187.69550094604492,190.54200042724608,191.0412254317886,46.95598186192431,1.913104673872425,2.0414974738169174,-0.12839279994449226,204.8987248059129,187.69550094604492,170.49227708617693,-0.2565759844963808
2023-04-06,185.05999755859375,186.38999938964844,179.74000549316406,183.0800018310547,123857900,188.30250091552733,191.35460052490234,190.4715846819605,46.65916128092818,1.2165345600515138,1.8765048910638369,-0.659970331012323,204.18340751681313,188.30250091552733,172.42159431424153,0.1077295250262093
2023-04-10,184.50999450683594,185.10000610351562,176.11000061035156,179.94000244140625,142154600,188.85600051879882,191.83940032958984,189.90381418909152,46.28245308724851,0.6130502153501709,1.6238139559211038,-1.0107637405709329,203.3361799385719,188.85600051879882,174.37582109902576,0.24864978725354447
2023-04-11,186.7899932861328,189.19000244140625,185.64999389648438,186.69000244140625,115770900,189.47150039672852,192.01720031738282,189.60725981738116,48.151243852617235,0.31512876283176183,1.3620769173032357,-1.0469481544714738,202.42063202998156,189.47150039672852,176.52236876347547,0.005355931613855894
2023-04-12,180.5399932861328,191.5800018310547,180.30999755859375,190.74000549316406,150256300,189.33550033569335,192.29480010986327,188.74371062392893,43.66663734179907,-0.4204521901422993,1.0055710958141286,-1.426023285956428,202.59611226569865,189.33550033569335,176.07488840568806,-0.48901123173373623
2023-04-13,185.89999389648438,186.5,180.94000244140625,182.9600067138672,112933000,189.60800018310547,192.5483999633789,188.47288045941042,48.128490036721246,-0.5643921793658251,0.6915784407781379,-1.2559706201439629,202.34051411005362,189.60800018310547,176.87548625615733,0.15932121472176927
2023-04-14,185.0,186.27999877929688,182.00999450683594,183.9499969482422,96438700,189.65149993896483,192.62019989013672,188.14212993946657,47.44891834852555,-0.7425282403930851,0.40475710454389335,-1.1472853449369784,202.314611271508,189.65149993896483,176.98838860642167,0.0570189817953435
2023-04-17,187.0399932861328,189.69000244140625,182.69000244140625,186.32000732421875,116662200,189.99699935913085,192.59559967041017,188.03716454391096,49.19986051993765,-0.7108971629264147,0.18162625104983174,-0.8925234139762465,201.95982214481708,189.99699935913085,178.03417657344463,0.03862321690555554
2023-04-18,184.30999755859375,187.69000244140625,183.5800018310547,187.14999389648438,92067000,190.04999923706055,192.48219970703124,187.68219625959506,46.945605720769315,-0.8957910245106291,-0.03385720406226045,-0.8619338204483686,201.90166118291992,190.04999923706055,178.19833729120117,-0.15059554264230174
2023-04-19,180.58999633789062,183.5,177.64999389648438,179.10000610351562,125732700,189.20049896240235,192.19879974365233,187.00674864800416,43.98800721986284,-1.327194676981577,-0.2925246986461238,-1.0346699783354532,201.2060573071734,189.20049896240235,177.1949406176313,0.08300179856537553
2023-04-20,162.99000549316406,169.6999969482422,160.55999755859375,166.1699981689453,210970800,187.79249954223633,191.52239990234375,184.71943977611463,33.299146548481446,-3.054052139585366,-0.8448301868339723,-2.2092219527513937,204.3104131266314,187.79249954223633,171.27458595784125,-0.1890674248706294
2023-04-21,165.0800018310547,166.0,161.32000732421875,164.8000030517578,123539000,186.4354995727539,190.79820007324219,182.84901711468035,35.30942360385865,-4.205475775473559,-1.5169593045618899,-2.688516470911669,205.53331698067677,186.4354995727539,167.33768216483105,0.016988582223498014
2023-04-24,162.5500030517578,165.64999389648438,158.61000061035156,164.64999389648438,140006600,185.04249954223633,189.90279998779297,180.9157776801163,33.97455720835325,-5.261485925296,-2.2658646287087123,-2.995621296587288,206.67370121172098,185.04249954223633,163.41129787275167,-0.12685560754437655
2023-04-25,160.6699981689453,163.47000122070312,158.75,159.82000732421875,121999300,183.4854995727539,189.1783999633789,178.9876082028619,32.976902222138506,-6.178856250705508,-3.0484629531080714,-3.1303932975974362,207.31522573156602,183.4854995727539,159.65577341394177,0.053134169273330104
2023-04-26,153.75,160.6699981689453,153.13999938964844,160.2899932861328,153364100,181.7134994506836,188.36059997558593,176.584026469256,29.53857079861085,-7.379202014851529,-3.914610765456763,-3.464591249394766,208.65097571417311,181.7134994506836,154.77602318719408,-0.3867817555269767
2023-04-27,160.19000244140625,160.47999572753906,152.3699951171875,152.63999938964844,127015200,180.02899932861328,187.37940002441405,175.02269084755602,36.20494421774686,-7.721817994114758,-4.676052211188362,-3.045765782926396,207.90954592685466,180.02899932861328,152.1484527303719,0.45788195353980365
2023-04-28,164.30999755859375,165.0,157.32000732421875,160.89999389648438,122515800,178.48049926757812,186.38079986572265,174.00243434384532,40.108823555981274,-7.573590811891592,-5.2555599313290084,-2.318030880562583,206.24076359162285,178.48049926757812,150.7202349435334,0.2088160654787528
2023-05-01,161.8300018310547,163.27999877929688,158.8300018310547,163.1699981689453,109015000,176.1989990234375,185.5766000366211,172.84315505691288,38.57846490961292,-7.568984093977491,-5.7182447638587055,-1.8507393301187856,201.44373598969648,176.1989990234375,150.9542620571785,-0.08193859671653439
2023-05-02,160.30999755859375,165.49000549316406,158.92999267578125,161.8800048828125,128259700,174.47599868774415,184.6166000366211,171.6495210094539,37.63075634679845,-7.6003725151360015,-6.094670314114165,-1.5057022010218368,199.11209923524382,174.47599868774415,149.8398981402445,-0.09668291921597327
2023-05-03,160.61000061035156,165.0,159.91000366210938,160.00999450683594,119728000,172.87749862670898,183.88140014648437,170.59813811430132,37.95472584061246,-7.514418783822094,-6.378620008055751,-1.135798775766343,196.7441874414534,172.87749862670898,149.01080981196458,0.037480473641491346
2023-05-04,161.1999969482422,162.9499969482422,159.64999389648438,162.7100067138672,95108500,171.66149826049804,183.08820007324218,169.70307705086714,38.629873836425055,-7.314376479811983,-6.565771302406999,-0.7486051774049844,195.30489959590003,171.66149826049804,148.01809692509605,-0.09253823255590768
2023-05-05,170.05999755859375,170.7899932861328,163.50999450683594,163.97000122070312,107607300,170.91149826049804,182.44799987792967,169.73706948017445,47.81356056870416,-6.3675127857610505,-6.52611959907781,0.15860681331675952,193.74501377866372,170.91149826049804,148.07798274233235,0.3552236908701208
2023-05-08,171.7899932861328,173.8000030517578,169.19000244140625,173.72000122070312,112249400,170.2754981994629,181.9461996459961,169.93258603312287,49.40561647955533,-5.415098405766344,-6.303915360415518,0.8888169546491742,192.25098402520624,170.2754981994629,148.30001237371957,-0.11064392554703759
2023-05-09,169.14999389648438,169.82000732421875,166.55999755859375,168.9499969482422,88965000,169.39349822998048,181.17659942626952,169.85805344868112,47.04690310903343,-4.817792521973018,-6.006690792727019,1.1888982707540006,190.02158403275075,169.39349822998048,148.7654124272102,0.011837088519508375
2023-05-10,168.5399932861328,174.42999267578125,166.67999267578125,172.5500030517578,119840700,168.79349822998046,180.43319915771485,169.7325239093908,46.49455600994648,-4.343575225559334,-5.674067679293483,1.3304924537341485,188.77786080717868,168.79349822998046,148.80913565278223,-0.22830162669903514
2023-05-11,172.0800018310547,173.57000732421875,166.7899932861328,168.6999969482422,103889900,168.10249862670898,179.81939910888673,169.95609323526358,50.15207700641163,-3.6401441809045707,-5.2672829796157,1.6271387987111297,186.57135371294498,168.10249862670898,149.63364354047297,0.19771738327090072
2023-05-12,167.97999572753906,177.3800048828125,167.22999572753906,176.07000732421875,157849600,167.25149841308593,179.3609991455078,169.76789347262317,46.2119683441742,-3.374605881459445,-4.888747559984449,1.5141416785250046,184.0175263744734,167.25149841308593,150.48547045169846,-0.4296578432055238
2023-05-15,166.35000610351562,169.75999450683594,164.5500030517578,167.66000366210938,105592500,166.21699905395508,178.73219940185547,169.44238038985102,44.70816468421571,-3.25813366949194,-4.5626247818859476,1.3044911123940075,180.31184100817998,166.21699905395508,152.12215709973017,-0.07797555774649685
2023-05-16,166.52000427246094,169.52000427246094,164.35000610351562,165.64999389648438,98288800,165.32749938964844,178.18639953613283,169.16405885486148,44.90951732733516,-3.1161896760460763,-4.273337760717974,1.1571480846718973,176.73130465622887,165.32749938964844,153.923694123068,0.05247276353667192
2023-05-17,173.86000061035156,174.5,167.19000244140625,168.41000366210938,125473600,164.9909996032715,177.9093994140625,169.6112914030034,52.887117849686895,-2.383941088118064,-3.895458426197992,1.511517338079928,174.8685397287481,164.9909996032715,155.1134594777949,0.312771775257296
2023-05-18,176.88999938964844,177.05999755859375,172.4499969482422,174.22000122070312,109520300,165.6859992980957,177.80719940185546,170.3045016874458,55.736635944277275,-1.5413653278531285,-3.4246398065290196,1.883274478675891,176.7833027689701,165.6859992980957,154.58869582722133,0.1520657413914002
2023-05-19,180.13999938964844,181.9499969482422,176.30999755859375,177.1699981689453,136196700,166.4389991760254,177.95159942626952,171.24121575432224,58.62713562818241,-0.6044029478409811,-2.860592434791412,2.2561894869504306,179.19016720892898,166.4389991760254,153.6878311431218,0.16608284384023433
2023-05-22,188.8699951171875,189.32000732421875,180.11000061035156,180.6999969482422,132001400,167.75499877929687,178.26019927978516,172.92014712221416,65.20087123823137,0.8329820853949172,-2.121877530754146,2.9548596161490632,183.66945522592658,167.75499877929687,151.84054233266716,0.42364871130214304
2023-05-23,185.77000427246094,192.9600067138672,185.25999450683594,186.1999969482422,156952100,169.00999908447267,178.4859994506836,174.1439430412853,61.46610519125348,1.7023530601697132,-1.357031412569374,3.0593844727390875,186.38349783347886,169.00999908447267,151.63650033546648,-0.023088950715058787
2023-05-24,182.89999389648438,184.22000122070312,178.22000122070312,182.22999572753906,137605100,170.46749877929688,178.47879943847656,174.97785264654235,58.14537986741328,2.1351374342296765,-0.6585976432095639,2.7937350774392407,187.35992649422263,170.46749877929688,153.57507106437112,0.03675006585398088
2023-05-25,184.47000122070312,186.77999877929688,180.5800018310547,186.5399932861328,96870700,171.6814987182617,178.55919952392577,175.88186679646242,59.43641046040316,2.5751242097501574,-0.011853272617619703,2.586977482367777,188.93106565271006,171.6814987182617,154.43193178381335,-0.11051448837117728
2023-05-26,193.1699981689453,198.60000610351562,184.52999877929688,184.6199951171875,162061500,173.1244987487793,178.73999938964843,177.52835549860367,65.7423867848965,3.5845138991516308,0.7074201617362305,2.8770937374154,192.3781186404446,173.1244987487793,153.870878857114,0.43261847915986246
2023-05-30,201.16000366210938,204.47999572753906,197.52999877929688,200.10000610351562,128818700,175.09099884033202,179.16059936523436,179.7789886570328,70.30771711495882,4.971876471223965,1.5603114236337774,3.4115650475901873,197.1572210706232,175.09099884033202,153.02477661004085,0.05292389421908833
2023-05-31,203.92999267578125,203.9499969482422,195.1199951171875,199.77999877929688,150711700,177.2719985961914,179.57419921875,182.079084277866,71.71501708384707,6.223149672984107,2.4928790735038433,3.7302705994802636,201.5728841168145,177.2719985961914,152.9711130755683,0.20479099066148482
2023-06-01,207.52000427246094,209.8000030517578,199.3699951171875,202.58999633789062,148029900,179.61749877929688,179.77299926757811,184.502029039256,73.47003765139469,7.418955531956016,3.478094365194278,3.9408611667617377,205.99914934845083,179.61749877929688,153.23584821014293,0.2386565446824042
2023-06-02,213.97000122070312,217.25,209.75,210.14999389648438,164398400,182.25599899291993,180.2293994140625,187.3085025803462,76.31366392212848,8.785823633495141,4.539640218854451,4.24618341464069,211.17524454500466,182.25599899291993,153.3367534408352,0.17979930053909532
2023-06-05,217.61000061035156,221.2899932861328,214.52000427246094,217.8000030517578,151143100,184.6334991455078,180.73719940185546,190.1943595355848,77.76227788871432,10.046978665687249,5.641107908221011,4.4058707574662375,216.7885194576676,184.6334991455078,152.47847883334802,-0.008723490310516193
2023-06-06,221.30999755859375,221.91000366210938,212.52999877929688,216.13999938964844,146911600,187.10949935913087,181.35519927978515,193.15775363301424,79.15763845258743,11.215724060960355,6.75603113876888,4.459692922191475,222.40064558110876,187.10949935913087,151.81835313715297,0.23473688677750895
2023-06-07,224.57000732421875,230.8300018310547,223.1999969482422,228.0,185710800,189.88050003051757,182.01039947509764,196.14939684170037,80.32883159472652,12.263651015073634,7.857555114029832,4.406095901043802,227.70774400738748,189.88050003051757,152.05325605364766,-0.14931356574720137
2023-06-08,234.86000061035156,235.22999572753906,223.00999450683594,224.22000122070312,164489700,193.1965003967285,182.92379943847655,199.83612101014333,83.48366330171899,13.765773865024016,9.03919886422867,4.726575000795346,234.43319039521933,193.1965003967285,151.9598103982377,0.4418553409797802
2023-06-09,244.39999389648438,252.4199981689453,242.02000427246094,249.07000732421875,200242400,196.8125,183.93419921875,204.08029938027104,85.76333346110579,15.546800931371507,10.340719277657238,5.20608165371427,242.45613084253142,196.8125,151.16886915746858,-0.1853312920372545
2023-06-12,249.8300018310547,250.97000122070312,244.58999633789062,247.94000244140625,150337900,200.90500030517578,185.02519927978517,208.4374138993933,86.8738681470376,17.198184013103855,11.712212224746562,5.485971788357293,250.0197154224878,200.90500030517578,151.79028518786376,0.076080789943138
2023-06-13,258.7099914550781,259.67999267578125,251.33999633789062,253.50999450683594,162384300,205.52299957275392,186.05019897460937,213.22527842850613,88.45931625592951,19.004387206541537,13.170647221105558,5.8337399854359795,258.0246704759358,205.52299957275392,153.021328669572,0.20229084766429467
2023-06-14,256.7900085449219,261.57000732421875,250.5,260.1700134277344,170575500,210.03649978637696,187.29059906005858,217.37430034435525,86.03949812523629,20.049768425586592,14.546471462001765,5.503296963584827,263.85427774333147,210.03649978637696,156.21872182942246,-0.12918923572284266
2023-06-15,255.89999389648438,258.95001220703125,247.2899932861328,248.39999389648438,160171200,214.13849945068358,188.5569989013672,221.0434140159866,84.88037146548078,20.569313586209972,15.751039886843408,4.818273699366564,268.8010260947306,214.13849945068358,159.47597280663655,0.2930800027352658
2023-06-16,260.5400085449219,263.6000061035156,257.2099914550781,258.9200134277344,167915600,218.32099990844728,190.0573989868164,224.80499444731376,85.94357130061964,21.1121001246226,16.82325193439925,4.2888481902233515,273.73894318207965,218.32099990844728,162.9030566348149,0.062485880496739386
2023-06-20,274.45001220703125,274.75,261.1199951171875,261.5,165611200,223.0365005493164,191.84519927978516,229.53309137681066,88.54426552974907,22.406396421215334,17.939880831762466,4.466515589452868,280.66236362921313,223.0365005493164,165.41063746941967,0.4583499217717237
2023-06-21,259.4599914550781,276.989990234375,257.7799987792969,275.1300048828125,211797100,226.56600036621094,193.34419921875,232.38327233664566,72.89269328407957,21.96931754606848,18.74576817462367,3.223549371444811,284.0357727612436,226.56600036621094,169.09622797117828,-0.5150282919065652
2023-06-22,264.6099853515625,265.0,248.25,250.77000427246094,166875900,230.50799942016602,194.9005990600586,235.4524830999711,74.55671818997965,21.78733996274056,19.354082532247048,2.433257430493512,287.0519965571585,230.50799942016602,173.96400228317358,0.5019424065557534
2023-06-23,256.6000061035156,262.45001220703125,252.8000030517578,259.2900085449219,177460800,234.19300003051757,196.42179931640624,237.4665329098325,67.6054430951423,20.75750345501561,19.634766716800762,1.1227367382148472,287.3508857935844,234.19300003051757,181.03511426745075,-0.10337432526294085
2023-06-26,241.0500030517578,258.3699951171875,240.6999969482422,250.07000732421875,179990600,237.02200012207032,197.52479949951172,237.80781578049206,56.57727260203371,18.473642660446842,19.40254190552998,-0.9288992450831373,285.07068614661983,237.02200012207032,188.9733140975208,-0.3458297286458112
2023-06-27,250.2100067138672,250.38999938964844,240.85000610351562,243.24000549316406,164968200,239.8740005493164,198.82899963378907,238.9889768217659,60.649414123626045,17.204479735634465,18.962929471550876,-1.758449735916411,283.76392754232216,239.8740005493164,195.98407355631068,0.2789547920628599
2023-06-28,256.239990234375,259.8800048828125,248.88999938964844,249.6999969482422,159770800,242.62799987792968,200.21299957275392,240.63193048010962,63.10247412983991,16.49508319805122,18.469360216850944,-1.9742770187997252,283.2457552925402,242.62799987792968,202.01024446331917,0.25608491779790155
2023-06-29,257.5,260.739990234375,253.61000061035156,258.0299987792969,131283400,245.30650024414064,201.67679962158203,242.23841329152773,63.61291646428166,15.851823633407065,17.94585290016217,-2.094029266755104,282.2636744234068,245.30650024414064,208.34932606487445,-0.020537311898519102
2023-06-30,261.7699890136719,264.45001220703125,259.8900146484375,260.6000061035156,112620800,248.01899948120118,203.30039947509766,244.0985633603034,65.36172868629566,15.507823683469866,17.45824705682371,-1.9504233733538427,281.26125499736236,248.01899948120118,214.77674396504,0.044865596045336145
2023-07-03,279.82000732421875,284.25,275.1099853515625,276.489990234375,119685900,251.31149978637694,205.63699951171876,247.50060564258106,71.57983448831389,16.501468218309498,17.266891289120867,-0.7654230708113694,283.43749054496794,251.31149978637694,219.18550902778594,0.11985998933589946
2023-07-05,282.4800109863281,283.8500061035156,277.6000061035156,278.82000732421875,131530900,254.55500030517578,207.9849996948242,250.8319775800808,72.36709366866286,17.30410775320047,17.274334581936788,0.029773171263681064,285.4926005434175,254.55500030517578,223.6174000669341,0.13051880743922806
2023-07-06,276.5400085449219,279.9700012207031,272.8800048828125,278.0899963378906,120332100,257.3165008544922,210.2647998046875,253.28036148149425,67.84735695020018,17.261912233892247,17.271850112327883,-0.009937878435636094,285.6405832456668,257.3165008544922,228.99241846331756,-0.055679267127796424
2023-07-07,274.42999267578125,280.7799987792969,273.7699890136719,278.42999267578125,113879200,259.8095001220703,212.53999969482422,255.29461207142637,66.2641616384731,16.863815763575275,17.190243242577363,-0.32642747900208846,284.73942620834833,259.8095001220703,234.87957403579225,-0.14268242583320354
2023-07-10,269.6099853515625,277.5199890136719,265.1000061035156,276.4700012207031,119425400,261.54699935913084,214.85719940185547,256.65798095524883,62.66678714883047,15.975234574203228,16.947241508902536,-0.9720069346993085,284.00006144967415,261.54699935913084,239.09393726858752,-0.24315886493268468
2023-07-11,269.7900085449219,270.8999938964844,266.3699951171875,268.6499938964844,91972400,262.8165000915527,217.04919952392578,257.9086502495034,62.74813020129384,15.111359599958007,16.58006512711363,-1.468705527155624,284.08805268236085,262.8165000915527,241.54494750074457,0.04240948754399173
2023-07-12,271.989990234375,276.5199890136719,271.4599914550781,276.3299865722656,95672100,263.92449951171875,219.2027993774414,259.24973024806263,63.78654379169425,14.43782236630392,16.15161657495169,-1.7137942086477693,284.67706695840525,263.92449951171875,243.17193206503222,-0.15577967477868498
2023-07-13,277.8999938964844,279.45001220703125,270.6000061035156,274.5899963378906,112681500,264.8839996337891,221.52419921875,261.0259458336266,66.48902520288837,14.2170419498338,15.764701649928112,-1.5476597000943126,286.34585331648464,264.8839996337891,243.42214595109354,0.11996278341423897
2023-07-14,281.3800048828125,285.29998779296875,276.30999755859375,277.010009765625,120062400,266.1134994506836,223.9455993652344,262.9644276478348,68.00320273448266,14.159655981994945,15.443692516341478,-1.2840365343465336,288.38198803397745,266.1134994506836,243.84501086738976,0.1564600683250975
2023-07-17,290.3800048828125,292.2300109863281,283.57000732421875,286.6300048828125,131569600,267.8375,226.5409994506836,265.57543500354694,71.57975175026915,14.671280582896202,15.289210129652423,-0.6179295467562209,291.93949971463974,267.8375,243.73550028536022,0.13008929921567322
2023-07-18,293.3399963378906,295.260009765625,286.010009765625,290.1499938964844,112120300,269.4774993896484,229.18379943847657,268.2196789401511,72.66207227425292,15.141056661695188,15.259579436060978,-0.11852277436578973,295.73721732106856,269.4774993896484,243.2177814582283,0.10950237072529644
2023-07-19,291.260009765625,299.2900085449219,289.5199890136719,296.0400085449219,142355400,270.3179992675781,231.60779968261718,270.4139961616248,70.62666426558468,15.17064233405847,15.241792015660478,-0.07114968160200696,298.18729062151544,270.3179992675781,242.44870791364076,-0.1600759290859052
2023-07-20,262.8999938964844,280.92999267578125,261.20001220703125,279.55999755859375,175158300,270.48999938964846,233.42999969482423,269.6983768982781,50.0431689677102,12.758599730718629,14.745153558672108,-1.986553827953479,298.1306426239969,270.48999938964846,242.84935615530003,-0.5341518398698935
2023-07-21,260.0199890136719,268.0,255.8000030517578,268.0,161796100,270.26049957275393,235.24739959716797,268.7766256711728,48.49741469550514,10.493681635105872,13.894859173958862,-3.4011775388529895,298.16755581632265,270.26049957275393,242.3534433291852,-0.28926284032936855
2023-07-24,269.05999755859375,269.8500061035156,254.1199951171875,255.85000610351562,136508500,270.8834991455078,237.2577996826172,268.8036134699748,53.36656680740585,9.320727322923176,12.980032803751726,-3.65930548082855,298.0904412552651,270.8834991455078,243.67655703575056,0.47485309230229306
2023-07-25,265.2799987792969,272.8999938964844,265.0,272.3800048828125,112757300,272.0949989318848,239.12179962158203,268.46803111848163,51.18737877823458,7.993988545252989,11.98282395205198,-3.988835406798991,295.8145924669727,272.0949989318848,248.37540539679685,-0.2549178605093511
2023-07-26,264.3500061035156,268.0400085449219,261.75,263.25,95856200,272.8019989013672,241.04919982910155,268.07583825991344,50.63949635279356,6.789233807468975,10.944105923135378,-4.154872115666404,294.6383476700637,272.8019989013672,250.9656501326707,0.04176130420650688
2023-07-27,255.7100067138672,269.1300048828125,255.3000030517578,268.30999755859375,103697300,272.7754997253418,242.8363998413086,266.89814001743287,45.74114047238997,5.078736739005592,9.771032086309422,-4.69229534730383,294.6933128437448,272.7754997253418,250.85768660693873,-0.43788068547598785
2023-07-28,266.44000244140625,267.25,258.2300109863281,259.8599853515625,111446000,273.2224998474121,244.8347998046875,266.8545078673351,51.95649823534567,4.536680441534543,8.724161757354446,-4.187481315819904,294.2213289160027,273.2224998474121,252.2236707788215,0.24793742767557891
2023-07-31,267.42999267578125,269.0799865722656,263.7799987792969,267.4800109863281,84582200,273.50550003051757,246.7061996459961,266.90931594433,52.49716668827669,4.1392659771237845,7.807182601308314,-3.66791662418453,294.02644281647713,273.50550003051757,252.984557244558,-0.0018699809402787741
2023-08-01,261.07000732421875,266.4700012207031,260.25,266.260009765625,83166000,272.56800003051757,248.3897998046875,266.3531913138432,48.70506162859196,3.2733809871943436,6.900422278485521,-3.627041291291177,293.55721543085747,272.56800003051757,251.57878463017767,-0.19249061816745383
2023-08-02,254.11000061035156,259.5199890136719,250.49000549316406,255.57000732421875,101752900,271.1494995117188,249.86919982910158,265.18717315160586,44.88407918288841,2.00246336848312,5.92083049648504,-3.91836712800192,293.0809505470671,271.1494995117188,249.21804847637043,-0.057065401870895684
2023-08-03,259.32000732421875,260.489990234375,252.0,252.0399932861328,97569100,270.2884994506836,251.27820007324217,264.6283954537595,48.162454580462764,1.3995231672545287,5.016569030638938,-3.6170458633844094,292.65363123323493,270.2884994506836,247.92336766813233,0.28107012030462647
2023-08-04,253.86000061035156,264.7699890136719,253.11000061035156,260.9700012207031,99539900,269.25999984741213,252.64,263.6028340401016,45.132666945557176,0.4756290476101981,4.108381034033191,-3.632751986422993,292.6376942486532,269.25999984741213,245.88230544617107,-0.2658985642199922
2023-08-07,251.4499969482422,253.64999389648438,242.75999450683594,251.4499969482422,111097900,268.3520004272461,254.01100006103516,262.44542098373404,43.82225598506734,-0.44589090005848675,3.1975266472148554,-3.643417547273342,292.9819311298038,268.3520004272461,243.72206972468837,0.0
2023-08-08,249.6999969482422,250.9199981689453,245.00999450683594,247.4499969482422,96642200,267.3474998474121,255.31559997558594,261.23157107559194,42.84936114401979,-1.3023992248694185,2.2975414727980006,-3.599940697667419,293.2658962877805,267.3474998474121,241.42910340704373,0.09067769706381729
2023-08-09,242.19000244140625,251.10000610351562,241.89999389648438,250.8699951171875,101596300,265.85750045776365,256.29600006103516,259.4180883485266,38.862024996713714,-2.55769848018258,1.3264934822018843,-3.8841919623844645,293.8780692075859,265.85750045776365,237.83693170794137,-0.3328195087599204
2023-08-10,245.33999633789062,251.8000030517578,243.0,245.39999389648438,109498600,264.229500579834,257.1795999145508,258.077317680847,41.328193436618434,-3.2607659223160113,0.40904160129830536,-3.669807523614317,293.0347085129636,264.229500579834,235.42429264670437,-0.0024448834776510994
2023-08-11,242.64999389648438,243.7899932861328,238.02000427246094,241.77000427246094,99038600,262.2930000305176,257.95399993896484,256.60804874900293,39.8498805758506,-3.98902960111036,-0.4705726391834278,-3.5184569619269324,291.4314098829936,262.2930000305176,233.15459017804162,0.036381735158506595
2023-08-14,239.75999450683594,240.66000366210938,233.75,235.6999969482422,98595300,259.7619995117187,258.59879974365236,255.00347215451083,38.26620896136301,-4.744688792489711,-1.3253958698446846,-3.4192929226450266,287.46027334778495,259.7619995117187,232.06372567565248,0.17056910392975302
2023-08-15,232.9600067138672,240.5,232.61000061035156,238.72999572753906,88197600,256.7430000305176,258.9785998535156,252.90409449349715,34.76531217368486,-5.825108110616441,-2.225338317999036,-3.599769792617405,282.21671062483955,256.7430000305176,231.2692894361956,-0.23709628070171335
2023-08-16,225.60000610351562,233.97000122070312,225.3800048828125,228.02000427246094,112484500,253.45999984741212,259.1383999633789,250.30370512302272,31.41520871984885,-7.192330039768109,-3.2187366623528506,-3.9735933774152583,277.155779905704,253.45999984741212,229.76421978912026,-0.10573426744230359
2023-08-17,219.22000122070312,226.74000549316406,218.8300018310547,226.05999755859375,120718400,251.27600021362304,259.0966000366211,247.34335237042086,28.822402236344487,-8.690497695256425,-4.313088868933566,-4.37740882632286,278.8271050668132,251.27600021362304,223.72489536043287,-0.29366675114701835
2023-08-18,215.49000549316406,217.5800018310547,212.36000061035156,214.1199951171875,136276600,249.04950103759765,258.915,244.30970028687258,27.39865964051897,-10.062788278872802,-5.4630287509214135,-4.599759527951388,280.3555739294117,249.04950103759765,217.74342814578355,0.06389612921848364
2023-08-21,231.27999877929688,232.1300048828125,220.5800018310547,221.5500030517578,135702700,247.1605010986328,258.8433999633789,243.06877633377013,40.74305387810382,-9.763668465104388,-6.323156693758008,-3.4405117713463795,277.9641366751054,247.1605010986328,216.35686552216018,0.41296311841294414
2023-08-22,233.19000244140625,240.82000732421875,229.5500030517578,240.25,130442800,245.55600128173828,258.6192001342773,242.12794072497357,42.128706453020754,-9.265683493065069,-6.911662053619421,-2.3540214394456482,275.75431271441386,245.55600128173828,215.3576898490627,-0.28568409671625533
2023-08-23,236.86000061035156,238.97999572753906,229.2899932861328,229.33999633789062,101077600,244.18150100708007,258.3598001098633,241.62623214262862,44.799700102966135,-8.477169105562126,-7.224763464007962,-1.252405641554164,273.31674034798607,244.18150100708007,215.04626166617408,0.3166304465283173
2023-08-24,230.0399932861328,238.9199981689453,228.17999267578125,238.66000366210938,99777400,242.89800033569335,257.78640014648437,240.52278082296235,41.011611111651895,-8.306827430612174,-7.441176257328805,-0.8656511732833687,272.1501427344325,242.89800033569335,213.64585793695423,-0.34625624520579673
2023-08-25,238.58999633789062,239.0,230.35000610351562,231.30999755859375,106612200,241.50550003051757,257.4223999023437,240.33870611009837,47.055694332888486,-7.396652627811875,-7.432271531425419,0.03561890361354436,268.7231085510395,241.50550003051757,214.2878915099956,0.30473320280697325
2023-08-28,238.82000732421875,244.3800048828125,235.35000610351562,242.5800018310547,107673700,240.07500076293945,257.08080017089844,240.1940681304908,47.21239212479472,-6.580911918699286,-7.261999608880193,0.6810876901809069,264.56253660039096,240.07500076293945,215.58746492548795,-0.15377070251636824
2023-08-29,257.17999267578125,257.4800109863281,237.77000427246094,238.5800018310547,134047600,239.88050003051757,257.01359985351564,241.81177523004226,57.918728943694006,-4.402188464213481,-6.690037379946851,2.2878489157333703,263.751951155593,239.88050003051757,216.0090489054421,0.6524841307412874
2023-08-30,256.8999938964844,260.510009765625,250.58999633789062,254.1999969482422,121988400,240.0199996948242,256.6625994873047,243.24874843637008,57.72644093876746,-2.6673800937857663,-5.885505922714635,3.2181258289288683,264.25231768407025,240.0199996948242,215.78768170557817,0.10581782266133144
2023-08-31,258.0799865722656,261.17999267578125,255.0500030517578,255.97999572753906,108861700,239.95799865722657,256.63499938964844,244.66124730645535,58.35394265908325,-1.1836717827754057,-4.945139094726788,3.7614673119513826,263.99805741175163,239.95799865722657,215.9179399027015,0.08185375673258354
2023-09-01,245.00999450683594,259.0799865722656,242.00999450683594,257.260009765625,132541600,239.51549835205077,256.2429995727539,244.6944613255392,49.57590475058278,-1.0503535638952997,-4.166181988560491,3.1158284246651915,262.8305707214999,239.51549835205077,216.20042598260164,-0.44317309676441846
2023-09-05,256.489990234375,258.0,244.86000061035156,245.0,129469600,239.76749801635742,256.2407992553711,245.8178450311426,55.8570607641333,-0.018148991762217292,-3.3365753892008363,3.318426397438619,263.6940273897021,239.76749801635742,215.8409686430127,0.43737415317579886
2023-09-06,251.9199981689453,255.38999938964844,245.05999755859375,255.13999938964844,116959800,239.87849807739258,256.45819915771483,246.3990024728381,53.0253839113263,0.4262073486127349,-2.5840188416381222,3.010226190250857,264.00804985078196,239.87849807739258,215.74894630400317,-0.12553945430454524
2023-09-07,251.49000549316406,252.80999755859375,243.27000427246094,245.07000732421875,115312900,240.34349822998047,256.4837991333008,246.88385990334532,52.75439311670469,0.7351913066947589,-1.9201768119715459,2.6553681186663045,264.98628984589493,240.34349822998047,215.70070661406598,0.25613337141978954
2023-09-08,248.5,256.5199890136719,246.6699981689453,251.22000122070312,118367700,240.50149841308593,256.3289993286133,247.03777800778863,50.809864387044385,0.7303755501055491,-1.390066339556127,2.1204418896616763,265.31036835813455,240.50149841308593,215.6926284680373,-0.10785057610702757
2023-09-11,273.5799865722656,274.8500061035156,260.6099853515625,264.2699890136719,174667900,242.047998046875,256.6505990600586,249.56560739488168,63.097143295222786,2.718961842871863,-0.5682607030705291,3.2872225459423925,270.75039259318527,242.047998046875,213.34560350056472,0.3384058765964677
2023-09-12,267.4800109863281,278.3900146484375,266.6000061035156,270.760009765625,135999900,243.43399887084962,256.7647994995117,251.27174107025752,59.2223477043559,3.7593779874103177,0.2972670350256402,3.4621109523846774,274.1659679575594,243.43399887084962,212.70202978413982,-0.12055132291205155
2023-09-13,271.29998779296875,274.9800109863281,268.1000061035156,270.07000732421875,111673700,245.3509979248047,256.5943991088867,253.17919313908718,60.843989211216574,4.836404421553823,1.2050945123312768,3.631309909222546,277.9564598573653,245.3509979248047,212.7455359922441,0.04551156164725159
2023-09-14,276.0400085449219,276.7099914550781,270.4200134277344,271.32000732421875,107709800,247.872998046875,256.4655990600586,255.35641365392857,62.81981383612456,6.0032341445109125,2.164722438767204,3.8385117057437084,281.755396845605,247.872998046875,213.99059924814503,0.17223042070675804
2023-09-15,274.3900146484375,278.9800109863281,271.0,277.54998779296875,133692300,250.63149871826172,256.4225991821289,257.1691375581675,61.65355524083256,6.71738060642997,3.0752540722997574,3.6421265341302123,283.7073393425815,250.63149871826172,217.55565809394193,-0.11336300226611368
2023-09-18,265.2799987792969,271.44000244140625,263.760009765625,271.1600036621094,101543300,253.12099838256836,256.2395993041992,257.9416005316084,55.524362576596374,6.473620806618271,3.7549274191634607,2.7186933874548105,282.53445789145286,253.12099838256836,223.70753887368386,-0.2135101819987679
2023-09-19,266.5,267.8500061035156,261.20001220703125,264.3500061035156,103704000,254.88199844360352,256.17739959716795,258.7566861952647,56.15301514959967,6.306189484695153,4.2651798322698,2.0410096524253536,283.0447539824842,254.88199844360352,226.71924290472282,0.08115247866073666
2023-09-20,262.5899963378906,273.92999267578125,262.4599914550781,267.0400085449219,122514600,256.35199813842775,256.03339935302733,259.1217633517053,53.54099492207478,5.791236567297176,4.570391179275275,1.2208453880219006,282.85240023589455,256.35199813842775,229.85159604096094,-0.165116568080322
2023-09-21,255.6999969482422,260.8599853515625,254.2100067138672,257.8500061035156,119951500,257.29399795532225,255.7075994873047,258.7958808370897,49.198107654114374,4.772156848027123,4.610744313025645,0.16141253500147812,282.25034553045435,257.29399795532225,232.33765038019015,-0.0831894595825201
2023-09-22,244.8800048828125,257.7900085449219,244.47999572753906,257.3999938964844,127524100,258.03599853515624,255.04719970703124,257.47055931763475,43.2633293671222,3.0562157425473515,4.299838598929987,-1.2436228563826353,280.4610362285054,258.03599853515624,235.61096084180707,-0.4513561396870031
2023-09-25,246.99000549316406,247.10000610351562,238.30999755859375,243.3800048828125,104636600,258.45599899291994,254.35939971923827,256.4724113343518,44.6651585367251,1.8453079081106125,3.808932460766112,-1.9636245526554994,279.69158483780734,258.45599899291994,237.22041314803258,0.14724943657334846
2023-09-26,244.1199951171875,249.5500030517578,241.66000366210938,242.97999572753906,101993600,258.7209983825684,253.43419952392577,255.29599074224092,43.10508413205151,0.646615097199259,3.1764689880527417,-2.5298538908534827,279.0841753236026,258.7209983825684,238.35782144153416,0.04688302219275312
2023-09-27,240.5,245.3300018310547,234.5800018310547,244.25999450683594,136597200,257.8869987487793,252.37739959716797,253.8868487667894,41.15261974801963,-0.5886750642556535,2.423440177591063,-3.0121152418467165,279.74569885352173,257.8869987487793,236.02829864403688,-0.15272966624752357
2023-09-28,246.3800048828125,247.5500030517578,238.64999389648438,240.02000427246094,117058900,257.3609992980957,251.47979949951173,253.17191125402968,45.472987468193665,-1.0807262250087035,1.7226068970711097,-2.8033331220798132,279.7882910300721,257.3609992980957,234.9337075661193,0.25894564250975766
2023-09-29,250.22000122070312,254.77000427246094,246.35000610351562,250.0,128522700,256.9680000305176,251.2261996459961,252.89077696514144,48.15017433623263,-1.1475959311230213,1.1485663314322836,-2.296162262555305,279.60560155766905,256.9680000305176,234.33039850336613,0.008799821674046797
2023-10-02,251.60000610351562,254.27999877929688,242.6199951171875,244.80999755859375,123810400,257.29750061035156,251.05779998779298,252.76784640689138,49.11705684136982,-1.0768228506050264,0.7034884950248216,-1.780311345629848,279.41516352741473,257.29750061035156,235.17983769328836,0.2704583713757407
2023-10-03,246.52999877929688,250.02000427246094,244.4499969482422,248.61000061035156,101985300,256.7995010375977,250.60720001220704,252.17376568045378,45.74219463023963,-1.4135473991328524,0.28008131619328674,-1.6936287153261391,279.4104807410486,256.7995010375977,234.1885213341467,-0.08347058147003328
2023-10-04,261.1600036621094,261.8599853515625,247.60000610351562,248.13999938964844,129721600,257.26150131225586,250.5248001098633,253.02959786918288,55.28901074352679,-0.49418820975927247,0.1252274110027749,-0.6194156207620474,279.83235670396334,257.26150131225586,234.69064592054835,0.4813223821908014
2023-10-05,260.04998779296875,263.6000061035156,256.25,260.0,119159200,257.6895004272461,250.43879974365234,253.69820643335296,54.505391313333,0.14319095143969207,0.12882011909015834,0.014370832349533735,280.1306206915357,257.6895004272461,235.24838016295655,0.0019226050529574433
2023-10-06,260.5299987792969,261.6499938964844,250.64999389648438,253.97999572753906,118121800,258.29100036621094,250.53519958496094,254.34885332344285,54.80370684595408,0.6792217581096338,0.23890044689405343,0.4403213112155804,280.3563798682077,258.29100036621094,236.22562086421416,0.2523250855363592
2023-10-09,259.6700134277344,261.3599853515625,252.0500030517578,255.30999755859375,101377900,257.5955017089844,250.3997998046875,254.8556304762325,54.11902244140609,1.0228456753690125,0.3956894925890453,0.6271561827799672,278.53770347005303,257.5955017089844,236.65329994791574,0.16913242925688565
2023-10-10,263.6199951171875,268.94000244140625,257.6499938964844,257.75,122656000,257.40250091552736,250.32359985351562,255.69033187060916,56.78932379485393,1.5955085866212642,0.6356533113954891,0.9598552752257751,278.04578110086914,257.40250091552736,236.75922073018558,0.22388259595006382
2023-10-11,262.989990234375,268.6000061035156,260.8999938964844,266.20001220703125,103706300,256.9870010375977,250.36199951171875,256.38553742906305,56.227231246236165,1.9757368758780274,0.9036700242919968,1.0720668515860305,276.8130050548524,256.9870010375977,237.16099702034293,-0.12000573325647583
2023-10-12,258.8699951171875,265.4100036621094,256.6300048828125,262.9200134277344,111508100,256.1285003662109,250.45719940185546,256.62215244697967,52.56319031385308,1.922460433601259,1.1074281061538493,0.8150323274474096,273.9674480932221,256.1285003662109,238.2895526391997,-0.15283302517327596
2023-10-13,251.1199951171875,259.6000061035156,250.22000122070312,258.8999938964844,102073800,254.96499938964843,250.29319915771484,256.0981374631899,46.43354750537888,1.2405776320043742,1.1340580113239542,0.10651962068041998,270.81219352952996,254.96499938964843,239.11780524976692,-0.29177202112557915
2023-10-16,253.9199981689453,255.39999389648438,248.47999572753906,250.0500030517578,88917200,254.39699935913086,250.29439910888672,255.89069562564282,48.75851376255402,0.9155633997594634,1.0903590890110562,-0.17479568925159272,269.52252840762986,254.39699935913086,239.27147031063186,0.15354482892550977
2023-10-17,254.85000610351562,257.17999267578125,247.0800018310547,250.10000610351562,93562900,253.81449966430665,250.36239929199218,255.79158233782118,49.54188500284555,0.7246775157184402,1.017222774352533,-0.29254525863409286,267.89174810065316,253.81449966430665,239.73725122796012,0.1876729085645247
2023-10-18,242.67999267578125,254.6300048828125,242.0800018310547,252.6999969482422,125147800,252.81899948120116,250.22199920654296,254.542859512865,40.76030907012305,-0.40396266704715345,0.7329856860725957,-1.1369483531197493,267.0877913670706,252.81899948120116,238.55020759533167,-0.37696550766222264
2023-10-19,220.11000061035156,230.61000061035156,216.77999877929688,225.9499969482422,170772700,251.03949966430665,249.78039916992188,251.26353961738752,30.103232262235778,-3.0840765628431086,-0.0304267637105452,-3.0536497991325633,271.1205264217852,251.03949966430665,230.95847290682806,-0.2528583964944677
2023-10-20,211.99000549316406,218.86000061035156,210.4199981689453,217.00999450683594,138010100,249.3949996948242,249.11339935302735,247.52320303412813,27.33426933104552,-5.796483623737004,-1.183638135715837,-4.612845488021167,275.65932604917464,249.3949996948242,223.13067334047378,-0.22728551472673467
2023-10-23,212.0800018310547,216.97999572753906,202.50999450683594,210.0,150683400,247.64949951171874,248.50199951171874,244.14766006240686,27.41396062254968,-7.848352882397791,-2.516581085052228,-5.331771797345563,278.55180960309474,247.64949951171874,216.74718942034272,0.09872507146405875
2023-10-24,216.52000427246094,222.0500030517578,214.11000061035156,216.5,118231100,246.2694999694824,248.03719970703125,241.51645474907866,31.410481005735335,-9.012314609585161,-3.8157277899588147,-5.196586819626346,280.013429624359,246.2694999694824,212.52557031460583,0.0009239846082249406
2023-10-25,212.4199981689453,220.10000610351562,212.1999969482422,215.8800048828125,107065100,244.8654998779297,247.62639953613282,238.7453636462088,29.779915071200904,-10.148612009689487,-5.082304633904949,-5.066307375784538,281.6522944104012,244.8654998779297,208.07870534545813,-0.15891611659536997
2023-10-26,205.75999450683594,214.8000030517578,204.8800048828125,211.32000732421875,115112600,242.83449935913086,247.2295993041992,235.6038999186495,27.300710439014054,-11.454502150797708,-6.356744137283501,-5.097758013514207,283.3580451631273,242.83449935913086,202.31095355513443,-0.2572008798960691
2023-10-27,207.3000030517578,212.41000366210938,205.77000427246094,210.60000610351562,94881200,240.6884994506836,246.99119934082032,232.90829069323124,28.777236398982055,-12.224250130694458,-7.5302453359656925,-4.694004794728765,283.8783994287416,240.6884994506836,197.49859947262559,-0.15542530042953018
2023-10-30,197.36000061035156,210.8800048828125,194.6699981689453,209.27999877929688,136448200,237.97649917602538,246.62859924316408,229.5227392567665,25.217190025423577,-13.480956006216417,-8.720387470015838,-4.760568536200578,284.7483629941376,237.97649917602538,191.20463535791313,-0.5150447227134441
2023-10-31,200.83999633789062,202.8000030517578,194.07000732421875,196.1199951171875,118068300,235.69199905395507,246.01979919433595,226.7910494549688,28.549817836028936,-14.034319001579888,-9.783173776328649,-4.251145225251239,284.9659574833912,235.69199905395507,186.41804062451894,0.23612759216203494
2023-11-01,205.66000366210938,205.99000549316406,197.85000610351562,204.0399932861328,121661700,232.91699905395507,245.46919921875,224.7785689032679,33.0032269178368,-13.923428239871924,-10.611224669037306,-3.312203570834619,282.39205112067623,232.91699905395507,183.4419469872339,0.07923029293064139
2023-11-02,218.50999450683594,219.1999969482422,211.4499969482422,212.97000122070312,125987600,230.83999938964843,245.1021990966797,224.18156181789345,43.17245420500622,-12.652805971833402,-11.019540929596527,-1.633265042236875,279.05615443134064,230.83999938964843,182.6238443479562,0.2544173259587923
2023-11-03,219.9600067138672,226.3699951171875,218.39999389648438,221.14999389648438,119534800,228.81149978637694,244.90059936523437,223.77950895084334,44.20167547030148,-11.397442184383834,-11.095121180553988,-0.30232100382984584,275.24116702421264,228.81149978637694,182.38183254854124,-0.05375718028883404
2023-11-06,219.27000427246094,226.32000732421875,215.0,223.97999572753906,117335800,226.79149932861327,244.51419952392578,223.3500323148069,43.79519473794763,-10.339052606244849,-10.94390746569216,0.6048548594473111,271.14407362725274,226.79149932861327,182.43892502997377,-0.2072404769515455
2023-11-07,222.17999267578125,223.1199951171875,215.72000122070312,219.97999572753906,116900100,224.71949920654296,244.18139923095703,223.23859996823302,46.04855000317966,-9.159870213919561,-10.58710001533764,1.427229801418079,265.7434396219262,224.71949920654296,183.69555879115975,0.09967686061029712
2023-11-08,222.11000061035156,224.14999389648438,217.63999938964844,223.14999389648438,106584800,222.6754997253418,243.47999938964844,223.13111431510143,46.00077907908587,-8.137206792514718,-10.097121370773056,1.9599145782583385,259.75228156479943,222.6754997253418,185.59871788588416,-0.046571409367915505
2023-11-09,209.97999572753906,220.8000030517578,206.67999267578125,219.75,142110500,220.2309997558594,242.54159942626953,221.8786268305717,38.538962757319574,-8.210878783005768,-9.719872853219599,1.5089940702138307,253.7125214683669,220.2309997558594,186.74947804335187,-0.41744707269663983
2023-11-10,214.64999389648438,215.3800048828125,205.69000244140625,210.02999877929688,130994000,218.40749969482422,241.6729995727539,221.19018559875389,42.412000903434766,-7.802492268825006,-9.33639673634068,1.5339044675156739,248.7903107018521,218.40749969482422,188.02468868779636,0.2164878900027965
2023-11-13,223.7100067138672,225.39999389648438,211.61000061035156,215.60000610351562,140447600,216.89700012207032,241.24699981689454,221.43016856209803,49.11185430750644,-6.670877968649165,-8.803292982802377,2.132415014153212,242.73078759921196,216.89700012207032,191.06321264492868,0.35936763817767603
2023-11-14,237.41000366210938,238.13999938964844,230.72000122070312,235.02999877929688,149771600,216.025,240.8654000854492,222.95205761924197,57.21731477651278,-4.615386917441896,-7.965711769730281,3.3503248522883853,237.48224979590262,216.025,194.5677502040974,0.10091915811465128
2023-11-15,242.83999633789062,246.6999969482422,236.4499969482422,239.2899932861328,150354000,216.03300018310546,240.68380004882812,224.84614702101803,59.94081040207374,-2.519200644867425,-6.87640954475771,4.357208899890285,237.53007885912726,216.03300018310546,194.53592150708366,0.14727677404261724
2023-11-16,233.58999633789062,240.8800048828125,230.9600067138672,239.49000549316406,136816800,216.7069999694824,240.32579986572264,225.6788945750059,53.6726661289263,-1.5860723612849483,-5.818342108063158,4.2322697467782096,239.48050486122014,216.7069999694824,193.93349507774468,-0.2414913508339321
2023-11-17,234.3000030517578,237.38999938964844,226.5399932861328,232.0,142532800,217.8224998474121,240.04179992675782,226.49995252517277,54.06969411201934,-0.7802753373003384,-4.8107287539105945,4.030453416610256,241.7203639623498,217.8224998474121,193.9246357324744,0.0988145463300831
2023-11-20,235.60000610351562,237.10000610351562,231.02000427246094,234.0399932861328,116320100,218.99850006103514,239.2822003173828,227.36662429453878,54.83295340987871,-0.03635690882688891,-3.8558543848938536,3.8194974760669647,243.94221053662096,218.99850006103514,194.05478958544933,0.0665572800560072
2023-11-21,241.1999969482422,243.6199951171875,233.33999633789062,235.0399932861328,122288000,220.2324996948242,238.75660003662108,228.68408835679625,58.065687075377795,0.993622404899213,-2.8859590269352404,3.8795814318344535,246.9429915741742,220.2324996948242,193.52200781547424,0.2562429976191061
2023-11-22,234.2100067138672,244.00999450683594,231.39999389648438,242.0399932861328,117950600,221.3220001220703,238.01480041503908,229.2103662955649,52.9694713208979,1.231656863852436,-2.0624358487777052,3.294092712630141,248.44338349733442,221.3220001220703,194.2006167468062,-0.31266793411592475
2023-11-24,235.4499969482422,238.75,232.3300018310547,233.75,65125200,222.80650024414064,237.20300018310547,229.8046168339151,53.745027114968465,1.5030317223117606,-1.3493423345598121,2.8523740568715725,249.60648772265816,222.80650024414064,196.0065127656231,0.07259918917133655
2023-11-27,236.0800018310547,238.3300018310547,232.10000610351562,236.88999938964844,112031800,224.24550018310546,236.4367999267578,230.4022725479284,54.158646563599,1.7487755852912983,-0.72971875058959,2.4784943358808884,250.64821450173986,224.24550018310546,197.84278586447107,-0.03417966296497833
2023-11-28,246.72000122070312,247.0,234.00999450683594,236.67999267578125,148549900,226.71350021362304,236.06559997558594,231.9563419453355,60.571294668270795,2.7701557644604122,-0.02974384757958959,2.7998996120400017,251.7972369510267,226.71350021362304,201.62976347621938,0.4004643310823617
2023-11-29,244.13999938964844,252.75,242.75999450683594,249.2100067138672,135401300,228.87850036621094,235.61839996337892,233.11669027336532,58.43663677046097,3.333001562022048,0.642805234340738,2.69019632768131,252.0581008850605,228.87850036621094,205.6988998473614,-0.200682092251597
2023-11-30,240.0800018310547,245.22000122070312,236.91000366210938,245.13999938964844,132353200,230.5995002746582,235.1682000732422,233.77986280266907,55.14323932528483,3.412120241340375,1.1966682357406655,2.2154520055997096,251.64044908044298,230.5995002746582,209.55855146887342,-0.20353019449362184
2023-12-01,238.8300018310547,240.19000244140625,231.89999389648438,233.13999938964844,121331700,231.61550064086913,234.83080017089844,234.26082842442008,54.131707430188555,3.3355081497369383,1.6244362185399202,1.7110719311970182,252.18026421604844,231.61550064086913,211.05073706568982,0.23932640423843016
2023-12-04,235.5800018310547,239.3699951171875,233.2899932861328,235.75,104099800,232.39650039672853,234.64480010986327,234.3864639869567,51.48720103751739,2.9782136830990282,1.895191711451742,1.0830219716472862,252.30737693768813,232.39650039672853,212.48562385576892,-0.007210825980723301
2023-12-05,238.72000122070312,246.66000366210938,233.6999969482422,233.8699951171875,137971100,233.36900024414064,234.47940002441408,234.79918181874206,53.83384646104232,2.914826645641284,2.099118698289651,0.8157079473516333,252.5052572775981,233.36900024414064,214.23274321068317,0.2044577885821472
2023-12-06,239.3699951171875,246.57000732421875,239.1699981689453,242.9199981689453,126436200,234.22850036621094,234.38440002441405,235.23449737097496,54.32636335473598,2.88379840409749,2.256054639451219,0.6277437646462714,252.81357451810774,234.22850036621094,215.64342621431413,-0.14510724468600236
2023-12-07,242.63999938964844,244.0800018310547,236.97999572753906,241.5500030517578,107142300,235.25500030517577,234.42720001220704,235.93978327751532,56.82201267334824,3.087479770444986,2.4223396656499725,0.6651401047950136,253.30961823606623,235.25500030517577,217.2003823742853,0.045094476626140814
2023-12-08,243.83999633789062,245.27000427246094,239.27000427246094,240.27000427246094,103126800,236.94800033569337,234.3763998413086,236.69218452136056,57.73469261020921,3.307600486155991,2.5993918297511764,0.7082086564048145,251.1423475314449,236.94800033569337,222.75365313994183,0.14749867451269952
2023-12-11,239.74000549316406,243.44000244140625,237.4499969482422,242.74000549316406,97913900,238.20250091552734,234.16679992675782,236.98245318534183,53.568378242233365,3.1153014867929016,2.7025737611595213,0.41272772563338034,248.06674167807944,238.20250091552734,228.33826015297524,-0.12296360029712318
2023-12-12,237.00999450683594,238.99000549316406,233.8699951171875,238.5500030517578,95328300,238.86750030517578,233.87499969482423,236.98507616834127,50.932782643574335,2.7113592121797865,2.7043308513635744,0.007028360816212054,246.2031860767031,238.86750030517578,231.53181453364846,-0.06446752039543646
2023-12-13,239.2899932861328,240.3000030517578,228.1999969482422,234.19000244140625,146286300,238.96149978637695,233.73019958496093,237.2045920843214,53.012056147115295,2.5458617861199,2.6726370383148397,-0.12677525219493946,246.26819417574384,238.96149978637695,231.65480539701005,0.2143930132369901
2023-12-14,251.0500030517578,253.8800048828125,240.7899932861328,241.22000122070312,160829200,239.37200012207032,233.5279995727539,238.52320265264868,61.96492492268236,3.3253063277909973,2.803170896210071,0.5221354315809261,248.25634455126672,239.37200012207032,230.48765569287391,0.3863580128158649
2023-12-15,253.5,254.1300048828125,248.3000030517578,251.2100067138672,135932800,240.36750030517578,233.39699981689452,239.94956430477737,63.52420141378903,4.09352837394249,3.061242391756555,1.0322859821859351,250.76948357936183,240.36750030517578,229.96551703098973,0.09090685291354189
2023-12-18,252.0800018310547,258.739990234375,251.36000061035156,253.77999877929688,116416500,241.25650024414062,233.22799987792968,241.10484406918474,61.939265064844605,4.5354856402257155,3.3560910414503877,1.1793945987753278,252.44191960531018,241.25650024414062,230.07108088297107,-0.06688701767313933
2023-12-19,257.2200012207031,258.3399963378906,253.00999450683594,253.47999572753906,106737400,242.3375,233.17899963378906,242.6396209407579,65.31291759294464,5.240090450986827,3.732890923357676,1.507199527629151,255.1829992853417,242.3375,229.4920007146583,0.14648492720939854
2023-12-20,247.13999938964844,259.8399963378906,247.0,256.4100036621094,125097000,242.6345001220703,232.84939971923828,243.06822841208083,55.01425873174814,4.928312416473489,3.9719752219808386,0.95633719449265,255.6348090814235,242.6345001220703,229.63419116271712,-0.3465614475573359
2023-12-21,254.5,254.8000030517578,248.5500030517578,251.89999389648438,109594200,243.64899978637695,232.67959991455078,244.15696856331124,59.97671042134758,5.215001327962909,4.220580443177253,0.9944208847856562,257.0226602574965,243.64899978637695,230.27533931525738,0.10285082515892326
2023-12-22,252.5399932861328,258.2200012207031,251.3699951171875,256.760009765625,93370100,244.50349960327148,232.5529998779297,244.95535187024663,58.13745592655996,5.223831121009795,4.421230578743762,0.802600542266033,257.85637712922403,244.50349960327148,231.15062207731893,-0.16289234946241574
2023-12-26,256.6099853515625,257.9700012207031,252.91000366210938,254.49000549316406,86892400,245.52999877929688,232.6627996826172,246.0653169637053,60.82403468933536,5.495889942764478,4.636162451547905,0.8597274912165727,259.2852476858261,245.52999877929688,231.77474987276764,0.08311091160131341
2023-12-27,261.44000244140625,263.3399963378906,257.5199890136719,258.3500061035156,106494400,246.26599884033203,232.8131997680664,247.52957272348635,63.793639253556314,6.0317107254627444,4.915272106330873,1.1164386191318716,261.6732215058469,246.26599884033203,230.8587761748171,0.11903795561211725
2023-12-28,253.17999267578125,265.1300048828125,252.7100067138672,263.6600036621094,113619900,246.71799850463867,232.7797994995117,248.06770795703824,55.97881535646319,5.723857730883481,5.076989231241394,0.6468684996420864,262.3775637252024,246.71799850463867,231.05843328407494,-0.37779241908770533
2023-12-29,248.47999572753906,255.19000244140625,247.42999267578125,255.10000610351562,100891600,247.13799819946288,232.89579956054686,248.1069734589907,52.07011772359024,5.042504685346131,5.070092322062342,-0.027587636716210895,262.5108544987158,247.13799819946288,231.76514190020998,-0.253833865598436
2024-01-02,248.4199981689453,251.25,244.41000366210938,250.0800018310547,104654200,247.61749801635742,233.46199951171874,248.13678533612924,52.020183197153635,4.446430503281249,4.945359958306123,-0.4989294550248742,262.514785506123,247.61749801635742,232.7202105265918,-0.06628158426613191
2024-01-03,238.4499969482422,245.67999267578125,236.32000732421875,244.97999572753906,121082600,247.7609977722168,233.99119934082032,247.21423406109238,44.400355669573415,3.1334215110856007,4.582972268862019,-1.449550757776418,262.2411620709236,247.7609977722168,233.28083347350997,-0.2604138628108315
2024-01-04,237.92999267578125,242.6999969482422,237.72999572753906,239.25,102629300,247.72149734497071,234.50819915771484,246.33002059582466,44.03803130133233,2.027520432660964,4.071881901621808,-2.044361468960844,262.30404600749415,247.72149734497071,233.13894868244725,-0.055116805552955915
2024-01-05,237.49000549316406,240.1199951171875,234.89999389648438,236.86000061035156,92488900,247.62749786376952,234.92759918212892,245.48811439557127,43.71298936356499,1.1028693802088014,3.4780793973392066,-2.375210017130405,262.4464907140136,247.62749786376952,232.8085050135255,0.02659192580500175
2024-01-08,240.4499969482422,241.25,235.3000030517578,236.13999938964844,85166600,247.51799774169922,235.48819915771483,245.00829368630184,46.5701244895035,0.6019840349011645,2.902860324851598,-2.3008762899504336,262.51409268875983,247.51799774169922,232.5219027946386,0.1805186350186754
2024-01-09,234.9600067138672,238.9600067138672,232.0399932861328,238.11000061035156,96705700,247.07399826049806,236.07219940185547,244.0513139746414,42.28310672115853,-0.23525565929173808,2.275237128022931,-2.510492787314669,262.97775286027,247.07399826049806,231.17024366072613,-0.1315251587484845
2024-01-10,233.94000244140625,235.5,231.2899932861328,235.10000610351562,91628500,246.78399810791015,236.60499938964844,243.0883319238571,41.51838497802101,-0.9698995706728795,1.626209788283769,-2.5961093589566486,263.4073518389924,246.78399810791015,230.16064437682795,-0.04930085907717691
2024-01-11,227.22000122070312,230.92999267578125,225.3699951171875,230.57000732421875,105873600,246.29449844360352,237.20219940185547,241.57706233308056,36.79669559319453,-2.0704907716039713,0.8868696763062209,-2.957360447910192,264.5378867019569,246.29449844360352,228.05111018525014,-0.14427855431013728
2024-01-12,218.88999938964844,225.33999633789062,217.14999389648438,220.0800018310547,123043800,245.2744987487793,237.56319946289062,239.4163896718013,31.946680124622958,-3.5736835591799547,-0.0052409707910141545,-3.5684425883889404,266.9320219870145,245.2744987487793,223.61697551054417,-0.05401872250389766
2024-01-16,219.91000366210938,223.49000549316406,212.17999267578125,215.10000610351562,115355000,243.71749877929688,237.84819946289062,237.55863862325924,33.109310206295206,-4.62930510538439,-0.9300537977096893,-3.6992513076747002,267.8287316263417,243.71749877929688,219.606265932252,0.21996259560516263
2024-01-17,215.5500030517578,215.6699981689453,212.00999450683594,214.86000061035156,103164400,241.81999893188475,237.78899963378908,235.46257809264006,30.695329568313,-5.751409726109557,-1.8943249833896632,-3.857084742719894,268.3999090861022,241.81999893188475,215.24008877766735,0.032103012875253974
2024-01-18,211.8800048828125,217.4499969482422,208.74000549316406,216.8800048828125,108595400,239.80999908447265,237.62739959716797,233.21661873932314,28.792388560894466,-6.857771778888605,-2.8870143424894517,-3.970757436399153,268.94002385434504,239.80999908447265,210.67997431460023,-0.22654281742659563
2024-01-19,212.19000244140625,213.19000244140625,207.55999755859375,209.99000549316406,102260300,237.55849914550782,237.48579956054687,231.21408385380724,29.191702331307397,-7.62169925968081,-3.8339513259277234,-3.7877479337530864,267.8938340411148,237.55849914550782,207.22316424990083,0.1043851119611436
2024-01-22,208.8000030517578,217.8000030517578,206.27000427246094,212.25999450683594,117952500,235.6414993286133,237.2181997680664,229.07940949170728,27.383281934536015,-8.403788271331194,-4.747918715008418,-3.6558695563227763,268.08502225948325,235.6414993286133,203.19797639774333,-0.1615786412018125
2024-01-23,209.13999938964844,215.64999389648438,207.75,211.3000030517578,106605900,233.3734992980957,236.95879974365235,227.18041805341596,27.865940095322273,-8.893644190583615,-5.577063810123458,-3.316580380460157,266.5600051988473,233.3734992980957,200.18699339734408,-0.10186990273499327
2024-01-24,207.8300018310547,212.72999572753906,206.77000427246094,211.8800048828125,123369900,231.13799972534179,236.91579986572265,225.33752127033395,27.118042219726576,-9.280583599907573,-6.317767768080281,-2.9628158318272915,264.8778499732688,231.13799972534179,197.3981494774148,-0.18885164136224944
2024-01-25,182.6300048828125,193.0,180.05999755859375,189.6999969482422,198076800,227.4390007019043,236.2754000854492,221.27013875723668,17.427925897914236,-11.488235787130463,-7.351861371890317,-4.136374415240146,265.1813883056458,227.4390007019043,189.69661309816283,-0.35634527791697634
2024-01-26,183.25,186.77999877929688,182.10000610351562,185.5,107343200,223.52950057983398,235.4661999511719,217.6491731613094,18.20235898811694,-13.037499448260178,-8.48898898716429,-4.548510461095887,262.55091764741155,223.52950057983398,184.5080835122564,-0.1207024480107563
2024-01-29,190.92999267578125,191.47999572753906,183.6699981689453,185.6300048828125,125013100,220.417000579834,234.5365997314453,215.1044893055448,27.298390445683097,-13.49008552830503,-9.489208295392439,-4.0008772329125915,259.4123286560631,220.417000579834,181.4216725036049,0.2780002599948043
2024-01-30,191.58999633789062,196.36000061035156,190.61000061035156,195.3300018310547,109982300,217.57250061035157,233.5115997314453,212.86501378481583,28.038981900019635,-13.63829272876103,-10.319025182066158,-3.3192675466948725,256.26311687383554,217.57250061035157,178.88188434686757,-0.18916508149209174
2024-01-31,187.2899932861328,193.97000122070312,185.85000610351562,187.0,103221400,214.51600036621093,232.58559967041015,210.42929754684604,26.16863227506687,-13.94200752836096,-11.043621651325118,-2.8983858770358424,252.6301373854486,214.51600036621093,176.40186334697327,0.01550641934615623
2024-02-01,188.86000061035156,189.8800048828125,184.27999877929688,188.5,91843300,212.0365005493164,231.67679962158203,208.37507879098942,28.05564520833387,-13.895834692743904,-11.614064259608877,-2.2817704331350264,250.05195253360947,212.0365005493164,174.02104856502334,0.019095853996005684
2024-02-02,187.91000366210938,188.69000244140625,182.0,185.0399932861328,110612700,209.5355010986328,230.7229995727539,206.42602401681035,27.596038956669886,-13.777085536006354,-12.046668514888374,-1.7304170211179795,246.98516838780682,209.5355010986328,172.0858338094588,0.15387027096698852
2024-02-05,181.05999755859375,184.67999267578125,175.00999450683594,184.25999450683594,134294400,206.7140007019043,229.52019958496095,204.01021197317067,24.481733133556688,-14.073483856951043,-12.452031583300908,-1.6214522736501351,243.81540390040678,206.7140007019043,169.61259750340182,-0.1719423326594719
2024-02-06,185.10000610351562,186.49000549316406,177.11000061035156,177.2100067138672,122676000,203.94650115966797,228.5379995727539,202.20923998558447,29.532739383087858,-13.8230432973333,-12.726233926107387,-1.0968093712259126,238.7558011869018,203.94650115966797,169.13720113243414,0.4179738273367988
2024-02-07,187.5800018310547,189.7899932861328,182.67999267578125,188.17999267578125,111535200,201.57750091552734,227.58059967041015,200.81597920896257,32.51658451703322,-13.271467207717052,-12.835280582429322,-0.4361866252877302,233.9880497300978,201.57750091552734,169.16695210095688,-0.031873080956683605
2024-02-08,189.55999755859375,191.6199951171875,185.5800018310547,189.0,83034000,199.3585006713867,226.65019958496094,199.7439809565465,34.88715864953264,-12.530130530091867,-12.774250571961831,0.24412004186996406,228.51610006694642,199.3585006713867,170.200901275827,0.0296208328468717
2024-02-09,193.57000732421875,194.1199951171875,189.47999572753906,190.17999267578125,84476300,197.6760009765625,225.58719970703126,199.15598346775337,39.52085914902298,-11.486630866545426,-12.516726630878551,1.0300957643331259,223.9493918900654,197.6760009765625,171.4026100630596,0.17638870617777416
2024-02-12,188.1300048828125,194.72999572753906,187.27999877929688,192.11000061035156,95498600,196.13800125122071,224.46699981689454,198.10589026918757,35.79891754312254,-10.97213268255095,-12.207807841213032,1.235675158662083,220.81689425766294,196.13800125122071,171.4591082447785,-0.20425877888894237
2024-02-13,184.02000427246094,187.25999450683594,182.11000061035156,183.99000549316406,86759500,194.34350128173827,223.34579986572265,196.76437731711837,33.25105451936864,-10.77186056221234,-11.920618385412896,1.1487578232005564,216.98228194440463,194.34350128173827,171.7047206190719,0.0016304555583699434
2024-02-14,188.7100067138672,188.88999938964844,183.35000610351562,185.3000030517578,81203000,193.00150146484376,222.3433999633789,195.997294402523,38.61954457869748,-10.118064711211389,-11.560107650572593,1.4420429393612046,213.5371934328056,193.00150146484376,172.46580949688192,0.18197647373218107
2024-02-15,200.4499969482422,200.8800048828125,188.86000061035156,189.16000366210938,120831800,192.43000106811525,221.64079986572267,196.42136131163915,49.55641441932157,-8.554002476360665,-10.958886615730208,2.4048841393695426,211.40958569270487,192.43000106811525,173.45041644352563,0.5348034934081692
2024-02-16,199.9499969482422,203.1699981689453,197.39999389648438,202.05999755859375,111346700,191.81800079345703,220.86539978027344,196.75742184845848,49.15470227687175,-7.271002121690003,-10.221309716922168,2.9503075952321645,208.9043986563819,191.81800079345703,174.73160293053218,-0.10404654377249092
2024-02-20,193.75999450683594,198.60000610351562,189.1300048828125,196.1300048828125,104545800,191.06600036621094,219.9531997680664,196.47195257782778,44.36049341275614,-6.676731359120737,-9.512394045361884,2.8356626862411467,206.32246001896863,191.06600036621094,175.80954071345326,-0.12025399817911366
2024-02-21,194.77000427246094,199.44000244140625,191.9499969482422,193.36000061035156,103500300,190.34750061035157,218.99579986572266,196.30986226303094,45.298000411350294,-6.054475921569406,-8.820810420603388,2.7663344990339827,203.31301773799444,190.34750061035157,177.3819834827087,0.07279218723177723
2024-02-22,197.41000366210938,198.32000732421875,191.36000061035156,194.0,92739500,189.8265007019043,218.06720001220702,196.41463763437176,47.775036480975004,-5.287358736603409,-8.114120083803392,2.8267613471999837,200.59065839554816,189.8265007019043,179.06234300826046,0.17398523223895795
2024-02-23,191.97000122070312,197.57000732421875,191.5,195.30999755859375,78841900,190.29350051879882,217.1117999267578,195.9913389283081,43.4126386968592,-5.06004650739348,-7.503305368521411,2.443258861127931,200.56753302885502,190.29350051879882,180.01946800874262,-0.1693622464350509
2024-02-26,199.39999389648438,201.77999877929688,192.0,192.2899932861328,111747100,191.10100021362305,216.35959991455078,196.31597273480108,50.112828317667756,-4.231582564418574,-6.848960807700844,2.6173782432822703,201.57052672655718,191.10100021362305,180.63147370068893,0.35377657429308407
2024-02-27,199.72999572753906,205.60000610351562,198.25999450683594,204.0399932861328,108645400,191.54100036621094,215.5683999633789,196.64111778172852,50.393770219917684,-3.5079530320957986,-6.180759252579835,2.672806220484037,202.66406868696484,191.54100036621094,180.41793204545704,-0.2081463620842087
2024-02-28,202.0399932861328,205.3000030517578,198.44000244140625,200.4199981689453,99806200,192.06350021362306,214.5881997680664,197.1552964011956,52.41393718169058,-2.716756835065098,-5.487958769076888,2.77120193401179,204.09163036138264,192.06350021362306,180.03537006586348,0.0806544383463642
2024-02-29,201.8800048828125,205.27999877929688,198.4499969482422,204.17999267578125,85907000,192.79300079345703,213.55579986572266,197.60526863754006,52.25521327840802,-2.078676190533116,-4.806102253368134,2.7274260628350175,205.3334437511127,192.79300079345703,180.25255783580135,-0.11217106853861208
2024-03-01,202.63999938964844,204.52000427246094,198.5,200.52000427246094,82243100,193.48200073242188,212.56699981689454,198.08476680440754,52.98358271808969,-1.494440497656086,-4.143769902225724,2.649329404569638,206.58401600081706,193.48200073242188,180.3799854640267,0.10533270029551077
2024-03-04,188.13999938964844,199.75,186.72000122070312,198.72999572753906,134334900,193.49350051879884,211.18539978027343,197.13764609824,40.33925233497842,-2.1763704761979454,-3.750290017020169,1.5739195408222235,206.5763228638373,193.49350051879884,180.41067817376037,-0.48758227252332864
2024-03-05,180.74000549316406,184.58999633789062,177.57000732421875,183.0500030517578,119660800,193.47750091552734,209.85739990234376,195.5759660406137,35.661833844337224,-3.2761570610862236,-3.6554634258333802,0.3793063647471566,206.62174469233364,193.47750091552734,180.33325713872105,-0.125529242205952
2024-03-06,176.5399932861328,181.5800018310547,173.6999969482422,179.99000549316406,107920900,193.04950027465821,208.2981997680664,193.76301625447266,33.30163895244466,-4.435521802957453,-3.8114751012581953,-0.6240467016992577,207.72525427041174,193.04950027465821,178.3737462789047,-0.18936453549729065
2024-03-07,178.64999389648438,180.0399932861328,173.6999969482422,174.35000610351562,102129000,192.60299987792968,206.82039978027345,192.3236807918071,35.6073106534394,-5.124989608407333,-4.074178002688023,-1.0508116057193098,208.41648712991991,192.60299987792968,176.78951262593944,0.24174786151509767
2024-03-08,175.33999633789062,182.72999572753906,174.6999969482422,181.5,85544600,191.89199981689453,205.195,190.70618703429125,33.64258702861194,-5.870811886771179,-4.433504779504654,-1.437307107266525,209.37898298561953,191.89199981689453,174.40501664816952,-0.3269364018788091
2024-03-11,177.77000427246094,182.8699951171875,174.8000030517578,175.4499969482422,85391500,191.10199966430665,203.5216000366211,189.47416962840265,36.4163689963436,-6.194394954677193,-4.785682814539162,-1.4087121401380314,209.61202908544448,191.10199966430665,172.59197024316882,0.13146647479027146
2024-03-12,177.5399932861328,179.42999267578125,172.41000366210938,177.77000427246094,87391700,190.57249908447267,202.00880004882814,188.33758140532933,36.261858316639,-6.39567151157928,-5.107680553947186,-1.2879909576320943,209.97659036748018,190.57249908447267,171.16840780146515,-0.012937961766082336
2024-03-13,169.47999572753906,176.0500030517578,169.14999389648438,173.0500030517578,106524500,189.84549865722656,200.42880004882812,186.5416208645874,31.25711542047091,-7.123444442469264,-5.510833331651602,-1.612611110817662,211.1714533124017,189.84549865722656,168.51954400205142,-0.20342150305936382
2024-03-14,162.5,171.1699981689453,160.50999450683594,167.77000427246094,126325700,188.5349983215332,198.7104000854492,184.25194268700764,27.692600873892886,-8.169266831631546,-6.042520031647591,-2.1267467999839553,212.97316700101823,188.5349983215332,164.0968296420482,-0.3041812586838609
2024-03-15,163.57000732421875,165.17999267578125,160.75999450683594,163.16000366210938,97146800,186.69099884033204,197.21280029296875,182.28223455721823,29.02873579046593,-8.81018957982235,-6.596053941282543,-2.2141356385398065,212.7654972766315,186.69099884033204,160.6165004040326,0.02512364390521719
2024-03-18,173.8000030517578,174.72000122070312,165.89999389648438,170.02000427246094,108214400,185.3834991455078,195.93020050048827,181.47440298526962,40.37316645639035,-8.395867976010663,-6.956016748228167,-1.439851227782496,211.28941729591918,185.3834991455078,159.47758099509645,0.21873457234977145
2024-03-19,171.32000732421875,172.82000732421875,167.4199981689453,172.36000061035156,77271400,184.26149978637696,194.60680053710936,180.50731768421716,38.75584074742011,-8.173412042730973,-7.199495807128729,-0.9739162356022444,210.5598702777605,184.26149978637696,157.96312929499342,-0.06026531719971241
2024-03-20,175.66000366210938,176.25,170.82000732421875,173.0,83846700,183.30599975585938,193.31100067138672,180.0456687297307,43.054998674597236,-7.559768375255828,-7.27155032075415,-0.28821805450167837,209.3955337317115,183.30599975585938,157.21646578000724,0.15255710902192274
2024-03-21,172.82000732421875,178.17999267578125,171.8000030517578,176.38999938964844,73178000,182.07649993896484,192.06820068359374,179.3575105006343,41.025513657067286,-7.219394629968775,-7.261119182597075,0.04172455262829988,207.70507239425288,182.07649993896484,156.4479274836768,-0.19967302352255362
2024-03-22,170.8300018310547,171.1999969482422,166.3000030517578,166.69000244140625,75580600,181.0194999694824,190.80600067138673,178.5453668178172,39.61636104854854,-7.029194616677557,-7.214734269413172,0.18553965273561435,206.67247641998222,181.0194999694824,155.3665235189826,0.24338130124279783
2024-03-25,172.6300048828125,175.24000549316406,168.72999572753906,168.75999450683594,74228600,179.68100051879884,189.7142007446289,177.98199901448342,41.57130293988057,-6.656482743255879,-7.103083964181714,0.4466012209258352,204.12311769006112,179.68100051879884,155.23888334753656,0.22538334128975676
2024-03-26,177.6699981689453,184.25,177.3800048828125,178.5800018310547,113186200,178.57800064086913,188.88980072021485,177.95228464824172,46.76801476208127,-5.886563916544446,-6.859779954654261,0.9732160381098147,201.22677635182242,178.57800064086913,155.92922492991585,-0.050913697127212665
2024-03-27,179.8300018310547,181.91000366210938,176.0,181.41000366210938,81804000,177.46750106811524,188.08820068359375,178.13111485612868,48.86701641062798,-5.043959826655907,-6.496615929054591,1.4526561023986835,197.42382050882082,177.46750106811524,157.51118162740966,-0.08687606920720937
2024-03-28,175.7899932861328,179.57000732421875,175.3000030517578,177.4499969482422,77654800,176.16300048828126,187.29300048828125,177.90815089708147,45.27137570623505,-4.648598787430416,-6.127012500729756,1.4784137132993402,192.68015934020048,176.16300048828126,159.64584163636204,-0.09327575410701171
2024-04-01,175.22000122070312,176.75,170.2100067138672,176.1699981689453,81562100,174.792000579834,186.55980041503906,177.6521366421883,44.77084928553281,-4.331336955223264,-5.767877391628458,1.4365404364051937,185.98438767565997,174.792000579834,163.59961348400802,-0.05387280431699506
2024-04-02,166.6300048828125,167.69000244140625,163.42999267578125,164.75,116650600,173.71650085449218,185.64860046386718,176.60240980796206,37.95950666526095,-4.718651900474185,-5.558032293397604,0.8393803929234185,183.63277790650355,173.71650085449218,163.80022380248082,0.11361984148698977
2024-04-03,168.3800048828125,168.82000732421875,163.27999877929688,164.02000427246094,82950100,173.0985008239746,184.8402005004883,175.8193236246145,39.963438558673104,-4.828728830223781,-5.41217160076284,0.583442770539059,182.7231862105537,173.0985008239746,163.4738154373955,0.25973225508950537
2024-04-04,171.11000061035156,177.19000244140625,168.00999450683594,170.07000732421875,123162000,172.82700119018554,184.07960052490233,175.37081667087517,43.05360959702764,-4.642165753269808,-5.258170431264234,0.6160046779944262,182.35389854097798,172.82700119018554,163.3001038393931,0.06107478388384759
2024-04-05,164.89999389648438,170.86000061035156,160.50999450683594,169.0800018310547,143157600,172.13950119018554,183.22100036621094,174.37359545426654,38.232823466591746,-4.938481077522994,-5.194232560515986,0.25575148299299233,181.86869376962866,172.13950119018554,162.41030861074242,-0.24230432261814933
2024-04-08,172.97999572753906,174.5,167.7899932861328,169.33999633789062,104423300,172.02150115966796,183.02800018310546,174.24087167076868,46.609576891380314,-4.469799421084247,-5.049345932629639,0.5795465115453924,181.64928099691238,172.02150115966796,162.39372132242354,0.21170161832532483
2024-04-09,176.8800048828125,179.22000122070312,171.9199981689453,172.91000366210938,102951700,171.97700119018555,182.90060028076172,174.49221769096332,50.125469894720666,-3.7405489665182756,-4.787586539407367,1.0470375728890913,181.50580896888053,171.97700119018555,162.44819341149056,0.22564806940499896
2024-04-10,171.75999450683594,174.92999267578125,170.00999450683594,173.0399932861328,84532400,171.6880012512207,182.51720031738282,174.23200595914167,45.856140309145175,-3.5350054327736586,-4.537070318080625,1.0020648853069662,180.86864044425295,171.6880012512207,162.50736205818845,-0.07383664568012559
2024-04-11,174.60000610351562,175.8800048828125,168.50999450683594,172.5500030517578,94516000,171.94400177001953,182.1774005126953,174.2670535919392,48.47753154878613,-3.1071284577938627,-4.251081946023272,1.1439534882294096,181.1495917947586,171.94400177001953,162.73841174528044,0.11825047457930478
2024-04-12,171.0500030517578,173.80999755859375,170.36000061035156,172.33999633789062,64722700,172.37150192260742,181.8526007080078,173.96066782620764,45.51136335219891,-3.0196794649124,-4.004801449801098,0.9851219848886981,180.51606299346628,172.37150192260742,164.22694085174857,-0.07471216909825693
2024-04-15,161.47999572753906,170.69000244140625,161.3800048828125,170.24000549316406,100245300,172.26700134277343,181.30500061035156,172.7720323882392,38.64647617407888,-3.680172382792904,-3.9398756363994596,0.2597032536065558,180.89960891861958,172.26700134277343,163.63439376692727,-0.47349688974806525
2024-04-16,157.11000061035156,158.19000244140625,153.75,156.74000549316406,97000000,171.43250122070313,180.6890005493164,171.28041031415466,35.97776768745949,-4.50431690178786,-4.05276388947714,-0.4515530123107201,182.25900883563563,171.43250122070313,160.60599360577064,0.023601275728099946
2024-04-17,155.4499969482422,158.3300018310547,153.77999877929688,157.63999938964844,82439700,170.6390007019043,180.1768005371094,169.77275189835348,34.98935137204104,-5.2311048723163935,-4.288432086044991,-0.9426727862714026,183.51456874495977,170.6390007019043,157.76343265884884,-0.13803738828411413
2024-04-18,149.92999267578125,152.1999969482422,148.6999969482422,151.25,96098800,169.35250015258788,179.47340026855468,167.88296530572757,31.85532409918318,-6.181254137373372,-4.666996496310667,-1.5142576410627049,184.8408966582857,169.35250015258788,153.86410364689007,-0.08705230906677103
2024-04-19,147.0500030517578,150.94000244140625,146.22000122070312,148.97000122070312,87074500,168.06399993896486,178.66280029296874,165.89887366249235,30.328951808387572,-7.084974196672022,-5.150592036382939,-1.9343821602890827,186.23884654918768,168.06399993896486,149.88915332874203,-0.12817594752070285
2024-04-22,142.0500030517578,144.44000244140625,138.8000030517578,140.55999755859375,107097600,166.625,177.71260040283204,163.6275526519462,27.835287858099974,-8.111136930348465,-5.742701015176045,-2.3684359151724204,187.97582245544365,166.625,145.27417754455635,0.10560966159131767
2024-04-23,144.67999267578125,147.25999450683594,141.11000061035156,143.3300018310547,124545100,165.22749938964844,176.73480010986327,161.82302313040668,31.04675829556504,-8.612876231109084,-6.316736058362653,-2.296140172746431,188.40400128841708,165.22749938964844,142.0509974908798,0.09391005953305495
2024-04-24,162.1300048828125,167.97000122070312,157.50999450683594,162.83999633789062,181178000,164.45049972534179,176.2148001098633,161.85225948777867,47.68279769113989,-7.5158006213879105,-6.556548970967705,-0.9592516504202058,186.9380755310997,164.45049972534179,141.96292391958386,-0.04357294970088938
2024-04-25,170.17999267578125,170.8800048828125,158.36000061035156,158.9600067138672,126427500,163.96799926757814,175.93799987792968,162.6453769342551,53.282431796407444,-5.928454030612983,-6.43092998289676,0.5024759522837776,185.50910972508802,163.96799926757814,142.42688881006825,0.6080597075001097
2024-04-26,168.2899932861328,172.1199951171875,166.3699951171875,168.85000610351562,109815700,163.59299926757814,175.529599609375,163.18295944395774,51.878475877029025,-4.768014869144594,-6.098346960146327,1.3303320910017336,184.55107545999084,163.59299926757814,142.63492307516543,-0.03315413378198364
2024-04-29,194.0500030517578,198.8699951171875,184.5399932861328,188.4199981689453,243869700,164.53449935913085,175.40159973144532,166.12267788279584,65.29924491329342,-1.749572982199055,-5.228592164556874,3.4790191823578187,188.91038188706645,164.53449935913085,140.15861683119525,0.29021481004764804
2024-04-30,183.27999877929688,190.9499969482422,182.83999633789062,186.97999572753906,127031800,165.36699905395508,175.0681997680664,167.75670844436738,58.01427990525997,-0.22390434627334344,-4.227654600900168,4.003750254626825,191.07326185255184,165.36699905395508,139.66073625535833,-0.1953389519297417
2024-05-01,179.99000549316406,185.86000061035156,179.00999450683594,182.0,92829700,165.94749908447267,174.79279998779296,168.9217843537766,55.960450660787934,0.7115220931937074,-3.239819262081393,3.9513413552751,192.41285093492198,165.94749908447267,139.48214723402336,-0.10999243547268081
2024-05-02,180.00999450683594,184.60000610351562,176.02000427246094,182.86000061035156,89148000,166.3924987792969,174.49759979248046,169.97780436835367,55.97064954691348,1.4378921070497483,-2.304276988255165,3.7421690953049134,193.48203957928766,166.3924987792969,139.30295797930611,-0.15460741419290408
2024-05-03,181.19000244140625,184.77999877929688,178.4199981689453,182.10000610351562,75491500,167.20699920654297,174.1731997680664,171.04563275626344,56.60947618250669,2.0847308749990248,-1.4264754156043271,3.5112062906033517,195.0375091862651,167.20699920654297,139.37648922682084,-0.04993118494085681
2024-05-06,184.75999450683594,187.55999755859375,182.1999969482422,183.8000030517578,84390300,167.7959991455078,174.02899963378906,172.35176244679417,58.568063664016414,2.852541460520598,-0.570672040379342,3.4232135008999403,196.5728237280629,167.7959991455078,139.0191745629527,0.0521827769184669
2024-05-07,177.80999755859375,183.25999450683594,177.39999389648438,182.39999389648438,75045900,167.84249877929688,173.59719970703125,172.87159436220367,53.504668682484315,2.867179154610568,0.11689819861863993,2.7502809559919283,196.6808271807101,167.84249877929688,139.00417037788364,-0.24646393484569248
2024-05-08,174.72000122070312,176.05999755859375,170.14999389648438,171.58999633789062,79969500,167.99049911499023,173.09699981689454,173.0476331106322,51.37792319365873,2.5994775927739795,0.6134140774497079,1.9860635153242716,196.93790352370274,167.99049911499023,139.0430947062777,0.18041522534063617
2024-05-09,171.97000122070312,175.6199951171875,171.3699951171875,175.00999450683594,65950300,167.8589988708496,172.49559997558595,172.94500150206753,49.49244228666134,2.1407430062322135,0.9188798632062091,1.2218631430260043,196.7088381012563,167.8589988708496,139.0091596404429,-0.17197775186350586
2024-05-10,168.47000122070312,173.05999755859375,167.75,173.0500030517578,72627200,167.72999877929686,171.82739990234376,172.51881099908044,47.12220808575648,1.4777373557367355,1.0306513617123143,0.4470859940244212,196.54466210829693,167.72999877929686,138.9153354502968,-0.2586522571366525
2024-05-13,171.88999938964844,175.39999389648438,169.0,170.0,67018900,168.25049896240233,171.21239990234375,172.45892417913456,49.65917729593255,1.214268539273121,1.0673747972244756,0.14689374204864536,196.9706966355974,168.25049896240233,139.53030128920727,0.11072063375988052
2024-05-14,177.5500030517578,179.49000549316406,174.07000732421875,174.5,86407400,169.27249908447266,171.00059997558594,172.94378883367008,53.6247311095257,1.445519547405496,1.1430037472606798,0.30251580014481627,197.7882111033673,169.27249908447266,140.756787065578,0.17302686924457517
2024-05-15,173.99000549316406,180.0,173.11000061035156,179.89999389648438,79663000,170.19949951171876,170.86559997558595,173.04342851552664,50.90835279122124,1.3262375457136386,1.1796505069512715,0.14658703876236712,198.0553278616003,170.19949951171876,142.34367116183722,-0.31718599550412424
2024-05-16,174.83999633789062,175.7899932861328,171.42999267578125,174.10000610351562,59812200,171.44499969482422,170.8316000366211,173.21453021289463,51.53954531133021,1.2854747052698485,1.200815346614987,0.08465935865486163,197.7485802670186,171.44499969482422,145.14141912262983,0.04247816863337359
2024-05-17,177.4600067138672,179.6300048828125,172.75,173.5500030517578,77445800,172.9654998779297,170.80780029296875,173.61886130822535,53.52319049953432,1.447892399242022,1.250230757140394,0.19766164210162818,196.85783248350444,172.9654998779297,149.07316727235494,0.22155949106334652
2024-05-20,174.9499969482422,177.75,173.52000427246094,177.55999755859375,61727400,174.6104995727539,170.8000003051758,173.7456361310841,51.35443042981205,1.3584138317430927,1.2718673720609337,0.08654645968215902,193.83687516135956,174.6104995727539,155.38412398414823,-0.1459429917062685
2024-05-21,186.60000610351562,186.8800048828125,174.7100067138672,175.50999450683594,115266500,176.7065002441406,170.97660034179688,174.96986184274425,59.54755926439927,2.202174501140462,1.4579287978768396,0.7442457032636223,190.90731880380858,176.7065002441406,162.50568168447265,0.5593409227554809
2024-05-22,180.11000061035156,183.8000030517578,178.1199951171875,182.85000610351562,88313500,177.6055000305176,171.02800048828124,175.45939886823066,54.08282165143751,2.3204233110296855,1.6304277005074088,0.6899956105222766,190.1853396497569,177.6055000305176,165.02566041127827,-0.14873825651524095
2024-05-23,173.74000549316406,181.89999389648438,173.25999450683594,181.8000030517578,71975500,177.78350067138672,171.11320068359376,175.2956471182243,49.30053404313056,1.8784770608706367,1.6800375725800545,0.19843948829058222,190.03447637301136,177.78350067138672,165.53252496976208,-0.41641259822119125
2024-05-24,179.24000549316406,180.0800018310547,173.72999572753906,174.83999633789062,65584500,178.33100128173828,171.44800079345703,175.67130029678998,53.152406590495254,1.9495621690267058,1.7339424918693849,0.2156196771573209,189.78902566349166,178.33100128173828,166.8729768999849,0.2464776890331854
2024-05-28,176.75,178.25,173.16000366210938,176.39999389648438,59736600,177.46600112915038,171.71160064697267,175.7740336018576,51.253876263230204,1.7844054803036897,1.744035089556246,0.04037039074744375,186.37531823869037,177.46600112915038,168.5566840196104,0.019839013128396383
2024-05-29,176.19000244140625,178.14999389648438,173.92999267578125,174.19000244140625,54782600,177.11150131225585,171.75940063476563,175.8136496818146,50.81428310877772,1.590001939105207,1.7132284594660383,-0.12322652036083137,185.62257478583552,177.11150131225585,168.60042783867618,0.11431525449712467
2024-05-30,178.7899932861328,182.6699981689453,175.3800048828125,178.5800018310547,77618400,177.0515007019043,171.90880035400392,176.09711097746396,52.836825363734384,1.6269784692086944,1.6959784614145696,-0.06899999220587527,185.49722631768617,177.0515007019043,168.60577508612243,0.011758414981490628
2024-05-31,178.0800018310547,180.32000732421875,173.82000732421875,178.5,67314600,176.95500106811522,171.9572003173828,176.28595772542496,52.20551780066206,1.580770124933622,1.6729367941183804,-0.09216666918475847,185.30689057023133,176.95500106811522,168.60311156599911,-0.023524967981448045
2024-06-03,176.2899932861328,182.63999938964844,174.49000549316406,178.1300048828125,68568900,176.71000061035156,172.0266000366211,176.28634206454,50.56514631860361,1.3837598274031393,1.6151014007753322,-0.23134157337219285,184.8349841243043,176.71000061035156,168.58501709639881,-0.10293016401142738
2024-06-04,174.77000427246094,177.75999450683594,174.0,174.77999877929688,60056300,176.21050109863282,172.10540008544922,176.14192894148488,49.15279086025885,1.092385002578908,1.5105581211360475,-0.41817311855713957,183.47752214337274,176.21050109863282,168.9434800538929,-0.0005718334944708523
2024-06-05,175.0,176.14999389648438,172.1300048828125,175.35000610351562,57953800,176.07000122070312,172.15279998779297,176.0331738042006,49.38317450870512,0.8699982890009039,1.3824461547090188,-0.5124478657081148,183.31651892224588,176.07000122070312,168.82348351916036,-0.01995777677525288
2024-06-06,177.94000244140625,179.72999572753906,172.72999572753906,174.60000610351562,69887000,176.2310012817383,172.1582000732422,176.2147765315535,52.35494309011154,0.920379283215766,1.2900327804103684,-0.3696534971946024,183.49345373481813,176.2310012817383,168.96854882865844,0.18899445486234986
2024-06-07,177.47999572753906,179.35000610351562,175.5800018310547,176.1300048828125,56244900,176.5065010070801,172.11119995117187,176.33527359783784,51.84207740591035,0.9126672270560903,1.2145596697395127,-0.3018924426834224,183.51509490027237,176.5065010070801,169.4979071138878,0.07649766374877844
2024-06-10,173.7899932861328,178.57000732421875,173.1699981689453,176.05999755859375,50774600,176.77250061035156,172.07119995117188,176.09286594910404,47.79728407604511,0.6018650825788256,1.0920207523073753,-0.4901556697285496,182.88774241098673,176.77250061035156,170.65725880971638,-0.12822382372819432
2024-06-11,170.66000366210938,174.75,167.41000366210938,173.9199981689453,64761900,176.71100082397462,171.98,175.57545049319978,44.61734642346874,0.1018144856152503,0.8939794989689503,-0.7921650133537,183.04233666562436,176.71100082397462,170.37966498232487,-0.18527737347375586
2024-06-12,177.2899932861328,180.5500030517578,169.8000030517578,171.1199951171875,90389400,176.69800033569337,172.1931997680664,175.73874028300293,51.914947426478165,0.2377647345189473,0.7627365460789497,-0.5249718115600024,183.02345676156324,176.69800033569337,170.3725439098235,0.3457121223275189
2024-06-13,182.47000122070312,191.0800018310547,181.22999572753906,188.38999938964844,118984100,177.12200012207032,172.47499969482422,176.37981275326007,56.714005582472836,0.7547888988449358,0.761147016632147,-0.006358117787211182,183.79199617529747,177.12200012207032,170.45200406884317,-0.30429093882060787
2024-06-14,178.00999450683594,186.0,176.9199981689453,185.8000030517578,82038200,177.28050003051757,172.6129995727539,176.53506815836255,51.91016994997741,0.7954792168106906,0.7680134566678558,0.02746576014283475,183.87629846720645,177.28050003051757,170.6847015938287,-0.3963139895119638
2024-06-17,187.44000244140625,188.80999755859375,177.0,177.9199981689453,109786100,177.77949981689454,173.06379974365234,177.57363332817624,59.685522382710694,1.5705451505466215,0.9285197954436091,0.6420253551030124,185.72589567839728,177.77949981689454,169.8331039553918,0.4892487424276148
2024-06-18,184.86000061035156,187.1999969482422,182.3699951171875,186.55999755859375,68982300,178.275,173.30139984130858,178.2675730693358,56.971477871591404,1.9540804779131804,1.1336319319375234,0.820448545975657,186.67670259306797,178.275,169.87329740693204,-0.09087195857515042
2024-06-20,181.57000732421875,185.2100067138672,179.66000366210938,184.67999267578125,55893100,178.02350006103515,173.39519989013672,178.5820906174199,53.62291783741688,1.9698527887463229,1.3008761032992835,0.6689766854470394,185.68155901313156,178.02350006103515,170.36544110893874,-0.16682463754533122
2024-06-21,183.00999450683594,183.9499969482422,180.69000244140625,182.3000030517578,61937300,178.1684997558594,173.62019989013672,179.00379574974525,54.87313110510001,2.074632319907039,1.4556273466208347,0.6190049732862042,186.08456542833383,178.1684997558594,170.25243408338494,0.03892664209578563
2024-06-24,182.5800018310547,188.8000030517578,182.5500030517578,184.97000122070312,61992100,178.6104995727539,173.7797998046875,179.34438680510806,54.401525589061094,2.0987806015813817,1.584257997612944,0.5145226039684376,186.47514185345142,178.6104995727539,170.74585729205637,-0.1284958129819526
2024-06-25,187.35000610351562,187.97000122070312,182.00999450683594,184.39999389648438,62905700,179.0159996032715,174.10579986572264,180.10682673828973,58.64737520856847,2.4742956291683527,1.762265523924026,0.7120301052443267,187.75621793257056,179.0159996032715,170.27578127397243,0.15862800871466945
2024-06-26,196.3699951171875,197.75999450683594,186.36000061035156,186.5399932861328,95737100,179.99699935913085,174.80359985351564,181.65569991723237,65.23882141666547,3.4598487415688055,2.1017821674529817,1.3580665741158238,191.47512009289338,179.99699935913085,168.51887862536833,0.4830575850944449
2024-06-27,197.4199981689453,198.72000122070312,194.0500030517578,195.1699981689453,72746500,181.05849914550782,175.6097998046875,183.15706165549076,65.91982390308763,4.276338189982056,2.5366933719587967,1.739644818023259,194.66194212116523,181.05849914550782,167.45505616985042,0.11477608793309274
2024-06-28,197.8800048828125,203.1999969482422,195.25999450683594,199.5500030517578,95438100,182.01299972534179,176.4583999633789,184.5592467247595,66.23194173793375,4.904000393805433,3.010154776328124,1.8938456174773086,197.4069193903128,182.01299972534179,166.61908006037078,-0.08349337529432327
2024-07-01,209.86000061035156,213.22999572753906,200.85000610351562,201.02000427246094,135691400,183.60199966430665,177.65700012207031,186.96884233291112,73.13296729304463,6.295541661176657,3.6672321532978307,2.628309507878826,203.06659512884468,183.60199966430665,164.1374041997686,0.4134430382656624
2024-07-02,231.25999450683594,231.3000030517578,218.05999755859375,218.88999938964844,205047900,186.3504997253418,179.3411999511719,191.18704730185632,80.71478955533884,9.021158501586768,4.738017422955618,4.28314107863115,214.4968542545396,186.3504997253418,158.20414519614397,0.5117691897024306
2024-07-03,246.38999938964844,248.35000610351562,234.25,234.55999755859375,166561500,189.93149948120117,181.4279998779297,196.44447131021747,84.125624128924,12.260760022456225,6.242565942855739,6.018194079600486,227.81355018174605,189.93149948120117,152.0494487806563,0.46553026341169984
2024-07-05,251.52000427246094,252.3699951171875,242.4600067138672,249.80999755859375,154501200,193.75749969482422,183.56480010986328,201.68976016376448,85.08860558801373,15.068416759971967,8.007736106278985,7.060680653692982,239.4798739100076,193.75749969482422,148.03512547964084,0.0683455769668527
2024-07-08,252.94000244140625,259.44000244140625,244.57000732421875,247.7100067138672,157219600,197.50749969482422,185.38100006103517,206.57073561877797,85.35346226764297,17.209704180220996,9.848129721067387,7.3615744591536085,249.32217508964578,197.50749969482422,145.69282430000266,0.20805148692045702
2024-07-09,262.3299865722656,265.6099853515625,250.3000030517578,251.0,160210900,201.74999923706054,187.22399993896485,211.88114047149108,86.99806975003409,19.44028759763313,11.766561296380537,7.673726301252593,259.8269839622554,201.74999923706054,143.67301451186566,0.42304410820472815
2024-07-10,263.260009765625,267.5899963378906,257.8599853515625,262.79998779296875,128519400,206.22350006103517,189.1234002685547,216.77436611855146,87.15194832863183,21.040543833564357,13.6213578038173,7.419186029747056,268.6192628079698,206.22350006103517,143.82773731410055,0.0175028544249126
2024-07-11,241.02999877929688,271.0,239.64999389648438,263.29998779296875,221707300,209.74199981689452,190.06300018310546,219.08442637195577,66.80102773875865,20.281193354731414,14.953324914000124,5.32786844073129,271.6536938821147,209.74199981689452,147.83030575167436,-0.6888704367690881
2024-07-12,248.22999572753906,251.83999633789062,233.08999633789062,235.8000030517578,155955800,213.28899993896485,191.3620001220703,221.86019488201134,69.30139028645944,20.029494663713763,15.968558863942853,4.06093579977091,275.48523489599893,213.28899993896485,151.09276498193074,0.48319287660873084
2024-07-15,252.63999938964844,265.6000061035156,251.72999572753906,255.97000122070312,146912900,216.7974998474121,192.815,224.79160483511964,70.75427788215323,19.95583364905383,16.76601382096505,3.1898198280887797,279.55792887362725,216.7974998474121,154.03707082119692,-0.12936446219247882
2024-07-16,256.55999755859375,258.6199951171875,245.8000030517578,255.30999755859375,126332500,220.725,194.34600006103517,227.8171660468791,72.02182549155711,19.98341152683949,17.40949336213994,2.573918164699549,283.1148032734323,220.725,158.3351967265677,0.04892100509538092
2024-07-17,248.5,258.4700012207031,246.17999267578125,252.72999572753906,115584800,223.7779998779297,195.69220001220702,229.78695975670013,65.71514099907466,19.13432417254623,17.754459524221197,1.3798646483250323,285.32404956419236,223.7779998779297,162.231950191667,-0.16582655563312185
2024-07-18,249.22999572753906,257.1400146484375,247.1999969482422,251.08999633789062,110869000,226.99649963378906,196.9816000366211,231.63867746820858,66.00548703089939,18.309263093487175,17.865420238074393,0.44384285541278246,286.77207955082133,226.99649963378906,167.22091971675678,-0.07394184928549306
2024-07-19,239.1999969482422,249.44000244140625,236.8300018310547,247.7899932861328,87403900,229.87799911499025,198.20940002441407,232.3588031329737,58.655485850759995,16.65408128455411,17.623152447370337,-0.9690711628162276,286.06500496160345,229.87799911499025,173.69099326837704,-0.33341402922756264
2024-07-22,251.50999450683594,253.2100067138672,243.75,244.2100067138672,101225400,233.30299911499023,199.74519989013672,234.18272612096058,63.95987552729493,16.149490427134793,17.32842004332323,-1.1789296161884373,285.8798362178811,233.30299911499023,180.72616201209934,0.29032628888390594
2024-07-23,246.3800048828125,255.75999450683594,245.6300048828125,253.60000610351562,111928200,236.4929992675781,201.2333999633789,235.34437171732742,60.47765952204241,15.160885991318537,16.894913232922292,-1.734027241603755,283.8560283211235,236.4929992675781,189.1299702140327,-0.2772497628317009
2024-07-24,215.99000549316406,225.99000549316406,214.7100067138672,225.4199981689453,167942900,237.92499923706055,202.18380004882812,233.50109874359757,44.88691796949372,11.789291271304563,15.873788840598747,-4.084497569294184,280.77499131167724,237.92499923706055,195.07500716244385,-0.39552253603012627
2024-07-25,220.25,226.0,216.22999572753906,216.8000030517578,100636500,239.11899948120117,203.15100006103515,232.23908933944543,46.95138923657561,9.35320618042806,14.569672308564611,-5.216466128136551,278.45774273245627,239.11899948120117,199.7802562299461,0.15780291590212236
2024-07-26,219.8000030517578,222.27999877929688,215.3300018310547,221.19000244140625,94604100,240.2379997253418,203.99600006103515,231.05441445490374,46.75216549651106,7.3021060685661325,13.116159060564916,-5.814052991998784,275.866800672369,240.2379997253418,204.6091987783146,-0.0627592798395202
2024-07-29,232.10000610351562,234.27000427246094,224.6999969482422,224.89999389648438,129201800,241.94899978637696,205.1582000732422,231.15399461191438,52.66451146728187,6.593100742107225,11.81154739687338,-5.218446654766154,272.1501059699138,241.94899978637696,211.7478936028401,0.309636069430041
2024-07-30,222.6199951171875,232.41000366210938,220.0,232.25,100560300,242.58699951171874,206.11380004882812,230.34123275527372,48.220474400327554,5.206236994637663,10.490485316426238,-5.284248321788574,270.50222744895115,242.58699951171874,214.6717715744863,-0.3924050040686186
2024-07-31,232.07000732421875,234.67999267578125,226.7899932861328,227.89999389648438,67497000,242.62750015258788,207.20600006103516,230.5058779523161,52.521434502631465,4.814179625020017,9.355224178144995,-4.541044553124978,270.4791537128033,242.62750015258788,214.77584659237252,0.1809605527548843
2024-08-01,216.86000061035156,231.8699951171875,214.3300018310547,227.69000244140625,83861900,241.15100021362304,208.04420013427733,229.2062705864147,45.911321820533246,3.2388158554097117,8.13194251359794,-4.893126658188228,271.1002226440845,241.15100021362304,211.20177778316156,-0.44275050432508617
2024-08-02,207.6699981689453,216.1300048828125,205.77999877929688,214.8800048828125,82880100,238.95849990844727,208.46559997558595,227.15519702284618,42.436128685275285,1.234541301495625,6.752462271177477,-5.517920969681852,271.8282419881347,238.95849990844727,206.0887578287598,-0.32348668698701927
2024-08-05,198.8800048828125,203.8800048828125,182.0,185.22000122070312,100308800,236.25550003051757,208.84100006103515,224.4623215809382,39.36677728487445,-1.051024167290933,5.191764983483795,-6.242789150774728,272.7706445751166,236.25550003051757,199.74035548591854,0.6276332791329228
2024-08-06,200.63999938964844,202.89999389648438,192.6699981689453,200.75,73783900,233.1710006713867,209.37899993896485,222.19352899129157,40.29790209607268,-2.6893334580479973,3.6155452951774367,-6.3048787532254345,270.76110899024945,233.1710006713867,195.580892352524,-0.005479427619027741
2024-08-07,191.75999450683594,203.49000549316406,191.47999572753906,200.77000427246094,71159800,229.59599990844725,209.62939971923828,219.29509713562913,37.19433841459235,-4.650637896352123,1.962308656871525,-6.612946553223647,268.63185924651253,229.59599990844725,190.56014057038198,-0.42088964411694674
2024-08-08,198.83999633789062,200.6999969482422,192.0399932861328,195.6999969482422,65033900,227.48649978637695,210.0711996459961,217.34699229774927,41.0899232029031,-5.569487234468085,0.45594947860360313,-6.025436713071688,268.34035439389055,227.48649978637695,186.63264517886336,0.159086795050801
2024-08-09,200.0,200.8800048828125,195.11000061035156,197.0500030517578,58648300,225.075,210.54739959716798,215.6948977932017,41.72766802100804,-6.13337759488104,-0.8619159360933255,-5.2714616587877146,266.43704928122116,225.075,183.71295071877879,0.14859953175371773
2024-08-12,197.49000549316406,199.25999450683594,194.6699981689453,199.02000427246094,64044900,222.31750030517577,210.92139984130858,213.96109852653146,40.70092969588345,-6.705503477859537,-2.030633444446568,-4.674870033412969,263.3129201541359,222.31750030517577,181.32208045621564,-0.07672554259771903
2024-08-13,207.8300018310547,208.49000549316406,197.05999755859375,198.47000122070312,76247400,219.88100051879883,211.51639984130858,213.37718455553366,46.53700927991778,-6.252491245513994,-2.8750050046600535,-3.3774862408539406,258.1477762195803,219.88100051879883,181.61422481801736,0.43949749375030617
2024-08-14,201.3800048828125,208.44000244140625,198.75,207.38999938964844,70250000,217.52500076293944,212.01820007324218,212.2345960152745,43.65103987468548,-6.340843341450437,-3.56817267201813,-2.772670669432307,254.22365366436128,217.52500076293944,180.8263478615176,-0.28194327997545926
2024-08-15,214.13999938964844,215.8800048828125,204.82000732421875,205.02000427246094,89848500,215.77050094604493,212.80559997558595,212.41606300331011,50.22704763505736,-5.319913446365888,-3.918520826887682,-1.401392619478206,249.4710699630138,215.77050094604493,182.06993192907606,0.41764364191759307
2024-08-16,216.1199951171875,219.8000030517578,210.8000030517578,211.14999389648438,88765100,214.6165008544922,213.62799987792968,212.768818442727,51.17914258728832,-4.301465425554483,-3.995109746621042,-0.3063556789334405,246.56392109265857,214.6165008544922,182.6690806163258,0.231125122788686
2024-08-19,222.72000122070312,222.97999572753906,214.08999633789062,217.07000732421875,76435200,213.17700119018554,214.52359985351563,213.71655013586758,54.31614175117984,-2.9280203021248496,-3.7816918577218037,0.8536715555969541,240.62251797529595,213.17700119018554,185.73148440507512,0.25456153243648955
2024-08-20,221.10000610351562,228.22000122070312,219.55999755859375,224.8800048828125,74001200,211.9130012512207,215.39600006103515,214.41973641850072,53.40899518764841,-1.9478219349727226,-3.4149178731719876,1.467095938199265,235.12792142656858,211.9130012512207,188.6980810758728,-0.16652420499216805
2024-08-21,223.27000427246094,224.66000366210938,218.86000061035156,222.6699981689453,70146000,212.27700119018556,216.3856002807617,215.26261907125883,54.50507417768879,-0.9845575832998179,-2.928845815197554,1.944288231897736,235.95978915386576,212.27700119018556,188.59421322650536,0.026939458929414205
2024-08-22,210.66000366210938,224.8000030517578,210.32000732421875,223.82000732421875,79514500,211.79750137329103,217.18560028076172,214.82427474657794,47.510380380159226,-1.2245692358542044,-2.587990499328884,1.3634212634746796,235.20185907932364,211.79750137329103,188.3931436672584,-0.5284359297467364
2024-08-23,220.32000732421875,221.47999572753906,214.2100067138672,214.4600067138672,81525200,211.82350158691406,218.04620056152345,215.34767784921038,52.53551198201857,-0.628058765683221,-2.196004152599752,1.5679453869165307,235.26448856488582,211.82350158691406,188.3825146089423,0.26664120989705536
2024-08-26,213.2100067138672,219.08999633789062,211.00999450683594,218.75,59301200,210.87900161743164,218.66100067138672,215.14409012203484,48.83008289607534,-0.720729428731886,-1.9009492078261787,1.1802197790942928,232.42125549076374,210.87900161743164,189.33674774409954,-0.24797768566922987
2024-08-27,209.2100067138672,215.66000366210938,206.94000244140625,213.25,62821400,210.20850219726563,219.28500091552735,214.57893932125697,46.82895414168452,-1.1042095273742234,-1.7416012717357878,0.6373917443615644,231.07132432608327,210.20850219726563,189.345680068448,-0.18721427251804396
2024-08-28,205.75,211.83999633789062,202.58999633789062,209.72000122070312,64116400,208.8925018310547,219.6512008666992,213.73808795732774,45.10695582390395,-1.668085245338375,-1.7268980664563054,0.0588128211179304,227.24244696472354,208.8925018310547,190.54255669738583,-0.18707086477216647
2024-08-29,206.27999877929688,214.88999938964844,205.97000122070312,209.8000030517578,62308800,208.36350173950194,220.07960083007814,213.02779374989623,45.43792818517404,-2.048579591886778,-1.7912343715424,-0.257345220344378,226.3709987643712,208.36350173950194,190.3560047146327,-0.16622224939282235
2024-08-30,214.11000061035156,214.57000732421875,207.02999877929688,208.6300048828125,63370600,208.68550186157228,220.73040069580077,213.13086106993958,50.21382416068198,-1.6987265310996804,-1.772732803453856,0.07400627235417567,226.86140550349012,208.68550186157228,190.50959821965444,0.25678720623266343
2024-09-03,210.60000610351562,219.89999389648438,209.63999938964844,215.25999450683594,76714200,209.27150192260743,221.28220092773438,212.88982726361348,48.17799205900707,-1.6852659850898704,-1.7552394397810591,0.06997345469118876,226.8923248322374,209.27150192260743,191.65067901297746,-0.21316230994966356
2024-09-04,219.41000366210938,222.22000122070312,210.57000732421875,210.58999633789062,80651800,210.21000213623046,222.01880096435548,213.5107964444226,53.29627421010851,-0.9527228348514427,-1.5947361187951359,0.6420132839436932,227.89127883554548,210.21000213623046,192.52872543691544,0.3959389671885761
2024-09-05,230.1699981689453,235.0,222.25,223.49000549316406,119355000,212.13050231933593,222.87520080566406,215.09738708485335,58.665849628703995,0.4904113641410959,-1.1777066222078896,1.6681179863489854,229.7223752703541,212.13050231933593,194.53862936831777,0.29030057563118344
2024-09-06,210.72999572753906,233.60000610351562,210.50999450683594,232.60000610351562,112177000,212.72500228881836,223.1624008178711,214.6814450508234,47.941539919617945,0.06471390233767238,-0.9292225172987773,0.9939364196364496,229.25149759072897,212.72500228881836,196.19850698690774,-0.7353330421119069
2024-09-09,216.27000427246094,219.8699951171875,213.6699981689453,216.1999969482422,67443500,213.53850250244142,223.5394009399414,214.83273640526508,50.707003872358264,0.17239077314260953,-0.7088998592104999,0.8812906323531094,229.0499881739216,213.53850250244142,198.02701683096123,0.00323807032970987
2024-09-10,226.1699981689453,226.39999389648438,218.63999938964844,220.07000732421875,78891100,214.97250213623047,224.10520080566405,215.91247562085368,55.27891893723147,1.0445315294968793,-0.35821358146902404,1.4027451109659035,229.55951187918097,214.97250213623047,200.38549239327997,0.2702969098864648
2024-09-11,228.1300048828125,228.47000122070312,216.8000030517578,224.5500030517578,83548600,215.98750228881835,224.4706008911133,217.07604983627832,56.146136595674214,1.8722830106014499,0.08788573694507074,1.7843972736563791,231.254488421821,215.98750228881835,200.7205161558157,0.1580928498032693
2024-09-12,229.80999755859375,231.4499969482422,223.8300018310547,224.66000366210938,71894900,217.40900192260742,224.44160095214843,218.2888067622131,56.91731191934446,2.633486202006708,0.5970058299573981,2.0364803720493097,232.2594126830257,217.40900192260742,202.55859116218915,0.22530232260616645
2024-09-13,230.2899932861328,232.6699981689453,226.32000732421875,228.0,59515100,218.21650161743165,224.11960083007813,219.4317769073483,57.14916837176489,3.2381494874753685,1.1252345614609922,2.1129149260143762,233.99538589084995,218.21650161743165,202.43761734401335,0.10010192369966212
2024-09-16,226.77999877929688,229.9600067138672,223.52999877929688,229.3000030517578,54323000,218.7495018005371,223.62480072021484,220.13160756181958,54.82560985834049,3.394986978536849,1.5791850448761635,1.8158019336606857,234.92431125722956,218.7495018005371,202.57469234384465,-0.10945955046753521
2024-09-17,227.8699951171875,234.57000732421875,226.5500030517578,229.4499969482422,66761600,219.00700149536132,223.12340057373046,220.868596852807,55.431611657757834,3.566127319245396,1.97657349975001,1.5895538194953862,235.58538932794852,219.00700149536132,202.42861366277413,-0.06875176520806643
2024-09-18,227.1999969482422,235.67999267578125,226.8800048828125,230.08999633789062,78010200,219.31200103759767,222.42080078125,221.47158733808655,54.94370937271395,3.606124856816308,2.3024837711632697,1.3036410856530383,236.25365814323087,219.31200103759767,202.37034393196447,-0.12494663296376916
2024-09-19,243.9199981689453,244.24000549316406,232.1300048828125,234.0,102694600,220.34450073242186,222.0340005493164,223.60953122673976,63.56290059848296,4.93015579010526,2.828018174951668,2.1021376151535924,240.3628190845575,220.34450073242186,200.32618238028624,0.4002373701696561
2024-09-20,238.25,243.99000549316406,235.9199981689453,241.52000427246094,99879100,221.7240005493164,221.97840057373048,225.00386158609786,59.412230323470645,5.459010305101202,3.354216600981575,2.1047937041196274,242.66402143687696,221.7240005493164,200.78397966175584,-0.13457140748951946
2024-09-23,250.0,250.0,241.9199981689453,242.61000061035156,86927200,223.20800018310547,222.01380065917968,227.38444619694567,64.57480563871135,6.748466004256386,4.033066481636537,2.7153995226198493,247.481187957086,223.20800018310547,198.93481240912493,0.2955202949937498
2024-09-24,254.27000427246094,257.19000244140625,249.0500030517578,254.0800018310547,88491000,225.26100006103516,222.04640075683594,229.94497553747092,66.25461768892332,8.022444844369119,4.830942154183053,3.1915026901860655,252.56129411884785,225.26100006103516,197.96070600322247,0.007477916340808865
2024-09-25,257.0199890136719,257.04998779296875,252.27999877929688,252.5399932861328,65034300,227.6514991760254,222.0556005859375,232.52354824949006,67.32909266244042,9.148524543535558,5.694458632053554,3.4540659114820036,257.1921137590117,227.6514991760254,198.1108845930391,0.17555971419727961
2024-09-26,254.22000122070312,261.75,251.52999877929688,260.6000061035156,67142200,230.07499923706055,222.17000061035156,234.5898771038913,65.05770517516284,9.703163178559805,6.496199541354805,3.206963637205,259.9814605239684,230.07499923706055,200.16853795015274,-0.24004308223228854
2024-09-27,260.4599914550781,260.70001220703125,254.1199951171875,257.3800048828125,70988100,232.78399887084962,222.39460052490233,237.05369751829005,67.67492646287559,10.524908758274677,7.301941384738781,3.222967373535896,263.38548333978747,232.78399887084962,202.18251440191176,0.11909893038338262
2024-09-30,261.6300048828125,264.8599853515625,255.77000427246094,259.0400085449219,80705700,235.15999908447264,222.84320068359375,239.39429821967315,68.15654240851644,11.142118944499941,8.069976896691013,3.072142047808928,266.94905559774344,235.15999908447264,203.37094257120188,0.09965256312960638
2024-10-01,258.0199890136719,263.9800109863281,248.52999877929688,262.6700134277344,87397600,237.53099822998047,222.97340057373046,241.16817353338732,64.94150074822733,11.210733990363195,8.69812831542545,2.5126056749377454,268.70686619030545,237.53099822998047,206.35513026965552,-0.1752026991555865
2024-10-02,249.02000427246094,251.16000366210938,241.5,247.5500030517578,93983900,239.01149826049806,223.02620056152344,241.9159669371086,57.64136916900851,10.418787064143942,9.042260065169149,1.3765269989747928,269.40709966697193,239.01149826049806,208.6158968540242,0.05931229192287973
2024-10-03,240.66000366210938,249.7899932861328,237.80999755859375,244.47999572753906,80729200,239.53599853515624,223.51960052490233,241.7963513871087,51.814818011853355,9.01268857395388,9.036345766926097,-0.023657192972216023,269.66407965471666,239.53599853515624,209.40791741559582,-0.15499041628408974
2024-10-04,250.0800018310547,250.9600067138672,244.5800018310547,246.69000244140625,86573200,241.50349884033204,224.11620056152344,242.58527047700832,57.079490261438984,8.559788601396576,8.941034333820193,-0.3812457324236167,268.8621370318364,241.50349884033204,214.1448606488277,0.13656087798733557
2024-10-07,240.8300018310547,249.8300018310547,240.6999969482422,249.0,68113300,242.73149871826172,224.53680053710937,242.41810203453656,51.167574170166176,7.369513254220379,8.62673011790023,-1.2572168636798509,267.5348859650836,242.73149871826172,217.92811147143985,-0.31682364456731305
2024-10-08,244.5,246.2100067138672,240.55999755859375,243.55999755859375,56303200,243.64799880981445,224.78480041503906,242.61637803124736,53.23704322603007,6.645741673707931,8.230532429061771,-1.5847907553538398,267.2619139555975,243.64799880981445,220.03408366403139,0.03857513596531992
2024-10-09,241.0500030517578,247.42999267578125,239.50999450683594,243.82000732421875,66289500,244.29399871826172,225.15340057373047,242.46719946177217,51.04697233381451,5.727735787991293,7.729973100847676,-2.0022373128563835,266.8580412256111,244.29399871826172,221.72995621091235,-0.11312230334793999
2024-10-10,238.77000427246094,242.7899932861328,232.33999633789062,241.80999755859375,83087100,244.74199905395508,225.2874005126953,242.1150856342187,49.59492078585727,4.761346820628461,7.136247844803834,-2.374901024175373,266.4785774893745,244.74199905395508,223.00542061853568,-0.12506009448081382
2024-10-11,217.8000030517578,223.33999633789062,214.3800048828125,220.1300048828125,142628900,244.11749954223632,225.30620056152344,239.79936348350813,38.69319679516454,2.2771234944547416,6.164422974734016,-3.8872994802792746,268.08249441167953,244.11749954223632,220.1525046727931,-0.10545310497269632
2024-10-14,219.16000366210938,221.91000366210938,213.74000549316406,220.1300048828125,86291900,243.73649978637695,225.53600067138672,237.83371016718445,39.62018685466754,0.41333462953807043,5.014205305694827,-4.600870676156757,268.99907822597623,243.73649978637695,218.47392134677767,-0.04403642682115958
2024-10-15,219.57000732421875,224.25999450683594,217.1199951171875,220.00999450683594,62988800,243.3215003967285,225.94980072021485,236.0943098964258,39.91514793713262,-1.0189023329438953,3.807583777967083,-4.826486110910978,269.8538136947525,243.3215003967285,216.78918709870456,-0.01999584322408161
2024-10-16,221.3300018310547,222.82000732421875,218.92999267578125,221.39999389648438,49632800,243.02800064086915,226.36360076904296,234.68818531877142,41.24207682996623,-1.9890154644520806,2.6482639294832504,-4.637279393935331,270.38423772974227,243.02800064086915,215.67176355199607,-0.0031613294576149915
2024-10-17,220.88999938964844,222.0800018310547,217.89999389648438,221.58999633789062,50791800,241.8765007019043,226.94620086669923,233.37407237314065,40.9983086290642,-2.7615086771766073,1.566309408151279,-4.327818085327886,270.87510389562175,241.8765007019043,212.8778975081868,-0.0315792322636369
2024-10-18,220.6999969482422,222.27999877929688,219.22999572753906,220.7100067138672,49611900,240.9990005493164,227.38340087890626,232.16701757076936,40.88592601181347,-3.350425107803119,0.5829625049603995,-3.9333876127635183,271.41112842444386,240.9990005493164,210.58687267418895,-0.0004535256505922219
2024-10-21,218.85000610351562,220.47999572753906,215.72999572753906,218.89999389648438,47329000,239.44150085449218,227.76040100097657,230.89873076436425,39.74358614248303,-3.9212230042231226,-0.3178745968763049,-3.6033484073468176,271.01849079123843,239.44150085449218,207.86451091774595,-0.0022835864536708
2024-10-22,217.97000122070312,218.22000122070312,215.25999450683594,217.30999755859375,43268700,237.6265007019043,228.17000091552734,229.66742318877746,39.182774696017496,-4.39394285099624,-1.133088247700292,-3.2608546032959476,269.75370954162787,237.6265007019043,205.4992918621807,0.030362192660811187
2024-10-23,213.64999389648438,218.72000122070312,212.11000061035156,217.1300048828125,80938900,235.45800094604493,228.28640075683595,228.1419537323686,36.46268894961546,-5.0588499493915435,-1.9182405880385422,-3.1406093613530013,267.9095198782136,235.45800094604493,203.0064820138763,-0.1589147678401705
2024-10-24,260.4800109863281,262.1199951171875,242.64999389648438,244.67999267578125,204491900,235.77100143432617,229.46840087890624,231.22176870893617,64.90472107558352,-1.7864099885525775,-1.8918744681413493,0.10546447958877181,269.0505277262101,235.77100143432617,202.49147514244225,0.5687966288357955
2024-10-25,269.19000244140625,269.489990234375,255.32000732421875,256.010009765625,161611900,236.20750198364257,230.5694009399414,234.8377909691714,67.79251806534259,1.4926395553993643,-1.2149716634332066,2.7076112188325707,270.9669815440052,236.20750198364257,201.44802242327995,0.4736947786211917
2024-10-28,262.510009765625,273.5400085449219,262.239990234375,270.0,107653600,236.2515022277832,231.49720123291016,237.47324037835745,63.4784479303387,3.51180841991021,-0.2696156467645233,3.781424066674733,271.1415771433508,236.2515022277832,201.36142731221562,-0.2705035481961778
2024-10-29,259.5199890136719,264.9800109863281,255.50999450683594,264.510009765625,80521800,236.3265022277832,232.23320098876954,239.57293072457787,61.58918335706706,4.815237545283821,0.7473549916451456,4.067882553638675,271.40934589367566,236.3265022277832,201.24365856189075,-0.1864449005454215
2024-10-30,257.54998779296875,263.3500061035156,255.82000732421875,258.0400085449219,53993600,236.75300140380858,232.96220062255858,241.28503139775796,60.315468648090494,5.624417104021518,1.7227674141204203,3.9016496899010975,272.64089048316697,236.75300140380858,200.8651123244502,-0.018987825134825314
2024-10-31,249.85000610351562,259.75,249.25,257.989990234375,66575300,237.2125015258789,233.4938006591797,242.10074327449678,55.48538959476687,5.58005021778817,2.4942239748539703,3.0858262429341994,273.52158295484315,237.2125015258789,200.90342009691466,-0.30544640500294606
2024-11-01,248.97999572753906,254.0,246.6300048828125,252.0399932861328,57544800,237.15750122070312,234.26020050048828,242.75591017478652,54.94994783440436,5.4122969838489325,3.077838576652963,2.3344584071959695,273.39170557539205,237.15750122070312,200.92329686601417,-0.12081617100792404
2024-11-04,242.83999633789062,248.89999389648438,238.8800048828125,244.55999755859375,68802400,237.25800094604492,234.71060028076172,242.76391838079644,51.195114233546676,4.729387268239691,3.4081483149703087,1.3212389532693822,273.54350579912574,237.25800094604492,200.97249609296412,-0.07021470871706018
2024-11-05,251.44000244140625,255.27999877929688,246.2100067138672,247.33999633789062,69282500,237.60500106811523,235.4752001953125,243.5902121008545,55.755464169148894,4.8264882654845565,3.6918163050731585,1.134671960411398,274.291412030861,237.60500106811523,200.91859010536945,0.164262208466003
2024-11-06,288.5299987792969,289.5899963378906,275.6199951171875,284.6700134277344,165228700,239.9790008544922,237.0616000366211,247.87019178451567,69.14580868776432,7.806307976713413,4.51471463940121,3.291593337312203,282.87010389495873,239.9790008544922,197.08789781402567,0.1347701292287888
2024-11-07,296.9100036621094,299.75,285.5199890136719,288.8900146484375,117309200,242.8860008239746,238.88480010986328,252.5406500585722,71.26202671255697,10.720454202923747,5.755862552105718,4.964591650818029,292.42164058290723,242.8860008239746,193.35036106504197,0.27069527662060816
2024-11-08,321.2200012207031,328.7099914550781,297.6600036621094,299.1400146484375,204782800,248.05700073242187,241.1836001586914,259.0815406454418,76.3332255565845,14.820705846903223,7.56883121106522,7.2518746358380035,306.77841346150655,248.05700073242187,189.33558800333716,0.6280052089794674
2024-11-11,350.0,358.6400146484375,336.0,346.29998779296875,210521600,254.5990005493164,243.90140014648438,267.7404415363521,80.67987792871602,20.16009714185202,10.08708439722258,10.073012744629441,326.63011187268893,254.5990005493164,182.56788922594387,0.10643941553873225
2024-11-12,328.489990234375,345.8399963378906,323.30999755859375,342.739990234375,155726000,260.04499969482424,246.25919982910156,273.5261128409257,70.28930269248575,22.397738008250997,12.549215119428261,9.848522888822735,336.9632353074753,260.04499969482424,183.12676408217317,-0.39335843208969296
2024-11-13,330.239990234375,344.6000061035156,322.5,335.8500061035156,125405600,265.49049911499026,248.47579956054688,278.92743449744466,70.62081241174313,24.03523170120451,14.846418435783512,9.188813265420997,346.0106720002641,265.49049911499026,184.97032622971642,-0.16550288710950348
2024-11-14,311.17999267578125,329.9800109863281,310.3699951171875,327.69000244140625,120726100,270.0049987792969,250.0959994506836,281.9991067049053,62.448001674571344,23.52380693515545,16.5818961356579,6.941910799497549,350.14013752514654,270.0049987792969,189.86986003344728,-0.4651240202571387
2024-11-15,320.7200012207031,324.67999267578125,309.2200012207031,310.57000732421875,114440300,275.0059989929199,252.29579956054687,285.68681094450505,64.65296958046292,23.61606676664752,17.988730261855824,5.627336504791696,354.6916696162149,275.0059989929199,195.32032836962495,0.31565892096017106
2024-11-18,338.739990234375,348.54998779296875,330.010009765625,340.7300109863281,126085600,281.00049819946287,254.74519927978517,290.7394946863974,68.42444013185445,24.856713145498077,19.362326838584277,5.4943863069138,360.9240569300993,281.00049819946287,201.07693946882642,-0.05833830455494179
2024-11-19,346.0,347.3800048828125,332.75,335.760009765625,88852500,287.40199813842776,257.14179931640626,296.00239995435953,69.82152393870899,26.124608231080458,20.714783117083513,5.409825113996945,366.6123306164634,287.40199813842776,208.1916656603921,0.295862851032796
2024-11-20,342.0299987792969,346.6000061035156,334.29998779296875,345.0,66340700,293.82099838256835,259.41979919433595,300.3859807948298,68.04844638383197,26.503561739431234,21.87253884155306,4.631022897878175,368.77721613404566,293.82099838256835,218.86478063109104,-0.08587495772403456
2024-11-21,339.6400146484375,347.989990234375,335.2799987792969,343.80999755859375,58011700,297.7789985656738,261.6163995361328,304.1244602094591,66.94626312774761,26.307773739928905,22.759585821228228,3.548187918700677,373.62966553711306,297.7789985656738,221.92833159423458,-0.1206961648034867
2024-11-22,352.55999755859375,361.5299987792969,337.70001220703125,341.0899963378906,89140700,301.9474983215332,264.06179962158205,308.73736852842427,69.79448276893966,26.885228801642597,23.584714417311105,3.3005143843314926,380.18140113487607,301.9474983215332,223.71359550819037,0.32414775396455603
2024-11-25,338.5899963378906,361.92999267578125,338.20001220703125,360.1400146484375,95890900,305.75149765014646,266.2979995727539,311.58047593884964,63.4299507740215,25.916850432938986,24.05114162043668,1.8657088125023051,383.3410158681087,305.75149765014646,228.16197943218424,-0.5358950187850796
2024-11-26,338.2300109863281,346.9599914550781,335.6600036621094,341.0,62295900,309.6869987487793,268.50519989013674,314.1185268957524,63.26984197536587,24.834083928753785,24.207730082100106,0.6263538466536787,385.46087913807276,309.6869987487793,233.9131183594858,-0.08105315047752663
2024-11-27,332.8900146484375,342.54998779296875,326.5899963378906,341.79998779296875,57896400,313.45400009155276,270.61900024414064,315.9062876341033,60.81745022486527,23.276770476255535,24.021538160931193,-0.7447676846756579,385.90358366435066,313.45400009155276,241.00441651875485,-0.2549295637247756
2024-11-29,345.1600036621094,345.45001220703125,334.6499938964844,336.0799865722656,37167600,318.2194999694824,272.64380035400393,318.69235582724673,64.2466856548811,22.77019329973342,23.77126918869164,-1.0010758889582192,385.6736527383284,318.2194999694824,250.76534720063637,0.2637870028311423
2024-12-02,357.0899963378906,360.0,351.1499938964844,352.3800048828125,77986500,323.625,275.0206002807617,322.34927397111755,67.24807366435248,23.065493294546513,23.630114009862616,-0.5646207153161029,385.0786110533335,323.625,262.1713889466665,0.13287194071718006
2024-12-03,351.4200134277344,355.69000244140625,348.20001220703125,351.79998779296875,58267200,329.0540008544922,277.0490005493164,325.11791582412866,64.47767994280495,22.58169273588851,23.420429755067797,-0.8387370191792876,379.1331312516373,329.0540008544922,278.9748704573471,-0.010800443528770227
2024-12-04,357.92999267578125,358.1000061035156,348.6000061035156,353.0,50810900,334.3785003662109,279.1222003173828,328.24287552428603,66.19942283863513,22.464620070278272,23.229267818109896,-0.7646477478316243,371.2091418476245,334.3785003662109,297.54785888479734,0.13875886207994795
2024-12-05,369.489990234375,375.42999267578125,359.5,359.8699951171875,81403600,338.42649993896487,281.37160034179686,332.17117216334213,69.06661768580562,23.039054452946914,23.1912251450773,-0.1521706921303867,371.8495051055824,338.42649993896487,305.0034947723473,0.26112804902878606
2024-12-06,389.2200012207031,389.489990234375,370.79998779296875,377.4200134277344,81455800,343.04199981689453,284.07160034179685,337.60439397832886,73.23904655755953,24.800460564169896,23.513072228895822,1.2873883352740734,377.7285675304263,343.04199981689453,308.3554321033628,0.30284480071249986
2024-12-09,389.7900085449219,404.79998779296875,378.010009765625,397.6099853515625,96359200,346.47050018310546,286.65820068359375,342.5744525084806,73.35088269359284,25.943323935701983,23.999122570257054,1.944201365444929,385.17418037196734,346.47050018310546,307.7668199942436,-0.19417734014441512
2024-12-10,400.989990234375,409.7300109863281,390.8500061035156,392.67999267578125,97563600,349.0199996948242,289.445400390625,348.1378370538039,75.51601406386881,27.436525128674134,24.686603081940472,2.749922046733662,394.45081032394774,349.0199996948242,303.5891890657007,0.20851910817629893
2024-12-11,424.7699890136719,424.8800048828125,402.3800048828125,409.70001220703125,104287600,353.83399963378906,292.780400390625,355.436137240458,79.3518630024921,30.19072510979362,25.787427487511103,4.4032976222825155,408.92098622265365,353.83399963378906,298.7470130449245,0.35209177854265816
2024-12-12,418.1000061035156,429.29998779296875,415.0,424.8399963378906,87752200,358.2270004272461,296.1620004272461,361.40412475122537,75.76633411615347,31.472441841657826,26.92443035834045,4.548011483317374,418.8246136571576,358.2270004272461,297.62938719733455,-0.15732999099730763
2024-12-13,436.2300109863281,436.29998779296875,415.7099914550781,420.0,89000200,364.47950134277346,300.07340057373045,368.53039963075895,78.59723039723245,33.56424375224117,28.252393037120598,5.3118507151205705,429.97687077048437,364.47950134277346,298.98213191506255,0.36827747967469715
2024-12-16,463.0199890136719,463.19000244140625,436.1499938964844,441.0899963378906,114083800,371.59450073242186,304.3322003173828,377.5294081434173,81.95219766603948,36.95771365300209,29.993457160296895,6.964256492705193,446.7375596839195,371.59450073242186,296.4514417809242,0.4598943457491507
2024-12-17,479.8599853515625,483.989990234375,457.510009765625,475.8999938964844,131223000,378.65050048828124,309.112799987793,387.2751774013359,83.68359630489903,40.53860614746981,32.10248695773148,8.436119189738328,465.68917027544956,378.65050048828124,291.6118307011129,0.08301906045585791
2024-12-18,440.1300048828125,488.5400085449219,427.010009765625,466.5,149340800,383.35700073242185,313.02540008544923,392.30897049480984,67.2836225202248,39.7128271111842,33.62455498842202,6.088272122762177,472.96648859960993,383.35700073242185,293.7475128652338,-0.5118794476997838
2024-12-19,436.1700134277344,456.3599853515625,420.0199890136719,451.8800048828125,118566100,388.0640014648437,316.92780029296875,396.48621267889786,65.89740397512722,38.297384649174376,34.55912092057249,3.7382637286018863,478.3828562856616,388.0640014648437,297.74514664402585,-0.3342973286216867
2024-12-20,421.05999755859375,447.0799865722656,417.6400146484375,425.510009765625,132216200,392.13500061035154,320.5736001586914,398.8265731436308,60.75397887566443,35.54662493411644,34.75662172328128,0.7900032108351596,480.6786285672956,392.13500061035154,303.59137265340746,-0.10420106068823529
2024-12-23,430.6000061035156,434.510009765625,415.4100036621094,431.0,72698100,396.03700103759763,324.82960021972656,401.8526143779056,62.73181750130294,33.74740789104061,34.55477895683315,-0.8073710657925375,484.1377773034701,396.03700103759763,307.93622477172516,-0.00928033441101978
2024-12-24,462.2799987792969,462.7799987792969,435.1400146484375,435.8999938964844,59551800,402.221501159668,329.69200012207034,407.6076033685143,68.42282865391748,34.480357966573024,34.539894758781124,-0.0595367922080996,490.6881609348482,402.221501159668,313.75484138448775,0.5407286750305712
2024-12-26,454.1300048828125,465.3299865722656,451.0199890136719,465.1600036621094,76366400,408.01650085449216,334.38320007324216,412.0383082746379,65.64558710222926,34.011526085671505,34.4342210241592,-0.42269493848769457,494.1091149091232,408.01650085449216,321.9238867998611,-0.23277616761694095
2024-12-27,431.6600036621094,450.0,426.5,449.5199890136719,82666800,412.95500030517576,338.5898001098633,413.90704116868284,58.585163294944905,31.46413319173905,33.84020345767517,-2.3760702659361215,492.3110860612859,412.95500030517576,333.5989145490656,-0.37764697914079387
2024-12-30,417.4100036621094,427.0,415.75,419.3999938964844,64941000,416.56750030517577,342.5202001953125,414.2406566442473,54.576261061544265,27.97299479117379,32.666761724374894,-4.693766933201104,489.5738344039818,416.56750030517577,343.56116620636976,-0.04741292827352604
2024-12-31,403.8399963378906,427.92999267578125,402.5400085449219,423.7900085449219,76825100,418.9050003051758,346.1830001831055,413.2501175674514,50.997469933962535,23.836484123372486,30.900706204174412,-7.064222080801926,486.9707947202728,418.9050003051758,350.8392058900788,-0.4388069603642037
2025-01-02,379.2799987792969,392.7300109863281,373.0400085449219,390.1000061035156,109710700,420.2979995727539,349.39160003662107,410.0148681590557,45.21813175468165,18.364785257903918,28.393522014920315,-10.028736757016397,483.7674728645329,420.2979995727539,356.82852628097487,-0.270464543089968
2025-01-03,410.44000244140625,411.8800048828125,379.45001220703125,381.4800109863281,95423300,422.92350006103516,353.24100006103515,410.0553571383272,52.56324233735082,16.35425469808513,25.98566855155328,-9.631413853468153,479.8645519771014,422.92350006103516,365.9824481449689,0.640575038300251
2025-01-06,411.04998779296875,426.42999267578125,401.70001220703125,423.20001220703125,85516500,425.00149993896486,357.18899993896486,410.15008386734075,52.69695028728048,14.641339219741042,23.716802685190835,-9.075463465449793,476.79125880666265,425.00149993896486,373.21174107126706,-0.279462430397651
2025-01-07,394.3599853515625,414.3299865722656,390.0,405.8299865722656,75699500,425.2584991455078,359.86659942626954,408.64626496107616,48.65585561583501,11.801062348564528,21.333654617865573,-9.532592269301045,476.38219504420664,425.2584991455078,374.134803246809,-0.2753380988541856
2025-01-08,394.94000244140625,402.5,387.3999938964844,392.95001220703125,73038800,425.51599884033203,362.38159942626953,407.34090662586954,48.80279184652801,9.487558330182253,18.96443536032891,-9.476877030146657,475.9700030555957,425.51599884033203,375.06199462506834,0.05059907646654077
2025-01-10,394.739990234375,399.2799987792969,377.2900085449219,391.3999938964844,62287300,425.20349884033203,365.02619903564454,406.1408193504891,48.750980876015,7.550908244220011,16.681729937107132,-9.130821692887121,476.3341495096589,425.20349884033203,374.07284817100515,0.08512806992557972
2025-01-13,403.30999755859375,403.7900085449219,380.07000732421875,383.2099914550781,67580500,424.1304992675781,367.901999206543,405.8712172750705,51.14430558811325,6.631186872315936,14.671621324148894,-8.040434451832958,476.14555111852746,424.1304992675781,372.11544741662874,0.4811785264458303
2025-01-14,396.3599853515625,422.6400146484375,394.5400085449219,414.3399963378906,84565000,423.04349822998046,370.67819915771486,404.96538566330776,49.14010491130451,5.280621440521713,12.79342134742346,-7.512799906901746,476.4083392126496,423.04349822998046,369.6786572473113,-0.408611595957159
2025-01-15,428.2200012207031,429.79998779296875,405.6600036621094,409.8999938964844,81375500,422.6429977416992,374.24559906005857,407.18011095448827,57.38446523338785,6.703847836050045,11.575506645148776,-4.871658809098731,475.72545306781456,422.6429977416992,369.5605424155839,0.41937917115027296
2025-01-16,413.82000732421875,424.0,409.1300048828125,423.489990234375,68335200,420.18299865722656,377.5423992919922,407.81248203731974,53.18788770060402,6.593796663185401,10.579164648756102,-3.9853679855707007,470.0132046432809,420.18299865722656,370.3527926711722,-0.22445284960999237
2025-01-17,426.5,439.739990234375,419.75,421.5,94991400,417.51499938964844,381.21559936523437,409.59224565281306,56.22374200801839,7.443940639628011,9.952119846930485,-2.508179207302474,459.3514536043061,417.51499938964844,375.6785451749908,0.11807066475032066
2025-01-21,424.07000732421875,433.20001220703125,406.30999755859375,432.6400146484375,87320900,416.7119995117188,384.66819946289064,410.97108009770886,55.48116937624165,7.831331055700218,9.527962088684433,-1.6966310329842145,457.38159008197914,416.7119995117188,376.0424089414584,-0.1955355096047084
2025-01-22,415.1099853515625,428.0,414.5899963378906,416.80999755859375,60963300,415.6589981079102,387.1997991943359,411.36526155045686,52.71643133558513,7.330836539924292,9.088536978932405,-1.7577004390081132,455.33733953102933,415.6589981079102,375.98065668479103,-0.04076366152815332
2025-01-23,412.3800048828125,420.7300109863281,408.95001220703125,416.05999755859375,50690600,415.2249984741211,389.50919921875,411.46190377258597,51.868333749063794,6.637392690570891,8.598308121260104,-1.9609154306892123,454.84738552565915,415.2249984741211,375.60261142258304,-0.08821867631310165
2025-01-24,406.5799865722656,418.8800048828125,405.7799987792969,414.45001220703125,56427100,414.0239974975586,391.2163989257813,410.9969592773174,50.02689253241114,5.555776901312186,7.989801877270521,-2.4340249759583354,453.1626359066158,414.0239974975586,374.8853590885014,-0.18764088072396432
2025-01-27,397.1499938964844,406.69000244140625,389.0,394.79998779296875,58125500,410.76749725341796,392.1593988037109,409.678200669619,47.0991346107031,3.8927932985394023,7.170400161524298,-3.2776068629848956,443.6404634828254,410.76749725341796,377.8945310240105,0.059453765613048395
2025-01-28,398.0899963378906,400.5899963378906,386.5,396.9100036621094,48910700,407.9654968261719,393.55139892578126,408.57456216183533,47.42941044220749,2.6205095503989355,6.260422039299226,-3.6399124889002907,434.5231600413983,407.9654968261719,381.4078336109455,0.029720721208257143
2025-01-29,389.1000061035156,398.5899963378906,384.4800109863281,395.2099914550781,68033600,405.8374969482422,394.72859924316407,406.71984253723343,44.56383716537298,0.8766924691945519,5.183676125278292,-4.30698365608374,431.2558241696228,405.8374969482422,380.4191697268615,-0.15338091713873028
2025-01-30,400.2799987792969,412.5,384.4100036621094,410.7799987792969,98092900,404.9809967041016,396.5105993652344,406.1065240840966,48.713685863136156,0.3923144854734346,4.225403797317321,-3.833089311843886,429.9319398307931,404.9809967041016,380.03005357741006,-0.2501860516902427
2025-01-31,404.6000061035156,419.989990234375,401.3399963378906,401.5299987792969,83283600,405.0189971923828,398.1881994628906,405.9630461811841,50.26302370250826,0.35296121371544587,3.450915280596946,-3.0979540668815,429.96518810729737,405.0189971923828,380.07280627746826,0.07630909491190312
2025-02-03,383.67999267578125,389.1700134277344,374.3599853515625,386.67999267578125,93732100,405.238996887207,399.0869995117188,403.840850609241,43.42206087366631,-1.35072645171158,2.490586934135241,-3.841313385846821,429.33651245604966,405.238996887207,381.14148131836436,-0.07742824322989163
2025-02-04,392.2099914550781,394.0,381.3999938964844,382.6300048828125,57072200,404.32749633789064,400.0111993408203,402.73314973741594,46.61270404731855,-1.9896758430656973,1.5945343786950534,-3.5842102217607508,428.9426914080119,404.32749633789064,379.71230126776936,0.2452683802617729
2025-02-05,378.1700134277344,388.3900146484375,375.5299987792969,387.510009765625,57223300,402.6834976196289,400.73399963378904,400.3938034222082,42.376664322933514,-3.587601096671733,0.5581072836216963,-4.14570838029343,429.5703216299846,402.6834976196289,375.79667360927317,-0.23646455589707752
2025-02-06,374.32000732421875,375.3999938964844,363.17999267578125,373.0299987792969,77918200,401.6814987182617,401.4275994873047,397.9105847462092,41.26912125940377,-5.105775487707092,-0.5746692706440615,-4.53110621706303,431.10813024860704,401.6814987182617,372.2548671879164,0.034568119221169306
2025-02-07,361.6199951171875,380.54998779296875,360.3399963378906,370.19000244140625,70298300,400.01549835205077,401.6087994384766,394.45433811487385,37.76299399082535,-7.250149269418728,-1.909765270398995,-5.340383999019733,434.1727768456231,400.01549835205077,365.85821985847844,-0.22745402172352117
2025-02-10,350.7300109863281,362.70001220703125,350.510009765625,356.2099914550781,77514900,397.81499938964845,401.85159973144533,390.29011648358374,35.015888145198275,-9.716308097216597,-3.4710738357625157,-6.2452342614540814,438.1584814796807,397.81499938964845,357.4715172996162,-0.15263900954336942
2025-02-11,328.5,349.3699951171875,325.1000061035156,345.79998779296875,118543400,394.0744995117187,401.65699951171877,384.40534348514717,30.188160728247283,-13.311090868933775,-5.439077242396768,-7.872013626537007,444.3388608117853,394.0744995117187,343.81013821165214,-0.4623442916959859
2025-02-12,336.510009765625,346.3999938964844,329.1199951171875,329.94000244140625,105382700,391.0820007324219,401.7293994140625,379.843883130907,33.733437063964345,-15.336847636195955,-7.418631321156606,-7.918216315039349,447.2280177591715,391.0820007324219,334.93598370567224,0.1965365069355318
2025-02-13,355.94000244140625,358.69000244140625,342.8500061035156,345.0,89441500,387.468000793457,401.94499938964844,377.56732306524026,41.49482780658179,-15.19922919041369,-8.974750895008022,-6.224478295405667,442.8871043449972,387.468000793457,332.0488972419168,0.30688375389473815
2025-02-14,355.8399963378906,362.0,347.5,360.6199951171875,68277300,384.5690002441406,401.9199993896484,375.49805385311174,41.467906522768004,-14.926175576586502,-10.165035831323719,-4.761139745262783,440.23623212471284,384.5690002441406,328.9017683635684,-0.13177861313155154
2025-02-18,354.1099853515625,359.1000061035156,350.0199890136719,355.010009765625,51631700,380.9494995117187,401.973798828125,373.46109494820234,40.972680773302194,-14.680152390000671,-11.06805914305911,-3.612093246941562,434.61835577470856,380.9494995117187,327.2806432487289,-0.02534665545103434
2025-02-19,360.55999755859375,367.3399963378906,353.6700134277344,354.0,67094400,377.7739990234375,402.0263989257812,372.23241900633485,43.67352798199208,-13.805573108895317,-11.615561936226351,-2.1900111726689655,428.28421223176684,377.7739990234375,327.2637858151082,0.18321821074026043
2025-02-20,354.3999938964844,362.29998779296875,348.0,361.510009765625,45965400,374.7384994506836,401.72459899902344,370.5340928053967,41.71062527573923,-13.454429256472224,-11.983335400275525,-1.471093856196699,423.16264896146293,374.7384994506836,326.3143499399043,-0.19417823815989912
2025-02-21,337.79998779296875,354.9800109863281,334.4200134277344,353.44000244140625,74058600,371.0094985961914,400.6961987304687,367.4165589946893,36.89787023349986,-14.35020673355541,-12.456709666931502,-1.8934970666239082,418.74617850597485,371.0094985961914,323.27281868640796,-0.4157214361690341
2025-02-24,330.5299987792969,342.3999938964844,324.70001220703125,338.1400146484375,76052300,367.20699920654295,399.51099853515626,363.90355325989003,34.993528090761814,-15.468433718303231,-13.059054477205848,-2.4093792410973833,415.11963491456885,367.20699920654295,319.29436349851704,-0.22133093649828944
2025-02-25,302.79998779296875,328.8900146484375,297.25,327.0199890136719,134228800,362.4894989013672,397.5471984863281,358.0841660725642,28.872445726641743,-18.380339682832073,-14.123311518331095,-4.257028164500978,415.9398259501136,362.4894989013672,309.0391718526208,-0.6295241606537748
2025-02-26,290.79998779296875,309.0,288.0400085449219,303.7099914550781,100118300,357.12499847412107,394.86779846191405,351.6761490935551,26.69620974731528,-21.409549886575974,-15.580559191980072,-5.828990694595902,416.42275660483716,357.12499847412107,297.827240343405,-0.4011986293799256
2025-02-27,281.95001220703125,297.2300109863281,280.8800048828125,291.1600036621094,101748200,351.7674987792969,392.14479858398437,345.03556462817187,25.188328071157343,-24.244860208198475,-17.313419395223754,-6.931440812974721,417.5488669383752,351.7674987792969,285.98613062021855,-0.30617623297187785
2025-02-28,292.9800109863281,293.8800048828125,273.6000061035156,279.5,115697000,346.4024993896484,389.27979858398436,340.07789285275817,30.46024873361074,-25.310076538093313,-18.912750823797666,-6.397325714295647,412.97994854496056,346.4024993896484,279.8250502343363,0.4480758763051751
2025-03-03,284.6499938964844,303.94000244140625,277.29998779296875,300.3399963378906,115551400,340.4049987792969,385.71239868164065,334.79904533311304,28.809106789197486,-26.52071660386065,-20.434343979810265,-6.086372624050384,406.5409278280222,340.4049987792969,274.2690697305716,-0.47955639360564845
2025-03-04,272.0400085449219,284.3500061035156,261.8399963378906,270.92999267578125,126706600,334.82299957275393,381.5559991455078,328.82199421042816,26.469959274372158,-28.172918146636505,-21.982058813175517,-6.190859333460988,404.173815063069,334.82299957275393,265.47218408243884,0.04094767022105218
2025-03-05,279.1000061035156,279.54998779296875,267.7099914550781,272.9200134277344,94042900,329.1675003051758,378.33539916992186,324.08656677167454,29.901666000457055,-28.583128460129956,-23.302272742566405,-5.280855717563551,397.31406261086795,329.1675003051758,261.02093799948364,0.22264723995834948
2025-03-06,263.45001220703125,272.6499938964844,260.0199890136719,272.05999755859375,98451600,323.43150024414064,374.8809991455078,318.31165681313706,26.904165959531312,-29.82721721076166,-24.607261636205457,-5.219955574556202,393.4018908190363,323.43150024414064,253.461109669245,-0.3063150157852829
2025-03-07,262.6700134277344,266.25,250.72999572753906,259.32000732421875,102369600,317.84900054931643,371.7131994628906,313.01245268119396,26.760180946131527,-30.524241436975274,-25.79065759635942,-4.733583840615854,388.5006953010548,317.84900054931643,247.19730579757805,0.12847038295108007
2025-03-10,222.14999389648438,253.3699951171875,220.0,252.5399932861328,189076900,310.87550048828126,367.54419921875,304.35888517788834,20.59419003564605,-33.95485466585234,-27.423497010258004,-6.531357655594334,389.9047554554352,310.87550048828126,231.84624552112734,-0.8346807723571945
2025-03-11,230.5800018310547,237.05999755859375,217.02000427246094,225.30999755859375,174896400,304.8680000305176,362.91019927978516,297.33232485914226,24.492248880358872,-35.58322787699143,-29.05544318360469,-6.527784693386739,388.96948582701253,304.8680000305176,220.76651423402262,0.229725971968599
2025-03-12,248.08999633789062,251.83999633789062,241.10000610351562,247.22000122070312,142215700,300.8474998474121,358.7893991088867,292.64257928568975,31.963305478047474,-35.056703305378505,-30.255695207959455,-4.80100809741905,387.6890583458701,300.8474998474121,214.00594134895414,0.03517660999088469
2025-03-13,240.67999267578125,248.2899932861328,232.60000610351562,248.1300048828125,114813500,296.0559989929199,354.96979888916013,287.6937615133175,30.58417803645196,-34.835788866985354,-31.171713939764636,-3.6640749272207174,385.0463648861054,296.0559989929199,207.06563309973447,-0.29153801731832363
2025-03-14,249.97999572753906,251.5800018310547,240.72999572753906,247.30999755859375,100242300,290.75799865722655,351.62119873046873,284.10197429562436,34.409292053344885,-33.523838122041525,-31.642138776220015,-1.8816993458215094,377.4435847321537,290.75799865722655,204.07241258229942,0.10754408481175119
2025-03-17,238.00999450683594,245.39999389648438,232.8000030517578,245.05999755859375,111900600,284.86649856567385,348.30459869384765,279.71226193478736,31.96759559180714,-33.06879033523802,-31.92746908802362,-1.1413212472143996,369.03828032053076,284.86649856567385,200.69471681081694,-0.2800024916384465
2025-03-18,225.30999755859375,230.10000610351562,222.27999877929688,228.16000366210938,111477600,278.4264991760254,345.2251986694336,274.5310938989594,29.570074377960722,-33.34852427210086,-32.21168012483907,-1.1368441472617903,360.0932472759732,278.4264991760254,196.7597510760776,-0.12426695996342169
2025-03-19,235.86000061035156,241.41000366210938,229.1999969482422,231.61000061035156,111993800,272.1914993286133,341.7335986328125,270.8481326333777,33.99841007270216,-32.34605318976372,-32.238554737824,-0.10749845193971908,346.53634381394284,272.1914993286133,197.84665484328374,0.18146593174114262
2025-03-20,236.25999450683594,238.0,230.0500030517578,233.35000610351562,99028300,266.28449935913085,338.2377987670898,267.55402424037374,34.16741900206404,-31.160117037332583,-32.022867197725716,0.8627501603931336,331.8142834188873,266.28449935913085,200.75471529937437,0.12406243274632225
2025-03-21,248.7100067138672,249.52000427246094,234.5500030517578,234.99000549316406,132728700,261.83000030517576,335.3247991943359,265.759355904516,39.37137999336234,-28.882700365353173,-31.39483383125121,2.512133465898035,318.870879442801,261.83000030517576,204.78912116755052,0.5254614375314447
2025-03-24,278.3900146484375,278.6400146484375,256.3299865722656,258.0799865722656,169079900,259.22300109863284,332.9937994384766,266.96227578488947,49.599717299465276,-24.401616010869645,-29.9961902671749,5.594574256305254,307.569510489513,259.22300109863284,210.87649170775265,0.6566870811456801
2025-03-25,288.1400146484375,288.20001220703125,271.2799987792969,283.6000061035156,150361500,258.49000244140626,330.86179992675784,268.9792032957036,52.438352195657515,-19.834936063500834,-27.96393942644009,8.129003362939255,304.5625951925499,258.49000244140626,212.41740969026264,0.158731289788692
2025-03-26,272.05999755859375,284.8999938964844,266.510009765625,282.6600036621094,153629800,257.5530029296875,328.23679992675784,269.2726122731217,47.669800721556754,-17.31375016246153,-25.83390157364438,8.520151411182848,301.6802490853831,257.5530029296875,213.42575677399196,-0.35836529102309866
2025-03-27,273.1300048828125,291.8500061035156,271.82000732421875,272.4800109863281,162572100,257.11200256347655,325.77220031738284,269.63998299785413,48.00860883743153,-15.055797659573273,-23.678280790830158,8.622483131256885,300.4239144772576,257.11200256347655,213.8000906496955,0.023850213067432197
2025-03-28,263.54998779296875,276.1000061035156,260.57000732421875,275.5799865722656,123809400,255.6405014038086,322.47880004882813,269.05998345453173,45.18771945049296,-13.879388399126128,-21.718502312489353,7.839113913363224,295.8679444755997,255.6405014038086,215.41305833201753,-0.4107672284939719
2025-03-31,259.1600036621094,260.55999755859375,243.36000061035156,249.30999755859375,134008900,254.36600189208986,319.38559997558593,268.1171282362058,43.914349094537314,-13.149728728028151,-20.004747595597113,6.855018867568962,292.3912175833311,254.36600189208986,216.3407862008486,0.37574055726904715
2025-04-01,268.4599914550781,277.45001220703125,259.25,263.79998779296875,146486900,254.18700103759767,316.2247998046875,268.1497818760984,47.302248511770486,-11.68632421900486,-18.341062920278663,6.6547387012738035,291.9102414772688,254.18700103759767,216.46376059792655,0.17483433212747246
2025-04-02,282.760009765625,284.989990234375,251.27000427246094,254.60000610351562,212787800,254.37000122070313,313.39859985351563,269.5412321512914,52.09413306029437,-9.265862539367447,-16.52602284409642,7.260160304728974,292.6069037400321,254.37000122070313,216.13309870137414,0.8026612701460418
2025-04-03,267.2799987792969,276.29998779296875,261.510009765625,265.2900085449219,136174300,254.5615005493164,310.44200012207034,269.3258765920538,47.101097677798776,-8.498768224721914,-14.920571920221521,6.421803695499607,293.01612723833057,254.5615005493164,216.10687386030224,0.07487150431761613
2025-04-04,239.42999267578125,261.0,236.0,255.3800048828125,181229400,253.39949951171874,306.9829998779297,266.4786495524088,39.7242581282132,-10.022569254556743,-13.940971387088567,3.918402132531824,292.2067184024278,253.39949951171874,214.5922806210097,-0.5542949462019674
2025-04-07,233.2899932861328,252.0,214.25,223.77999877929688,183453800,253.95649948120118,303.517200012207,263.3178251460968,38.300072427649404,-11.592013667937124,-13.471179843258279,1.8791661753211546,291.2436469995547,253.95649948120118,216.66935196284768,0.40110970806286816
2025-04-08,221.86000061035156,250.44000244140625,217.8000030517578,245.0,171603500,253.520499420166,300.0114001464844,259.3694609045973,35.73187206176715,-13.601326926996194,-13.497209260005862,-0.10411766699033187,292.07326722376723,253.520499420166,214.96773161656475,-0.7372782696131424
2025-04-09,272.20001220703125,274.69000244140625,223.8800048828125,224.69000244140625,219433400,254.72600021362305,297.4936004638672,260.5914181714958,51.239611842626985,-11.00484690940712,-12.998736789886115,1.993889880478994,294.02472466508465,254.72600021362305,215.42727576216149,0.9712826567711689
2025-04-10,252.39999389648438,262.489990234375,239.3300018310547,260.0,181722600,255.3120002746582,294.75960021972656,259.8112825262566,46.48810198528466,-10.42464497271385,-12.483918426451662,2.059273453737813,294.1016916211052,255.3120002746582,216.52230892821123,-0.28425764257036734
2025-04-11,252.30999755859375,257.739990234375,241.36000061035156,251.83999633789062,128948100,255.42850036621093,291.8002001953125,259.09687443409825,46.46701014559369,-9.858450627925947,-11.95882486674652,2.1003742388205726,294.16739832718355,255.42850036621093,216.6896024052383,0.018660525278479594
2025-04-14,252.35000610351562,261.79998779296875,245.92999267578125,258.3599853515625,100135200,256.14550094604493,288.7552001953125,258.45431554547133,46.47863566658855,-9.299312489503734,-11.426922391297964,2.12760990179423,294.0909935902997,256.14550094604493,218.20000830179015,-0.2285133625095363
2025-04-15,254.11000061035156,258.75,247.5399932861328,249.91000366210938,79594300,257.5855010986328,286.1638003540039,258.0405712659361,47.02366027618478,-8.614867805129023,-10.864511474064177,2.2496436689351533,292.83077040884234,257.5855010986328,222.3402317884232,0.16649580225424318
2025-04-16,241.5500030517578,251.97000122070312,233.88999938964844,247.61000061035156,112378700,257.8700012207031,283.1506005859375,256.4700409598239,43.610600244410605,-8.982383965291604,-10.488085972309664,1.5057020070180602,292.49561620008467,257.8700012207031,223.24438624132154,-0.23996748672519405
2025-04-17,241.3699951171875,244.33999633789062,237.67999267578125,243.47000122070312,83404800,258.1255012512207,280.41460021972654,255.03194135576328,43.561800214072306,-9.182320234099336,-10.2269328246676,1.0446125905682635,292.1802168407911,258.1255012512207,224.07078566165032,-0.0860399146275665
2025-04-21,227.5,232.2100067138672,222.7899932861328,230.25999450683594,97768000,257.0650009155273,277.4782000732422,252.40985170283344,39.86061073399883,-10.340761989845703,-10.24969865770322,-0.09106333214248252,293.4666350538407,257.0650009155273,220.66336677721392,-0.1192934976288549
2025-04-22,237.97000122070312,242.7899932861328,229.85000610351562,230.9600067138672,120858500,255.04400024414062,275.0052001953125,251.03462784739247,43.74607933787726,-10.29531583796873,-10.258822093756322,-0.036493744212407364,290.97050513415104,255.04400024414062,219.11749535413017,0.29452648431521955
2025-04-23,250.74000549316406,259.45001220703125,244.42999267578125,254.86000061035156,150381900,253.17399978637695,273.0054000854492,251.0065685755612,48.14647445298413,-9.123694542393366,-10.031796583483732,0.9081020410903662,285.7525477441543,253.17399978637695,220.5954518285996,-0.1602635563972639
2025-04-24,259.510009765625,259.5400085449219,249.1999969482422,250.5,94464200,252.5465003967285,271.6256002807617,251.81642011747203,50.98233544463705,-7.402182422502477,-9.505873751287481,2.103691328785004,284.11356530973796,252.5465003967285,220.97943548371904,0.3449330444683397
2025-04-25,284.95001220703125,286.8500061035156,259.6300048828125,261.69000244140625,167560700,253.13750076293945,270.59440032958986,254.97200031647768,58.1348862562845,-3.939662106207976,-8.392631422271581,4.452969316063605,286.60903860680116,253.13750076293945,219.66596291907777,0.7108194732753327
2025-04-28,285.8800048828125,294.8599853515625,272.4200134277344,288.9800109863281,151731800,254.25400161743164,269.19320037841794,257.91561979898574,58.37400850729763,-1.1077774044196644,-6.935660618701198,5.827883214281534,290.42149927732805,254.25400161743164,218.0865039575352,-0.10686445877058268
2025-04-29,292.0299987792969,293.32000732421875,279.4700012207031,285.5,108906600,255.89750137329102,267.9170004272461,261.1646082733011,60.001041062266246,1.6141577286602455,-5.22569694922891,6.839854677889155,295.6199753935576,255.89750137329102,216.1750273530245,0.2248148177878474
2025-04-30,282.1600036621094,284.45001220703125,270.7799987792969,279.8999938964844,128961100,256.5825019836426,266.47800079345706,263.1641697389019,56.204159537739145,2.9409829919111417,-3.5923609610008995,6.533343952912041,297.599310889615,256.5825019836426,215.56569307767015,0.08056846033403987
2025-05-01,280.5199890136719,290.8699951171875,279.80999755859375,280.010009765625,99659000,256.4705009460449,264.8772006225586,264.8171049079276,55.57485326954813,3.8161755995182602,-2.1106536488970677,5.926829248415328,297.2120854786424,256.4705009460449,215.72891641344748,0.01821087994803989
2025-05-02,287.2099914550781,294.7799987792969,279.80999755859375,284.8999938964844,114454700,257.467000579834,263.5334005737305,266.949760769561,57.65758099130192,4.992054041265476,-0.690112110864559,5.682166152130035,300.14625632329546,257.467000579834,214.78774483637253,0.08090378416464358
2025-05-05,280.260009765625,284.8500061035156,274.3999938964844,284.57000732421875,94618900,259.50850143432615,262.3826010131836,268.2174035310909,54.78415093972219,5.302022326196322,0.5083147765476174,4.793707549648705,302.4466603443535,259.50850143432615,216.5703425242988,-0.1503089320288123
2025-05-06,275.3500061035156,277.7300109863281,271.3500061035156,273.1099853515625,76715800,261.6115020751953,261.279001159668,268.896699014179,52.78281675584655,5.092771860418964,1.4252061933218867,3.667565667097077,303.30926776994437,261.6115020751953,219.9137363804462,0.0818355750878129
2025-05-07,276.2200012207031,277.9200134277344,271.0,276.8800048828125,71592600,264.3295021057129,260.74740142822264,269.59415636718126,53.10968109904695,4.940193221532354,2.1282035989639803,2.811989622568374,302.2214384904582,264.3295021057129,226.4375657209676,-0.0238326593398942
2025-05-08,284.82000732421875,289.79998779296875,279.4100036621094,279.6300048828125,97539400,264.96050186157225,260.6278018188477,271.04423741070866,56.32805593765033,5.450393427567917,2.792641564684768,2.657751862883149,303.76500385797647,264.96050186157225,226.15599986516804,0.18350022126139356
2025-05-09,298.260009765625,307.0400085449219,290.0,290.2099914550781,132387800,267.2535026550293,260.95400177001954,273.6362157302245,60.85042275716172,6.860147135000659,3.606142678747946,3.254004456252713,308.17997499135424,267.2535026550293,226.3270303187044,0.27048402449391473
2025-05-12,318.3800048828125,322.2099914550781,311.5,321.989990234375,112826700,270.55700302124023,261.4620016479492,277.8975289828519,66.45125700687068,9.491490566012715,4.783212256200899,4.708278309811815,316.4857070777865,270.55700302124023,224.62829896469395,-0.11164743019541244
2025-05-13,334.07000732421875,337.5899963378906,316.79998779296875,320.0,136992600,274.6430030822754,262.4504019165039,283.2472888248868,70.04964095190934,12.696543413943346,6.365878487749389,6.330664926193957,327.3985304332964,274.6430030822754,221.88747573125443,0.41338556776562624
2025-05-14,347.67999267578125,350.0,337.0,342.5,136997300,279.3215026855469,263.9632015991211,289.3837368106863,72.77725256976039,16.148631588783473,8.322429107956207,7.826202480827266,339.9692706874037,279.3215026855469,218.67373468369004,0.15009796956901628
2025-05-15,342.82000732421875,346.1400146484375,334.7200012207031,340.3399963378906,97882600,284.38500289916993,265.23760162353517,294.47290543102275,70.31468300574994,18.281537947422123,10.31425087584939,7.967287071572732,348.3902402419533,284.38500289916993,220.3797655563866,0.07273993156393321
2025-05-16,349.9800109863281,351.6199951171875,342.3299865722656,346.239990234375,95895700,289.815503692627,266.9682015991211,299.7592964362899,71.82715229899439,20.31545019635371,12.314490739950255,8.000959456403454,356.66751854729796,289.815503692627,222.963488837956,0.10759999812501013
2025-05-19,342.0899963378906,343.0,333.3699951171875,336.29998779296875,88869900,295.5450035095215,268.55660125732425,303.7907916650138,67.73184024994723,21.048053209215595,14.061203233803326,6.9868499754122695,359.63683866574684,295.5450035095215,231.4531683532962,0.1704867750220791
2025-05-20,343.82000732421875,354.989990234375,341.6300048828125,347.8699951171875,131715500,300.83750381469724,270.9900015258789,307.6030979182714,68.16050741961294,21.52017264886615,15.552997116815892,5.967175532050259,362.472235230693,300.83750381469724,239.20277239870148,-0.11589928469693879
2025-05-21,334.6199951171875,347.3500061035156,332.20001220703125,344.42999267578125,102354800,305.03150329589846,273.07080139160155,310.1761357467396,63.34148969056634,20.910918556306513,16.624581404714014,4.286337151592498,363.80888896618865,305.03150329589846,246.25411762560827,-0.27735866495137057
2025-05-22,341.0400085449219,347.2699890136719,331.3900146484375,331.8999938964844,97113400,309.1080032348633,274.9298016357422,313.11555220370934,65.1909705447257,20.707419485928824,17.441149020956978,3.2662704649718464,365.9691575903014,309.1080032348633,252.2468488794252,0.2686280641332099
2025-05-23,339.3399963378906,343.17999267578125,333.2099914550781,337.9200134277344,84654800,311.82750244140624,276.9030017089844,315.6131183117266,64.26635858427778,20.176387394491655,17.988196695663916,2.1881906988277393,369.00862822773144,311.82750244140624,254.64637665508104,0.04199655680967034
2025-05-27,362.8900146484375,363.7900085449219,347.32000732421875,347.3500061035156,120146400,315.6780029296875,279.16120208740233,320.1156798676039,70.50683010414245,21.409040209227044,18.67236539837654,2.736674810850502,375.654642005402,315.6780029296875,255.70136385397302,0.41974924439412237
2025-05-28,356.8999938964844,365.0,355.9100036621094,364.8399963378906,91404300,318.9215026855469,281.5390020751953,323.6189478703544,67.28798969225058,21.652979759542234,19.26848827060968,2.3844914889325537,380.42858325313233,318.9215026855469,257.41442211796146,-0.21425773981146218
2025-05-29,358.42999267578125,367.7099914550781,356.0,365.2900085449219,88087800,322.7350021362305,284.20140197753904,326.93428547087126,67.69368789195977,21.719394070422084,19.758669430572162,1.9607246398499214,384.10969107130893,322.7350021362305,261.36031320115205,-0.18561943009131046
2025-05-30,346.4599914550781,363.67999267578125,345.2900085449219,355.5199890136719,123474900,326.0320022583008,286.4134017944336,328.7938765169862,61.28942452438215,20.569041720081884,19.920743888474107,0.6482978316077777,385.01950228759716,326.0320022583008,267.0445022290044,-0.24946096426203576
2025-06-02,342.69000244140625,348.0199890136719,333.3299865722656,343.5,81873800,328.8060028076172,288.542001953125,330.1173170812167,59.38387553134239,19.13262361294028,19.76311983336734,-0.6304962204270623,385.3994028907962,328.8060028076172,272.21260272443817,-0.023576345237251682
2025-06-03,344.2699890136719,355.3999938964844,343.0400085449219,346.6000061035156,99324500,332.00650177001955,290.4532015991211,331.4651905985934,59.94593104391816,17.91522802920167,19.39354147253421,-1.4783134433325387,384.3355037128332,332.00650177001955,279.6774998272059,-0.06712387329090119
2025-06-04,332.04998779296875,345.6000061035156,327.3299865722656,345.1000061035156,98912100,334.8415008544922,291.5264010620117,331.52088556948627,53.75057357535874,15.782451015456388,18.671323381118647,-2.888872365662259,380.27479528776297,334.8415008544922,289.40820642122145,-0.36110132226940456
2025-06-05,284.70001220703125,324.54998779296875,273.2099914550781,322.489990234375,287499800,335.26550140380857,291.4576010131836,327.061754773062,37.55470592229331,10.15440885235654,16.967940475366227,-6.813531623009688,378.6129681128426,335.26550140380857,291.9180346947745,-0.8248543067857487
2025-06-06,295.1400146484375,305.5,291.1400146484375,298.8299865722656,164747700,335.78150177001953,291.9192013549805,324.02158904690725,41.72412405249914,6.4620750577624335,14.86676739184547,-8.404692334083036,376.90326252346244,335.78150177001953,294.6597410165766,-0.12285685922948825
2025-06-09,308.5799865722656,309.8299865722656,281.8500061035156,285.9599914550781,140908900,336.29750061035156,292.62820098876955,322.5509602397985,46.66152893888109,4.567713576630808,12.806956628802538,-8.23924305217173,375.7480544925731,336.29750061035156,296.84694672813004,0.6589862355362082
2025-06-10,326.0899963378906,327.8299865722656,310.6700134277344,314.94000244140625,151256500,336.6830001831055,293.87900115966795,322.88801129675966,52.328388801279075,4.428283410875167,11.131221985217065,-6.702938574341898,375.5723696816828,336.6830001831055,297.7936306845282,0.3399495562345192
2025-06-11,326.42999267578125,335.5,322.5,334.3999938964844,122611400,336.3009994506836,295.2244009399414,323.2253428566665,52.43406337331232,4.295700699292922,9.764117728032238,-5.4684170287393155,375.43485497261656,336.3009994506836,297.16714392875065,-0.23392470430323373
2025-06-12,319.1099853515625,332.55999755859375,316.8599853515625,323.0799865722656,105127500,334.8724990844727,296.2374008178711,322.8334040466566,49.87088010454991,3.5589392931378825,8.523082041053367,-4.964142747915485,374.32507936275533,334.8724990844727,295.41991880619,-0.12226506508777324
2025-06-13,325.30999755859375,332.989990234375,313.29998779296875,313.9700012207031,128964300,333.9969985961914,297.0884005737305,323.06927009541255,52.01069552473584,3.435734728840714,7.505612578610838,-4.069877849770124,373.48238571391806,333.9969985961914,294.5116114784648,0.3462537668390902
2025-06-16,329.1300048828125,332.04998779296875,326.4100036621094,331.2900085449219,83925900,332.9544982910156,298.3254006958008,323.6464829323078,53.33247006434295,3.6047831931741143,6.725446701523493,-3.120663508349379,371.79255638922814,332.9544982910156,294.1164401928031,-0.06510755134229898
2025-06-17,316.3500061035156,327.260009765625,314.739990234375,326.0899963378906,88282700,331.66749877929686,299.86380096435545,322.95158037718477,48.517812152664305,2.6766613387544,5.915689628969675,-3.239028290215275,370.9131310600428,331.66749877929686,292.4218664985509,-0.29011355448573684
2025-06-18,322.04998779296875,329.32000732421875,315.45001220703125,317.30999755859375,95137700,330.57899780273436,301.63900085449217,322.86571441678325,50.657366834595855,2.3736964726126644,5.207290997698273,-2.8335945250856085,369.62311293343197,330.57899780273436,291.53488267203676,0.14827913693510442
2025-06-20,322.1600036621094,332.3599853515625,317.7799987792969,327.95001220703125,108688000,329.9559982299805,303.64500091552736,322.7985038687191,50.699954151132616,2.118056359383388,4.589444070035296,-2.471387710651908,369.1197617503248,329.9559982299805,290.79223470963615,-0.17473974686055893
2025-06-23,348.67999267578125,357.5400085449219,327.4800109863281,327.5400085449219,190716800,330.33799743652344,305.17460052490236,325.2634075646298,59.724096452112725,4.009185806127618,4.473392417253761,-0.4642066111261425,370.0716508825783,330.33799743652344,290.6043439904686,0.5685765377846409
2025-06-24,340.4700012207031,356.260009765625,340.44000244140625,356.1700134277344,114736200,330.3944976806641,306.9360006713867,326.71165457949394,56.289020441011175,4.790223110651709,4.536758555933351,0.2534645547183585,370.1823695809469,330.3944976806641,290.60662578038125,-0.4143082254252424
2025-06-25,327.54998779296875,343.0,320.3999938964844,342.70001220703125,119845100,328.62749633789065,308.44080047607423,326.79149583792014,51.28958576433226,4.316901145765598,4.492787073899801,-0.17588592813420245,365.51939379616095,328.62749633789065,291.73559887962034,-0.4153656721833206
2025-06-26,325.7799987792969,331.04998779296875,323.6099853515625,324.6099853515625,80440900,327.0714965820313,309.90940032958986,326.6951627847179,50.62620199167876,3.7556736890431353,4.345364396928468,-0.5896907078853326,361.61252120406147,327.0714965820313,292.5304719600011,0.03602806663180741
2025-06-27,323.6300048828125,329.3399963378906,317.5,324.510009765625,89067000,325.3314971923828,311.29980041503904,326.40324298453646,49.78388458968534,3.1016563828995345,4.096622794122681,-0.9949664112231469,356.74279624235203,325.3314971923828,293.9201981424136,-0.027111312626327225
2025-06-30,317.6600036621094,325.5799865722656,316.6000061035156,319.8999938964844,76695100,323.89149780273436,312.8220004272461,325.5705535252577,47.42436376307144,2.0776637364585895,3.6928309825898635,-1.615167246131274,353.90587808407787,323.89149780273436,293.87711752139086,-0.06990736279962399
2025-07-01,300.7099914550781,305.8900146484375,293.2099914550781,298.4599914550781,145085700,321.792497253418,314.0088003540039,323.2028809471454,41.42170948452695,-0.10042451001999098,2.9341798840678925,-3.0346043940878835,352.12465020088,321.792497253418,291.46034430595597,0.07524449953534668
2025-07-02,315.6499938964844,316.8299865722656,303.82000732421875,312.6300048828125,119483700,320.3614974975586,315.7718002319336,322.48355837089196,47.7047440278707,-0.6139643999975988,2.2245510272547944,-2.838515427252393,348.9682624938787,320.3614974975586,291.75473250123855,0.09630010765810122
2025-07-03,315.3500061035156,318.45001220703125,312.760009765625,317.989990234375,58042300,319.52649841308596,317.3194003295898,321.80417244066564,47.59435502827782,-1.0332443724960854,1.5729919473046183,-2.6062363198007037,347.69131614357616,319.52649841308596,291.36168068259576,-0.08283076632444654
2025-07-07,293.94000244140625,296.1499938964844,288.7699890136719,291.3699951171875,131177900,319.9884979248047,318.1834002685547,319.1504419645457,40.40770839524817,-3.0578857328555955,0.6468164112725755,-3.704702144128171,346.0798779290527,319.9884979248047,293.89711792055664,0.0879762214911398
2025-07-08,297.80999755859375,304.04998779296875,294.3500061035156,297.0,103246700,320.1219970703125,318.94940002441405,317.1180186877884,42.10931016599926,-4.300577949055537,-0.3426624607930471,-3.95791548826249,345.72622668009166,320.1219970703125,294.5177674605333,0.02726588530957978
2025-07-09,295.8800048828125,300.1499938964844,293.54998779296875,297.54998779296875,75586800,319.4869979858398,319.1679998779297,315.09535070636207,41.47329667484568,-5.379147301137152,-1.3499594288618681,-4.029187872275284,346.7790282206451,319.4869979858398,292.19496775103454,-0.056065593304770636
2025-07-10,309.8699951171875,310.4800109863281,300.0,300.04998779296875,104365300,318.6759979248047,319.6477996826172,314.59769779310733,47.64611569188931,-5.046868828360516,-2.0893413087615977,-2.9575275195989184,346.0986429709928,318.6759979248047,291.25335287861657,0.3160737623271433
2025-07-11,313.510009765625,314.0899963378906,305.6499938964844,307.8900146484375,79236400,318.0299987792969,320.07739990234376,314.49410845715664,49.14891205147478,-4.438650977980842,-2.559203242605447,-1.8794477353753951,345.2998502926029,318.0299987792969,290.76014726599084,0.18053199845641585
2025-07-14,316.8999938964844,322.6000061035156,312.6700134277344,317.7300109863281,78043400,317.919499206543,320.77219970703123,314.7232404037593,50.57190999165485,-3.6411180194896247,-2.7755861979822827,-0.865531821507342,345.18886056582727,317.919499206543,290.6501378472587,-0.02611740482106051
2025-07-15,310.7799987792969,321.20001220703125,310.5,319.67999267578125,77556300,317.1929992675781,321.37739990234377,314.3476935823819,47.9624908400845,-3.462980776236691,-2.9130651136331642,-0.5499156626035266,344.41022653983634,317.1929992675781,289.97577199531986,-0.27142658015164856
2025-07-16,321.6700134277344,323.5,312.6199951171875,312.79998779296875,97284800,316.8199996948242,322.06660034179686,315.0450573771774,52.64484072160476,-2.4152312743684092,-2.8134983457802134,0.3982670714118042,343.57315383057204,316.8199996948242,290.0668455590764,0.27620467894975703
2025-07-17,319.4100036621094,324.3399963378906,317.05999755859375,323.1499938964844,73922900,316.9729995727539,322.84960021972654,315.4607665471709,51.60701919997759,-1.7471065886882684,-2.600219994361825,0.8531134056735565,343.74864271489764,316.9729995727539,290.19735643061017,-0.11522143348407396
2025-07-18,329.6499938964844,330.8999938964844,321.4200134277344,321.6600036621094,94255000,317.3529998779297,323.93559997558594,316.81212153281984,55.85357028491538,-0.38687171267889653,-2.157550338025239,1.7706786253463425,344.6173271186087,317.3529998779297,290.0886726372506,0.2434127559574038
2025-07-21,328.489990234375,338.0,326.8800048828125,334.3999938964844,75768800,317.669499206543,324.9809997558594,317.9242995043966,55.2619747593166,0.590712262290424,-1.6078978179621066,2.1986100802525304,345.2942690037824,317.669499206543,290.04472940930356,-0.17491715827858326
2025-07-22,332.1099853515625,335.4100036621094,321.54998779296875,329.739990234375,77370400,316.840998840332,325.92679931640623,319.2753172041267,56.79975220528303,1.6386684085829302,-0.9585845726530993,2.5972529812360294,341.5342700270944,316.840998840332,292.14772765356963,0.07175115233117318
2025-07-23,332.55999755859375,336.20001220703125,328.6700134277344,330.8999938964844,92553800,316.44549865722655,326.6127990722656,320.5405248569331,56.99763589614163,2.476940797166833,-0.27147949868911286,2.748420295855946,339.83103679014687,316.44549865722655,293.05996052430623,0.05012428341143643
2025-07-24,305.29998779296875,310.1499938964844,300.4100036621094,310.0,156966000,315.33299865722654,326.35119873046875,319.0890451365555,43.88415703572459,0.9308919944159015,-0.031005200068109973,0.9618971944840116,338.61636859068255,315.33299865722654,292.0496287237705,-0.15046218887347257
2025-07-25,316.05999755859375,323.6300048828125,308.010009765625,308.739990234375,148227000,314.8469985961914,325.9909985351562,318.80056441484487,48.88329655627871,0.5673400989837774,0.0886638597422675,0.47867623924150987,337.6384065033671,314.8469985961914,292.0555906890157,0.2327480405143729
2025-07-28,325.5899963378906,330.489990234375,315.69000244140625,318.45001220703125,112673800,314.9449981689453,325.54919860839846,319.44717697894447,52.886604808192764,1.036268401492464,0.2781847680923068,0.758083633400157,337.9028730474199,314.9449981689453,291.98712329047066,0.2205275085437707
2025-07-29,321.20001220703125,326.25,318.25,325.54998779296875,87358900,315.1219985961914,325.1167987060547,319.61411366733364,50.908710507218785,1.0416548798966119,0.4308787904531678,0.6107760894434441,338.21506014048356,315.1219985961914,292.0289370518993,-0.13282970322890597
2025-07-30,319.0400085449219,324.45001220703125,311.6199951171875,322.17999267578125,83931900,316.0384994506836,324.49799865722656,319.5594369890087,49.919466232801035,0.8616963599606606,0.5170423043546664,0.34465405560599427,338.20736425355284,316.0384994506836,293.8696346478144,-0.09715314589517142
2025-07-31,308.2699890136719,321.3699951171875,306.1000061035156,319.6099853515625,85270900,315.669499206543,323.8215985107422,318.48425146754806,45.202914791442076,-0.14826354117099072,0.383981135249535,-0.5322446764205258,338.096128143948,315.669499206543,293.24287026913794,-0.340632010341772
2025-08-01,302.6300048828125,309.30999755859375,297.82000732421875,306.2099914550781,89121400,315.0334991455078,322.99779846191404,316.97432322138275,42.91615012675666,-1.387766316984596,0.0296316448027088,-1.4173979617873047,338.17050345593333,315.0334991455078,291.89649483508225,-0.1163830124637651
2025-08-04,309.260009765625,312.1199951171875,303.0,309.0799865722656,78683900,315.79949951171875,322.4905987548828,316.23962670178673,46.35196311473468,-1.8141824462211957,-0.3391311734020721,-1.4750512728191236,337.0280995008665,315.79949951171875,294.570899522571,0.005824419744650058
2025-08-05,308.7200012207031,312.45001220703125,305.5,308.95001220703125,57961300,316.3449996948242,321.8441986083984,315.52347189406447,46.108535938436326,-2.170672318053107,-0.7054394023322792,-1.465232915720828,336.21363323632306,316.3449996948242,296.47636615332533,-0.007444788080092867
2025-08-06,319.9100036621094,320.4700012207031,306.92999267578125,307.8900146484375,78523600,317.54649963378904,321.4555987548828,315.94123682435446,51.76188137465284,-1.5325867258086987,-0.8708688670275632,-0.6617178587811355,335.0897843467287,317.54649963378904,300.00321492084936,0.3717039731543437
2025-08-07,322.2699890136719,322.3999938964844,316.1600036621094,319.7900085449219,66658700,318.16649932861327,320.6431982421875,316.54397512809896,52.88445180616763,-0.8269358009819143,-0.8620822538184335,0.03514645283651918,335.45539073606415,318.16649932861327,300.8776079211624,0.07739518937863656
2025-08-08,329.6499938964844,335.1499938964844,320.9800109863281,321.42999267578125,91200300,318.97349853515624,320.0981982421875,317.79216739175473,56.30859028684595,0.32406671824901423,-0.624852459404944,0.9489191776539583,336.81553669533304,318.97349853515624,301.13146037497944,0.25029944045291014
2025-08-11,339.0299987792969,346.6400146484375,334.1499938964844,335.0,105320200,320.0799987792969,319.7101983642578,319.8148180000921,60.26160551309938,1.9704187485460238,-0.10579821781475046,2.076216966360774,339.90507660157533,320.0799987792969,300.25492095701844,0.1197215020060942
2025-08-12,340.8399963378906,345.260009765625,332.94000244140625,345.0,80522100,321.58299865722654,319.59779846191407,321.81721593702525,60.99495803052261,3.3822280504780338,0.5918070358438063,2.7904210146342274,342.86433263453483,321.58299865722654,300.30166467991825,-0.11999880533886959
2025-08-13,339.3800048828125,348.9800109863281,338.20001220703125,341.5,67838900,322.46849822998047,319.5315985107422,323.4898625032907,60.03257828408876,4.333335985199369,1.3401128257149189,2.99322315948445,345.12029528198053,322.46849822998047,299.8167011779804,-0.061999296293832065
2025-08-14,335.5799865722656,340.4700012207031,330.3999938964844,335.760009765625,75000700,323.2769973754883,319.35779846191406,324.64130289081214,57.49005285982028,4.725987909450851,2.017287842462105,2.7087000669887455,346.5793700812341,323.2769973754883,299.97462466974247,-0.005361611361549121
2025-08-15,330.55999755859375,339.29998779296875,327.0199890136719,337.6600036621094,74319800,323.32249755859374,319.32799865722654,325.2049880972676,54.2229471393782,4.5793088073098716,2.5296920354316583,2.0496167718782132,346.67796146006515,323.32249755859374,299.96703365712233,-0.20722574762109608
2025-08-18,335.1600036621094,336.2699890136719,329.5899963378906,329.6199951171875,56956600,323.65599822998047,320.33719848632813,326.1530848177287,56.653816766083686,4.779155481328246,2.9795847246109757,1.7995707567172703,347.48282171321,323.65599822998047,299.82917474675094,0.16650767398213612
2025-08-19,329.30999755859375,340.54998779296875,327.8500061035156,335.7900085449219,75956000,323.51599884033203,321.0205981445313,326.45374317400154,52.81288720230753,4.414600046944486,3.2665877890776778,1.148012257866808,347.17479593603804,323.51599884033203,299.857201744626,-0.19061769495611364
2025-08-20,323.8999938964844,331.3699951171875,314.6000061035156,329.2200012207031,77481800,323.08299865722654,321.3269982910156,326.2105289570951,49.472499000647105,3.647103616225479,3.3426909545072383,0.3044126617182408,346.3780503047107,323.08299865722654,299.78794700974237,-0.16020227538136206
2025-08-21,320.1099853515625,324.8999938964844,318.67999267578125,322.0799865722656,55744400,323.82349853515626,321.20739807128905,325.6295248041872,47.219278514717594,2.701889450497731,3.2145306537053373,-0.5126412032076062,345.70926417233625,323.82349853515626,301.9377328979763,-0.06108880654769478
2025-08-22,340.010009765625,340.25,319.69000244140625,321.6600036621094,94016300,325.0209991455078,321.47899841308595,326.9990948005146,58.02846083006463,3.5180126135080627,3.2752270456658827,0.24278556784217997,347.68367653275845,325.0209991455078,302.35832175825715,0.5157104777044311
2025-08-25,346.6000061035156,349.5299987792969,335.0299987792969,338.8999938964844,86670000,326.0714996337891,322.028798828125,328.8658482579433,60.88522630636553,4.6430317497893725,3.5487879864905807,1.0942437632987918,350.6122554891585,326.0714996337891,301.53074377841966,0.22337545414430673
2025-08-26,351.6700134277344,351.8999938964844,343.7200012207031,344.92999267578125,76651600,327.5949996948242,322.5559991455078,331.0376735122091,62.97328623301461,5.8759899849926,4.014228386190984,1.8617615988016158,354.4143022948342,327.5949996948242,300.7756970948142,0.19295301199362366
2025-08-27,349.6000061035156,355.3900146484375,349.1600036621094,351.94000244140625,65519000,329.1229995727539,322.96539916992185,332.80551471138114,61.52907570493792,6.609891266083139,4.533360962169415,2.0765303039137235,357.2680230074114,329.1229995727539,300.9779761380964,-0.06639069873486493
2025-08-28,345.9800109863281,353.54998779296875,340.260009765625,350.9100036621094,67903200,331.00850067138674,323.5579992675781,334.06022864232847,58.98159193719439,6.820784211821945,4.990845612099921,1.8299385997220234,358.3541409719845,331.00850067138674,303.66286037078896,-0.139574556810766
2025-08-29,333.8699951171875,348.75,331.70001220703125,347.2300109863281,81145700,332.5705001831055,323.7943994140625,334.0421111637436,51.32582990596991,5.942242841152279,5.181125057910393,0.7611177832418861,356.62449151509617,332.5705001831055,308.5165088511148,-0.3668339515231795
2025-09-02,329.3599853515625,333.3299865722656,325.6000061035156,328.2300109863281,58392000,333.5754989624023,323.9383990478516,333.5961944197263,48.7861113534186,4.826436226519036,5.110187291632122,-0.2837510651130861,355.2074220671555,333.5754989624023,311.94357585764914,0.03441270252837414
2025-09-03,334.0899963378906,343.3299865722656,328.510009765625,335.20001220703125,88733300,334.84399871826173,323.64659912109374,333.6432231738372,51.49685744028201,4.274549456396471,4.943059724584992,-0.6685102681885207,353.2287075438006,334.84399871826173,316.45928989272284,-0.03310293129133953
2025-09-04,338.5299987792969,338.8900146484375,331.4800109863281,336.1499938964844,60711000,335.7749984741211,323.6077990722656,334.1086303743572,53.9602831705459,4.147634951410907,4.783974769950175,-0.6363398185392679,352.8818086396886,335.7749984741211,318.6681883085536,0.07068380102070727
2025-09-05,350.8399963378906,355.8699951171875,344.67999267578125,348.0,108989800,337.20349884033203,324.07359924316404,335.7020937994556,60.02266002968993,4.982928122248381,4.823765440409817,0.15916268183856452,354.3322546876613,337.20349884033203,320.07474299300276,0.08142839815450707
2025-09-08,346.3999938964844,358.44000244140625,344.8399963378906,354.6400146484375,75208300,338.040998840332,324.48599914550783,336.7209414277441,57.10206062311576,5.226386359091521,4.904289624146158,0.3220967349453625,355.2483422946145,338.040998840332,320.83365538604954,-0.22825603678950065
2025-09-09,346.9700012207031,350.7699890136719,343.82000732421875,348.44000244140625,53816000,338.43799896240233,324.95279907226563,337.69704236040684,57.388718093824004,5.403040703175918,5.00403983995211,0.399000863223808,356.0792014410267,338.43799896240233,320.79679648377794,-0.04216306140851928
2025-09-10,347.7900085449219,356.3299865722656,346.07000732421875,350.54998779296875,72121700,338.7854995727539,325.5553991699219,338.65827723512257,57.82533490632044,5.545285680066627,5.112289007975013,0.43299667209161363,356.8704960218269,338.7854995727539,320.7005031236809,-0.07857054748998159
2025-09-11,368.80999755859375,368.989990234375,347.6000061035156,350.1700134277344,103756000,340.25699920654296,326.9173992919922,341.5298696468817,67.12456176307657,7.270345276384262,5.543900261656864,1.726445014727398,362.5870072768868,340.25699920654296,317.9269911361991,0.487146718598874
2025-09-12,395.94000244140625,396.69000244140625,370.239990234375,370.94000244140625,168156400,343.275,328.5231994628906,346.71178705588403,74.83656490095248,10.703251671257703,6.575770543577033,4.127481127680671,376.10700307137716,343.275,310.4429969286228,0.5875809834162762
2025-09-15,410.0400085449219,425.70001220703125,402.42999267578125,423.1300048828125,163823700,347.2490005493164,330.41699951171876,352.74304624531624,77.75697361675535,14.395663132236564,8.13974906130894,6.2559140709276235,390.53812990067627,347.2490005493164,303.95987119795655,-0.29985575351150723
2025-09-16,421.6199951171875,423.25,411.42999267578125,414.5,104285700,351.57200012207034,332.97059936523436,359.30275566168496,79.82761286499571,18.048284566036216,10.121456162254397,7.926828403781819,405.201988153299,351.57200012207034,297.9420120908417,0.1701033614765382
2025-09-17,425.8599853515625,428.30999755859375,409.6700134277344,415.75,106133500,356.3994995117188,335.53159912109373,365.64153944167333,80.54186771833362,21.042579388239176,12.305680807451353,8.736898580787823,417.9428030716165,356.3994995117188,294.85619595182106,0.238492072449591
2025-09-18,416.8500061035156,432.2200012207031,416.55999755859375,428.8699951171875,90454500,361.0470001220703,337.9509991455078,370.5185362666107,74.50482919716677,22.429990612192285,14.330542768399539,8.099447843792746,426.0146100655406,361.0470001220703,296.0793901786,-0.273156024846418
2025-09-19,426.07000732421875,429.4700012207031,421.7200012207031,421.82000732421875,93131000,366.3450012207031,340.2749993896484,375.80915255781144,76.45011291181761,23.996879952129802,16.263810205145592,7.73306974698421,434.3078258872841,366.3450012207031,298.38217655412217,0.10041432394982222
2025-09-22,434.2099914550781,444.9800109863281,429.1300048828125,431.1099853515625,97108800,371.0550003051758,342.6889990234375,381.371137214694,78.04296682324333,25.600374551384334,18.13112307439334,7.469251476990994,443.94281956238814,371.0550003051758,298.1671810479634,0.07178386431193667
2025-09-23,425.8500061035156,440.9700012207031,423.7200012207031,439.8800048828125,83422700,375.01750030517576,344.8679992675781,385.60721996601035,72.61101084701296,25.898038160346516,19.684506091583977,6.2135320687625395,450.71900461572056,375.01750030517576,299.31599599463095,-0.30855773245962076
2025-09-24,442.7900085449219,444.2099914550781,429.0299987792969,429.8299865722656,93133600,379.57350006103513,347.5081994628906,391.0531998306686,76.22246377170413,27.187455277675838,21.18509592880235,6.002359348873487,459.9307695872001,379.57350006103513,299.2162305348702,0.292698498907241
2025-09-25,423.3900146484375,435.3500061035156,419.0799865722656,435.239990234375,96746400,383.26300048828125,349.5425994873047,394.13289647997993,65.56084171942501,26.34027595304127,22.216131933650136,4.124144019391135,464.54729438447896,383.26300048828125,301.97870659208354,-0.2657293244984394
2025-09-26,440.3999938964844,440.4700012207031,421.0199890136719,428.29998779296875,101628200,387.98399963378904,351.9623992919922,398.53928671012324,69.57878441184987,26.733278804490453,23.119561307818202,3.613717496672251,471.0075387319338,387.98399963378904,304.9604605356443,0.27522877366261245
2025-09-29,443.2099914550781,450.9800109863281,439.5,444.3500061035156,79491500,393.4509994506836,354.23359924316406,402.79363954297605,70.19736001666504,26.960693620932545,23.887787770441072,3.0729058504914732,475.8989990258943,393.4509994506836,311.0029998754729,-0.025650153530917274
2025-09-30,444.7200012207031,445.0,433.1199951171875,441.5199890136719,74358000,399.2190002441406,356.5581994628906,406.7866263694263,70.54397620599775,26.952079870150044,24.500646190382867,2.4514336797671774,479.02353515406145,399.2190002441406,319.41446533421976,0.07235053624382413
2025-10-01,459.4599914550781,462.2900085449219,440.75,443.79998779296875,98122300,405.4875,359.1051995849609,411.8031373299646,73.7530195149294,27.814024672476876,25.16332188680167,2.6507027856752075,483.51970751640397,405.4875,327.45529248359605,0.33891103652343024
2025-10-02,436.0,470.75,435.57000732421875,470.5400085449219,137009000,410.36100006103516,361.17399963378904,414.1076004413965,62.14804333382413,26.30091629984946,25.390840769411227,0.9100755304382346,483.04911831848773,410.36100006103516,337.6728818035826,-0.6255370958104651
2025-10-03,429.8299865722656,446.7699890136719,416.5799865722656,443.2900085449219,133188200,414.3104995727539,363.664599609375,415.6049705490983,59.49649953200538,24.323512186890753,25.17737505290713,-0.8538628660163781,482.04842588106305,414.3104995727539,346.5725732644447,-0.29463942937799836
2025-10-06,453.25,453.54998779296875,436.69000244140625,440.75,85324900,419.6529998779297,366.4083996582031,419.19021144918423,65.51144929476976,24.36533610758977,25.01496726384366,-0.6496311562538892,481.7428300030806,419.6529998779297,357.5631697527788,0.2762405940259064
2025-10-07,433.0899963378906,452.67999267578125,432.45001220703125,447.82000732421875,102296100,423.95899963378906,368.55839965820314,420.5140004862039,57.58406493428486,22.512231068338565,24.51442002474264,-2.0021889564040762,476.499720844979,423.95899963378906,371.41827842259914,-0.31755634615206535
2025-10-08,438.69000244140625,441.3299865722656,425.2300109863281,437.57000732421875,71192100,428.5039993286133,370.90819946289065,422.2450482914612,59.06583633035267,21.250542637657645,23.861644547325646,-2.611101909668001,468.01294444908694,428.5039993286133,388.99505420813966,0.025590204453507598
2025-10-09,435.5400085449219,436.3500061035156,426.17999267578125,431.80999755859375,69339900,431.8404998779297,373.23819946289063,423.51123498226696,57.84178468718642,19.76858731546548,23.043033100953615,-3.2744457854881333,460.3651228648304,431.8404998779297,403.31587689102895,0.08616663044009404
2025-10-10,413.489990234375,443.1300048828125,411.45001220703125,436.5400085449219,112107900,432.71799926757814,375.3425994873047,422.55683072056297,50.0264591310272,16.623252342360047,21.759076949234903,-5.135824606874856,457.6208744716016,432.71799926757814,407.81512406355466,-0.48386318056621613
2025-10-13,435.8999938964844,436.8900146484375,419.70001220703125,423.5299987792969,79552800,434.01099853515626,378.0079992675781,423.8276081658888,56.46466599084576,15.757212386706499,20.558704036729225,-4.801491650022726,456.6523891798062,434.01099853515626,411.3696078905063,0.2840379369306486
2025-10-14,429.239990234375,434.20001220703125,417.8599853515625,426.7900085449219,72669400,434.3919982910156,380.4075988769531,424.3430731247923,54.228670195146925,14.3678393385851,19.320531097100403,-4.952691758515304,456.4350706260642,434.3919982910156,412.34892595596705,0.05734187838593777
2025-10-15,435.1499938964844,440.510009765625,426.3299865722656,434.8999938964844,71558200,434.8564987182617,382.93619873046873,425.3723036744773,55.89766049551403,13.587016423916566,18.173828162463636,-4.58681173854707,456.5495818990436,434.8564987182617,413.16341553747986,0.0057483846820816946
2025-10-16,428.75,439.3500061035156,421.30999755859375,434.7300109863281,77189900,435.4514984130859,385.11299865722657,425.6939890388128,53.61761119959029,12.309881961434883,17.001038922257887,-4.691156960823005,455.7439814894175,435.4514984130859,415.15901533675435,-0.13669579788547984
2025-10-17,439.30999755859375,441.4599914550781,423.6000061035156,425.5,89331600,436.1134979248047,387.453798828125,426.9907517549824,56.752220115317556,12.011387450359166,16.00310862787814,-3.9917211775189756,455.9983420054159,436.1134979248047,416.22865384419345,0.3136236135303963
2025-10-20,447.42999267578125,449.79998779296875,440.6099853515625,443.8699951171875,63719000,436.77449798583984,389.80939880371096,428.9373461283918,59.044257464762886,12.28839121940183,15.26016514618288,-2.971773926781049,457.2329261537413,436.77449798583984,416.3160698179384,0.08003207737574401
2025-10-21,442.6000061035156,449.29998779296875,442.04998779296875,445.760009765625,54412200,437.6119979858398,391.8807989501953,430.2385518403084,57.10555540883134,11.980080243862517,14.604148165718808,-2.624067921856291,457.5784714473606,437.6119979858398,417.64552452431906,-0.07077173268809432
2025-10-22,438.9700012207031,445.5400085449219,429.0,443.45001220703125,84023500,437.4209976196289,393.84339904785156,431.070118447965,55.627240717578864,11.312427890678748,13.945804110710796,-2.633376220032048,457.2583516220464,437.4209976196289,417.5836436172114,-0.10068398621355935
2025-10-23,448.9800109863281,449.3999938964844,413.8999938964844,420.0,126709800,438.70049743652345,396.0353991699219,432.7758224992377,58.79498817813828,11.458941180562647,13.448431524681167,-1.9894903441185203,458.0478640807526,438.70049743652345,419.3531307922943,0.5979821685420041
2025-10-24,433.7200012207031,451.67999267578125,430.1700134277344,446.8299865722656,94727800,438.3664978027344,397.9981994628906,432.86574428223435,52.626946728243084,10.22582185451796,12.803909590648527,-2.5780877361305663,457.81534825494424,438.3664978027344,418.91764735052453,-0.28526102877226184
2025-10-27,452.4200134277344,460.1600036621094,438.69000244140625,439.9800109863281,105867500,438.8269989013672,400.4353997802734,434.72805562942483,58.38794682861328,10.634908007556476,12.370109274030117,-1.7352012664736414,459.1301492233596,438.8269989013672,418.52384857937477,0.2754392717498253
2025-10-28,460.54998779296875,467.0,451.6000061035156,454.7799987792969,80185700,439.61849822998045,402.9431994628906,437.18728726404805,60.62959943114064,11.482766532576193,12.192640725739334,-0.7098741931631416,461.9152285341849,439.61849822998045,417.321767925776,0.12619787770259075
2025-10-29,461.510009765625,465.70001220703125,452.6499938964844,462.5,67983500,439.7209991455078,405.58719970703123,439.50373702610295,60.89747349346532,12.092768365865368,12.172666253764541,-0.07989788789917363,462.3972607706176,439.7209991455078,417.044737520398,-0.021401925695121757
2025-10-30,440.1000061035156,455.05999755859375,439.6099853515625,451.04998779296875,72447900,439.9259994506836,407.91119995117185,439.56052455728513,52.343907304685175,10.724960183962196,11.883125039804073,-1.1581648558418767,462.53803834850544,439.9259994506836,417.3139605528618,-0.23810709548584444
2025-10-31,456.55999755859375,458.0,443.69000244140625,446.75,83135800,441.2625,410.6402001953125,441.1795219859812,57.30853361911918,10.844141579925065,11.675328347828271,-0.8311867679032066,464.48127368953567,441.2625,418.0437263104643,0.21612328530612646
2025-11-03,468.3699951171875,474.07000732421875,453.79998779296875,455.989990234375,84595200,442.01849975585935,413.20739990234375,443.7690908556199,60.4890015667458,11.756045423830244,11.691471763028666,0.06457366080157811,467.61241575513753,442.01849975585935,416.42458375658117,0.26501752047861094
2025-11-04,444.260009765625,460.2200012207031,443.6000061035156,454.4599914550781,87756600,442.5770004272461,415.1605999755859,443.81584503752515,51.975967773810005,10.413224299997864,11.435822270422506,-1.0225979704246413,467.8527216424002,442.5770004272461,417.301279212092,-0.2207475307863959
2025-11-05,462.07000732421875,466.3299865722656,440.7099914550781,452.04998779296875,85573000,443.7460006713867,417.3685998535156,445.5543366838769,56.81133355144339,10.663227791128179,11.281303374563642,-0.6180755834354628,470.3236143635843,443.7460006713867,417.1683869791891,0.21809713186072144
2025-11-06,445.9100036621094,467.45001220703125,435.0899963378906,461.9599914550781,109622900,444.2645004272461,419.2947998046875,445.58820972942283,51.7225613262073,9.448464105536345,10.914735520758184,-1.4662714152218381,470.5848936997114,444.2645004272461,417.9441071547808,-0.3340965191577323
2025-11-07,429.5199890136719,439.3599853515625,421.8800048828125,437.9200134277344,103471500,445.0660003662109,420.96559936523437,444.0579029945894,47.11317633170186,7.081585814607138,10.148105579527975,-3.0665197649208373,468.3953707231531,445.0660003662109,421.7366300092687,-0.18949798901672682
2025-11-10,445.2300109863281,449.6700134277344,433.3599853515625,439.6000061035156,76515900,445.5325012207031,423.1927996826172,444.1695323271359,51.56844132838798,6.399713284608367,9.398427120544053,-2.9987138359356855,468.48007786919686,445.5325012207031,422.5849245722094,0.12737543070730528
2025-11-11,439.6199951171875,442.489990234375,432.3599853515625,439.3999938964844,60533200,446.05150146484374,425.3979998779297,443.7362430690456,49.950228945897166,5.345028830978606,8.587747462630963,-3.242718631652357,467.9470761743991,446.05150146484374,424.15592675528836,0.005006813504853072
2025-11-12,430.6000061035156,442.3299865722656,426.55999755859375,442.1499938964844,58513500,445.8240020751953,427.3282000732422,442.4851728818523,47.376059940451064,3.738253809739547,7.61784873205268,-3.8795949223131334,468.2559065039368,445.8240020751953,423.39209764645386,-0.2554393646116013
2025-11-13,401.989990234375,424.5,396.3399963378906,423.1300048828125,118948000,444.4860015869141,428.59739990234374,438.62848882018784,40.2846034849296,0.1545028398944055,6.125179553621026,-5.97067671372662,473.1567037846822,444.4860015869141,415.815299389146,-0.46181069368413863
2025-11-14,404.3500061035156,412.19000244140625,382.7799987792969,386.29998779296875,105506700,442.73800201416014,429.66760009765625,435.3638714186,41.06822710031714,-2.466776600934793,4.406788322709862,-6.873564923644655,476.30299237072285,442.73800201416014,409.17301165759744,0.43597786480473644
2025-11-17,408.9200134277344,423.9599914550781,398.739990234375,398.739990234375,102214300,440.8125030517578,430.9180004882812,432.8454087528033,42.637983496805774,-4.127815161465151,2.6998676258748597,-6.82768278734001,477.36529648470724,440.8125030517578,404.25970961880836,0.24989873253949418
2025-11-18,401.25,408.8999938964844,393.7099914550781,405.3800048828125,80688600,438.74500274658203,432.0036004638672,429.8363222049173,40.679489862001304,-5.994010943449666,0.9610919120099546,-6.955102855459621,479.13569194367693,438.74500274658203,398.35431354948713,-0.10152880705656593
2025-11-19,403.989990234375,411.7799987792969,398.5,406.17999267578125,72047700,436.9960021972656,433.1276000976562,427.37476677915134,41.709545125573406,-7.1692476092885045,-0.6649759922497372,-6.504271617038767,480.13234205372936,436.9960021972656,393.8596623408019,-0.05386485790822761
2025-11-20,395.2300109863281,428.94000244140625,394.739990234375,414.6300048828125,113548800,434.3085021972656,433.65600036621095,424.3133614655491,39.35659913960003,-8.707118012746776,-2.273404396349145,-6.433713616397631,480.6982586338702,434.3085021972656,387.91874576066107,-0.43649037264882473
2025-11-21,391.0899963378906,402.79998779296875,383.760009765625,402.32000732421875,100460600,432.177001953125,433.55900024414063,421.14923145339117,38.25814016409751,-10.143033394673523,-3.8473301960140205,-6.295703198659503,482.25029735244823,432.177001953125,382.10370655380177,-0.2721008958139023
2025-11-24,417.7799987792969,421.7200012207031,401.0899963378906,402.1700134277344,96806400,430.44500122070315,433.71380004882815,420.82835215109645,48.280152505009475,-9.023331195504795,-4.882530395912175,-4.14080079959262,479.9912870892186,430.44500122070315,380.8987153521877,0.3697590322651801
2025-11-25,419.3999938964844,420.4800109863281,405.95001220703125,414.4200134277344,71915600,428.3875015258789,433.6694000244141,420.6923180316096,48.823150898219346,-7.914011272898904,-5.488826571309521,-2.425184701589383,476.1477110882646,428.3875015258789,380.62729196349324,0.11959237699903756
2025-11-26,426.5799865722656,426.94000244140625,416.8900146484375,423.95001220703125,63463000,426.64100036621096,433.6838000488281,421.2530483688149,51.26531290147304,-6.381934866260508,-5.667448230299718,-0.7144866359607898,471.9186975678488,426.64100036621096,381.3633031645731,0.06195555593768674
2025-11-28,430.1700134277344,432.92999267578125,426.20001220703125,426.5899963378906,36252900,426.1445007324219,433.9502001953125,422.10228313633104,52.48620977607233,-4.822477592061773,-5.498454102652129,0.6759765105903561,471.03710185875576,426.1445007324219,381.251899606088,0.08372526814674956
2025-12-01,430.1400146484375,433.6600036621094,425.2900085449219,425.32000732421875,57463600,424.82350158691406,434.0316003417969,422.8677813755793,52.474379941151405,-3.548116637780936,-5.108386609677891,1.5602699718969548,467.56151531909893,424.82350158691406,382.0854878547292,0.11284393804308036
2025-12-02,429.239990234375,436.79998779296875,422.1199951171875,430.80999755859375,69336600,422.86700134277345,433.9322003173828,423.4746584097503,52.09500820334823,-2.581048132411752,-4.602918914224663,2.021870781812911,460.75984894742476,422.86700134277345,384.97415373812214,-0.036427024866012694
2025-12-03,446.739990234375,447.9200134277344,431.1099853515625,432.1000061035156,87483000,422.9910003662109,434.35,425.6904042978098,58.39363498057015,-0.3979483275508642,-3.761924796889903,3.363976469339039,461.1781468216053,422.9910003662109,384.80385391081654,0.32641467752939707
2025-12-04,454.5299987792969,454.6300048828125,445.3900146484375,449.94000244140625,71906500,422.61399993896487,434.5847998046875,428.4370323436657,60.86060452102841,1.9384177092148889,-2.6218562956689446,4.5602740048838335,459.37263925453925,422.61399993896487,385.8553606233905,0.10166111009428634
2025-12-05,455.0,458.8699951171875,451.6600036621094,453.0299987792969,56427500,423.06849975585936,435.21699951171877,430.9668387871261,61.01081282036295,3.7843066649226103,-1.3406237035506336,5.124930368473244,461.16838330023756,423.06849975585936,384.96861621148116,0.043457617435761646
2025-12-08,439.5799865722656,449.75,435.25,447.45001220703125,69165800,423.5714996337891,435.2005993652344,431.787138576187,53.72575811536297,3.957303417581784,-0.28103827932415026,4.238341696905934,462.2598775687107,423.5714996337891,384.88312169886746,-0.17409457410555276
2025-12-09,445.1700134277344,452.3900146484375,435.70001220703125,437.5400085449219,62367400,423.56849975585936,435.2397998046875,433.06169808585815,55.7868225055998,4.493672777308518,0.6739039320023834,3.8197688453061347,462.25016838659576,423.56849975585936,384.88683112512297,0.17263774016299013
2025-12-10,451.45001220703125,456.8800048828125,443.6099853515625,446.07000732421875,63257500,424.1600006103516,435.37440002441406,434.81296609739843,58.047509044351,5.363663799063204,1.6118559054145476,3.7518078936486563,464.14521839968796,424.1600006103516,384.1747828210152,0.12002754951801878
2025-12-11,446.8900146484375,449.2699890136719,440.3299865722656,448.95001220703125,55979500,424.97450103759763,435.12300048828126,435.9631611974974,55.81581020287714,5.620395833666294,2.413563891064897,3.2068319426013967,466.09870280931165,424.97450103759763,383.8502992658836,-0.04585261172627935
2025-12-12,458.9599914550781,463.010009765625,441.6700134277344,448.0899963378906,95656700,427.8230010986328,435.5822003173828,438.1533355077432,60.179783874228455,6.720336223316167,3.2749183575151513,3.4454178658010157,470.0614826691204,427.8230010986328,385.5845195281452,0.2379359820475419
2025-12-15,475.30999755859375,481.7699890136719,467.6600036621094,469.44000244140625,114542200,431.3710006713867,436.4918005371094,441.6920652268718,65.19463036358576,8.80980184485145,4.381895054982412,4.427906789869038,476.91814975074055,431.3710006713867,385.82385159203284,0.12439484364527069
2025-12-16,489.8800048828125,491.5,465.8299865722656,472.2099914550781,107608100,435.41900024414065,437.22440063476563,446.28139281315185,68.94760528798776,11.508730744056436,5.807262192797217,5.701468551259219,486.33902514802725,435.41900024414065,384.49897534025405,0.35765837489295293
2025-12-17,467.260009765625,495.2799987792969,466.20001220703125,488.2200012207031,106490400,438.71950073242186,437.9078009033203,448.27935633243504,58.41632720534841,11.687678496261242,6.983345453490022,4.7043330427712196,488.9045740536046,438.71950073242186,388.5344274112391,-0.40474824805799153
2025-12-18,483.3699951171875,490.8599853515625,473.1199951171875,478.1600036621094,95168400,442.6885009765625,438.80140075683596,451.6213219309829,62.77706370581616,12.979813845876663,8.18263913196735,4.797174713909312,493.8063577623723,442.6885009765625,391.5706441907528,0.10853001113000593
2025-12-19,481.20001220703125,490.489990234375,474.7200012207031,488.1199951171875,103305400,446.9870010375977,439.7146008300781,454.4383400525113,61.836415656250985,13.671148444954667,9.280340994564813,4.390807450389854,495.8264575896105,446.9870010375977,398.14754448558483,-0.14082588236731153
2025-12-22,488.7300109863281,498.8299865722656,485.3299865722656,489.8800048828125,86916100,451.8690017700195,441.2194012451172,457.7042134747796,63.86007180913672,14.657679461441717,10.355808687940195,4.301870773501522,496.741683222398,451.8690017700195,406.996320317641,-0.02347070071912421
2025-12-23,485.55999755859375,491.9700012207031,482.8399963378906,489.3999938964844,58223600,455.25800170898435,442.21260131835936,460.35714529228574,62.36090198400809,15.010684976289497,11.286783945610056,3.723901030679441,499.554964052313,455.25800170898435,410.9610393656557,-0.07830272648784463
2025-12-24,485.3999938964844,490.8999938964844,476.79998779296875,488.4800109863281,41285400,458.55800170898436,443.33580139160154,462.74217849268564,62.281426444497306,15.103430486656862,12.050113253819418,3.0533172328374434,501.4906171265929,458.55800170898436,415.62538629137583,-0.06296965625821278
2025-12-26,475.19000244140625,489.0899963378906,473.82000732421875,485.2300109863281,58780700,460.9885025024414,444.1366015625,463.9276855354209,57.26610385550736,14.189503229284242,12.477991248912383,1.7115119803718581,501.85886009109134,460.9885025024414,420.11814491379147,-0.20400923628986678
2025-12-29,459.6400146484375,469.3999938964844,459.0,469.0,66263000,462.4620025634766,444.75440185546876,463.5193359271368,50.5849563740225,12.071304748094121,12.396653948748732,-0.32534920065461037,500.8300771807094,462.4620025634766,424.09392794624375,-0.19696515910402657
2025-12-30,454.42999267578125,463.1199951171875,453.8299865722656,461.0899963378906,59238500,463.67650146484374,445.0568017578125,462.65368418891245,48.54152063401598,9.858568518595462,11.88903686271808,-2.0304683441226175,499.31593994974526,463.67650146484374,428.0370629799422,-0.1434442522354746
2025-12-31,449.7200012207031,456.54998779296875,449.29998779296875,456.1000061035156,49078000,464.7005020141602,445.10260192871095,461.4219048586068,46.70470532964488,7.63686909429714,11.038603309033892,-3.401734214736752,497.37705914135427,464.7005020141602,432.0239448869661,-0.13897644458580075
2026-01-02,438.07000732421875,458.3399963378906,435.29998779296875,457.79998779296875,85535400,464.26700286865236,445.012001953125,459.1979146172365,42.42812875927881,4.87984730751424,9.806852108729961,-4.9270048012157215,498.0948959815554,464.26700286865236,430.4391097557493,-0.406134814115331
2026-01-05,451.6700134277344,457.54998779296875,444.57000732421875,447.989990234375,67940800,464.1240036010742,445.2660021972656,458.48097164680775,48.37138161799341,3.7490774793179185,8.595297182847553,-4.846219703529634,498.13899347559243,464.1240036010742,430.109013726556,0.08196094013753732
2026-01-06,432.9599914550781,448.25,428.7799987792969,446.3800048828125,89093800,463.0220031738281,444.94560180664064,456.0504021047383,41.95465041798357,1.3278848072220626,7.141814707722455,-5.813929900500392,499.4877618888425,463.0220031738281,426.55624445881375,-0.29189911226526244
2026-01-07,431.4100036621094,438.3699951171875,431.2900085449219,435.8999938964844,59828800,462.61350402832034,444.89940185546874,453.70369749115457,41.46392960638914,-0.7078393587561891,5.571883894426727,-6.279723253182916,500.28367985231034,462.61350402832034,424.9433282043303,-0.10264229736273237
2026-01-08,435.79998779296875,436.8900146484375,424.3699951171875,427.8900146484375,57041100,462.145002746582,444.56700134277344,451.9985822818035,43.480314623145766,-1.9445152349525756,4.068604068550866,-6.013119303503442,500.8890607493326,462.145002746582,423.4009447438314,0.18278260001787183
2026-01-09,445.010009765625,449.04998779296875,430.3900146484375,435.95001220703125,67331500,461.82300262451173,444.2562017822266,451.33300394692935,47.56146717457721,-2.156558510678508,2.8235715527049914,-4.980130063383499,501.021629214857,461.82300262451173,422.62437603416646,0.20488079658971597
2026-01-12,448.9599914550781,454.29998779296875,438.0,441.2300109863281,61649600,461.92650146484374,444.0052014160156,451.1070027572293,49.25387519896399,-1.983014862465609,1.8622542696708715,-3.8452691321364805,500.9775201944467,461.92650146484374,422.8754827352408,0.17342103045278745
2026-01-13,447.20001220703125,451.80999755859375,443.95001220703125,450.20001220703125,53719200,461.33850250244143,444.14720153808594,450.7349084191152,48.50274025354505,-1.9648463617160132,1.0968341433934947,-3.061680505109508,500.90127482119004,461.33850250244143,421.7757301836928,-0.06653858941825212
2026-01-14,439.20001220703125,443.9100036621094,434.2200012207031,442.80999755859375,57259500,459.53300323486326,443.8000018310547,449.63634687510717,45.13341540853703,-2.566397008003719,0.36418791311405196,-2.930584921117771,499.6722067498237,459.53300323486326,419.3937997199028,-0.08134434556284005
2026-01-15,438.57000732421875,445.3599853515625,437.6499938964844,441.1300048828125,49465800,456.9675033569336,443.2040020751953,448.58240977502254,44.86907573810116,-3.0587074821229976,-0.3203911659333579,-2.7383163161896396,495.54897349515664,456.9675033569336,418.38603321871057,-0.05796766363076989
2026-01-16,437.5,447.25,435.260009765625,439.5,60220600,455.47950286865233,443.0688018798828,447.5269421774014,44.39350936208572,-3.4949204608478794,-0.9552970249162622,-2.539623435931617,494.64942571731194,455.47950286865233,416.3095800199927,-0.04547487136055377
2026-01-20,419.25,430.7300109863281,417.44000244140625,429.3599853515625,63187300,452.273503112793,442.21240173339845,444.8339000652679,37.159282290194916,-5.252695068557159,-1.8147766336444418,-3.437918434912717,492.27486036827213,452.273503112793,412.27214585731383,-0.2312090353596721
2026-01-21,431.44000244140625,438.20001220703125,419.6199951171875,421.6600036621094,68124000,449.7855026245117,441.9230017089844,443.5582907677573,43.75255535570151,-5.597587286467217,-2.571338764208997,-3.02624852225822,488.4482283552572,449.7855026245117,411.12277689376623,0.22786880526460912
2026-01-22,449.3599853515625,449.5,432.6300048828125,435.1600036621094,71546700,447.81700134277344,442.3198016357422,444.1108331090721,51.764614743501404,-4.37449751237898,-2.9319705138429937,-1.4425269985359863,482.10996911208764,447.81700134277344,413.52403357345923,0.3152069654167334
2026-01-23,449.05999755859375,452.42999267578125,444.0400085449219,447.42999267578125,56771400,445.99200134277345,442.3964013671875,444.58218210426463,51.63202461455159,-3.390315120012474,-3.02363943507689,-0.3666756849355841,475.6245407829943,445.99200134277345,416.3594619025526,0.036414281394910326
2026-01-26,435.20001220703125,445.0400085449219,434.2799987792969,445.0,49397400,443.4820022583008,442.30800170898436,443.68864211405196,45.79561249641538,-3.686235836431024,-3.156158715347717,-0.5300771210833068,467.26397952131566,443.4820022583008,419.7000249952859,-0.21673197389240567
2026-01-27,430.8999938964844,437.5199890136719,430.69000244140625,437.4100036621094,37733100,441.2675018310547,442.3140014648437,442.4706756171407,44.12896869871239,-4.21909556966375,-3.368746086210924,-0.8503494834528262,460.67235497995694,441.2675018310547,421.86264868215244,-0.14774159021483918
2026-01-28,431.4599914550781,438.260009765625,430.1000061035156,431.9100036621094,54857400,439.8585006713867,442.9034014892578,441.42203903027763,44.412692044564736,-4.54382523553187,-3.603761916075113,-0.9400633194567565,457.75639985449413,439.8585006713867,421.9606014882793,-0.010418742788371224
2026-01-29,416.55999755859375,440.2300109863281,414.6199951171875,437.79998779296875,81686100,437.96500091552736,443.14760131835936,439.05422555678393,38.77110601399655,-5.935065082464007,-4.070022549352892,-1.8650425331111151,457.2546821850418,437.96500091552736,418.6753196460129,-0.45036083494885804
2026-01-30,430.4100036621094,439.8800048828125,422.70001220703125,425.3500061035156,82626100,436.99950103759767,443.57740112304685,438.23096632871966,45.678502823561395,-5.852587950492534,-4.426535629580821,-1.4260523209117135,455.7649648924354,436.99950103759767,418.23403718275995,0.1184027904456389
2026-02-02,421.80999755859375,427.1499938964844,414.5,421.2900085449219,58739500,436.1865005493164,443.98860107421876,436.6670645410886,42.474315775325834,-6.407313328852467,-4.82269116943515,-1.584622159417317,456.0715140257321,436.1865005493164,416.3014870729007,0.012342153836048302
2026-02-03,421.9599914550781,428.55999755859375,413.69000244140625,424.2699890136719,56886500,434.7009994506836,444.34800109863284,435.26639091384953,42.55000873341774,-6.756944088487842,-5.209541753245689,-1.547402335242153,454.1719466513602,434.7009994506836,415.23005225000696,-0.0543926680573289
2026-02-04,406.010009765625,423.8999938964844,399.17999267578125,420.4599914550781,74606900,433.35350036621094,444.56360107421875,432.4800688997329,36.97803791479911,-8.226232321680016,-5.812879866932555,-2.4133524547474607,456.5026499362144,433.35350036621094,410.20435079620745,-0.3307505734671757
2026-02-05,397.2099914550781,402.1000061035156,387.5299987792969,397.0199890136719,72819800,431.64349975585935,444.6860009765625,429.12101390500385,34.308597593129136,-9.985633596712546,-6.647430612888554,-3.338202983823992,459.6560313954459,431.64349975585935,403.6309681162728,0.20646541379392147
2026-02-06,411.1099853515625,414.54998779296875,397.75,400.8699951171875,62677100,430.40899963378905,444.5526007080078,427.4056778522951,41.493136286201654,-10.141454072910676,-7.3462353048929785,-2.7952187680176976,459.7258161535109,430.40899963378905,401.0921831140672,0.08899131136086698
2026-02-09,417.32000732421875,421.25,407.2900085449219,409.9100036621094,54484300,429.0244995117188,444.5110009765625,426.44513780200214,44.417885480016004,-9.652577148205467,-7.807503673555476,-1.8450734746499906,458.06644870699466,429.0244995117188,399.9825503164429,0.1364864502792005
2026-02-10,425.2099914550781,427.25,417.0,418.0799865722656,64450200,427.8369995117188,444.48360107421877,426.3275048165808,47.97625541976627,-8.530152593929643,-7.952033457630309,-0.5781191362993336,455.42720637210806,427.8369995117188,400.2467926513295,0.014379971114725902
2026-02-11,428.2699890136719,436.3500061035156,420.0299987792969,427.9599914550781,57362000,426.89049835205077,444.4456005859375,426.5125033115419,49.33109290045316,-7.309448051359311,-7.82351637637611,0.5140683250167992,453.01880294060095,426.89049835205077,400.7621937635006,0.13536494982815006
2026-02-12,417.07000732421875,436.2300109863281,414.0,430.29998779296875,61933400,425.7839981079102,444.18420043945315,425.6132179794159,44.73859610699244,-7.163202882961571,-7.691453677693203,0.5282507947316324,451.6059754149886,425.7839981079102,399.96202080083174,-0.07649761101660821
2026-02-13,417.44000244140625,424.05999755859375,410.8800048828125,414.30999755859375,51434100,424.72749786376954,443.94820068359377,424.83481649960544,44.921018182017185,-6.9374761133818765,-7.540658164830938,0.6031820514490613,450.0955444457281,424.72749786376954,399.359451281811,0.1039125113748014
2026-02-17,410.6300048828125,413.7200012207031,400.510009765625,412.3599853515625,59678800,423.38399810791014,443.2260009765625,423.4819772980061,42.162251817686,-7.2248127673781255,-7.477489085340375,0.25267631796224954,448.75008413855477,423.38399810791014,398.0179120772655,-0.011020913254469633
2026-02-18,411.32000732421875,416.8999938964844,409.5799865722656,411.1099853515625,45921400,422.9874984741211,442.36180114746094,422.32369444335967,42.5472551316991,-7.312557099059347,-7.44450268808417,0.13194558902482267,448.84285496615655,422.9874984741211,397.1321419820856,0.025901118632067333
2026-02-19,411.7099914550781,415.25,404.1099853515625,407.25,51019600,422.00099792480466,441.4960009765625,421.31286558733285,42.77909536354736,-7.266858828837144,-7.408973916234765,0.14211508739762113,447.9962704612593,422.00099792480466,396.00572538835,0.08040985092520714
2026-02-20,411.82000732421875,414.70001220703125,405.5,408.29998779296875,57912200,420.1239990234375,440.94080139160155,420.4087838479887,42.84915916975731,-7.139465940055402,-7.355072320998893,0.21560638094349116,443.20406336606794,420.1239990234375,397.043934680807,0.08233708174734869
2026-02-23,399.8299865722656,407.70001220703125,394.0400085449219,407.2900085449219,69680000,417.6624984741211,440.0340008544922,418.4488983931579,37.46504186491315,-7.9147641533873525,-7.467010687476585,-0.44775346591076737,438.2383196307887,417.6624984741211,397.0866773174535,0.05862918682396412
2026-02-24,409.3800048828125,410.82000732421875,397.6400146484375,399.5,58579500,416.37149810791016,439.19260070800783,417.58519424931546,43.549336197649,-7.670169963522426,-7.507642542685753,-0.16252742083667293,435.57839142568935,416.37149810791016,397.16460479013097,-0.1407668987022979
2026-02-25,417.3999938964844,420.3399963378906,412.1499938964844,412.1499938964844,54809700,415.69649810791014,438.60280029296877,417.5675561204744,48.114801889959786,-6.751355791300853,-7.356385192408773,0.6050294011079203,433.7264280484909,415.69649810791014,397.6665681673294,0.24040098084757724
2026-02-26,408.5799865722656,416.80999755859375,403.6600036621094,414.4200134277344,53602500,414.55249786376953,437.5952001953125,416.7115971158831,43.90899451343855,-6.658138938172669,-7.216735941561552,0.5585970033888827,431.29390850367747,414.55249786376953,397.8110872238616,0.13288089116527277
2026-02-27,402.510009765625,407.1199951171875,398.1099853515625,402.94000244140625,56890100,413.8499984741211,436.13920043945313,415.35906498728707,41.237433634224686,-6.99344423795327,-7.172077600839897,0.178633362886627,431.35711421481477,413.8499984741211,396.3428827334274,-0.00705873045242495
2026-03-02,403.32000732421875,404.5400085449219,388.25,390.6000061035156,55088300,412.49549865722656,434.40800048828123,414.21248806699487,41.74677961554782,-7.111835260310045,-7.160029132733927,0.048193872423881956,428.82001429783094,412.49549865722656,396.1709830166222,0.0007481947541236877
2026-03-03,392.42999267578125,396.3399963378906,385.3900146484375,395.0899963378906,62617300,411.02649841308596,432.91140014648437,412.13796469640306,37.09178388084104,-7.992264320888751,-7.3264761703648915,-0.6657881505238592,428.9438333748698,411.02649841308596,393.1091634513021,-0.013595485048175886
2026-03-04,405.94000244140625,408.3299865722656,394.5799865722656,397.8500061035156,68305500,410.22549896240236,431.36280029296876,411.54768257687954,45.248317980241815,-7.513257656894609,-7.363832467670836,-0.14942518922377346,427.53823201893925,410.22549896240236,392.91276590586546,0.14885963370195693
2026-03-05,405.54998779296875,408.6199951171875,399.4200134277344,401.57000732421875,51925900,410.2024978637695,429.8497998046875,410.9764735498404,45.06665620188406,-7.083458645300084,-7.307757703196686,0.22429905789660243,427.53877834114473,410.2024978637695,392.8662173863943,0.1639474735007082
2026-03-06,396.7300109863281,402.3500061035156,394.2099914550781,398.0899963378906,64054600,410.17849884033205,428.0097998046875,409.6196675914107,41.05268799956122,-7.369586245916139,-7.320123411740577,-0.04946283417556163,427.5878311926742,410.17849884033205,392.76916648798993,0.09321666068651459
2026-03-09,398.67999267578125,401.5899963378906,381.3999938964844,390.04998779296875,67018900,409.55699920654297,426.27219970703123,408.57779378992217,42.27678788019099,-7.354222308255316,-7.326943191043526,-0.02727911721179055,427.6625066878103,409.55699920654297,391.4514917252756,-0.19279510711785405
2026-03-10,399.239990234375,406.5899963378906,398.19000244140625,402.2200012207031,59258700,408.65299835205076,424.54899963378904,407.68847916558434,42.64514015485909,-7.213704064009221,-7.304295365636666,0.09059130162744466,426.922530551696,408.65299835205076,390.3834661524055,0.21287371116973783
2026-03-11,407.82000732421875,416.3800048828125,402.1499938964844,402.2799987792969,62559900,407.7834991455078,423.2015997314453,407.7010056568829,48.108909600673584,-6.3369581610481305,-7.110827924718959,0.7738697636708283,424.39866276194283,407.7834991455078,391.16833552907275,0.17597806981454292
2026-03-12,395.010009765625,406.5,394.6499938964844,405.17999267578125,60973800,406.1205001831055,421.90899963378905,406.492339381525,41.71891201896581,-6.599713077521471,-7.008604955279461,0.4088918777579895,420.7387953152,406.1205001831055,391.502205051011,0.20978507649153472
2026-03-13,391.20001220703125,400.20001220703125,389.95001220703125,399.1700134277344,58504100,404.8270004272461,420.64440002441404,405.0359272696685,40.016462632527066,-7.03429621530131,-7.013743207283832,-0.020553008017478724,419.911689255908,404.8270004272461,389.7423115985842,0.26841459272859186
2026-03-16,395.55999755859375,403.7300109863281,394.4200134277344,396.2200012207031,58068300,403.73300018310545,419.5611999511719,404.13345777337565,42.8886242450808,-6.946813560556279,-7.000357277938322,0.053543717382043,418.1593093227474,403.73300018310545,389.3066910434635,-0.07254156378957514
2026-03-17,399.2699890136719,400.1199951171875,393.0,395.69000244140625,46890500,403.1649993896484,418.78519958496094,403.6702702724515,45.28923713080178,-6.5031533182790895,-6.9009164860064764,0.39776316772738696,417.35294690721366,403.1649993896484,388.97705187208317,0.2297443663701415
2026-03-18,392.7799987792969,403.07000732421875,392.30999755859375,399.0,50853100,402.23799896240234,417.6073992919922,402.6331015588177,41.96605975203803,-6.599166271735328,-6.840566443152246,0.2414001714169185,416.5952045486418,402.23799896240234,387.8807933761629,0.08323629276128486
2026-03-19,380.29998779296875,387.2049865722656,378.7300109863281,387.2049865722656,66549732,400.66749877929686,416.55419921875,400.5061383430226,36.43030399285442,-7.594742353589197,-6.991401625239638,-0.6033407283495595,417.2378037675215,400.66749877929686,384.09719379107224,0.02494608668674683
